metodo,parametro,valor,clave,imagen,EN,SD,FE,MG,MI_vis,MI_ir,SF,SSIM,PSNR,Qabf,Nabf,SCD,VIF,FMI,Q0,QW,QE
PiramideLaplace,levels,1,PiramideLaplace|1,APC_1_view_1_fk_06_005,5.9116366979010815,0.09908610582351685,1.0984400329189417,0.022032810375094414,2.611520705324817,1.5531120525423079,12.439520874310347,0.7075457906115663,17.4095204332626,0.1613598175843436,0.003082641447714821,1.2126522228540213,0.4881915204352355,0.2350294557422066,0.6933633926758405,0.7479128600643975,0.10358715120187177
PiramideLaplace,levels,1,PiramideLaplace|1,APC_1_view_2_fk_ref_01_005,6.630936977690336,0.1353839635848999,1.0880292729261243,0.021832002326846123,3.370660303403893,1.5823361072009257,13.507282806159001,0.7648512140307435,18.588166355346733,0.1678971529129252,0.002776557657014876,1.228766313879075,0.5243210997927057,0.24149974908240496,0.7156096745836085,0.8644905481703339,0.13077752507128934
PiramideLaplace,levels,1,PiramideLaplace|1,APC_1_view_3_fk_ref_02_005,6.98063209576975,0.16003143787384033,1.086993695569343,0.026124313473701477,3.2498648770950336,2.043610064776158,15.611183121912012,0.7219319181085289,17.47095151737265,0.1799641825615092,0.002282840384338561,1.1255918832458947,0.5416915058132578,0.27655456715129256,0.7191251661869831,0.8704786366361874,0.31554432459841775
PiramideLaplace,levels,1,PiramideLaplace|1,APC_3_view_1_fk_bar_06_005,5.984033930816416,0.10334593802690506,1.0967413609475143,0.01984826847910881,2.1870615356268264,2.285174570776972,12.864207842003378,0.7850294937572979,21.468961764219774,0.19794355974749642,0.004975676053881304,1.024416050648474,0.4835928552043648,0.2575211303589794,0.658027730424893,0.8660827806390874,0.14868891212246316
PiramideLaplace,levels,1,PiramideLaplace|1,APC_3_view_2_fk_NL_01_005,6.543715777813801,0.13518068194389343,1.0953156741262948,0.0189494825899601,3.4005594330564897,1.4754896992916646,10.194987565541284,0.7645799912909708,17.475840540819917,0.12097928827960364,0.0017618306860730563,1.1629715737636506,0.5187055810393625,0.2325816824446574,0.6778865182820678,0.76815531424965,0.12272268915007613
PiramideLaplace,levels,1,PiramideLaplace|1,APC_3_view_3_fk_NL_05_005,6.53605029329398,0.1641661524772644,1.1361907089203738,0.019474390894174576,3.661661301947846,1.3340184625254325,8.853985622259934,0.7312615991226286,15.643855255012944,0.13605784180336636,0.0038337722249020276,1.1933164823906222,0.457262217210677,0.19055911301687956,0.656305049164216,0.6792025676630347,0.04728564177214311
PiramideLaplace,levels,1,PiramideLaplace|1,Athena_2_men_in_front_of_house_meting003,6.572016963958044,0.17772431671619415,0.9491558240419725,0.019197918474674225,2.09576299211741,2.5525522852529585,9.830885085583754,0.6885635593211121,12.860852295073675,0.20543160004544417,0.0022696658711102813,1.6983140762440847,0.4311947134922264,0.22881143806054793,0.5126182076326654,0.5967873136171961,0.1572759453820391
PiramideLaplace,levels,1,PiramideLaplace|1,Athena_APC_4_fennek01_005,6.027928971083634,0.06445463001728058,0.9604291045593983,0.02034146711230278,2.4775769160142467,1.011762479428182,9.03817747173913,0.7125335168918349,20.040184074152062,0.12123912244411215,0.004259262137671592,1.4555647812513273,0.4090997841144586,0.23580474404220897,0.5974402444851048,0.6769408135943655,0.3629619827893581
PiramideLaplace,levels,1,PiramideLaplace|1,Athena_heather_hei_vis,6.59152223153493,0.09647289663553238,0.9186554895221388,0.014791182242333889,1.306422693923841,2.9779286830635625,7.130961357186939,0.650292219274027,13.12547194725421,0.08131168157113772,0.0022052816190688994,1.1080898383410644,0.363930342518743,0.20997234873466458,0.3013695538892054,0.20929790917468172,0.026563450992663745
PiramideLaplace,levels,1,PiramideLaplace|1,Athena_helicopter_helib_011,4.565471961209728,0.04988327622413635,0.9871993599208503,0.011981824412941933,3.09577879426855,0.5455062297332247,5.367653797726611,0.7897801314730813,15.539668301098406,0.09289511106177027,0.0007009264088439254,1.6715661305010117,0.4591154791102171,0.39132373270702175,0.7314688837776331,0.5545683359151028,0.37780563082605956
PiramideLaplace,levels,1,PiramideLaplace|1,Athena_lake_lake,6.9393512493079,0.16301611065864563,1.0042040766469291,0.017162563279271126,2.994675976248716,1.7569180195371157,8.469483956671189,0.7053616485572201,13.992390185994461,0.11204281579062329,0.0019230858251470947,1.6535889762896412,0.44265418862998906,0.268870363750026,0.5134120308233747,0.5032948236235135,0.18823961078903373
PiramideLaplace,levels,1,PiramideLaplace|1,Athena_man_in_doorway_maninhuis,6.878376899193777,0.1694735437631607,0.9591887598173434,0.02500336617231369,2.6593681493602133,2.0697940475010235,11.605797528943654,0.6440941198538136,12.53247933040328,0.23260831931359377,0.0021635895830245566,1.4988394522509205,0.39603905958039765,0.25258084448490137,0.5394700814581291,0.5692084660418633,0.1113259453408529
PiramideLaplace,levels,1,PiramideLaplace|1,Athena_soldier_behind_smoke_1_meting012-1200,6.821964192523584,0.22972653806209564,1.0034483605646602,0.02480313368141651,4.656603244658616,0.30638231761016543,11.484456266454867,0.6282245276351305,10.643534735770036,0.16339641536947216,0.0014087337198311946,1.1403679726668787,0.47110057796198224,0.4189229007957946,0.6267303363422583,0.6662610857898118,0.11146233018803064
PiramideLaplace,levels,1,PiramideLaplace|1,Athena_soldier_behind_smoke_2_meting012-1500,5.739751494112867,0.23232784867286682,0.9240608620387252,0.01817992329597473,3.9432722456975857,0.37114298330692963,10.939646783344804,0.6384872074657275,8.244710174956113,0.09900485276074174,0.0012236950767980195,1.338806968759632,0.45737153783241224,0.39138412002226336,0.47047140498727025,0.5840415518576441,0.12507280184715722
PiramideLaplace,levels,1,PiramideLaplace|1,Athena_soldier_behind_smoke_3_meting012-1700,7.180496595681757,0.19293896853923798,1.0263320051820832,0.029826795682311058,4.612923220344438,0.4811595555445464,14.142459293098625,0.623251931755835,10.9262082285397,0.12697854367931202,0.0018983712820637411,1.4047396078733427,0.45799459830419875,0.27369468897901467,0.6819567497925328,0.6416622980942053,0.20222859694343823
PiramideLaplace,levels,1,PiramideLaplace|1,Athena_soldier_in_trench_1_meting016,7.018112085218586,0.15991635620594025,1.0233960349343312,0.019327441230416298,3.253486045235347,1.6606129402847896,9.829292558705099,0.7092549286231449,13.798425190222265,0.10147996721651277,0.0025838300068095066,1.6487145482955619,0.4732439629100741,0.22256060698878882,0.6304658198581272,0.5221469069218676,0.1938156545225138
PiramideLaplace,levels,1,PiramideLaplace|1,Athena_soldier_in_trench_2_meting055,6.544150517891979,0.10849373787641525,0.9909228759334037,0.018499407917261124,2.34328654750599,1.806456755288073,10.47290493176535,0.7010957645546412,16.608740145484006,0.10122314145353323,0.002904455591187819,1.5119180091896314,0.493168845369078,0.2160657051558426,0.5344904549803761,0.5429926276978514,0.14604540580558076
PiramideLaplace,levels,1,PiramideLaplace|1,Triclobs_Bosnia_R,6.220193377155408,0.2090023010969162,1.0440470012701524,0.012410080060362816,0.6718279218768622,4.182715973267221,11.536270737443175,0.7209049327735423,12.814995341474734,0.19802787185084364,0.0016892333404340907,0.8572111226504373,0.48493894916949193,0.4236325850405419,0.3427609964745044,0.7964270703123899,0.726143839419411
PiramideLaplace,levels,1,PiramideLaplace|1,Triclobs_Kaptein_1123,7.0743005162031105,0.20071609318256378,1.0115187925347089,0.018314436078071594,1.9937430595501382,2.8959638695366188,8.330380364520062,0.7016811831347982,13.360484628399718,0.15619692709342553,0.001546033222923782,1.6718860232254307,0.48267708056648806,0.2436545047131649,0.5975077026587889,0.6946466129726333,0.42847336098073174
PiramideLaplace,levels,1,PiramideLaplace|1,Triclobs_jeep_in_smoke_R,6.574564533020027,0.13553977012634277,0.9625002045852299,0.020296882838010788,0.8330686865389902,4.20865858565592,13.311237374005941,0.622779661914716,13.912625311084332,0.1257786621343806,0.0024776118407613375,0.7585534448505848,0.44289077356747814,0.38363608164268925,0.2568017497428186,0.5187674878714454,0.2687891431395088
PiramideLaplace,levels,2,PiramideLaplace|2,APC_1_view_1_fk_06_005,6.232525012904381,0.10048748552799225,1.158064226574258,0.0233621746301651,2.241090512979425,1.140173382643036,13.893262139339226,0.7167719336947442,17.459592859373547,0.28367374722327143,0.06523464742068187,1.2298265211508101,0.4232088025449498,0.176511431939112,0.7174448691458691,0.802490642493775,0.1253447544320577
PiramideLaplace,levels,2,PiramideLaplace|2,APC_1_view_2_fk_ref_01_005,6.829081466485839,0.13587403297424316,1.1205415716862888,0.022777408361434937,3.263433982466515,1.1149510062188162,13.666551148137364,0.7708705156117633,18.598631976343135,0.2643882509451553,0.048690664769655265,1.2364933171314612,0.4900073372273053,0.2227695566662004,0.7550911565673742,0.8806796153947294,0.139343736290748
PiramideLaplace,levels,2,PiramideLaplace|2,APC_1_view_3_fk_ref_02_005,7.212757793754514,0.16043931245803833,1.1231393005557422,0.027667395770549774,3.2035660692591956,1.3984764941545906,15.97610477694799,0.7290530800882203,17.48011013385122,0.27537363269620135,0.0540352281392894,1.1276411679324694,0.4865600399170362,0.23858585040949876,0.7622871994652881,0.8894853557290698,0.343478032457522
PiramideLaplace,levels,2,PiramideLaplace|2,APC_3_view_1_fk_bar_06_005,6.3933050317552595,0.10392597317695618,1.1717517217558988,0.021829089149832726,2.097908150955109,1.5895320345063715,13.428802308937595,0.7946437577272001,21.492608249452974,0.341427306063347,0.07901606206629493,1.0407844891413214,0.44281461374721076,0.2111384529177881,0.7389579421369588,0.8877039980766714,0.17041787211293485
PiramideLaplace,levels,2,PiramideLaplace|2,APC_3_view_2_fk_NL_01_005,6.696879514278491,0.13583271205425262,1.1209528880508846,0.019631724804639816,3.0445363701864077,1.155511126804598,10.38103700517671,0.7723384850695905,17.484811821741207,0.24790350840309588,0.062295787530560094,1.1778137188873052,0.45273635121563616,0.18957996535999616,0.6988502025354857,0.7982390463417416,0.13634867258313496
PiramideLaplace,levels,2,PiramideLaplace|2,APC_3_view_3_fk_NL_05_005,6.845559848310843,0.16525357961654663,1.1899941322344578,0.02039816416800022,3.139027523153557,0.995530931661298,9.373974569994578,0.7421437117817812,15.653843731539627,0.2664887138896159,0.07149941168855362,1.2138619403623254,0.3902016671654869,0.15563848311322917,0.687206631411004,0.7221853809349985,0.053518899906169495
PiramideLaplace,levels,2,PiramideLaplace|2,Athena_2_men_in_front_of_house_meting003,6.746692796525667,0.1788165420293808,0.9743831758139145,0.023192062973976135,1.9552810908565406,1.5565574467340921,11.77827943037766,0.7015756893063099,12.918595474829432,0.3438711457418548,0.06709945782593067,1.7258669292704054,0.3561165417362592,0.2172646155221567,0.6214143565027173,0.766686201141539,0.3499561620940035
PiramideLaplace,levels,2,PiramideLaplace|2,Athena_APC_4_fennek01_005,6.064526508071581,0.06559150665998459,0.9662601851588923,0.021683871746063232,2.1938267375985636,0.5026810070718648,9.567076692363827,0.7248418543497845,20.071182377021476,0.23254952338492924,0.06642306088138704,1.4755088668018908,0.3567790523854922,0.1811050304020324,0.6579224658350932,0.7204878669983392,0.4236646511158658
PiramideLaplace,levels,2,PiramideLaplace|2,Athena_heather_hei_vis,6.658695978078397,0.09989796578884125,0.9280174439912743,0.02324060909450054,1.046502621929832,1.376262592601563,11.668364503729384,0.6634277930934024,13.17907648926677,0.2771864405122591,0.10137762941878026,1.147992541708194,0.24146938455631278,0.15374435721241003,0.5577782116821188,0.5116502252246501,0.08054991979748684
PiramideLaplace,levels,2,PiramideLaplace|2,Athena_helicopter_helib_011,4.804925381047107,0.0504583939909935,1.0389767587971939,0.01241990178823471,2.8437925507215414,0.45647972902993367,5.501587688341792,0.7912646458761075,15.551670697853071,0.15869400816638496,0.03769121294873901,1.6791420863808106,0.43544023803909926,0.31509674125786086,0.7437499262418522,0.617874388088275,0.43178590260493505
PiramideLaplace,levels,2,PiramideLaplace|2,Athena_lake_lake,7.016176313459208,0.16630510985851288,1.015321548560042,0.02117360569536686,2.900320638003718,0.9724434976637972,11.452126910713998,0.7146534547693855,14.039090488242072,0.24627372031082026,0.04875804997860289,1.689335482587885,0.3752842197297055,0.2682136512270927,0.652597703130649,0.7611891016718171,0.5507925181134746
PiramideLaplace,levels,2,PiramideLaplace|2,Athena_man_in_doorway_maninhuis,7.04657923823741,0.17259812355041504,0.9826445540185232,0.029830846935510635,2.445965967734076,1.122566664722609,14.253984377056215,0.654875129930587,12.603511730931178,0.3560724526816441,0.05293866894464413,1.5350845910937723,0.33935137787488606,0.25427677561208534,0.6379479935673901,0.7462415889198706,0.23626404205011356
PiramideLaplace,levels,2,PiramideLaplace|2,Athena_soldier_behind_smoke_1_meting012-1200,7.0321775686974775,0.23187072575092316,1.0343688200888586,0.02744506299495697,4.3763378148733345,0.19126392905068035,13.710169838601637,0.6324798067865485,10.669486396267532,0.24923342168653906,0.028421108740087908,1.230549416372674,0.4419379777553922,0.3873958574268911,0.6640358612249123,0.8163075096337559,0.24061070014944297
PiramideLaplace,levels,2,PiramideLaplace|2,Athena_soldier_behind_smoke_2_meting012-1500,6.18513936741615,0.23501749336719513,0.9957652733827285,0.02133858948945999,3.6909828755439213,0.20286064327824913,12.941530513172646,0.6417619005014055,8.272835166317389,0.18473240904799823,0.023510307956402896,1.3801274214717316,0.4243108721822823,0.3737577038289905,0.5369034480620262,0.7408325013810926,0.2675853550027643
PiramideLaplace,levels,2,PiramideLaplace|2,Athena_soldier_behind_smoke_3_meting012-1700,7.278200423652968,0.1968078315258026,1.0402971347994363,0.03262629732489586,4.4941835167920985,0.21293970875541127,16.26406168785178,0.6267264788040656,10.943750362840765,0.19875102666661296,0.02216129032757478,1.4509795578571478,0.4436422076212035,0.37722946898178933,0.7287959619521225,0.8143702477272037,0.3070707761736596
PiramideLaplace,levels,2,PiramideLaplace|2,Athena_soldier_in_trench_1_meting016,7.084208789538206,0.16575084626674652,1.0330343969755122,0.024766743183135986,3.15472709311661,0.9281387812390881,13.598747106938378,0.7183206645071348,13.836306669988732,0.26258731604869046,0.05624942203845795,1.719772772743592,0.4056326536601784,0.2791866524049406,0.7769066310112535,0.8113704872324777,0.4471609159532655
PiramideLaplace,levels,2,PiramideLaplace|2,Athena_soldier_in_trench_2_meting055,6.651357582483917,0.11424872279167175,1.0071562942319854,0.027491370216012,2.3103469749026675,0.7222750942174111,14.472591674452499,0.7075594284495605,16.669489789632376,0.33986562932644576,0.06456889104763401,1.5645443900460567,0.4118146514082009,0.26254385704455824,0.8138609461713409,0.8479500252424632,0.4172885600780683
PiramideLaplace,levels,2,PiramideLaplace|2,Triclobs_Bosnia_R,6.619937248541726,0.20786581933498383,1.1111432095214573,0.019279908388853073,0.6255069404952596,2.4343852351401707,14.082718070017334,0.7191703245486074,12.850175137049542,0.4376766524148022,0.1011587754712272,0.8131429219783044,0.34758114101272203,0.2074345481986951,0.6147928523595412,0.891596956960736,0.8328221353546854
PiramideLaplace,levels,2,PiramideLaplace|2,Triclobs_Kaptein_1123,7.181007233409121,0.20070673525333405,1.0267762514872016,0.020324954763054848,1.370753274799358,2.5397963148707805,8.884926018529118,0.7040669410096807,13.376953273109,0.30034780402917466,0.07198653434257027,1.6768744220831695,0.3817444964673591,0.19998867137669768,0.6621405639982286,0.7517916105411189,0.49347414169622295
PiramideLaplace,levels,2,PiramideLaplace|2,Triclobs_jeep_in_smoke_R,6.870755868506208,0.1385139375925064,1.0058618933434766,0.03566863760352135,0.9213542594406091,1.5300593146618502,21.812918640969542,0.6247914235522609,14.00772723551955,0.44968711308074233,0.09347459192841213,0.8962552765934961,0.2750332466426648,0.19011929962877244,0.7109395106206636,0.8013986540010994,0.6453375587031199
PiramideLaplace,levels,3,PiramideLaplace|3,APC_1_view_1_fk_06_005,6.500325139459952,0.10302175581455231,1.207824114548064,0.023843426257371902,1.716467523421513,1.1334460339295047,14.044068071146716,0.7228231103217033,17.502222235725974,0.3713645381475163,0.09935196215624285,1.258983628547523,0.3912868299322496,0.16448211036674087,0.7436411560960313,0.854190110800803,0.13697046300798713
PiramideLaplace,levels,3,PiramideLaplace|3,APC_1_view_2_fk_ref_01_005,6.943615997024883,0.13690967857837677,1.1393348315840381,0.02304774895310402,2.790498560663304,1.0382435963836878,13.717701387419883,0.7765147285627771,18.61245185084615,0.4067564527333869,0.0908417414510608,1.2606918297169987,0.46626425633639446,0.21482457968695995,0.7740270174984273,0.895513205259943,0.14346862384975312
PiramideLaplace,levels,3,PiramideLaplace|3,APC_1_view_3_fk_ref_02_005,7.247763340132263,0.16136598587036133,1.1285902121208469,0.027945557609200478,2.8263060550297343,1.3076239041945152,16.013323434908795,0.7325104514266301,17.488327675438054,0.38877733540447307,0.0868820021338714,1.1465159665829705,0.4618164707381083,0.2305958000904584,0.7761792583229765,0.9024712388673053,0.35346864026720254
PiramideLaplace,levels,3,PiramideLaplace|3,APC_3_view_1_fk_bar_06_005,6.597510475880501,0.10484735667705536,1.2091780731589987,0.0220927931368351,1.7020964121840747,1.53641684951788,13.44435317526691,0.8002159984922942,21.534404335808365,0.44347956789642645,0.11300674599436107,1.0616757208510328,0.4261570227949475,0.20454744921826068,0.7617500596702331,0.9028939415421003,0.17440082036352852
PiramideLaplace,levels,3,PiramideLaplace|3,APC_3_view_2_fk_NL_01_005,6.89002568991623,0.13736046850681305,1.1532825369471336,0.02003580331802368,2.355984864627603,1.1327879428456284,10.528796244808658,0.7823327507867035,17.50813544676043,0.39415889191578724,0.11188204949076969,1.211142456448431,0.40615059461722913,0.17200971473207152,0.7306537126341328,0.8396456532276618,0.13861793514282653
PiramideLaplace,levels,3,PiramideLaplace|3,APC_3_view_3_fk_NL_05_005,7.065115362036336,0.16705061495304108,1.2281604442414338,0.021063433960080147,2.5125551952782947,0.9720467397152839,9.508493108616214,0.7470822667957798,15.669308459824354,0.37656187902163046,0.11894798463555102,1.2496457233519513,0.3555723053351868,0.15594505886388393,0.714178978561146,0.7688904858558608,0.053595521202909564
PiramideLaplace,levels,3,PiramideLaplace|3,Athena_2_men_in_front_of_house_meting003,6.838052380446913,0.18086668848991394,0.9875776763206019,0.024836184456944466,1.7722763299447624,1.2963408124394105,12.441553767378633,0.695481793736063,12.972890796993495,0.43127763110110634,0.09592694222979635,1.7408876671360356,0.3379122966738036,0.23224198256780554,0.6591786905431951,0.8311895486557968,0.4084557461286655
PiramideLaplace,levels,3,PiramideLaplace|3,Athena_APC_4_fennek01_005,6.119465481507053,0.06746748834848404,0.9750136043373796,0.022261952981352806,1.6823408214162825,0.37545516276387697,9.68818363613777,0.7339954935247655,20.13079132981194,0.3700053123290398,0.11915064550143954,1.5144325355678985,0.3234589013927431,0.1543022658052214,0.6932300587459458,0.7572342112336234,0.44994203063646154
PiramideLaplace,levels,3,PiramideLaplace|3,Athena_heather_hei_vis,6.708866919419116,0.10453752428293228,0.9350097303036293,0.025183670222759247,0.6681683603026702,1.1601266400906436,12.541163651967322,0.6529045223620866,13.265176952748911,0.3974025405285199,0.13119316673870074,1.1898685437055607,0.22804510717575935,0.17266381845137038,0.6213631074157523,0.6492660742905979,0.11943997383619294
PiramideLaplace,levels,3,PiramideLaplace|3,Athena_helicopter_helib_011,5.024626595937723,0.051972001791000366,1.086483106565099,0.012831884436309338,2.6486566836525056,0.41435396383253753,5.656831949767054,0.7889211973087544,15.574885933124328,0.23823963423055944,0.06604327729957081,1.6815662001485179,0.4232743406749496,0.28199133577702734,0.7527224285499795,0.6855407604786538,0.4728319163777533
PiramideLaplace,levels,3,PiramideLaplace|3,Athena_lake_lake,7.056950034345051,0.1675720512866974,1.021221975741576,0.022539425641298294,2.5969575403087584,0.7544915970758774,11.952550068352343,0.7082412853741566,14.095164289084043,0.3498398600856386,0.08016533449141718,1.7094939985228783,0.3583314403280857,0.27858359535575933,0.7029848051972503,0.8245703067472118,0.6195456628349261
PiramideLaplace,levels,3,PiramideLaplace|3,Athena_man_in_doorway_maninhuis,7.1470459753255025,0.17627890408039093,0.9966546273777946,0.031899046152830124,2.1742289521486415,0.8574658767900079,15.043137178047317,0.6475216038833371,12.67803161994892,0.43662518508506376,0.08225730669474378,1.5578591527233192,0.3210735259056927,0.26300455455086297,0.6740954223176799,0.8089924463412135,0.2730038547035473
PiramideLaplace,levels,3,PiramideLaplace|3,Athena_soldier_behind_smoke_1_meting012-1200,7.127759086605125,0.2320372462272644,1.0484279846839795,0.028169145807623863,3.928367990714495,0.17544868867573507,13.983051845401837,0.6341573065836619,10.69471818963537,0.3493488864737978,0.05804241782169375,1.258659096651737,0.4118448797834855,0.35200687692650956,0.6892917036627453,0.8517031710483369,0.2624840614613552
PiramideLaplace,levels,3,PiramideLaplace|3,Athena_soldier_behind_smoke_2_meting012-1500,6.408704949633077,0.23501859605312347,1.031757808048638,0.022195039317011833,3.075583140650288,0.1943952860054502,13.121420826869523,0.6424369951326319,8.309373470600438,0.3669766919250581,0.07165057664050019,1.4132051173697606,0.3682715748129488,0.30254474360104205,0.5805995746546592,0.7869818835659533,0.29690931570402845
PiramideLaplace,levels,3,PiramideLaplace|3,Athena_soldier_behind_smoke_3_meting012-1700,7.334676456127448,0.19851543009281158,1.0483694399501857,0.033153630793094635,3.7656187918645863,0.18090214507655392,16.496920963196004,0.6342276347403678,10.963623076873432,0.3802875036126253,0.07002584597247488,1.4889015308274627,0.39332173128180475,0.3271559622558662,0.7528785597853729,0.8549700863720485,0.33660586325418257
PiramideLaplace,levels,3,PiramideLaplace|3,Athena_soldier_in_trench_1_meting016,7.104635752667472,0.16949178278446198,1.0360131001963218,0.025895845144987106,3.03102503664281,0.8098402015818993,14.178675241972439,0.7145091798692047,13.858376181323331,0.33994230363555356,0.07104549953860308,1.7593536495374913,0.4079867426995081,0.3044033692266801,0.8084186840269671,0.8842339630155867,0.5295097624957652
PiramideLaplace,levels,3,PiramideLaplace|3,Athena_soldier_in_trench_2_meting055,6.688673384452376,0.11815731227397919,1.0128066963282163,0.029072828590869904,2.2607937570481713,0.617558430772492,15.010153658474795,0.6999002495525947,16.680763896107223,0.4283381307212187,0.07722263105678599,1.5955947603996514,0.43363418832469786,0.31226188417111217,0.8498021553070851,0.9152707458475559,0.48411942108405376
PiramideLaplace,levels,3,PiramideLaplace|3,Triclobs_Bosnia_R,6.641950636464104,0.20799393951892853,1.1148381125983557,0.02019960805773735,0.6055750402817077,2.316300078597801,14.283047124162197,0.7124702031608781,12.857321310561172,0.511463815590372,0.11512951820409899,0.8097563773002341,0.36967508281663086,0.22270149098314074,0.6345856870123505,0.9054186139928684,0.8516840274938805
PiramideLaplace,levels,3,PiramideLaplace|3,Triclobs_Kaptein_1123,7.196595198569797,0.20069196820259094,1.0290050965385655,0.021074878051877022,1.2640982242305174,2.261646506404874,9.16076676358278,0.7006145262851774,13.402195937915637,0.38456770902867476,0.0981799576254793,1.6780702338987292,0.37371498793050384,0.20582788169594152,0.6772870010236635,0.8002837904701248,0.5870565412964808
PiramideLaplace,levels,3,PiramideLaplace|3,Triclobs_jeep_in_smoke_R,6.901564150720305,0.14029139280319214,1.0103721506822037,0.038411591202020645,0.8743485947050369,1.4060243667227987,22.365158994990548,0.6126238419711361,14.045133397305118,0.5804873769385402,0.1098156743560252,0.939996595917101,0.3430293906643906,0.25563612876937614,0.7421057307159447,0.840427730751485,0.7234237311425722
PiramideLaplace,levels,4,PiramideLaplace|4,APC_1_view_1_fk_06_005,6.59625679763124,0.10543382912874222,1.2256491567731809,0.02403920702636242,1.3706207608619814,1.1041340712908352,13.841902556964802,0.7215751750441342,17.566908205642672,0.40122109730085326,0.12069609881067431,1.296224212324066,0.3800049827650066,0.1629816273612199,0.7479613162385562,0.8673111873683088,0.1385379953513114
PiramideLaplace,levels,4,PiramideLaplace|4,APC_1_view_2_fk_ref_01_005,7.01095219550369,0.138235941529274,1.1503836102587564,0.023266272619366646,2.3199285388423454,0.9931608117580458,13.736827770346574,0.7791971362081844,18.63797418334588,0.4866228800653558,0.12393261766176225,1.2992002453318596,0.44578386251214674,0.20733215334054944,0.7806614087042788,0.9015132077935384,0.14547925586217397
PiramideLaplace,levels,4,PiramideLaplace|4,APC_1_view_3_fk_ref_02_005,7.279028363312885,0.1628478467464447,1.133458665668164,0.02808215655386448,2.4009883646645984,1.2536928485597088,16.014414593271628,0.7354318820803086,17.501533532255102,0.485589473265288,0.11525381253279664,1.1832178422304809,0.44242282711160985,0.22250669365454243,0.7809417104779778,0.9073317099071112,0.35708070238933914
PiramideLaplace,levels,4,PiramideLaplace|4,APC_3_view_1_fk_bar_06_005,6.665118644978261,0.10585512965917587,1.221569158544661,0.022313226014375687,1.3957596759953699,1.4926810972755113,13.476045631842462,0.8017081114053806,21.615751894017315,0.46616357944782966,0.13580786424735944,1.085864086715711,0.41489547572376057,0.19594474038356627,0.7697264473845713,0.9092937670112764,0.17782157358349185
PiramideLaplace,levels,4,PiramideLaplace|4,APC_3_view_2_fk_NL_01_005,6.972008757697724,0.13962294161319733,1.1670052202364174,0.02045970782637596,1.8681765986236227,1.133284331320179,10.568350488143452,0.7821538563438484,17.54085779880769,0.4336270610546692,0.14622313226070657,1.2511213751363237,0.38757734884171535,0.16626993653322594,0.7390337129071072,0.8553384738289869,0.14516404613599018
PiramideLaplace,levels,4,PiramideLaplace|4,APC_3_view_3_fk_NL_05_005,7.1520055938699585,0.1690780073404312,1.2432649599160746,0.02145656943321228,2.142351016418145,0.938954689613962,9.450315315283245,0.7459750716536573,15.694748187248837,0.41332795481459905,0.14599170870780967,1.2967427104804974,0.3471672401276418,0.15557567939078545,0.7212940023184055,0.7861954307986456,0.0607046689288488
PiramideLaplace,levels,4,PiramideLaplace|4,Athena_2_men_in_front_of_house_meting003,6.8930340569950515,0.18154509365558624,0.9955183403203228,0.02526615373790264,1.5680920178211282,1.1242653857283909,12.518107107080207,0.6932521846361525,13.047066199753266,0.4855972488214246,0.10983509620451257,1.7517281412735324,0.3404562848537681,0.23656331387452026,0.6745365940878607,0.8496530827012496,0.4218486174450414
PiramideLaplace,levels,4,PiramideLaplace|4,Athena_APC_4_fennek01_005,6.177993934513328,0.07002565264701843,0.9843389348085445,0.0226355642080307,1.4014323466609842,0.2845711796372071,9.772356645669142,0.7340735295279464,20.164117530625774,0.4176647121025697,0.14601080490124554,1.548134574733973,0.3162161337382334,0.14994793042030108,0.7041387493644697,0.7689794404792556,0.4285187960808689
PiramideLaplace,levels,4,PiramideLaplace|4,Athena_heather_hei_vis,6.780314279370144,0.11114755272865295,0.9449672950550405,0.026328258216381073,0.5054787992034787,0.9935523288939934,12.809468664576388,0.6449599567837093,13.39048956269121,0.4541478178651825,0.14789862222043412,1.241746467215255,0.26491467231257293,0.18534754351948293,0.6556147105302192,0.7258873090913343,0.14713009288171172
PiramideLaplace,levels,4,PiramideLaplace|4,Athena_helicopter_helib_011,5.21330774218596,0.05502961575984955,1.12728193489829,0.013068772852420807,2.4528670598080207,0.38861838599721266,5.771584491841844,0.7876215064314362,15.60525236684736,0.2831924484431809,0.08444102625195204,1.6716353129726436,0.42297933348721833,0.27233460499871137,0.7548686004440148,0.7238311270913826,0.5070398231702611
PiramideLaplace,levels,4,PiramideLaplace|4,Athena_lake_lake,7.091986054153812,0.16713210940361023,1.026292091471047,0.022965237498283386,2.3056814801319394,0.6078404973033344,12.017548423651682,0.7028951794494157,14.227381977569745,0.4184933732752638,0.0939340306933146,1.7401320152429571,0.3667874420789113,0.28546991083179385,0.7249111359504964,0.8436488324310853,0.6350818352855478
PiramideLaplace,levels,4,PiramideLaplace|4,Athena_man_in_doorway_maninhuis,7.213306004413771,0.17953123152256012,1.0058945797761703,0.032613761723041534,1.9201702391386342,0.6520958860707177,15.18842995379847,0.6441825865752249,12.781979342183956,0.4930290874317833,0.10196984203329774,1.5826015449974307,0.324549877785659,0.2650171432820958,0.6889434399264297,0.8286231453061434,0.28414855203152667
PiramideLaplace,levels,4,PiramideLaplace|4,Athena_soldier_behind_smoke_1_meting012-1200,7.178975544137884,0.2312307059764862,1.0559614558214416,0.028478477150201797,3.5436707894203234,0.16304654760098142,14.025080597047035,0.6329500635540166,10.729197907215191,0.4162325961164493,0.07750534339317733,1.238539368465745,0.39917954790547056,0.3302491339909313,0.6984942854970677,0.8627471615567592,0.2713590175629039
PiramideLaplace,levels,4,PiramideLaplace|4,Athena_soldier_behind_smoke_2_meting012-1500,6.546220957368283,0.23467831313610077,1.0538969478323472,0.022605452686548233,2.5400235444760706,0.19195352180403802,13.161000655108653,0.637994806126531,8.361835681153448,0.4680900504005536,0.10531957949703624,1.4446579366920722,0.3330869304950592,0.2624493971991435,0.59289059838011,0.8047836786265935,0.3108397564557901
PiramideLaplace,levels,4,PiramideLaplace|4,Athena_soldier_behind_smoke_3_meting012-1700,7.369294371606546,0.20009255409240723,1.053317492516669,0.03343934938311577,3.0455653483510625,0.1502791271256806,16.54316286207655,0.6371770293880076,10.996605556756283,0.5054577989678463,0.11048563726240614,1.5280534463482813,0.35370942002185485,0.29136342912285823,0.7599069646584701,0.8681536173588127,0.3490916205857356
PiramideLaplace,levels,4,PiramideLaplace|4,Athena_soldier_in_trench_1_meting016,7.148477095246591,0.173185795545578,1.0424061380413805,0.02635515108704567,2.8878152953360927,0.7384696942095199,14.310448446421633,0.7135986104628051,13.88338161197278,0.41986447427405443,0.08208432199697073,1.7870332174718147,0.4246420895084233,0.32122359433264525,0.8219147003483009,0.9122810355383433,0.5775766923834735
PiramideLaplace,levels,4,PiramideLaplace|4,Athena_soldier_in_trench_2_meting055,6.731574832180937,0.12279364466667175,1.0193028833961424,0.02950754575431347,2.15668454743286,0.5426116991752283,15.115273212094765,0.699687483381513,16.70199303362738,0.49513946104552875,0.08024291625892636,1.6466431662519825,0.4636793720434793,0.3157273705518342,0.8662621481426607,0.9406407121893292,0.5251219385049055
PiramideLaplace,levels,4,PiramideLaplace|4,Triclobs_Bosnia_R,6.660796872603119,0.2084837704896927,1.118001415591223,0.02039499022066593,0.5946902923023214,2.2332581881229103,14.333266435285402,0.7113660949697738,12.864599970103816,0.5363489085029421,0.11663073136321861,0.8117104145481231,0.3876716770851209,0.22921634812671143,0.6409829629646712,0.9095205960677368,0.8562737072122333
PiramideLaplace,levels,4,PiramideLaplace|4,Triclobs_Kaptein_1123,7.188661644789878,0.20125797390937805,1.027870717426229,0.02131705731153488,1.1812192287606922,1.9868603174131578,9.284413845473772,0.7003240962998557,13.427663764205754,0.4458418685281666,0.11535029028344794,1.6772920195544216,0.37488120001620573,0.20295256964010883,0.6812089759527115,0.8213961442755127,0.6325802371390035
PiramideLaplace,levels,4,PiramideLaplace|4,Triclobs_jeep_in_smoke_R,6.930673597545432,0.14345164597034454,1.014633702665431,0.038879577070474625,0.8821013554324885,1.382362572080195,22.47201841493314,0.6108966222287638,14.061836608876204,0.6051051291240364,0.11658635107243369,0.9889017507126407,0.3864890895948858,0.2661880179177574,0.7479145116064199,0.8536800861823728,0.7414228664271603
PiramideLaplace,levels,5,PiramideLaplace|5,APC_1_view_1_fk_06_005,6.6668632009632285,0.10748914629220963,1.2387685184599053,0.023996060714125633,1.0733835801740652,1.059300707205184,13.357757512626383,0.7216416257160139,17.708895473824462,0.44980966386331667,0.1357306134590672,1.346203837883433,0.3761500226224287,0.1637038210681811,0.7474012446650645,0.8635129555055638,0.1394020767464767
PiramideLaplace,levels,5,PiramideLaplace|5,APC_1_view_2_fk_ref_01_005,7.056292575237427,0.13981778919696808,1.1578232316217503,0.023363616317510605,1.9721122737747374,0.9717667760184823,13.736150662020806,0.7798503391907512,18.66922304595502,0.5208125793982811,0.13981547814016074,1.343105687014815,0.4389838144728169,0.2036268307243913,0.7808069707947799,0.9018672020730688,0.14584149740888883
PiramideLaplace,levels,5,PiramideLaplace|5,APC_1_view_3_fk_ref_02_005,7.317421683580376,0.16508643329143524,1.1394371066617852,0.028136560693383217,2.0390245335359434,1.2287836608038734,15.990487673461736,0.7368188372385757,17.51513333154337,0.5363968299388446,0.13030128530200366,1.2332235776937954,0.43350753555000343,0.2182277003226715,0.7815473256795126,0.9077799514380198,0.35768663019895264
PiramideLaplace,levels,5,PiramideLaplace|5,APC_3_view_1_fk_bar_06_005,6.710914853594535,0.10765819996595383,1.2299625929310194,0.022417450323700905,1.1900989238940907,1.4574450994342603,13.384799656560077,0.8014124493975596,21.673991579247925,0.4793614186886238,0.14870062729627628,1.11654188496844,0.4181352149356369,0.19349130071878318,0.7711020434932079,0.9101866885923687,0.17781350285531747
PiramideLaplace,levels,5,PiramideLaplace|5,APC_3_view_2_fk_NL_01_005,7.040385338685291,0.14250512421131134,1.1784503904488484,0.02057512477040291,1.510377566458771,1.1267105400208364,10.403890985325695,0.7827816993537513,17.59188817953679,0.46675724480595865,0.16469963759280845,1.3017083578360387,0.38847843070854315,0.1630590303264412,0.7409691399185563,0.855494139112569,0.15436555220540457
PiramideLaplace,levels,5,PiramideLaplace|5,APC_3_view_3_fk_NL_05_005,7.241379408151867,0.1714516431093216,1.258801207780028,0.021611515432596207,1.8585428278533218,0.8868433654553729,9.40089371849457,0.7462897616203601,15.763306700730375,0.44778699500463537,0.16223703511462217,1.354822643476399,0.34647180290943147,0.155427458187121,0.7229374070995573,0.788537137381652,0.06667876086278678
PiramideLaplace,levels,5,PiramideLaplace|5,Athena_2_men_in_front_of_house_meting003,6.957063411510124,0.18388931453227997,1.0047657045740859,0.02536654658615589,1.3694219230734563,1.0083414184274397,12.460436926464347,0.6935751037705422,13.137829936942424,0.5130487724802077,0.11596690731981543,1.7558025462656328,0.3487781052531235,0.23792104293605945,0.6814478511389512,0.8521287661179675,0.4228491851013872
PiramideLaplace,levels,5,PiramideLaplace|5,Athena_APC_4_fennek01_005,6.214658159426276,0.07186934351921082,0.9901806407860747,0.02274494431912899,1.195914609863752,0.22439250949299058,9.797277928975562,0.734097076914326,20.226765810982656,0.4530065237702914,0.1595891185501228,1.5901151671280185,0.31617137914626753,0.14983267705700826,0.7060700676285593,0.770389188807164,0.41953301585132924
PiramideLaplace,levels,5,PiramideLaplace|5,Athena_heather_hei_vis,6.891546611997223,0.12325356900691986,0.9604696614873879,0.02705538645386696,0.41628235806765757,0.8530663447124796,12.95916624691084,0.6428057736525246,13.534918191473363,0.4891997494856821,0.16197798717140532,1.3035011572132498,0.31598115824454975,0.19577921742314003,0.6718721365584845,0.7574432217047055,0.16467032381968075
PiramideLaplace,levels,5,PiramideLaplace|5,Athena_helicopter_helib_011,5.428671740264212,0.05864712968468666,1.173850439284967,0.013159830123186111,2.202793507818413,0.37849612307615454,5.825460010785681,0.7889048053190257,15.66203568410698,0.334300124655429,0.10091128374277075,1.6555011392355412,0.427251045353853,0.26572387563012595,0.754529879682433,0.7342184282382985,0.5172928513910333
PiramideLaplace,levels,5,PiramideLaplace|5,Athena_lake_lake,7.140493873401987,0.16564251482486725,1.0333117317930625,0.023085517808794975,2.0010718052252106,0.49693725505841324,12.00291669078097,0.7013986631033247,14.440231975307338,0.4756447522114826,0.10409676834012083,1.7833862392294333,0.3854596061440828,0.28733042870508463,0.7341418834869438,0.8442930165480935,0.6344579104622392
PiramideLaplace,levels,5,PiramideLaplace|5,Athena_man_in_doorway_maninhuis,7.301899716472722,0.18453188240528107,1.0182489613465375,0.032923728227615356,1.7619567715630067,0.5047565267501849,15.22739033178565,0.6440508986550547,12.909229608478315,0.5294279528323026,0.1117533448841904,1.595680752158592,0.3392139000201432,0.2665841636114273,0.6971381229989847,0.8333883721804578,0.28696531619653853
PiramideLaplace,levels,5,PiramideLaplace|5,Athena_soldier_behind_smoke_1_meting012-1200,7.225248637055981,0.22974509000778198,1.0627678033654242,0.02854893170297146,3.2256374054079515,0.16297368391253958,14.026462576473264,0.6323264420766188,10.769058097598274,0.46118222966244526,0.08870630764676232,1.2267658506988615,0.3946347502351177,0.31834488734393085,0.7004070122544702,0.8628700913297835,0.27287790634007547
PiramideLaplace,levels,5,PiramideLaplace|5,Athena_soldier_behind_smoke_2_meting012-1500,6.6707714470746655,0.23483207821846008,1.0739487276007695,0.02268896996974945,2.231712242884723,0.21042094208027312,13.125410114509018,0.6350510324537675,8.43202783296745,0.49401457875161786,0.11630522503782563,1.4762925323678648,0.33011383932280736,0.2482301652863595,0.5931676214611483,0.7994814342445618,0.31001732816469646
PiramideLaplace,levels,5,PiramideLaplace|5,Athena_soldier_behind_smoke_3_meting012-1700,7.39731412348622,0.20291101932525635,1.057322447849238,0.03349817916750908,2.604170446005378,0.1284792348132518,16.544497440195343,0.6373316750046283,11.030254735384066,0.545288558957705,0.12571461352539084,1.6001835264856143,0.3446098921188392,0.2748741924896203,0.7612435252008913,0.8720276932986959,0.3541950301349373
PiramideLaplace,levels,5,PiramideLaplace|5,Athena_soldier_in_trench_1_meting016,7.212701906772912,0.17973820865154266,1.0517715366930884,0.026580534875392914,2.7074392106054956,0.6922750710559555,14.367485632219172,0.7154197487684919,13.899658861214485,0.48614117837120396,0.08973927614601475,1.7967880873154891,0.4425167532499715,0.33226222123889154,0.8309162316860245,0.9259206767069101,0.6043338335250688
PiramideLaplace,levels,5,PiramideLaplace|5,Athena_soldier_in_trench_2_meting055,6.8050741807081,0.12679629027843475,1.0304322401587416,0.029691683128476143,2.044177550664512,0.4760463525623394,15.154224868299107,0.7006501525845312,16.730714149732933,0.5706138669033801,0.08217157798486109,1.6817142083348766,0.49238690108758953,0.35921050036116475,0.8766076335058165,0.9493141468693366,0.5317307591718536
PiramideLaplace,levels,5,PiramideLaplace|5,Triclobs_Bosnia_R,6.697042259655566,0.20928120613098145,1.1240851312198983,0.020516185089945793,0.6009008280452361,2.144665910354757,14.36641366449834,0.7119923708742564,12.876824588381277,0.5519293900569125,0.11487002840791742,0.8112301768670835,0.4066747140401018,0.23395962347565655,0.6463923461792537,0.9117809849681879,0.8581291660067185
PiramideLaplace,levels,5,PiramideLaplace|5,Triclobs_Kaptein_1123,7.173736618932512,0.2026936411857605,1.0257366627448914,0.02138645015656948,1.06982887101185,1.755168725859306,9.32348372726128,0.7016220147015624,13.444678605566583,0.4817071039439501,0.12358595734554642,1.6786994475453478,0.37905353390959706,0.20405212642154566,0.6830675960030691,0.8257414886134309,0.6434608935308278
PiramideLaplace,levels,5,PiramideLaplace|5,Triclobs_jeep_in_smoke_R,6.9559592930384975,0.14676183462142944,1.0183354667842441,0.03899579495191574,0.9051198043405076,1.3836675382451167,22.500233485135944,0.6111664911389195,14.085592871921186,0.6087609027171298,0.11919819437282506,1.0461894523157125,0.39778314796885716,0.2688628732615251,0.7494625718582894,0.8587178007170331,0.7468215678709768
PiramideLaplace,levels,6,PiramideLaplace|6,APC_1_view_1_fk_06_005,6.7518796088868935,0.11108165234327316,1.2545654002188058,0.023837635293602943,0.8296433863320005,0.9820683909594223,12.689074220474163,0.7240579100954059,17.97589345097035,0.509014657518433,0.14741726991271556,1.4293105178630252,0.37248330330780055,0.16842108270244277,0.7478542239936764,0.8483638799948606,0.1491611185069884
PiramideLaplace,levels,6,PiramideLaplace|6,APC_1_view_2_fk_ref_01_005,7.111931367790494,0.14290815591812134,1.1669526555948142,0.02335985004901886,1.8014562379586965,0.954886246921313,13.682083549842822,0.7809183672164159,18.730307861649756,0.5455676049326289,0.14685490568656467,1.4030370316059404,0.43748530106152206,0.2022899654282602,0.7811932420153451,0.9010533442301327,0.14589440656623848
PiramideLaplace,levels,6,PiramideLaplace|6,APC_1_view_3_fk_ref_02_005,7.35438031803014,0.16843292117118835,1.1451921446143067,0.028047561645507812,1.8621980924107358,1.2114500600654137,15.724894971132096,0.7379719829871654,17.54428451907507,0.570201674847887,0.13514285102734355,1.2789875200800176,0.433175638108956,0.2174191634711477,0.7823606078252119,0.9052292072271003,0.3562796250011099
PiramideLaplace,levels,6,PiramideLaplace|6,APC_3_view_1_fk_bar_06_005,6.720278343332067,0.10867197811603546,1.2316787139618635,0.022343192249536514,1.0801511050191623,1.434317930168838,13.00600626094248,0.802129424245338,21.860521678853,0.4984435673786535,0.1546148322767808,1.1673504943731625,0.42135401491906255,0.18885381286338565,0.7722544365725157,0.9066808828781148,0.1876148819581918
PiramideLaplace,levels,6,PiramideLaplace|6,APC_3_view_2_fk_NL_01_005,7.111839465892836,0.14705882966518402,1.190410693764098,0.020568810403347015,1.281140757598287,1.1156359490508956,10.145250584419772,0.7842752072276444,17.71508227897257,0.49131121811341844,0.1729794450179673,1.377317994856118,0.38901333736401456,0.16270046950433514,0.7414638636406843,0.8497141369761072,0.1616645270504404
PiramideLaplace,levels,6,PiramideLaplace|6,APC_3_view_3_fk_NL_05_005,7.3388742516155006,0.17543016374111176,1.2757491702864792,0.021675648167729378,1.656280435210997,0.8247892120048568,9.373038321796768,0.7480054221094837,15.874241917061669,0.4683057455398508,0.1693110620018479,1.4460585377913957,0.3442984853710491,0.1560465808741104,0.7235843825046165,0.7874168375646013,0.06967453245791375
PiramideLaplace,levels,6,PiramideLaplace|6,Athena_2_men_in_front_of_house_meting003,7.028888057673483,0.18596251308918,1.015138894660109,0.02543230913579464,1.2750075082757872,0.8945729061634082,12.432291973293863,0.6944181411425786,13.278425098875008,0.5275391118187497,0.1172513327893627,1.766894587641357,0.35913150225374674,0.24079768073772348,0.6869468655032912,0.8517988295463395,0.4227631742099867
PiramideLaplace,levels,6,PiramideLaplace|6,Athena_APC_4_fennek01_005,6.223193733044634,0.07253951579332352,0.991540612571825,0.022760331630706787,1.0104207877046312,0.17578892777206323,9.801028927356905,0.7345791700629146,20.35406494882759,0.46475887262784576,0.1627474762215375,1.6416699976270095,0.3150155132785776,0.14853359509653474,0.7066179369279971,0.7704055495718355,0.41391051626431064
PiramideLaplace,levels,6,PiramideLaplace|6,Athena_heather_hei_vis,7.041311762701783,0.14032824337482452,0.9813423177572305,0.027344167232513428,0.4190155750805395,0.7872845855267268,13.03142587034701,0.6438245830949407,13.690547381327915,0.5049603931083045,0.16869782659437316,1.3807341379814915,0.3495181631993458,0.20243205722420687,0.679426623674995,0.7686980300237294,0.17147915295941316
PiramideLaplace,levels,6,PiramideLaplace|6,Athena_helicopter_helib_011,5.710114905023835,0.06086317449808121,1.2347073483768318,0.0131598562002182,1.7227628638377985,0.3442969800741712,5.839889029589524,0.7921081348391137,15.807084273899704,0.462105193276702,0.12319653376563974,1.6007983878058454,0.43364715347817423,0.26455328305756487,0.7560302343319,0.7341961489360502,0.516987854897099
PiramideLaplace,levels,6,PiramideLaplace|6,Athena_lake_lake,7.183698637084303,0.16495703160762787,1.0395639588762031,0.02314322255551815,1.6774581626907543,0.42560085511015755,12.005207926240534,0.7022331662660326,14.69308361253114,0.5436390702576476,0.11653694480710158,1.8292051667683435,0.3998438367771643,0.28837469777983493,0.7403849753566273,0.840746663375602,0.6293168648526778
PiramideLaplace,levels,6,PiramideLaplace|6,Athena_man_in_doorway_maninhuis,7.342221918242437,0.18889202177524567,1.023871887114553,0.03290622681379318,1.6941163516243,0.3963432451206727,15.206813216828268,0.6452407085906682,13.037384724870433,0.5486933943712504,0.11415779078557915,1.6162387245328569,0.34912702049911,0.2654951971055263,0.7027572837318976,0.833990926271818,0.2869022053368206
PiramideLaplace,levels,6,PiramideLaplace|6,Athena_soldier_behind_smoke_1_meting012-1200,7.283404901553275,0.2276991307735443,1.0713220564543409,0.028569623827934265,2.8773236900056487,0.16964875064901402,14.008470764935351,0.631199775305699,10.829749437724809,0.5079667747174585,0.09904614820155283,1.2851449113654054,0.39164311503806126,0.3088987785419991,0.7016140210030465,0.8588167514298306,0.2720842153151574
PiramideLaplace,levels,6,PiramideLaplace|6,Athena_soldier_behind_smoke_2_meting012-1500,6.811871871198673,0.2376488596200943,1.0966649339877175,0.022705577313899994,2.139044473342624,0.2693260617579942,13.071231340279988,0.6348460198197319,8.524554625303017,0.5023563620069748,0.1170714691901883,1.4669179697655672,0.34060937210434666,0.24538668019193496,0.5972459611524209,0.791625923977088,0.30625819210160704
PiramideLaplace,levels,6,PiramideLaplace|6,Athena_soldier_behind_smoke_3_meting012-1700,7.456117118287992,0.2120683193206787,1.0657273533820821,0.03333692252635956,2.4376691230439906,0.13361179180928343,16.49943888816348,0.6375675869805792,11.038022831342342,0.5582083449766629,0.12815190741183285,1.6285302570507412,0.34790903024367625,0.2730623980818161,0.7630528682132133,0.8724648507380127,0.3495539535645159
PiramideLaplace,levels,6,PiramideLaplace|6,Athena_soldier_in_trench_1_meting016,7.269448942490513,0.18519917130470276,1.0600465101677905,0.02658848650753498,2.5102837457767335,0.6534579572498218,14.252018945390729,0.7159672258151405,13.93034584918837,0.5218431000093724,0.09513683762754464,1.7912594925341674,0.45191395535238577,0.336271148126429,0.8349869792381654,0.9261339906482482,0.6045201220841419
PiramideLaplace,levels,6,PiramideLaplace|6,Athena_soldier_in_trench_2_meting055,6.9101953546745865,0.13091705739498138,1.0463498104749454,0.02978670969605446,1.972424168142791,0.4162000802019051,15.170625978014426,0.7009478374475536,16.760177709188238,0.6372889160542965,0.08572823939533653,1.6962205706695288,0.5115054330467669,0.3726651695217388,0.8818451840975131,0.9517524007660629,0.5332581905526238
PiramideLaplace,levels,6,PiramideLaplace|6,Triclobs_Bosnia_R,6.769364139280439,0.2107541412115097,1.1362242138770198,0.02065589837729931,0.6193678404816392,1.995241271733898,14.396856085641405,0.7126626843781133,12.9077082762337,0.5680079669280923,0.11606139691726929,0.8120704634589635,0.42151332288851906,0.2327167524108944,0.6523655253653184,0.9129489157237489,0.8572348195319379
PiramideLaplace,levels,6,PiramideLaplace|6,Triclobs_Kaptein_1123,7.168264997490596,0.20487773418426514,1.0249543030046657,0.0213627852499485,0.9884623866719443,1.435030705142865,9.31463488965884,0.7026334603749219,13.489995822825868,0.5192559834337862,0.1306383050372248,1.6829317475229997,0.37600749112140053,0.20226692807210694,0.6826852203224278,0.8251720340968358,0.6419278718392667
PiramideLaplace,levels,6,PiramideLaplace|6,Triclobs_jeep_in_smoke_R,7.022303023518919,0.15434113144874573,1.0280480270366599,0.039080023765563965,0.9415433771817189,1.3834349225119529,22.511955431328637,0.6123318025030898,14.123518818068641,0.6114812149140072,0.1203855792366901,1.1416037944953148,0.40600050745443056,0.27108816788058177,0.7515884702652087,0.8641265356093597,0.7527068969419136
RatioPiramide,levels,1,RatioPiramide|1,APC_1_view_1_fk_06_005,6.474941266553555,0.09199948608875275,1.2031075421983433,0.020975550636649132,1.0469706278259687,0.9278875616627515,13.578480004948366,0.7713142379188629,20.286081496141538,0.38417955332032444,0.0927430701164792,1.4409111319998293,0.2606884201472751,0.1065785844419569,0.6844582568645354,0.840170238357498,0.12225736666603287
RatioPiramide,levels,1,RatioPiramide|1,APC_1_view_2_fk_ref_01_005,6.662087396521854,0.10748106241226196,1.093140551719247,0.01969820261001587,1.5678738560986498,0.8425301501022116,11.047490178770898,0.8215798068991234,21.524197057395025,0.46115857861402754,0.08166776667261916,1.1009378757909798,0.34264880401366715,0.1507341690106964,0.7521398798940813,0.8287884898746897,0.14663116031694115
RatioPiramide,levels,1,RatioPiramide|1,APC_1_view_3_fk_ref_02_005,6.964003293126036,0.13585303723812103,1.0844043306822382,0.024229787290096283,1.817067656536679,0.944351883177702,13.221960322477953,0.7767064875432435,20.39238460354089,0.4770643141514353,0.09199309385257025,1.0166699202629335,0.32016538051204096,0.14534671683534484,0.7450668904986535,0.8254813990486107,0.3296145165844695
RatioPiramide,levels,1,RatioPiramide|1,APC_3_view_1_fk_bar_06_005,6.4824340218956165,0.09380989521741867,1.1880870987067236,0.019788833335042,1.1968235423323654,1.2591194315516319,11.656695106888922,0.8329301500535466,24.30233342490409,0.44259581850986024,0.0976679011061057,1.125968426979535,0.34183694543096266,0.1427469573588181,0.7470647086719613,0.8510988753187148,0.17506083667143282
RatioPiramide,levels,1,RatioPiramide|1,APC_3_view_2_fk_NL_01_005,6.681917015643528,0.11882354319095612,1.1184483998005643,0.018392866477370262,1.3248445450224497,1.0969509418761052,9.638938417721203,0.8219852022815703,20.429618954896473,0.3971151633104455,0.1176869847445568,1.1428596796126782,0.3156126422739431,0.11806652034372642,0.7017910671834728,0.8140654757405563,0.14970090190539084
RatioPiramide,levels,1,RatioPiramide|1,APC_3_view_3_fk_NL_05_005,6.855316843827976,0.12314694374799728,1.1916902341853437,0.019201137125492096,1.5129767376873242,0.9949157123591801,9.259995331171597,0.7916774512429049,18.612130690258688,0.3648709373026765,0.11057943596798468,1.1494738998914427,0.2790497541848817,0.12371104490772372,0.6865987416034752,0.7691898946190746,0.05201244931026261
RatioPiramide,levels,1,RatioPiramide|1,Athena_2_men_in_front_of_house_meting003,6.5126803642337086,0.10006221383810043,0.9405862053821203,0.023599175736308098,0.8595505663058476,0.6144860059302595,12.599462163697337,0.7287737793722014,15.765645242863972,0.44029694298268146,0.10495838606257754,1.7718272041687597,0.24005283140328088,0.13819927906359877,0.6722849356718673,0.7781585200036003,0.34036476168017904
RatioPiramide,levels,1,RatioPiramide|1,Athena_APC_4_fennek01_005,5.5622362355165595,0.04554774984717369,0.8862303442279378,0.020122326910495758,0.39991993341159393,0.1493471327370239,8.967693852163773,0.7768822895907329,22.948412525128674,0.3447306032972147,0.11705734260246455,1.721481957819178,0.21982546575606213,0.07641823277919019,0.6826617578387869,0.7196407278220455,0.3466967443945608
RatioPiramide,levels,1,RatioPiramide|1,Athena_heather_hei_vis,6.792023255136893,0.11830640584230423,0.9465991661899575,0.029601410031318665,0.8393190931804089,0.6876741950519618,16.6765777785955,0.6545277381539124,15.889670330146252,0.4161515982166224,0.19927884423537576,1.6541212252922173,0.24503126983850523,0.11836054490730358,0.6651350373436544,0.7298574716311128,0.13157314454010305
RatioPiramide,levels,1,RatioPiramide|1,Athena_helicopter_helib_011,5.009488394659876,0.03951752558350563,1.0832097489059527,0.011268449947237968,0.9008715577222847,0.5685035381118999,5.240214635631885,0.8377388048018897,18.533142027257092,0.3319178279126476,0.13798200449622444,1.6959864069489368,0.27455950609312274,0.10495662888859919,0.6361251339764439,0.6012840496395999,0.3026795951046402
RatioPiramide,levels,1,RatioPiramide|1,Athena_lake_lake,6.596201402875312,0.10341637581586838,0.9545463403098703,0.02129766158759594,1.2453106897009407,0.3647716974058888,12.382503288396776,0.745830505026357,16.856868844663037,0.46509855444422327,0.09169701680617356,1.6711025327323612,0.2657934100699536,0.1621390872847222,0.7066213567334289,0.8135822957473918,0.5493468667473193
RatioPiramide,levels,1,RatioPiramide|1,Athena_man_in_doorway_maninhuis,6.82719915275693,0.11539500206708908,0.9520520297639555,0.029082246124744415,0.8714815562201952,0.4032959173943942,14.97896422697556,0.6824238205663682,15.413450409443,0.4481382037054489,0.08564839473035925,1.7114979792459515,0.23196537133624295,0.14879697404485354,0.686255465031487,0.7657008903020954,0.23944445084127622
RatioPiramide,levels,1,RatioPiramide|1,Athena_soldier_behind_smoke_1_meting012-1200,6.983985072554858,0.13967420160770416,1.0272801459356244,0.024764956906437874,1.2126180685761716,0.4774316105804504,12.766122387831556,0.664190917622778,13.603797349498247,0.39232054942202993,0.0994104337064532,1.3214815606217314,0.22795000902613066,0.11352285062413461,0.6444618675122498,0.7761741148140245,0.2554294016033687
RatioPiramide,levels,1,RatioPiramide|1,Athena_soldier_behind_smoke_2_meting012-1500,6.944747319997268,0.1353880763053894,1.11805697541783,0.023655537515878677,1.229924724181142,0.5719700614283969,12.640747884884703,0.650326371754341,11.222900442063949,0.41446919572994545,0.14633596126182033,1.477031550198396,0.25616083052584226,0.10832391818741388,0.6188140404974101,0.7960494028726227,0.3160303669409111
RatioPiramide,levels,1,RatioPiramide|1,Athena_soldier_behind_smoke_3_meting012-1700,6.871181036376618,0.1223146989941597,0.9821205145163016,0.028391538187861443,1.1941121453787473,0.2546204038200056,15.157513534874974,0.6780135460204725,13.867952076837337,0.4319122140031505,0.09346234322868166,1.4539471260465255,0.22962895309055315,0.13213626424719108,0.698797343018459,0.8007683542824372,0.2697459525929934
RatioPiramide,levels,1,RatioPiramide|1,Athena_soldier_in_trench_1_meting016,6.596721116920608,0.10699143260717392,0.9619479074497931,0.023542774841189384,1.4495505017612864,0.4966553091308673,13.924079210073899,0.7555910558720651,16.67248328428699,0.5680016149681584,0.08520692183538284,1.6617326680502842,0.29358646631505575,0.19380843058222616,0.7883205226085954,0.8657041721669498,0.4997924194624819
RatioPiramide,levels,1,RatioPiramide|1,Athena_soldier_in_trench_2_meting055,6.423255339986383,0.0905233696103096,0.9726167876108381,0.02848532237112522,1.5384988595868225,0.19892434561506975,15.207180883341609,0.7207829943732332,19.380955171269957,0.6600397904516718,0.09977215909065382,1.632266930500736,0.347123241715988,0.20244869190729559,0.8476939447825481,0.8984631179084503,0.45256132167755014
RatioPiramide,levels,1,RatioPiramide|1,Triclobs_Bosnia_R,6.751716562233307,0.19061967730522156,1.1332621034121892,0.02584935538470745,1.0501035917778812,1.283729241105353,15.498405660583277,0.6879123824724285,15.756172699030826,0.48494101556554564,0.24214408623476846,0.8856199665655575,0.38551409088602057,0.19161523522273116,0.649608928657785,0.7584979777205834,0.2710020437004251
RatioPiramide,levels,1,RatioPiramide|1,Triclobs_Kaptein_1123,6.660814833292599,0.1254473179578781,0.9523965460666566,0.022405672818422318,0.8199555270398813,0.6326866279621935,10.421435347523097,0.705176276016559,16.30956282589688,0.343640980572244,0.19287623385012098,1.5362897155481998,0.24957854558869935,0.06778509872462955,0.5757443375629111,0.6586738186142903,0.3690656043429311
RatioPiramide,levels,1,RatioPiramide|1,Triclobs_jeep_in_smoke_R,7.034435462860079,0.13574446737766266,1.0298241865510027,0.04582483693957329,1.3390238590996328,0.9482001310595676,25.846507587158648,0.6088790716990442,16.58771490519575,0.5271362052551114,0.23845642449132443,1.303098374137261,0.3175002686520014,0.1871018907146494,0.7637568846042075,0.7858151145043328,0.5848848710310162
RatioPiramide,levels,2,RatioPiramide|2,APC_1_view_1_fk_06_005,6.538035709270776,0.0970497876405716,1.21483110798511,0.02323823794722557,0.8901036116158245,0.9383442089227075,14.59907564224306,0.7563193274149038,20.15291170135328,0.41333852698649487,0.15949980004452294,1.47156386042843,0.2751151930651856,0.11885962825447768,0.6952822301430351,0.8723963948374569,0.13397309233920626
RatioPiramide,levels,2,RatioPiramide|2,APC_1_view_2_fk_ref_01_005,6.708375276729101,0.11016728729009628,1.1007356425513009,0.021297218278050423,1.4857721296042925,0.8447057619890979,11.785083699273239,0.8119301640317284,21.443179192814892,0.46780381599316534,0.1404400892377632,1.1488864322002101,0.35091656569615404,0.14971363368046203,0.7569082802172891,0.8557351478009224,0.15886035383029745
RatioPiramide,levels,2,RatioPiramide|2,APC_1_view_3_fk_ref_02_005,6.992944493636106,0.13840368390083313,1.088910928661484,0.026011759415268898,1.7105031508551942,0.9203655354805949,14.00151509262926,0.7665563307478901,20.31489118724828,0.4874203768403157,0.14248411301197525,1.055435890519727,0.33072463062788277,0.14356717253569554,0.7504355136392639,0.851084932387353,0.3253639007223127
RatioPiramide,levels,2,RatioPiramide|2,APC_3_view_1_fk_bar_06_005,6.544225886942137,0.09725432842969894,1.1994121839168204,0.021335698664188385,1.1406475415031216,1.2658593435152439,12.455036315493867,0.8236830433124605,24.138422506583765,0.4566751711527076,0.15296185932107928,1.1723754685963796,0.3528776768629912,0.14656049527317908,0.7553374885620224,0.8826101240937279,0.17624541950953657
RatioPiramide,levels,2,RatioPiramide|2,APC_3_view_2_fk_NL_01_005,6.732132783408758,0.12131375074386597,1.1268537339240337,0.020116344094276428,1.1999723646444005,1.096848995497028,10.46851538677026,0.8085663731021224,20.35864973821743,0.407884981927678,0.19129651487872798,1.1745698179912054,0.3276594477869198,0.12621956921118627,0.7024336913404821,0.8425061896852238,0.13688256611214358
RatioPiramide,levels,2,RatioPiramide|2,APC_3_view_3_fk_NL_05_005,6.904061087785363,0.12601333856582642,1.2001636630318988,0.021447209641337395,1.3277729300611956,1.000432328765525,10.009244596062674,0.7739690544631693,18.55187402907002,0.38146523258834814,0.19787365900398626,1.188318935080716,0.2923627989158547,0.13691799002726782,0.684969655163987,0.7895623084754702,0.0469347504484927
RatioPiramide,levels,2,RatioPiramide|2,Athena_2_men_in_front_of_house_meting003,6.5754628128271015,0.10429363697767258,0.9496534867139911,0.026662541553378105,0.772407645821193,0.48602928734898465,12.730533168938871,0.7019646089457223,15.70234600612774,0.46725200893424573,0.17402175269665887,1.7768117597343078,0.25434481848747803,0.13381028461085667,0.6705205297412276,0.8038766009833429,0.39588792148934193
RatioPiramide,levels,2,RatioPiramide|2,Athena_APC_4_fennek01_005,5.705332562685118,0.05052616074681282,0.9090298626077191,0.02220035530626774,0.3709289977147924,0.15716407884880554,9.546222396974473,0.7626301780879731,22.82750939797151,0.35615162810652434,0.20198954215221354,1.7613680094350208,0.2314907020134994,0.07624115832731793,0.6871968480699662,0.7376726917097999,0.32747115392728204
RatioPiramide,levels,2,RatioPiramide|2,Athena_heather_hei_vis,6.895180133519895,0.1261884719133377,0.9609760626457015,0.032824717462062836,0.8406320402771819,0.6614123271670208,16.15721550822543,0.6266694068142886,15.77210293386927,0.4545016386633364,0.2717839449482487,1.6681359025452038,0.2804700496031238,0.12614689727322442,0.6708376775499924,0.7668992073034501,0.18017456701401596
RatioPiramide,levels,2,RatioPiramide|2,Athena_helicopter_helib_011,5.118058114832319,0.04188587889075279,1.1066859544706065,0.012428291141986847,0.8599263291002153,0.5444079352234295,5.675955079162391,0.8276108331589204,18.504060523387924,0.34694156099410317,0.1980092420480603,1.705846229128111,0.2936120151533109,0.10896607595251505,0.6320623115416009,0.6492486437944991,0.3122383089537252
RatioPiramide,levels,2,RatioPiramide|2,Athena_lake_lake,6.67036938980835,0.10793627053499222,0.9652793025363148,0.023703647777438164,1.1770503794718652,0.3495794642939011,12.338512119925973,0.7252934589628771,16.73894246652911,0.5042649008141634,0.15470692795754704,1.6678599418898603,0.28599963343283663,0.16583534731628224,0.7215440406379778,0.8346372141538559,0.6050974343656147
RatioPiramide,levels,2,RatioPiramide|2,Athena_man_in_doorway_maninhuis,6.917920128370001,0.12273162603378296,0.9647030579589823,0.03345947712659836,0.8120165104030329,0.2915439182262194,15.299468987424428,0.6579045134139072,15.298473257733303,0.47779230378546683,0.15309459038940362,1.7260886524072494,0.24181416689762625,0.14500109810142056,0.6880738621325,0.7857964610587521,0.28346763936923325
RatioPiramide,levels,2,RatioPiramide|2,Athena_soldier_behind_smoke_1_meting012-1200,7.045826635912797,0.14259536564350128,1.0363764726847866,0.02843557856976986,1.0942735176983585,0.40780380296321994,12.968486551669368,0.6333998599734534,13.562247843915127,0.3966674441853912,0.18046101751093385,1.3362993871863398,0.23290991143382875,0.10227238470934331,0.627027136296432,0.7805357332450297,0.30977255364056033
RatioPiramide,levels,2,RatioPiramide|2,Athena_soldier_behind_smoke_2_meting012-1500,7.040258528707911,0.13938525319099426,1.1334336289098916,0.02796264924108982,1.0606461542696575,0.40237272718185674,12.9428096963455,0.5970429866748376,11.188713031709604,0.39347988641514625,0.254760223585706,1.494459650360728,0.2758907068560769,0.09922339333073232,0.5769232525158052,0.7928963568740313,0.4329821033223466
RatioPiramide,levels,2,RatioPiramide|2,Athena_soldier_behind_smoke_3_meting012-1700,6.930862325458702,0.1255052089691162,0.990650957540577,0.030847536399960518,1.0731285953195486,0.23629222420706913,14.988306891082745,0.6585912656585522,13.8385596675521,0.41464255080438006,0.16520455676067708,1.4755800869133218,0.2356383482784516,0.1083203809786832,0.6809368877867624,0.8044925797159845,0.34294019946246873
RatioPiramide,levels,2,RatioPiramide|2,Athena_soldier_in_trench_1_meting016,6.6414528456417266,0.11029884219169617,0.9684707832963285,0.024977227672934532,1.4015878058243847,0.4789678206442813,13.581108016862663,0.7434747370387285,16.62642302521015,0.6022396122351433,0.11824660957686103,1.6765770591503606,0.3162209694877149,0.19967659483617928,0.8009740326097528,0.8903081942857053,0.5762972682092171
RatioPiramide,levels,2,RatioPiramide|2,Athena_soldier_in_trench_2_meting055,6.466778018254387,0.09375729411840439,0.9792070421289366,0.03010774962604046,1.4807664304307757,0.19306258001203422,15.023416876120729,0.7042143939905292,19.316643857573126,0.7043678718550105,0.12246987283605236,1.651075596258492,0.3831056004428448,0.21394842346403373,0.8600249178960232,0.917898367821254,0.4915755012526894
RatioPiramide,levels,2,RatioPiramide|2,Triclobs_Bosnia_R,6.784439565314949,0.1920589953660965,1.1387545939455892,0.027456559240818024,1.0282371589101045,1.2466337840801232,15.982398172705787,0.6713490330381482,15.730085301667227,0.5059436302184093,0.27730283251048593,0.8978030910439994,0.42759448040951564,0.1928680025958539,0.6434555554396564,0.7768752638084676,0.31535793219226543
RatioPiramide,levels,2,RatioPiramide|2,Triclobs_Kaptein_1123,6.688849686005286,0.12711496651172638,0.9564051092171582,0.024701623246073723,0.7628712452884829,0.5854007704719763,11.277273071021247,0.6854416556438998,16.24180073160356,0.35230581726804894,0.25773701438665675,1.5286779286706502,0.2719180291468397,0.0708637462064596,0.5635831427405077,0.6654228560159627,0.3765168844303853
RatioPiramide,levels,2,RatioPiramide|2,Triclobs_jeep_in_smoke_R,7.082944656775066,0.13990651071071625,1.036925814169523,0.048506684601306915,1.3504337628358283,0.9200225236273032,26.453227619344066,0.5969111860329044,16.477039371951186,0.5597605603231097,0.27474462557992163,1.3063070334190736,0.36868085398061423,0.20411019262824392,0.7637137132788335,0.800592919351467,0.6201488594287854
RatioPiramide,levels,3,RatioPiramide|3,APC_1_view_1_fk_06_005,6.615196207476856,0.10213714092969894,1.229168284730024,0.024105770513415337,0.759181686798897,0.9592074523111459,14.89337518316933,0.7474605000854578,20.01671574931816,0.421677587840984,0.19187432327047238,1.5066786153393408,0.2922244903512357,0.12414622908592222,0.6936525399082576,0.8791215859144367,0.13600028627432637
RatioPiramide,levels,3,RatioPiramide|3,APC_1_view_2_fk_ref_01_005,6.765796852597919,0.11360100656747818,1.1101575923682003,0.022137118503451347,1.3619009132691315,0.867442201461788,12.174059826175338,0.8045071464729703,21.318155237746566,0.4649365110662077,0.1768441787468524,1.2000764698419633,0.365779968521769,0.1497575343387343,0.7540140249082222,0.8645244519136165,0.1553912408851318
RatioPiramide,levels,3,RatioPiramide|3,APC_1_view_3_fk_ref_02_005,7.029120148613099,0.14173303544521332,1.0945440444529484,0.026784339919686317,1.5549877910676757,0.9223000429710926,14.42979242240344,0.761290865674014,20.21160087112095,0.4840196708741881,0.1702377801569338,1.1046317360559064,0.34291977251944744,0.14048787342656116,0.7496057843872507,0.8598120489897484,0.32972639815081617
RatioPiramide,levels,3,RatioPiramide|3,APC_3_view_1_fk_bar_06_005,6.614746470917794,0.10157526284456253,1.2123370506770133,0.02216353453695774,1.0499082488921687,1.2890738030825943,12.940627801903663,0.8170037716854412,23.9152477610252,0.4598552474172664,0.1879048231714018,1.2317656229438714,0.36815729432663824,0.14887182737678956,0.7565330746680125,0.8942061541407048,0.17511406994231976
RatioPiramide,levels,3,RatioPiramide|3,APC_3_view_2_fk_NL_01_005,6.794220692562859,0.12476622313261032,1.1372462788296036,0.020951323211193085,1.0690340972654466,1.107043160364957,10.882816403617573,0.7987654200981189,20.25204140087926,0.4122614910432877,0.2290468555850236,1.2161042997210645,0.3477622845644866,0.13233690558080408,0.697883927015788,0.84998382544147,0.12984152809508823
RatioPiramide,levels,3,RatioPiramide|3,APC_3_view_3_fk_NL_05_005,6.9644968498950846,0.12971849739551544,1.2106694805079423,0.022437291219830513,1.1609351908009762,1.0094478903879314,10.194550084217761,0.7629500771133528,18.469661729281977,0.3868368525905446,0.23614247153129367,1.2345466172774813,0.3123689207692626,0.14069206011303922,0.6792497715212636,0.7911839785076241,0.04972761690147977
RatioPiramide,levels,3,RatioPiramide|3,Athena_2_men_in_front_of_house_meting003,6.654300744615432,0.1100601777434349,0.9610395623316734,0.027820618823170662,0.6996903801465947,0.3938362399819969,12.844010913025048,0.6905740219924668,15.595876671560035,0.4744795275189326,0.200766254335673,1.7784183873369375,0.2809638588055342,0.1360814852161261,0.6704888382317183,0.8108244305109457,0.4078858651689276
RatioPiramide,levels,3,RatioPiramide|3,Athena_APC_4_fennek01_005,5.855658399703471,0.056386660784482956,0.9329812578103278,0.023086654022336006,0.358076709790937,0.1671219690186373,9.79117731878249,0.7524956442619521,22.646811070319064,0.35878290978025207,0.2393621908784623,1.798361257776799,0.24979420450772324,0.07763059233121031,0.6854426548824609,0.7408846996058768,0.29738449125280414
RatioPiramide,levels,3,RatioPiramide|3,Athena_heather_hei_vis,7.023545097795596,0.1387283354997635,0.9788661910488224,0.033979207277297974,0.8889076123784179,0.6481621113702007,15.953213568227952,0.6158519864408047,15.532587602807917,0.48693066192258627,0.2977565844548671,1.678734592647745,0.3361587624303309,0.13580951521615994,0.6778170249367639,0.7894439624478846,0.2150924341345458
RatioPiramide,levels,3,RatioPiramide|3,Athena_helicopter_helib_011,5.255406603017524,0.04611073434352875,1.1363850394227353,0.01288581918925047,0.8312552923239626,0.5358834261221473,5.913536087253808,0.8226746483956362,18.44649587104327,0.3544999755870163,0.2211856520744737,1.7070341822351014,0.31682788086654606,0.11365173425784203,0.6312500753593423,0.6736640223533764,0.31186789176923646
RatioPiramide,levels,3,RatioPiramide|3,Athena_lake_lake,6.774583716772932,0.11501544713973999,0.9803603163404924,0.024425877258181572,1.114334295662087,0.35458148424447344,12.10472448532153,0.7144204174770088,16.528346877412584,0.5277280676438785,0.1806034475462326,1.6551866903343557,0.32123611548093034,0.17103680916602354,0.7283931869379818,0.8390144401169795,0.6246657858979583
RatioPiramide,levels,3,RatioPiramide|3,Athena_man_in_doorway_maninhuis,7.046000735374698,0.13336047530174255,0.9825638818699092,0.035346753895282745,0.7815245975568987,0.23254982796386833,15.530219070101166,0.646977334999174,15.093580029937028,0.4855830495858141,0.1867768579986305,1.7359843015867154,0.2661207519090311,0.1484879804763074,0.6876449331343207,0.7891686197037235,0.30242413427121384
RatioPiramide,levels,3,RatioPiramide|3,Athena_soldier_behind_smoke_1_meting012-1200,7.112290584461197,0.14670012891292572,1.0461527098982035,0.029897503554821014,0.9801472147676399,0.387775908137194,13.068736494172988,0.6168512891835126,13.49044458771337,0.39670809921097605,0.2154250021554197,1.3497585832533487,0.261169198288796,0.10214551945466495,0.6148769960522132,0.773899236996821,0.3285419918664103
RatioPiramide,levels,3,RatioPiramide|3,Athena_soldier_behind_smoke_2_meting012-1500,7.139937131045067,0.146283358335495,1.1494812043662441,0.02975732833147049,0.9040880900032255,0.35425607355814953,13.104156376838759,0.5705342898347554,11.120296737539356,0.3802535136002283,0.30355730452785845,1.5119318515192246,0.33558659254840284,0.10788763576076221,0.5538431374668187,0.7761158026245241,0.45395324234997586
RatioPiramide,levels,3,RatioPiramide|3,Athena_soldier_behind_smoke_3_meting012-1700,7.019748505823497,0.13126718997955322,1.0033557517718894,0.031882982701063156,0.9544102600348014,0.2579223944328133,14.906655880631519,0.6452732096919329,13.775647091774148,0.4062133435032841,0.20025955031451131,1.5079185447764138,0.26291421102059953,0.10173310603917517,0.6645911549221962,0.7979211036071931,0.36574080624737715
RatioPiramide,levels,3,RatioPiramide|3,Athena_soldier_in_trench_1_meting016,6.697743086794903,0.11385777592658997,0.9766791460158395,0.025353632867336273,1.3556992016834544,0.4690539557412038,13.340867333155224,0.7385807935390121,16.569437021545806,0.6216698599136207,0.12795726468403368,1.6889692207222184,0.3434592004961766,0.20489368850889064,0.8076292394203002,0.8974784921981294,0.592137924514616
RatioPiramide,levels,3,RatioPiramide|3,Athena_soldier_in_trench_2_meting055,6.529032630163187,0.09723243117332458,0.9886337078060363,0.03037870302796364,1.4298725434602075,0.20398383836009032,14.893953907206136,0.7002040989596834,19.24405137754291,0.7245383855013904,0.12422969745043155,1.6711769886219683,0.418421638293316,0.22276080339345727,0.866688921466155,0.9250283888691353,0.4970098184241161
RatioPiramide,levels,3,RatioPiramide|3,Triclobs_Bosnia_R,6.810003735703357,0.19422738254070282,1.1430454887483135,0.027828503400087357,1.0138640103867456,1.2239732164599875,16.17003271817117,0.6681051237091018,15.701706801634973,0.5188968763514964,0.2806102691335701,0.9233627506045186,0.45390480923447785,0.1962871618504045,0.6442591856628423,0.7945982130734648,0.33469174005784613
RatioPiramide,levels,3,RatioPiramide|3,Triclobs_Kaptein_1123,6.702016577196627,0.12897637486457825,0.9582877770298692,0.025138258934020996,0.717474065104321,0.5254873441641881,11.428004407547506,0.6790050391980438,16.132284232985988,0.3564799153157869,0.27443350108015924,1.5154359832311162,0.2935003043363455,0.07456672951549437,0.557339007776413,0.6616287154243843,0.36633775415958403
RatioPiramide,levels,3,RatioPiramide|3,Triclobs_jeep_in_smoke_R,7.130614155599312,0.14368857443332672,1.0439045124757569,0.04890880733728409,1.3320780883653374,0.9141363636674199,26.559222054821223,0.5950114154051459,16.40726774818492,0.5658678210184009,0.27771616948141165,1.3285578612372173,0.39247019873244676,0.20597454587772154,0.7642292826290972,0.8102020180934768,0.6329251036983555
RatioPiramide,levels,4,RatioPiramide|4,APC_1_view_1_fk_06_005,6.707874416105128,0.10810203105211258,1.2463888041460178,0.024278702214360237,0.6706400988024054,1.008932943714813,14.842465483091617,0.7454557384181564,19.846327350195583,0.4231360392419222,0.20224156857474415,1.5517147499919148,0.30253402890408754,0.12567398542029837,0.6897288490741436,0.8785049666708619,0.13669080066114767
RatioPiramide,levels,4,RatioPiramide|4,APC_1_view_2_fk_ref_01_005,6.829758553723269,0.11749593913555145,1.1206526707266096,0.022496141493320465,1.264567678241891,0.9134266266873075,12.521077183735963,0.8010776342148915,21.160038536272175,0.4621032474747258,0.19084731846675043,1.2522216159762458,0.3776610538265264,0.1509411556047628,0.7510112561834746,0.8692095710114212,0.14098442660269767
RatioPiramide,levels,4,RatioPiramide|4,APC_1_view_3_fk_ref_02_005,7.072155184945428,0.1460523158311844,1.1012452733015776,0.02712826430797577,1.4234503617039822,0.9500910829806013,14.829208790616965,0.759409640354116,20.07294774735692,0.48122099745796,0.18194093715049403,1.163118430155751,0.352322583067878,0.14008492932446245,0.7481133682396741,0.8638754016779692,0.32219774859274114
RatioPiramide,levels,4,RatioPiramide|4,APC_3_view_1_fk_bar_06_005,6.677224895306987,0.10635534673929214,1.2237879670632963,0.02252628654241562,0.9740034350637075,1.3231624755050355,13.278775014169042,0.8140313017874441,23.647212382249805,0.4594916154164577,0.2030200547215327,1.297829406389972,0.38086235055371687,0.1495948616967501,0.7553395543247846,0.8981973484022514,0.1770181891706601
RatioPiramide,levels,4,RatioPiramide|4,APC_3_view_2_fk_NL_01_005,6.857871188941685,0.12950211763381958,1.1479003763969247,0.021219193935394287,0.9499408369468727,1.124501319062726,11.02086712743371,0.7953883715150932,20.109161323515522,0.412467370667321,0.24199666013210758,1.275640250336474,0.36333093659712423,0.13372329674020478,0.6951741763979588,0.8497480118022906,0.1325267356744432
RatioPiramide,levels,4,RatioPiramide|4,APC_3_view_3_fk_NL_05_005,7.032945525475138,0.13421191275119781,1.2225682183912407,0.02275523543357849,1.0254807351001372,1.0325891140870573,10.210706787760849,0.7591053411636168,18.36213153045172,0.3879271929874548,0.2493640128532415,1.2895159573163726,0.32799907785755456,0.14114840684580562,0.6752978336925203,0.7889338122886779,0.05198001935470881
RatioPiramide,levels,4,RatioPiramide|4,Athena_2_men_in_front_of_house_meting003,6.746750685595032,0.11725890636444092,0.9743915363747039,0.028096744790673256,0.6531872611797576,0.34642667491792145,12.882885372657642,0.687893548391691,15.442943397299038,0.47543441659674607,0.20933234797886413,1.7763467820698575,0.3012174902142658,0.13621928925949772,0.6727639880243473,0.8097100452747622,0.41163098642220786
RatioPiramide,levels,4,RatioPiramide|4,Athena_APC_4_fennek01_005,5.970043883739293,0.06145578250288963,0.9512062814518005,0.023323148488998413,0.3447833499332422,0.18526390473501686,9.883440040434918,0.7491671821817871,22.46398764941921,0.35788182700949167,0.25052650696148965,1.8261906966986956,0.25862768776384387,0.07755459697701098,0.6830822204619421,0.7387610254905012,0.2844038338829784
RatioPiramide,levels,4,RatioPiramide|4,Athena_heather_hei_vis,7.17891288466283,0.15398463606834412,1.0005196825014717,0.03398473933339119,0.9123176601470614,0.6665429083572477,15.744970378280192,0.615277307950157,15.206644845149127,0.507679127077154,0.30022720042347206,1.689688359783812,0.3894218961791654,0.14106639926398168,0.6832944451628836,0.7981886114247624,0.22612838957628503
RatioPiramide,levels,4,RatioPiramide|4,Athena_helicopter_helib_011,5.398224061705894,0.05152041092514992,1.1672666886805971,0.013030066154897213,0.7919871047511823,0.5345165793353954,6.035526360768497,0.8220209899041533,18.36653053567587,0.35516043035310646,0.2292398373678474,1.7009504049051836,0.3322749600908882,0.1152811406801657,0.6306623005968293,0.6798741099660737,0.3162198037260441
RatioPiramide,levels,4,RatioPiramide|4,Athena_lake_lake,6.884448683697926,0.12450113892555237,0.9962590428500868,0.024458715692162514,1.0379395939006915,0.35980959850644906,11.953226972649665,0.7127898906299033,16.234411340446076,0.5378269565224866,0.18763323905478863,1.632736866070354,0.35603732466307647,0.17953586611508904,0.7346037253606591,0.8401570744955891,0.6094078375352887
RatioPiramide,levels,4,RatioPiramide|4,Athena_man_in_doorway_maninhuis,7.1694751142902,0.14521726965904236,0.9997823678756788,0.035712484270334244,0.7700953850112002,0.21680076459611122,15.589578910837,0.6458321662745419,14.825906884754543,0.48916279753087416,0.19609132231024065,1.7372541004768411,0.28740611727115306,0.1515786203024071,0.6922838145766703,0.7874788542556503,0.30316279532778956
RatioPiramide,levels,4,RatioPiramide|4,Athena_soldier_behind_smoke_1_meting012-1200,7.168347378224428,0.15104961395263672,1.0543981500988235,0.030235763639211655,0.866519379251284,0.39473294355650096,13.122090871646359,0.6116721973972934,13.396901658065385,0.3925089327837378,0.22711214495985377,1.361136856959877,0.2818469832327777,0.10250363967898526,0.6086526864418005,0.7694177734855996,0.32999754889424665
RatioPiramide,levels,4,RatioPiramide|4,Athena_soldier_behind_smoke_2_meting012-1500,7.230450781813124,0.15535643696784973,1.1640532850984482,0.030089687556028366,0.7790475034315099,0.38869014393654333,13.145709320407684,0.5635175324084528,11.021505204781539,0.3712974776668337,0.3166909674701851,1.528333473799072,0.3923140503066601,0.11526824538061603,0.5457513339010233,0.7610221291182855,0.44941569305972523
RatioPiramide,levels,4,RatioPiramide|4,Athena_soldier_behind_smoke_3_meting012-1700,7.119002760203327,0.13968290388584137,1.0175424889373614,0.032082218676805496,0.8606602215590688,0.30888343390203665,14.835628965117914,0.6405660080230124,13.67703992587524,0.40188875818461395,0.21189401278470876,1.5499400644011125,0.28740243101467244,0.1012272889461805,0.6569682215449558,0.7936101123683048,0.35989689573388695
RatioPiramide,levels,4,RatioPiramide|4,Athena_soldier_in_trench_1_meting016,6.772014261638596,0.11812759190797806,0.9875095267396011,0.025417080149054527,1.2917788596619726,0.45328258495336743,13.22119620160922,0.7364460940194213,16.48981660685145,0.6272803030478428,0.13016342588593563,1.6964054616079862,0.365978781979564,0.2074715516997752,0.8108380902546417,0.8988212552538767,0.5727366864932466
RatioPiramide,levels,4,RatioPiramide|4,Athena_soldier_in_trench_2_meting055,6.636212650977352,0.10288689285516739,1.0048630311043618,0.030490664765238762,1.3786749906950417,0.21375053752257842,14.94544491526704,0.6988014753646661,19.112126159662743,0.7350132675772749,0.12410331680191669,1.6916777094439905,0.4501245051423177,0.22818309473511655,0.8709918564098714,0.9289832981248037,0.4749800316182339
RatioPiramide,levels,4,RatioPiramide|4,Triclobs_Bosnia_R,6.84209315287189,0.1980980932712555,1.1484316331550706,0.027992285788059235,1.0151611983281308,1.1896566903314425,16.304182109658388,0.6685151388827988,15.651906048408804,0.5276315224165253,0.27964031358889546,0.9689395322984374,0.47543899286525837,0.199102880532176,0.646504710798405,0.8064951975788481,0.3386648294569823
RatioPiramide,levels,4,RatioPiramide|4,Triclobs_Kaptein_1123,6.714001960403802,0.13217169046401978,0.9600015069346167,0.024939488619565964,0.6390779036106308,0.45759487006901745,11.3385366553359,0.6787878330966466,15.947680317412097,0.359769993040054,0.2741922586036558,1.502804004405276,0.3091315265708434,0.07611048425532645,0.554782184860442,0.6571336056560468,0.3702381735176994
RatioPiramide,levels,4,RatioPiramide|4,Triclobs_jeep_in_smoke_R,7.187400750962231,0.14957138895988464,1.0522179314679958,0.04905838146805763,1.3214311813046133,0.9394702863053149,26.71207794866021,0.5965296287556314,16.34186142237868,0.568703709891647,0.2767972083006772,1.392388344979575,0.39978453121970764,0.2047270840172477,0.7652144963180989,0.826759754954655,0.6629473647273096
RatioPiramide,levels,5,RatioPiramide|5,APC_1_view_1_fk_06_005,6.808793439437878,0.11607876420021057,1.2651405476946584,0.024204710498452187,0.6257714890107664,1.075655508294906,14.523068450832234,0.7457781227806767,19.572681141163066,0.42248429724898384,0.2053164636167135,1.6109760363133439,0.3078363332602595,0.12737871937379527,0.6845217159103791,0.8744394564891477,0.13770880793007878
RatioPiramide,levels,5,RatioPiramide|5,APC_1_view_2_fk_ref_01_005,6.8827371792777035,0.12263243645429611,1.1293456044155517,0.022706154733896255,1.2206662482156725,0.9663256615516073,13.081300036029553,0.8001357896287166,20.99246920942582,0.4609095288896972,0.19620596841048793,1.3395660189258427,0.38081427070238105,0.15408651189758904,0.7495751909897514,0.8726876976874991,0.12115611417054843
RatioPiramide,levels,5,RatioPiramide|5,APC_1_view_3_fk_ref_02_005,7.113920462351366,0.15042205154895782,1.1077487808079352,0.027081109583377838,1.3686282565315864,0.9968487636241795,14.803184966047862,0.7596221634157692,19.950717056992634,0.4800433828499109,0.18296913120326233,1.2187365333366653,0.35433796910999743,0.1402072971830467,0.7473134685192432,0.8647472143766682,0.3212514413839166
RatioPiramide,levels,5,RatioPiramide|5,APC_3_view_1_fk_bar_06_005,6.7198055853837015,0.11028768867254257,1.2315920678629804,0.02255832962691784,0.9522817924513831,1.3703810026211147,13.189889931083938,0.8133261569460679,23.464241202288164,0.4589379910663722,0.20666510026540733,1.3701786680873052,0.38372491081602433,0.14957023324569263,0.7541260230444431,0.8984982843290891,0.17937660719062054
RatioPiramide,levels,5,RatioPiramide|5,APC_3_view_2_fk_NL_01_005,6.920337565703594,0.13550451397895813,1.1583562708606137,0.02124030329287052,0.8480460587757312,1.1581642486466144,10.887857250012837,0.7944500840200736,19.929463004184388,0.4119589732105179,0.24672921269721929,1.3584655919673887,0.3686628819257003,0.1350551433830458,0.6929845992775264,0.8472592350848492,0.13496175910225094
RatioPiramide,levels,5,RatioPiramide|5,APC_3_view_3_fk_NL_05_005,7.091243790225982,0.13976220786571503,1.232702465189196,0.022822212427854538,0.9045779460152571,1.0708586812798417,10.207081428085845,0.7580738651299336,18.22220856628294,0.38744242453832173,0.254113977492268,1.3619624854982,0.33412783540200475,0.14185641988216452,0.671510939769658,0.786216232018882,0.05299882816526314
RatioPiramide,levels,5,RatioPiramide|5,Athena_2_men_in_front_of_house_meting003,6.845962896832193,0.12575501203536987,0.9887201433500457,0.02799958921968937,0.6383490959005438,0.349265301052469,12.919361221282053,0.6887760343133176,15.254383229350854,0.4771868459541077,0.2092140260527466,1.7693969026520728,0.315829134757983,0.1369228032736862,0.6755130069623632,0.808749460839195,0.4128947209059089
RatioPiramide,levels,5,RatioPiramide|5,Athena_APC_4_fennek01_005,6.042479474311256,0.06504762172698975,0.9627474342631542,0.023339711129665375,0.32509350643077184,0.20795168477736353,9.911579030601928,0.7485143998351708,22.31317824198063,0.3568038390727093,0.2519373159756334,1.8426797223317473,0.2602021440701839,0.07739246370192968,0.68201249174659,0.7368971595982212,0.2747815753293501
RatioPiramide,levels,5,RatioPiramide|5,Athena_heather_hei_vis,7.323102526109245,0.16992659866809845,1.0206152842447633,0.033316247165203094,0.9341112466520227,0.7324186161948651,15.493365825216665,0.6211290377165579,14.834786831758365,0.5233286705466074,0.28714036450595737,1.7005360611986458,0.4222875079999897,0.14469107853555097,0.6904813976290894,0.8033405241870702,0.22054544164060522
RatioPiramide,levels,5,RatioPiramide|5,Athena_helicopter_helib_011,5.5613237558846995,0.061990249902009964,1.202533998405557,0.013138103298842907,0.717786603483137,0.5507838717027669,6.192802721377795,0.8222659456106028,18.22700574646958,0.35501507108435953,0.23229188347148794,1.7240281100712942,0.3443276467597579,0.11555583702716501,0.6296503115323773,0.6811389741583699,0.3262270075892625
RatioPiramide,levels,5,RatioPiramide|5,Athena_lake_lake,6.971025547190774,0.1332511454820633,1.0087877124820634,0.02412487007677555,0.985895499817161,0.3753757673263408,11.795513827259832,0.7158310578233433,15.91854891774831,0.5461289596425013,0.18090144602504482,1.5993708936607915,0.3754507963965955,0.18384056842687996,0.7418540735501931,0.8395914969014998,0.575839270977522
RatioPiramide,levels,5,RatioPiramide|5,Athena_man_in_doorway_maninhuis,7.269936950403332,0.1565266102552414,1.0137917577946325,0.03536367043852806,0.8033685195860353,0.25612393343142403,15.48346496595492,0.6486651999677048,14.520094844150789,0.4928620846731977,0.1932094836152337,1.723482188565702,0.30013643240843724,0.1541972862456513,0.6993403870223622,0.7864012996925882,0.30293556186814824
RatioPiramide,levels,5,RatioPiramide|5,Athena_soldier_behind_smoke_1_meting012-1200,7.20727998631507,0.15635685622692108,1.0601247796527982,0.02998356707394123,0.7523155420894855,0.4417051633074633,13.11173053286621,0.612317249923534,13.270978796516907,0.38959512428334797,0.22620723793531874,1.3821649744540958,0.29301011892935946,0.10336340742277034,0.6058016495689154,0.7630803134408719,0.3158942426053149
RatioPiramide,levels,5,RatioPiramide|5,Athena_soldier_behind_smoke_2_meting012-1500,7.305412245874176,0.16642290353775024,1.1761215697917817,0.02956986427307129,0.7167336717616679,0.5082259032164879,13.018732966616582,0.5661136540292733,10.899933405876412,0.3653381260500854,0.3111173931520707,1.5470208306177402,0.42674077316513775,0.12173737925657876,0.543714529700063,0.7468364273792634,0.42946781365386744
RatioPiramide,levels,5,RatioPiramide|5,Athena_soldier_behind_smoke_3_meting012-1700,7.210347269318373,0.15026675164699554,1.0305986601858512,0.03174449875950813,0.82127128178357,0.38577387402011026,14.715175769565446,0.6407780239128188,13.547532729823414,0.3996205466326053,0.21067323568212312,1.597699680391595,0.29793488165939647,0.10263304304158731,0.653490813925387,0.7912282696460926,0.3463973198444585
RatioPiramide,levels,5,RatioPiramide|5,Athena_soldier_in_trench_1_meting016,6.864596641552182,0.12391441315412521,1.001010086342789,0.02538210339844227,1.1592293278929988,0.4480634175690311,13.128015174397838,0.7352696983667629,16.372654804999637,0.6275008382753828,0.13016476371575625,1.7070853931867542,0.37931446799938806,0.20731787922216985,0.8114271428907128,0.8962141875209227,0.5605417328379134
RatioPiramide,levels,5,RatioPiramide|5,Athena_soldier_in_trench_2_meting055,6.7639156705840815,0.1103421077132225,1.024199970728245,0.030422763898968697,1.3750236316850812,0.22110555150989364,14.930621437494837,0.6990082446272271,18.939367020301862,0.7402799380199396,0.1227408960781377,1.715348019728591,0.4682040734245002,0.23469876433431047,0.8743398378758779,0.9284713047156938,0.46468394456852585
RatioPiramide,levels,5,RatioPiramide|5,Triclobs_Bosnia_R,6.89606723054058,0.20486664772033691,1.157491073998707,0.027976756915450096,1.0345050816497592,1.1403119781350228,16.362043272831034,0.6707207664532242,15.559347846403808,0.5333703108127392,0.27624649716597266,1.0399413027712106,0.4948894783125427,0.2023238977772671,0.6499358029083313,0.8080724190774344,0.33072812131387525
RatioPiramide,levels,5,RatioPiramide|5,Triclobs_Kaptein_1123,6.722541014580999,0.1362987607717514,0.9612224635155427,0.024204503744840622,0.5874035726956452,0.4017751368250447,11.062916868846505,0.6839418975678531,15.660406566043319,0.3616216390429772,0.26391677317816503,1.482228723165497,0.31958573313933425,0.07754948706271683,0.554909941208067,0.6535494791513383,0.37387520763186866
RatioPiramide,levels,5,RatioPiramide|5,Triclobs_jeep_in_smoke_R,7.238748420126732,0.15597282350063324,1.0597351049366854,0.048907570540905,1.3238004325908892,0.9615780323212952,26.67368153498812,0.5979884872262563,16.262861074140453,0.5701218950360201,0.27437274592369054,1.460202070584526,0.40540374455483175,0.20379953347387664,0.7666743494660253,0.8325565436478773,0.6764953640686188
RatioPiramide,levels,6,RatioPiramide|6,APC_1_view_1_fk_06_005,6.846760210943857,0.12701937556266785,1.2721951459174587,0.024112362414598465,0.6331752061722068,1.1403146547360545,14.391843349065308,0.7451257582251765,19.149765979226835,0.42058354248714225,0.2087091562836047,1.6860988996555926,0.31023791899722064,0.1293391023887754,0.6766807024886143,0.8714029656456131,0.13791148156668054
RatioPiramide,levels,6,RatioPiramide|6,APC_1_view_2_fk_ref_01_005,6.94462931018597,0.1287670135498047,1.1395010998483293,0.02269083820283413,1.204434722182314,1.0067980964956582,13.118878743104718,0.7995199343488765,20.830444361445025,0.45911106888976533,0.19631862138324105,1.428699511733186,0.3786395072175256,0.153618100861117,0.747595912101522,0.8699329275762034,0.11958955270353666
RatioPiramide,levels,6,RatioPiramide|6,APC_1_view_3_fk_ref_02_005,7.192972660535715,0.15925507247447968,1.1200584455873408,0.0268995501101017,1.378490494684696,1.0023852738154169,14.71652664836229,0.7601953590780477,19.775733630913074,0.48004659734860095,0.17931667208215718,1.3035646085535362,0.353777605805228,0.14135372899472903,0.7467188262227514,0.8627949262014392,0.3222299361229252
RatioPiramide,levels,6,RatioPiramide|6,APC_3_view_1_fk_bar_06_005,6.802718496774602,0.11766571551561356,1.246788174758479,0.02246222086250782,0.9946193419491107,1.4435605545510355,12.972853878917826,0.8133575930858538,23.20279129343996,0.4580845905892574,0.20715112834027719,1.5401242271672448,0.3830332421678073,0.14959505109642157,0.7520834446189671,0.8947721015863298,0.18261799834720158
RatioPiramide,levels,6,RatioPiramide|6,APC_3_view_2_fk_NL_01_005,6.963917975117862,0.14362077414989471,1.1656509497765486,0.021266475319862366,0.7670893337933048,1.2203929484359493,10.932238500717322,0.793057242435292,19.642769585975266,0.4107126649927408,0.2504216151023837,1.464270547832276,0.3701197043528138,0.13678408546666673,0.6896569535280258,0.8456905557545986,0.1367688104021032
RatioPiramide,levels,6,RatioPiramide|6,APC_3_view_3_fk_NL_05_005,7.089159772437961,0.1475011706352234,1.2323401911029022,0.022766882553696632,0.8453990232285777,1.0989773383857122,10.24588453419619,0.7575328436265796,18.023519172688196,0.3862174694287756,0.25567638147343713,1.4525602784806537,0.33583921342795864,0.1440239734645085,0.6666677242969719,0.7855603780382635,0.05200723307037899
RatioPiramide,levels,6,RatioPiramide|6,Athena_2_men_in_front_of_house_meting003,6.953632898342048,0.13457071781158447,1.0042702567426531,0.027779730036854744,0.6761568212246698,0.33596586763596237,12.890582254470333,0.6900744059189737,15.031926023639473,0.4783041320986049,0.20526152083667132,1.7484505177406413,0.3209346426494446,0.1382847340988731,0.677545309902146,0.8074212575499302,0.4063589084658502
RatioPiramide,levels,6,RatioPiramide|6,Athena_APC_4_fennek01_005,6.112333073919155,0.06864510476589203,0.9738771988047566,0.02317584864795208,0.36118285606413,0.21187931723828035,9.863214069889478,0.7493524653259143,22.129565595975947,0.3564149497028786,0.24768501348765334,1.8489265156831893,0.2599019951499372,0.07800364886601227,0.68150327679006,0.7351912762502769,0.25628540191514176
RatioPiramide,levels,6,RatioPiramide|6,Athena_heather_hei_vis,7.424610624180361,0.18347370624542236,1.0347623914300892,0.03222839906811714,1.0737090182972016,0.8482211337672917,15.159401359168132,0.6303833258800696,14.49541568272815,0.5372049992844553,0.2651418836670249,1.7210497943402752,0.43562491866616093,0.1493881239890141,0.6973469917881161,0.8106933595453735,0.20670499787854715
RatioPiramide,levels,6,RatioPiramide|6,Athena_helicopter_helib_011,5.619575921918462,0.08087713271379471,1.2151299581466601,0.01341448724269867,0.560652541128615,0.7036463000386965,6.540783715523313,0.8210017782425438,17.846667494462306,0.35170681068817283,0.2424722455954226,1.7096115963227652,0.354232918954446,0.11958578741687348,0.6239478091436632,0.6696330924831164,0.31312179658946115
RatioPiramide,levels,6,RatioPiramide|6,Athena_lake_lake,7.077400071605365,0.1447354406118393,1.0241813317457034,0.02389741875231266,0.9967876479686731,0.4151653744805801,11.851333776953108,0.7174689004393013,15.564603858719838,0.5484142859135374,0.1740293868512602,1.576847705130756,0.38009268632740906,0.18371129670797062,0.7459074247125803,0.8444390397910897,0.5998073198620074
RatioPiramide,levels,6,RatioPiramide|6,Athena_man_in_doorway_maninhuis,7.356198963878504,0.16899490356445312,1.0258209843021673,0.03497498109936714,0.8802011002191726,0.3147327222156645,15.454781834535789,0.6525206360024253,14.208823941433506,0.4967029488101991,0.1879338311383901,1.7116123677341468,0.305155492683492,0.1596865890788053,0.7060756688549865,0.7852968015965307,0.28773251192271226
RatioPiramide,levels,6,RatioPiramide|6,Athena_soldier_behind_smoke_1_meting012-1200,7.308227749702438,0.17367684841156006,1.0749732697379173,0.030040010809898376,0.6209200790319946,0.5685940125744909,13.717495958308843,0.6124840991809493,13.01831160937618,0.385178068608375,0.22920905767937194,1.4804338952748455,0.29732648992670485,0.10226284176392428,0.6032399162727474,0.7570803081387942,0.29058739840123576
RatioPiramide,levels,6,RatioPiramide|6,Athena_soldier_behind_smoke_2_meting012-1500,7.38111105391565,0.1789848655462265,1.188308561839409,0.02878754213452339,0.6949893295243368,0.7224453763837181,12.895124436594052,0.5706900603406033,10.760169676166669,0.36019061113205936,0.2991053608634429,1.5691068872765699,0.4426776328133524,0.12542343900629507,0.5414341532215489,0.7414745056991997,0.43896496456622774
RatioPiramide,levels,6,RatioPiramide|6,Athena_soldier_behind_smoke_3_meting012-1700,7.307103020423365,0.1628243774175644,1.044428278057156,0.03102882206439972,0.8311781715372577,0.4702200270546155,14.493270695727213,0.6405522295962714,13.374979446043264,0.3961775644384522,0.19948668657438282,1.6174674035765615,0.3005212209308857,0.10008716909970405,0.6478066792683053,0.78778889095634,0.3777004394537314
RatioPiramide,levels,6,RatioPiramide|6,Athena_soldier_in_trench_1_meting016,6.9844657002949235,0.13272327184677124,1.018489647503832,0.02544613927602768,1.0734368120666862,0.45371318470701605,13.244590563604618,0.7339213375746683,16.19932837094534,0.62721758330882,0.1323717036049132,1.7164922143686723,0.38460941922047265,0.20723849783264867,0.8113764991745169,0.8961250022110836,0.5269314322510337
RatioPiramide,levels,6,RatioPiramide|6,Athena_soldier_in_trench_2_meting055,6.894145848149564,0.11892224103212357,1.0439195755468815,0.03025820106267929,1.4494319814563996,0.24355487348698443,14.840506547884369,0.7006119366030681,18.716360062540407,0.7443851672120434,0.12061283187051332,1.7303937681576478,0.4765086016296276,0.24492194161499012,0.878929106969994,0.9273692004632048,0.4778448076298366
RatioPiramide,levels,6,RatioPiramide|6,Triclobs_Bosnia_R,6.922969503959887,0.21713145077228546,1.1620065667153694,0.027570514008402824,1.0605397258526041,1.108244798029417,16.254395992866893,0.6746974843959843,15.412251215476026,0.531563157951552,0.26943082954846587,1.1821301979653946,0.5012164924331706,0.20081414748181073,0.6523365394737983,0.797695816457864,0.3242534716299726
RatioPiramide,levels,6,RatioPiramide|6,Triclobs_Kaptein_1123,6.754590672863275,0.14485497772693634,0.9658050836025159,0.023184198886156082,0.5989471816208488,0.3847636062128893,10.770052556461398,0.6930267346791383,15.268872657193002,0.3673645128394916,0.24354092751647607,1.4741926450037743,0.3205117239269075,0.07982496021724042,0.5575735009903636,0.6580636111264663,0.3826219719903163
RatioPiramide,levels,6,RatioPiramide|6,Triclobs_jeep_in_smoke_R,7.295404933663942,0.1644175946712494,1.0680294802670622,0.04828857630491257,1.3680704725163721,0.9704716144451253,26.355452528699956,0.600952304072738,16.159134550274054,0.5703887579005572,0.2667478067313862,1.5509505974968385,0.40939479847529436,0.203790742420449,0.7695277232155211,0.827872670810661,0.6748373184498133
DWT,levels,1,DWT|1,APC_1_view_1_fk_06_005,6.444018585622277,0.08921555429697037,1.197361805036898,0.019150594249367714,1.125754388249589,0.9034744294771252,12.19026187058936,0.7713623052491121,20.336453314860368,0.36039965677292285,0.051408161949511505,1.4174076272410634,0.26586334855184995,0.10485865155997554,0.6986412314856933,0.7771516128353958,0.09553267757768182
DWT,levels,1,DWT|1,APC_1_view_2_fk_ref_01_005,6.650357328039766,0.10746318846940994,1.091215837621544,0.019105711951851845,1.573389869791027,0.8479474603070927,12.252729727941075,0.8174104664165934,21.480096861392887,0.4302879663674215,0.05543792213429885,1.09394744137557,0.3288000314561563,0.1460052588576197,0.743738889966466,0.8165993368322488,0.11065316551644903
DWT,levels,1,DWT|1,APC_1_view_3_fk_ref_02_005,6.960279555553247,0.13543115556240082,1.0838244864489304,0.022618254646658897,1.8208091194898894,0.9773242382288612,13.787914554967521,0.7773593612116444,20.373651736360276,0.4212107138828199,0.05728037472477048,1.008623527591436,0.3014272943773054,0.1378478748492616,0.7391805660886002,0.8049891216832533,0.2452223422575827
DWT,levels,1,DWT|1,APC_3_view_1_fk_bar_06_005,6.453482442798164,0.09287092089653015,1.1827809131756888,0.018392663449048996,1.2032491469578226,1.2618613692252885,11.677626829473656,0.8337006875233555,24.291706399793025,0.40866770670290464,0.05936731225733902,1.098479797542381,0.33153489246879464,0.1365337432038648,0.7416265421661491,0.8191612943848136,0.14107170937485622
DWT,levels,1,DWT|1,APC_3_view_2_fk_NL_01_005,6.666443599416628,0.11830569803714752,1.115858391936368,0.017357608303427696,1.4022410688657736,1.0806346582563844,10.034965839761785,0.8230937799538294,20.423423046302055,0.39041643465340115,0.06782063375013331,1.1290346020222466,0.3136717953849665,0.11765058092137323,0.7152125469084378,0.7996094654385614,0.1222441428748334
DWT,levels,1,DWT|1,APC_3_view_3_fk_NL_05_005,6.835655303940166,0.12214014679193497,1.1882723812097453,0.01779421791434288,1.614037813855911,0.9681806448956523,8.789860033156032,0.7944148524405682,18.624858068894426,0.36031569208576725,0.05343157583801851,1.131156139717123,0.2802014558551057,0.1209891442218914,0.7002412915043894,0.7423881283662604,0.04188523643483308
DWT,levels,1,DWT|1,Athena_2_men_in_front_of_house_meting003,6.47942784110711,0.09377824515104294,0.935783748820795,0.019086947664618492,0.8776670806141043,0.7323352548903652,10.227627984152255,0.7432906267140631,15.844588471240861,0.38384266106350257,0.03674795113825173,1.7679790707853313,0.22779794156591912,0.1576836032783474,0.6554798786951656,0.7224815891082657,0.2854802541943353
DWT,levels,1,DWT|1,Athena_APC_4_fennek01_005,5.51012420335412,0.04396821931004524,0.8779273412186729,0.018533533439040184,0.4163022266438533,0.14811026693556456,8.919225127090922,0.7773474408714782,22.963244668696106,0.3215351939750317,0.06296456013789105,1.6992914154493526,0.21456152422752825,0.07498747919922,0.6733731534139329,0.7001733216141471,0.3432003758121841
DWT,levels,1,DWT|1,Athena_heather_hei_vis,6.706243079302451,0.1058611124753952,0.9346440476825085,0.021079089492559433,0.8937114983377836,0.6964198267006759,11.079295580474474,0.7032793277473774,16.10666687001824,0.34972832395563963,0.05529410538714863,1.6393121791383176,0.21980518513140612,0.13984651393339778,0.6581811587816649,0.6637966791516954,0.10646251792606638
DWT,levels,1,DWT|1,Athena_helicopter_helib_011,4.985641503250736,0.03917697072029114,1.0780532971447274,0.01040590275079012,1.0106588040769287,0.5718034504183107,5.278147760969963,0.8415795055675374,18.53640901313469,0.3438062204990129,0.0652379126418502,1.6895300012305805,0.2641474958256915,0.10940582017284639,0.6825984205012285,0.5865500137928817,0.3545822581207117
DWT,levels,1,DWT|1,Athena_lake_lake,6.573444365931229,0.09679228812456131,0.9512531348716915,0.017287803813815117,1.2977745644208878,0.42096201516113035,9.749717491709278,0.7568801026206697,16.973145483624677,0.3795259288809309,0.040204399467124285,1.661144093804689,0.2419287497444205,0.17188193498689586,0.6751494991668912,0.7288672928042614,0.4365989932157154
DWT,levels,1,DWT|1,Athena_man_in_doorway_maninhuis,6.798403788480259,0.10786709189414978,0.9480365199781707,0.02410116232931614,0.8925109975031209,0.5329786155029583,12.481996281445063,0.6944653632949456,15.504456154789532,0.3896162347318317,0.03140477000223237,1.6986790655765465,0.2187022369489841,0.17483608458296743,0.6669204464671185,0.7084908359128455,0.20044270158536642
DWT,levels,1,DWT|1,Athena_soldier_behind_smoke_1_meting012-1200,6.9541864231526835,0.1361701339483261,1.0228970379265816,0.021548068150877953,1.274320991853847,0.5987841919452981,11.333334750494643,0.6777228089289653,13.63601794002255,0.38399562733354903,0.03786840173509872,1.3149739771018958,0.2334351234445029,0.16381942863776405,0.6559853435302665,0.7293151835399911,0.1896962599382826
DWT,levels,1,DWT|1,Athena_soldier_behind_smoke_2_meting012-1500,6.91208790923102,0.13068385422229767,1.1127990329272377,0.019302217289805412,1.333948878080411,0.8409761540894307,10.659013387199861,0.68770608783283,11.2471715944589,0.39959418545791253,0.05278467757604956,1.4673477516058893,0.26799590954141483,0.1762157976516273,0.6410871950002986,0.7334165817418965,0.23468830853281894
DWT,levels,1,DWT|1,Athena_soldier_behind_smoke_3_meting012-1700,6.875862813169361,0.11655937135219574,0.9827896962782426,0.02694196254014969,1.2295490347494313,0.27189127951811876,13.663226308314579,0.675275398242731,13.914998798484737,0.40161269174685255,0.06210208833446841,1.4494852283544326,0.22794278962102604,0.1564126783147976,0.7066592290450807,0.7403118984937251,0.22364693655441562
DWT,levels,1,DWT|1,Athena_soldier_in_trench_1_meting016,6.58238733242383,0.09799838811159134,0.9598577245000932,0.02035501040518284,1.4171907546096643,0.528152121375973,11.12960500597303,0.7578172097965223,16.77761754166275,0.43821094839039865,0.049458500461066965,1.6297344574823756,0.2594774515332543,0.18126908851074158,0.7590646112578101,0.755813721404951,0.3473513098137992
DWT,levels,1,DWT|1,Athena_soldier_in_trench_2_meting055,6.365693245283533,0.08208490908145905,0.96390066834192,0.02320471964776516,1.545845876100954,0.2336692348110938,12.426325153083349,0.7412115127570382,19.547574768896826,0.4927147890834104,0.04894305565206746,1.5998063166636816,0.296204044135113,0.192069709193702,0.8074880120715887,0.7997875733396,0.3356274117323165
DWT,levels,1,DWT|1,Triclobs_Bosnia_R,6.645030491184647,0.18951787054538727,1.1153550600452213,0.017945710569620132,1.1197205567133777,1.5491319011790619,12.477648266134066,0.7644978312678495,15.797459855162703,0.4184549859212974,0.07819723969159374,0.8913834818667805,0.32177718381971343,0.2205734377847398,0.696518162029575,0.7637836740488168,0.3850928941761568
DWT,levels,1,DWT|1,Triclobs_Kaptein_1123,6.594879591837903,0.12469933927059174,0.9429687961896221,0.016808614134788513,0.9694750288736742,0.7882121269929522,8.178414591582236,0.7480238512453457,16.351630424831207,0.36468745314044637,0.060631994661901424,1.5438668505086504,0.23967000115354117,0.10082446586356147,0.6360608846174943,0.6702687209653837,0.4521235237343882
DWT,levels,1,DWT|1,Triclobs_jeep_in_smoke_R,6.978031292972963,0.12544341385364532,1.0215667537152386,0.03373924642801285,1.430387143585968,1.1374264098566784,20.76946259720771,0.6598830232114856,16.82001126909619,0.3998899847235616,0.08892147867920777,1.2745567920768224,0.2540678080589198,0.13976908031142748,0.7530255678200751,0.7651023351327206,0.5951692168193959
DWT,levels,2,DWT|2,APC_1_view_1_fk_06_005,6.493270318915968,0.09380051493644714,1.206513259753262,0.02382603846490383,1.0009245956110053,0.8542280905734149,14.765073300483293,0.743800928102664,20.197652508844026,0.3936883279678175,0.17594574925792295,1.435508409575715,0.2628566345157783,0.10427973229678378,0.7055698475447916,0.8317350297413054,0.12121596028346779
DWT,levels,2,DWT|2,APC_1_view_2_fk_ref_01_005,6.695950254040841,0.11011888086795807,1.0986968977333238,0.02274056151509285,1.5178875723166803,0.8209702492745262,13.750427499354455,0.7945554416967803,21.359650453816407,0.443330005166074,0.16790760773684263,1.1287904360076766,0.32308071574593933,0.14354068790865138,0.7463514525018791,0.849154075824462,0.12145550547720976
DWT,levels,2,DWT|2,APC_1_view_3_fk_ref_02_005,7.0019650068057,0.13829490542411804,1.0903155637735524,0.02731088176369667,1.7330256087665732,0.9431921676060606,15.925272015232338,0.7525597470575764,20.247637187496295,0.45554449816074166,0.16747501965660844,1.0430028034241814,0.2986509347526075,0.14142430845800527,0.7462477826258532,0.845201455316558,0.28693747310484347
DWT,levels,2,DWT|2,APC_3_view_1_fk_bar_06_005,6.514853859008003,0.09624167531728745,1.1940289393926913,0.02187385782599449,1.1607903758538562,1.220013822867966,13.439227959864208,0.8104378343080623,24.04849974030466,0.4190880911316907,0.1752131194886568,1.1210409565187593,0.3235795583291474,0.13002013417576377,0.739542388118028,0.8588652666822831,0.14861395493187035
DWT,levels,2,DWT|2,APC_3_view_2_fk_NL_01_005,6.703925953609532,0.11970629543066025,1.122132351784966,0.020467299968004227,1.333079953470588,1.0414369290499963,11.109543442394,0.8006893884469649,20.366917114205584,0.3956047210423573,0.1927499797720061,1.1394241545591273,0.30843440119660287,0.11414098106165294,0.7145604593726338,0.8146547377230369,0.12356625702378286
DWT,levels,2,DWT|2,APC_3_view_3_fk_NL_05_005,6.875382376335511,0.1239919513463974,1.195178314995859,0.02159990184009075,1.4939653481850428,0.9322992077729249,10.359865952469935,0.7679838923222293,18.57143122944941,0.36366007707838194,0.18976380125545306,1.1472984822390544,0.27180786582907734,0.11321573154255912,0.6968618384233698,0.7632317932132913,0.05082350965015791
DWT,levels,2,DWT|2,Athena_2_men_in_front_of_house_meting003,6.562164409627193,0.09991070628166199,0.947732880465274,0.025245949625968933,0.814453771186082,0.6391946253489202,12.980027036029849,0.7119157539217795,15.773501364528075,0.40799128321250117,0.16764055169784278,1.7739903389605234,0.21404415251254158,0.14631362999078906,0.6609496306659468,0.7791473755658305,0.36279276068090094
DWT,levels,2,DWT|2,Athena_APC_4_fennek01_005,5.6313408110770045,0.04806140810251236,0.8972407668697534,0.022809015586972237,0.38618967333827087,0.1439829012515681,10.35153655265035,0.7489662547188148,22.833490466651796,0.33210284851772176,0.21418819949127174,1.7134659775354726,0.20620824736598894,0.07269337486360439,0.6692496273220262,0.7122759537401964,0.30822787879267716
DWT,levels,2,DWT|2,Athena_heather_hei_vis,6.770760196290489,0.11038795858621597,0.9436357496911357,0.026764998212456703,0.852488850212664,0.6605528505759087,13.560303967667364,0.6734157012247397,16.041071987434478,0.3931546142373772,0.19145617238542292,1.6500496719460784,0.21270685128539263,0.1511507611174799,0.668351279910671,0.7129553013791977,0.13956241113431905
DWT,levels,2,DWT|2,Athena_helicopter_helib_011,5.088264508280079,0.04140859842300415,1.1002436349102183,0.013042723760008812,0.9855502399760581,0.5343689493146083,6.299912419517789,0.8238229698355366,18.510617204054963,0.37886376391213533,0.1988474465903604,1.6920157431541234,0.27540177136402,0.12572865210826645,0.6971665106096279,0.6230339270368046,0.3437859355820174
DWT,levels,2,DWT|2,Athena_lake_lake,6.621818932843198,0.10216687619686127,0.9582534920454077,0.022749897092580795,1.1957039612973208,0.38243702412380753,12.54673620407726,0.7256308346424447,16.889004617857914,0.4277666742818172,0.1668235202749414,1.670758094177962,0.22956115589754764,0.17447549906568996,0.6891242200806941,0.8056422776843739,0.5808767464720679
DWT,levels,2,DWT|2,Athena_man_in_doorway_maninhuis,6.887594239342331,0.11610778421163559,0.9604741166966593,0.03191925212740898,0.8453610454945619,0.4497834269073293,15.90005103774533,0.6644506758331834,15.399811116909792,0.4104439851033462,0.15767322205767365,1.7067601832693895,0.20215690473024633,0.16555047044905852,0.6732855503643189,0.7611192072263225,0.25219885627056804
DWT,levels,2,DWT|2,Athena_soldier_behind_smoke_1_meting012-1200,7.014940421647327,0.14110130071640015,1.0318333938596733,0.028173139318823814,1.224685757836201,0.5222382016422875,14.409362958985193,0.6473196879396323,13.586422367825255,0.41540861751421854,0.16573454716299776,1.316519430803432,0.21804287398423078,0.1510253762628688,0.6649578605850094,0.7939789963742017,0.2535015704132235
DWT,levels,2,DWT|2,Athena_soldier_behind_smoke_2_meting012-1500,6.951939363803244,0.13506893813610077,1.119214845441643,0.02466581203043461,1.2715275732058475,0.7023445879441653,13.7859647875998,0.6610475581383299,11.223352875014852,0.4458791336320604,0.16980679972412394,1.4716638024725883,0.2595384355552947,0.17207028398474075,0.6526358667819488,0.8120807870831721,0.33042347355736174
DWT,levels,2,DWT|2,Athena_soldier_behind_smoke_3_meting012-1700,6.943616753596908,0.12237853556871414,0.9924739899216393,0.03364546597003937,1.1763054247899416,0.23734999363851,16.92453030365799,0.6486474392162365,13.862210313632538,0.4603706878094795,0.18134069380450113,1.4551491868572408,0.22862936529214611,0.16699823092891655,0.7219996511375166,0.8094623278068596,0.3110247171377372
DWT,levels,2,DWT|2,Athena_soldier_in_trench_1_meting016,6.6546467522553705,0.1051710769534111,0.9703947468280789,0.02601536549627781,1.3420417783331835,0.4921101791616154,14.668100228215843,0.729661482906889,16.672825465283655,0.5297099838717727,0.1495976096361348,1.6387742474118343,0.2657454609718251,0.21136066853199734,0.7835487559246123,0.8521445259220424,0.4965228818632615
DWT,levels,2,DWT|2,Athena_soldier_in_trench_2_meting055,6.4317917046531585,0.08914222568273544,0.9739093738682126,0.028819266706705093,1.4236556443745223,0.21370786796818206,15.234786152624036,0.7134624411628205,19.38840840177711,0.6091540051553046,0.12533529022910447,1.6119173037734842,0.3165013794598499,0.23718259504053996,0.8431126548885381,0.8886217424176162,0.45344060417472737
DWT,levels,2,DWT|2,Triclobs_Bosnia_R,6.693558315662091,0.19037753343582153,1.1235003581978344,0.020692061632871628,1.0833880355347272,1.5107345176132088,13.200776672813015,0.7481009663529397,15.779347896578297,0.448949983787425,0.16888095147238388,0.8968313231505582,0.32934565468139354,0.2057709110230934,0.7030808324292082,0.7683203801526687,0.4545977667351113
DWT,levels,2,DWT|2,Triclobs_Kaptein_1123,6.658697761754185,0.12682971358299255,0.9520938366127196,0.021193452179431915,0.8957230029506641,0.7441662290476386,9.918146416144264,0.7235977344419289,16.31257416204709,0.39619988282092145,0.1909275141153527,1.5487943580404555,0.2396275169424265,0.11160383609119022,0.6463295664308394,0.6955831190947066,0.42042697218941916
DWT,levels,2,DWT|2,Triclobs_jeep_in_smoke_R,7.028837194148317,0.1295393407344818,1.0290046136723228,0.039974432438611984,1.3753307408923328,1.0496645276880654,22.60874478273251,0.6406268773244117,16.74116261651224,0.4580935265110889,0.19451253729429385,1.293262508293946,0.2664602575491862,0.15220921627564438,0.7657889184614497,0.7905808828118966,0.6101262843121741
DWT,levels,3,DWT|3,APC_1_view_1_fk_06_005,6.551142491772613,0.09806369990110397,1.2172664766213273,0.026172073557972908,0.8478752200208768,0.8334532497987479,15.284846954626207,0.7192616804413021,20.067185153290367,0.4335914419769354,0.24342978478164934,1.4546265988811318,0.27339965837070296,0.11608696607313852,0.7050807410030024,0.8561867528493111,0.1330597935011792
DWT,levels,3,DWT|3,APC_1_view_2_fk_ref_01_005,6.742167960627153,0.11312181502580643,1.1062804742116714,0.02465229108929634,1.4217974815664882,0.8024334405482557,14.259386867614367,0.7719476640314488,21.22356982369199,0.46212233013883713,0.2349963382317959,1.1636895593963081,0.3237086869588538,0.14850118006113666,0.7368826731583265,0.8602261199143058,0.13236698412679143
DWT,levels,3,DWT|3,APC_1_view_3_fk_ref_02_005,7.038348461609159,0.14152857661247253,1.0959810372509984,0.02943417802453041,1.5995160631814187,0.9140251944992743,16.616991284264756,0.7313811886831683,20.10736315435411,0.4787675429207074,0.2275182805279404,1.0810169892963586,0.3023923982272715,0.14629607778533626,0.7393970169181601,0.8626125391180542,0.3195811271455189
DWT,levels,3,DWT|3,APC_3_view_1_fk_bar_06_005,6.568424159105046,0.09955544769763947,1.2038471931850425,0.023660939186811447,1.0721182661842317,1.1948245046490407,13.926500542962607,0.7887794778847752,23.828863378750114,0.43909971021208316,0.24202429457247115,1.1507035399503176,0.3225835070863271,0.1373701004648697,0.7306533627078097,0.8738109273767447,0.15825136169240997
DWT,levels,3,DWT|3,APC_3_view_2_fk_NL_01_005,6.7508038833886115,0.12181609123945236,1.1299789840350563,0.02221428044140339,1.2241450515317434,1.0173258226926989,11.462815573559801,0.7790532340292915,20.28329072831561,0.4081938077618477,0.2643793086221089,1.1569291847794096,0.30682253275642835,0.11835307674374265,0.7045763432302903,0.8265141789738899,0.13178394414769998
DWT,levels,3,DWT|3,APC_3_view_3_fk_NL_05_005,6.9125794654927315,0.1262868344783783,1.201644450536872,0.02366035431623459,1.3459678674549571,0.9046451792096453,10.815056116883481,0.7431708882738552,18.50760225023302,0.3787253514628608,0.2652839492415812,1.1675968638148833,0.2715106485048724,0.11665877428004016,0.6861484505616395,0.765134242835639,0.0540922149589203
DWT,levels,3,DWT|3,Athena_2_men_in_front_of_house_meting003,6.666134511230398,0.10715682059526443,0.9627486401634178,0.028346488252282143,0.7505326594584404,0.5560894017153316,13.670144514033957,0.678722552562591,15.67766366591953,0.4587611288338862,0.24519176844914625,1.7799796008850501,0.2154610516200135,0.1560082970179632,0.6510994971224319,0.8038319660389824,0.39089416923869585
DWT,levels,3,DWT|3,Athena_APC_4_fennek01_005,5.7888382520547585,0.05382377281785011,0.922334812757535,0.025130534544587135,0.36309800163917394,0.14044224107640796,10.971250788608403,0.7207047448357973,22.634665600457136,0.34807382422995253,0.29969856340749434,1.7332839773869433,0.2092860357870999,0.07528246374316537,0.6593800528359959,0.718362878122668,0.3145590391578707
DWT,levels,3,DWT|3,Athena_heather_hei_vis,6.8429002280280224,0.11600054055452347,0.953689851587801,0.02953900396823883,0.8191301586069788,0.6224080489870016,14.254772247961952,0.6399689809780102,15.947982267726204,0.42083558627264855,0.2756499786579144,1.6561857174948589,0.20706504662405156,0.1523712831890714,0.6546032727357934,0.7287604233412828,0.1592010877855219
DWT,levels,3,DWT|3,Athena_helicopter_helib_011,5.2128215270359615,0.04539576172828674,1.127176799812818,0.014352766796946526,0.9792547619265812,0.5143161059955235,6.872372877354008,0.8085597768570235,18.459713445320673,0.42050101325367145,0.2590200174779414,1.6885775494537407,0.29579800779751214,0.1400516439981992,0.7017678052719634,0.6567690570929925,0.37125038627758783
DWT,levels,3,DWT|3,Athena_lake_lake,6.673767248679406,0.10687731951475143,0.9657710118629648,0.025222552940249443,1.08825091721144,0.3461449623965901,12.908395362925056,0.691067532637568,16.802512150230534,0.4767944685268495,0.24091621134125904,1.6764717025589984,0.22860084666529407,0.18554058520748287,0.6797599174710373,0.8222382002876132,0.6209615996747856
DWT,levels,3,DWT|3,Athena_man_in_doorway_maninhuis,6.999559336486579,0.12618379294872284,0.9760876348633081,0.03657960519194603,0.783194116185878,0.36163039685851556,16.92897096061869,0.6292889105821224,15.252315266158444,0.4675851347325362,0.24065802471876624,1.7154580338984555,0.20025505985588593,0.1758311260475231,0.664078390313709,0.7851213890299688,0.27800554525052507
DWT,levels,3,DWT|3,Athena_soldier_behind_smoke_1_meting012-1200,7.081794612389993,0.14566731452941895,1.0416670321205024,0.031381696462631226,1.1581674997609532,0.4442425973577272,14.78911483725295,0.6159184847995011,13.535584189817376,0.4668479153121601,0.24090656636833535,1.3195443053689273,0.21666014849352355,0.15735624373299617,0.6592410347837201,0.8103472986559583,0.27611359021292003
DWT,levels,3,DWT|3,Athena_soldier_behind_smoke_2_meting012-1500,6.991779465851675,0.13788500428199768,1.1256288302771091,0.026557203382253647,1.1782323969496717,0.5907642286608009,13.834650285474892,0.6322560674552701,11.206860870620508,0.4813647389875531,0.23222546654326046,1.4814151858640954,0.2550004372773368,0.16522800416658226,0.6432707499303333,0.8158747885178635,0.352866344780126
DWT,levels,3,DWT|3,Athena_soldier_behind_smoke_3_meting012-1700,6.985989386105007,0.1267872452735901,0.9985304497092581,0.03577244281768799,1.1015003419302885,0.21644025565800318,17.194717039476632,0.624877258529705,13.819857829322714,0.4814127578549909,0.2387274522115135,1.4673256118971163,0.2243084344178991,0.16192198972303742,0.7115458989323286,0.8193913603274582,0.3331771882743827
DWT,levels,3,DWT|3,Athena_soldier_in_trench_1_meting016,6.70022853969686,0.11031009256839752,0.9770415800456744,0.027645491063594818,1.2438821955224744,0.46290481007029793,14.88436624507781,0.7048142005486338,16.587829822858474,0.5723324398379086,0.1988461904785795,1.6516789051567558,0.2726675718802867,0.21887061296779103,0.777500118890506,0.8752512845169408,0.554486336148161
DWT,levels,3,DWT|3,Athena_soldier_in_trench_2_meting055,6.480792726480671,0.09334567934274673,0.9813291655341041,0.030103206634521484,1.342703878838498,0.2018932365032739,15.22198653162436,0.6950134962153751,19.29143800998983,0.661211924289011,0.152657017140565,1.6296839078669256,0.3348905472647353,0.25170547835063695,0.8455098789169627,0.9072459107159075,0.48954224100455546
DWT,levels,3,DWT|3,Triclobs_Bosnia_R,6.82622861376365,0.19538454711437225,1.1457688020374204,0.023242933675646782,1.0208071912948777,1.473855106731944,15.472376214510717,0.7248344305959518,15.675827793921023,0.49126561688427683,0.22352875803368785,0.9368289054169952,0.3208405479515464,0.20061373046614864,0.6894408306433015,0.8272033002084775,0.6867873162144479
DWT,levels,3,DWT|3,Triclobs_Kaptein_1123,6.716053529559716,0.13070017099380493,0.9602948505310102,0.023397020995616913,0.8466706764422671,0.709660232878207,10.768035387523561,0.7015151017938324,16.238095716680927,0.42361079099513327,0.25508468925708283,1.55535101700033,0.23996790491809536,0.11858149872398975,0.636059141203653,0.7117190476892032,0.4583004420506574
DWT,levels,3,DWT|3,Triclobs_jeep_in_smoke_R,7.100917079109858,0.135853111743927,1.0395569329435879,0.04219106584787369,1.3403068841364747,1.0088869504298206,23.639651766544127,0.6262154009154295,16.62357261413331,0.48502492294958116,0.23253282880574014,1.3273760186044226,0.2743458208290344,0.1617709534342543,0.7627368275116978,0.8183586114580341,0.6425733491494963
DWT,levels,4,DWT|4,APC_1_view_1_fk_06_005,6.617797530676228,0.10256243497133255,1.2296516360736147,0.026925554499030113,0.7329977802980842,0.842266521813518,15.221277725242066,0.7068998532528096,19.921112331737675,0.44719637556935843,0.2621547671368532,1.4739806195994505,0.28986296239291015,0.11782827780676376,0.701895438677844,0.8661904988846889,0.1398776672795857
DWT,levels,4,DWT|4,APC_1_view_2_fk_ref_01_005,6.794520233861609,0.1161881610751152,1.1148706336378518,0.02542673982679844,1.317807914268521,0.8017665478088044,14.430877077845,0.7601207555940557,21.081106368020137,0.46940252393209575,0.25910224902960444,1.1933532408420582,0.33409892081166814,0.14886883361350098,0.7314674949661032,0.864237248992173,0.13605622171025755
DWT,levels,4,DWT|4,APC_1_view_3_fk_ref_02_005,7.0795634784175805,0.1448964774608612,1.1023988605682717,0.03026673197746277,1.4557729544533549,0.8978769303985454,16.736719206679602,0.7185864212486034,19.96096074277964,0.48724922811412813,0.2494780557971758,1.112919892157483,0.3139687986465505,0.1464857388219039,0.7320729820703488,0.8696285297269125,0.33251105144127846
DWT,levels,4,DWT|4,APC_3_view_1_fk_bar_06_005,6.6465771011983525,0.10393866151571274,1.2181709027536096,0.024447882547974586,0.9801192219094654,1.1977084262805586,14.164029877625756,0.7776380338254312,23.536370129426693,0.45386199103510083,0.26497486866995484,1.191093518845788,0.33735444351304594,0.14067975506123365,0.7267203408670868,0.8892121799122452,0.1716409752510393
DWT,levels,4,DWT|4,APC_3_view_2_fk_NL_01_005,6.8099063166711575,0.12491948902606964,1.1398718069741058,0.02298739366233349,1.1122665799627673,0.9947957244489314,11.573634665348175,0.7642281902296595,20.15702887880018,0.4155664148542327,0.28833923544694395,1.1825068828115066,0.3144532780075792,0.11951782422461181,0.6948545594287858,0.836772635715578,0.1375617821072693
DWT,levels,4,DWT|4,APC_3_view_3_fk_NL_05_005,6.96147908532801,0.12925760447978973,1.2101448890637276,0.024523386731743813,1.2000977716184518,0.8900495673219234,10.980713727016427,0.7300351464441794,18.42375958122304,0.38547168574694674,0.29143266938411483,1.1922680500698994,0.27879685289010886,0.1177576470740465,0.6799936071845263,0.7678410075376734,0.05506630103980291
DWT,levels,4,DWT|4,Athena_2_men_in_front_of_house_meting003,6.78158002953131,0.11590563505887985,0.9794217234277771,0.02964666672050953,0.6942192208704424,0.4835104199387006,13.98736289655047,0.6594027813141583,15.543297682780741,0.4764386515082556,0.26857908791145635,1.785217874762246,0.23044351506283536,0.15404720933848984,0.644669531536414,0.8114627888367487,0.40101289521027816
DWT,levels,4,DWT|4,Athena_APC_4_fennek01_005,5.951687547875422,0.06029805913567543,0.9482815689508237,0.026113202795386314,0.3518256508892875,0.1375571222003024,11.247594756956381,0.7056092552375048,22.385744730072194,0.3530639949987742,0.33008758005425354,1.752429426591196,0.22014164980314418,0.07512888745311015,0.6538738790826304,0.7209721237589232,0.3245084005882565
DWT,levels,4,DWT|4,Athena_heather_hei_vis,6.956947675530452,0.12530015408992767,0.9695845584603434,0.03101319447159767,0.7741417707044469,0.5836837012374148,14.665379860847812,0.6194260365350239,15.774662416335815,0.4351160256990302,0.30400666026636786,1.658697673982086,0.2256856114514958,0.15013846074801412,0.6513729346759058,0.750526359201569,0.17444502050794275
DWT,levels,4,DWT|4,Athena_helicopter_helib_011,5.361143087041055,0.05170447751879692,1.1592486097688453,0.014848301187157631,0.9723337040031043,0.5128140829197911,7.152040550118775,0.7992669107476755,18.367743724727983,0.43271817849080385,0.2770221989920467,1.673376847050344,0.3188795176046126,0.1445882486944582,0.6997023270831134,0.676352145296135,0.3809766081912535
DWT,levels,4,DWT|4,Athena_lake_lake,6.761280367721765,0.11350249499082565,0.9784351684599075,0.02633589692413807,0.993575050003779,0.3116573097542575,13.046156321023759,0.6717259678931685,16.66161012409073,0.5000197287664575,0.26303918377560326,1.679739765888551,0.2510802526487274,0.18210406672454724,0.6796514833667872,0.8282788614834464,0.6343504491598411
DWT,levels,4,DWT|4,Athena_man_in_doorway_maninhuis,7.124272638078954,0.13856738805770874,0.9934788884744816,0.03843697905540466,0.7245123550890928,0.2852553517808005,17.41358500939605,0.6107381229102431,15.04336434304852,0.4844839419648563,0.26745870460108917,1.723354689258045,0.2136049925051327,0.17382667283319364,0.6591540877839984,0.7916765152880146,0.2825247479149172
DWT,levels,4,DWT|4,Athena_soldier_behind_smoke_1_meting012-1200,7.163479741794075,0.15148353576660156,1.0536821654266648,0.03266005963087082,1.099122584675895,0.3803228779317642,14.936039192197715,0.6016008033120761,13.46539704780973,0.4878362454339532,0.2634543190218071,1.3242046283550084,0.23555130477615382,0.15947281083333176,0.6611276275342798,0.8167741866846785,0.2818419877503715
DWT,levels,4,DWT|4,Athena_soldier_behind_smoke_2_meting012-1500,7.03854970049381,0.1418004035949707,1.1331585192166902,0.02737722359597683,1.0817978098513445,0.5229761612052033,13.827589347576179,0.615729057676818,11.180944296192859,0.49638870783017774,0.2533379804569067,1.4960414499302432,0.26595921030097813,0.1636827290270132,0.6378485219114468,0.8069186882941104,0.34449955360241225
DWT,levels,4,DWT|4,Athena_soldier_behind_smoke_3_meting012-1700,7.0585827093638605,0.13266396522521973,1.0089064522642759,0.03670341521501541,1.0250312054713908,0.206390611242427,17.256468727016763,0.6119225940338208,13.76106303882328,0.48646709140039024,0.26042961484024574,1.4920004240836813,0.22624847837884413,0.16092792328398464,0.7044864668503418,0.8190998179452869,0.3415565591561375
DWT,levels,4,DWT|4,Athena_soldier_in_trench_1_meting016,6.767366898956964,0.11608929932117462,0.9868318384263437,0.028291530907154083,1.1549085991602728,0.4377016373059136,14.8930519997544,0.6925668600607718,16.478798138480553,0.5883108510141679,0.21394653520683263,1.666449544496591,0.2884791853158295,0.2153999188857902,0.7750173904733548,0.8814289953248986,0.572899460491682
DWT,levels,4,DWT|4,Athena_soldier_in_trench_2_meting055,6.554277306390101,0.09880534559488297,0.9924562860154444,0.030634231865406036,1.2587033830569534,0.1919430468082099,15.218879595581583,0.6859096649862138,19.14461480316902,0.682340294664285,0.15943943080192402,1.6586822028975823,0.36264383315764365,0.27714724006396474,0.8470184727923568,0.9191079332525964,0.5036310540715127
DWT,levels,4,DWT|4,Triclobs_Bosnia_R,6.897911658955671,0.19893096387386322,1.1578006576143716,0.023475902155041695,0.9903746018905023,1.4216137982440664,15.54336164238166,0.7203195401633335,15.60744184445905,0.49722097038106483,0.23862746517063527,0.9666349291280891,0.32329716948816534,0.20586795983655265,0.6860667203757075,0.8221089065674589,0.6767602432042966
DWT,levels,4,DWT|4,Triclobs_Kaptein_1123,6.7928673153192785,0.13765940070152283,0.971278068962793,0.024458523839712143,0.781936688489602,0.6575510877512192,11.251639324458555,0.6834158607438552,16.093225830387865,0.43462457637999236,0.27754195673059134,1.5614330947569368,0.24666460902648674,0.11728910490179092,0.6216431086194034,0.7353670168536085,0.5007969006118741
DWT,levels,4,DWT|4,Triclobs_jeep_in_smoke_R,7.199379740654785,0.1483437418937683,1.0539716263282257,0.04284977912902832,1.308197889652683,1.0219875881278,23.633023727110242,0.6178778119982352,16.37615589446041,0.4894823230908555,0.24619455783203537,1.4010482162649853,0.2737837031308183,0.1624884563818863,0.7543301571791359,0.8225175629446517,0.6464958893882775
DWT,levels,5,DWT|5,APC_1_view_1_fk_06_005,6.70953190123021,0.10780763626098633,1.246696781125727,0.02713315188884735,0.6627613867511681,0.8464547942024887,15.132818227414944,0.702213456018334,19.733466130824358,0.4506178835195082,0.26632403601323074,1.49232282555307,0.30049208629304924,0.11774411324696986,0.7004884143455204,0.8688268830048769,0.14313772049307757
DWT,levels,5,DWT|5,APC_1_view_2_fk_ref_01_005,6.871575650474028,0.1204557716846466,1.1275141784632519,0.02575564756989479,1.23345966357737,0.791255718727616,14.52531097804428,0.7529033195295387,20.876807584053214,0.47097142313150514,0.26783762754087326,1.2312442793782958,0.34012166345464934,0.148128103278305,0.7257745423474363,0.8728350435143368,0.13901839875927752
DWT,levels,5,DWT|5,APC_1_view_3_fk_ref_02_005,7.1137041535217715,0.14897942543029785,1.1077150981369621,0.03049594908952713,1.3290890864871479,0.8940494943753449,16.68791587740769,0.7152120895671799,19.79205054232858,0.49081064430713367,0.2535840811752107,1.1498173243548426,0.32874159250978763,0.14678356826653577,0.7316778399669861,0.875271669690009,0.33466258646873276
DWT,levels,5,DWT|5,APC_3_view_1_fk_bar_06_005,6.708362500363514,0.10762238502502441,1.2294948029103456,0.024696385487914085,0.8905349263337916,1.199017059608276,14.162223564728805,0.7729720641771491,23.286968034794437,0.45680434023607747,0.2711640230046968,1.2264587242612734,0.3470680040442615,0.14026147838318612,0.7242801875783943,0.8920386406580358,0.17326447336034823
DWT,levels,5,DWT|5,APC_3_view_2_fk_NL_01_005,6.851115468351847,0.12846794724464417,1.1467695744331299,0.023202113807201385,0.9827968860976415,0.9948092922970933,11.527410152747313,0.760798839153302,20.00990022487042,0.41767404727740554,0.29480143961670136,1.211030117893554,0.3277441514629227,0.11959090997543916,0.6952933419535408,0.8374116873417362,0.1426815773547074
DWT,levels,5,DWT|5,APC_3_view_3_fk_NL_05_005,7.024589304751469,0.1333695352077484,1.221115619356368,0.024814676493406296,1.1027012311824205,0.8766437439479267,11.052630175904367,0.7242259863541415,18.303720685611736,0.3866242511743933,0.29835011297380976,1.2220332664720426,0.28613189106028436,0.1168374899757958,0.677209430982482,0.7694071976499838,0.05809423770203191
DWT,levels,5,DWT|5,Athena_2_men_in_front_of_house_meting003,6.929099665592096,0.12768994271755219,1.0007270734436906,0.03019876219332218,0.6520713615105671,0.4410917314176531,14.178595872068358,0.650179050814703,15.340549079695618,0.4799057494566625,0.27633896304283667,1.7851423148431627,0.24361327979872352,0.1517425420627619,0.6416860306309258,0.8136344688253991,0.403232028178049
DWT,levels,5,DWT|5,Athena_APC_4_fennek01_005,6.093769618510646,0.06693561375141144,0.970919485974853,0.026472914963960648,0.3409395887930255,0.1412490664222109,11.360029162203585,0.6983743873423933,22.101834255887177,0.35232807598049726,0.3398949523491777,1.7688321168549277,0.22357751512549084,0.07407195624850255,0.6486664376949611,0.7203719207801154,0.3261070477777972
DWT,levels,5,DWT|5,Athena_heather_hei_vis,7.098345715413415,0.1383371204137802,0.9892910967960119,0.0314638689160347,0.7292924332818678,0.5646845468602553,14.797859722293826,0.6147372987824176,15.511779221352944,0.4434783324095091,0.308486253367539,1.6601497042578375,0.2549175987217768,0.15013167477491002,0.6546270659444922,0.7647975949530248,0.18337840294582927
DWT,levels,5,DWT|5,Athena_helicopter_helib_011,5.475634509317436,0.05781480669975281,1.1840052745228924,0.015031535178422928,0.9327484844532284,0.5138520504200601,7.2449231728388135,0.7937598989092867,18.270263112689488,0.43538550119854946,0.28427268737300077,1.6663010718847833,0.33057422583937573,0.14412916741368365,0.6942570436957298,0.6847328572726261,0.39180774787845024
DWT,levels,5,DWT|5,Athena_lake_lake,6.897739853929836,0.12441276013851166,0.9981824283152084,0.026629647240042686,0.935062684127036,0.28915219647632473,13.065754722557967,0.6674557869085993,16.402466437434356,0.5074563357042331,0.26591165476212886,1.6813584366495564,0.2797031163054478,0.1806520459058853,0.6859903514669519,0.8293384951565352,0.6383457856112362
DWT,levels,5,DWT|5,Athena_man_in_doorway_maninhuis,7.2670175894073985,0.1545449048280716,1.0133846532852129,0.039223168045282364,0.6966488284023324,0.22687529285054375,17.745914906392223,0.598654323869988,14.722388319275428,0.48741034225874236,0.27487102474348746,1.7125908395223188,0.22659927590898815,0.16982288175507768,0.6541348047863605,0.788541928977288,0.2766651740958833
DWT,levels,5,DWT|5,Athena_soldier_behind_smoke_1_meting012-1200,7.250269537113412,0.1590966135263443,1.0664481482681425,0.03302879258990288,1.0415154463738665,0.33100615821265883,14.938843938977044,0.5958613217196096,13.368165886486775,0.49460739246068647,0.2683467089838947,1.3283218095610856,0.2559595709918071,0.1597105353125565,0.6609052426277435,0.8169969367825585,0.28068715928358906
DWT,levels,5,DWT|5,Athena_soldier_behind_smoke_2_meting012-1500,7.123354083816439,0.14857745170593262,1.146811446810881,0.027729056775569916,0.9956106643429862,0.4960988189776165,13.828004168450537,0.6066496913287207,11.133123131402238,0.500512534271009,0.25971838801885977,1.5049375335389512,0.29148174880152394,0.16293937964358593,0.637214844728213,0.7942196684646459,0.32478058330755905
DWT,levels,5,DWT|5,Athena_soldier_behind_smoke_3_meting012-1700,7.165829155893683,0.14233295619487762,1.024235539751317,0.03708704188466072,0.9550458073582,0.21541111749927536,17.256421510020353,0.6042743334306946,13.656634757758859,0.48760211744531634,0.2674834309447083,1.5235943049658702,0.23570240346769297,0.16091840440671576,0.7000233276698119,0.8184934765563907,0.33781145267179685
DWT,levels,5,DWT|5,Athena_soldier_in_trench_1_meting016,6.886179783708264,0.1252700537443161,1.0041573860489994,0.02852918766438961,1.0564503886680547,0.39372028448257634,14.820289212063487,0.6855716033625484,16.2834974905876,0.5950683578606929,0.21686767647155727,1.6789143982817367,0.317148178855501,0.21297963827354188,0.7740306598032815,0.8847242352363587,0.5840656702253331
DWT,levels,5,DWT|5,Athena_soldier_in_trench_2_meting055,6.642555305678797,0.1052013412117958,1.0058234432496242,0.030725853517651558,1.2006491614088817,0.1943162707051057,15.227419963341147,0.6840586301304802,18.964903879377978,0.691962753434432,0.1583986739094697,1.6891441947517967,0.39655071095873495,0.2849072255681474,0.8504351823337216,0.9254044454573248,0.511038949053469
DWT,levels,5,DWT|5,Triclobs_Bosnia_R,7.00251788896513,0.21122801303863525,1.1753586038281751,0.023601744323968887,0.9442555464530666,1.2792164765049725,15.356148709236116,0.7136229603671977,15.364269085642716,0.5053775088154713,0.24435736735192592,1.077609390085986,0.3582759846913805,0.20617475597483317,0.6790616455177633,0.8639788554276883,0.7864737377899539
DWT,levels,5,DWT|5,Triclobs_Kaptein_1123,6.905893597971769,0.15092109143733978,0.9874391309209999,0.025181803852319717,0.7266783250422246,0.6099778688667279,11.612945614828245,0.6679201283051691,15.792633442573809,0.4400669612385623,0.2892608155578874,1.5716825774404213,0.259424460735524,0.11624502344363966,0.609199987904415,0.7695965894580132,0.5476834771023869
DWT,levels,5,DWT|5,Triclobs_jeep_in_smoke_R,7.341246441336965,0.16081957519054413,1.0747405651293644,0.04246554896235466,1.3061706524156267,1.0980328589219934,23.519372966715107,0.6243576856808861,16.117055628865437,0.49062042614254237,0.24585225122665375,1.485486308560827,0.2916216891848995,0.16926535615426302,0.7599784541764064,0.8427010918232835,0.6980113369553526
DTCWT,levels,1,DTCWT|1,APC_1_view_1_fk_06_005,6.4374613575093855,0.08878464996814728,1.1961434077922333,0.017796123400330544,1.1833139026290367,0.9444789516831964,11.902904810493768,0.7875036846556194,20.370811690540247,0.3701374577485518,0.021341684391619688,1.4237522167741092,0.286060404634912,0.107579277961772,0.7123525049213061,0.8004132087110575,0.12351881243758099
DTCWT,levels,1,DTCWT|1,APC_1_view_2_fk_ref_01_005,6.636723708876613,0.10654442757368088,1.088978781712953,0.017779039219021797,1.6155382010810846,0.8587609457558714,11.228505229964481,0.8303908550477372,21.541511702868124,0.4452558316779758,0.02370610901855235,1.087461774604468,0.34945269061300926,0.159024258981959,0.7579160112837114,0.8196932406414998,0.11845354991037306
DTCWT,levels,1,DTCWT|1,APC_1_view_3_fk_ref_02_005,6.951314795275812,0.1348627656698227,1.0824285329349546,0.021299093961715698,1.8809134132961394,0.9918043613076198,13.143020760519414,0.7910954654311965,20.420087811936796,0.4482471951148071,0.024995269966451815,1.0093241366134296,0.3232113730891232,0.15590894582264977,0.75356470915216,0.8182324240993283,0.31294027492080984
DTCWT,levels,1,DTCWT|1,APC_3_view_1_fk_bar_06_005,6.443344360405403,0.09227297455072403,1.1809228264052287,0.017331158742308617,1.242410033608989,1.2813906914964872,11.158146984527235,0.8462407243735519,24.373247423870254,0.42448788253145087,0.027733258991139688,1.103402049426994,0.35115067425311275,0.14865460793349067,0.7564827142478102,0.8336307308958087,0.1750827608442284
DTCWT,levels,1,DTCWT|1,APC_3_view_2_fk_NL_01_005,6.653346198298651,0.11762522161006927,1.1136660918393073,0.015917614102363586,1.4642090518979447,1.0983574011261836,8.878549212150888,0.837729856685223,20.460184146134964,0.396903973478511,0.02834689949445058,1.1271273211106139,0.3360814440149237,0.12938924535460203,0.7324213656572152,0.7996508231922804,0.1408927333021673
DTCWT,levels,1,DTCWT|1,APC_3_view_3_fk_NL_05_005,6.828711655621581,0.12175291031599045,1.187065335922214,0.016333330422639847,1.6826335698711796,0.9903559184006987,8.075738918835485,0.8095164673223778,18.64130589895619,0.35460467153742325,0.02120217359017179,1.1308624264279818,0.29868197073060787,0.12400975623833008,0.7153333069731466,0.7555603386643802,0.05308543746537459
DTCWT,levels,1,DTCWT|1,Athena_2_men_in_front_of_house_meting003,6.4618378886623296,0.09257648885250092,0.9332433406174769,0.017229272052645683,0.9106078213320272,0.7908643962478787,8.938828493410877,0.7568301765974246,15.863436576960012,0.3711637725983168,0.013559050917491116,1.7686504874296225,0.2493700959518193,0.1626685763094144,0.6636299194942431,0.723851176377204,0.3390195195685972
DTCWT,levels,1,DTCWT|1,Athena_APC_4_fennek01_005,5.469132361857464,0.04271712899208069,0.8713961166784149,0.016962898895144463,0.4389270946890556,0.1520877942657443,8.005877112140029,0.7927143892705688,23.01433774153235,0.3190926205141388,0.024838115867694174,1.7011601082667673,0.23136043440475695,0.08774901720393981,0.6883493787446983,0.7091080807100879,0.3892184023492004
DTCWT,levels,1,DTCWT|1,Athena_heather_hei_vis,6.69721134891637,0.10517756640911102,0.9333853022201383,0.01969532109797001,0.9060434401568741,0.7042410570606401,10.356057539760755,0.7174185320437121,16.122231133415102,0.3550469692452137,0.02771077491782021,1.6405438459995612,0.2379376039244906,0.15152521096599683,0.6687128620246242,0.6693323336127142,0.12134412582294637
DTCWT,levels,1,DTCWT|1,Athena_helicopter_helib_011,4.935622755895085,0.03846839442849159,1.0672376627934308,0.009283236227929592,1.0626889982480845,0.5853758153464652,4.398672873388107,0.8512854566703082,18.546007849140448,0.3534064204831095,0.02165524267332133,1.6918797785042843,0.2881792086494669,0.13124409438782347,0.7020584665761844,0.583094248346627,0.36601195726885516
DTCWT,levels,1,DTCWT|1,Athena_lake_lake,6.56113180853488,0.09608671069145203,0.9494713659588416,0.015782179310917854,1.3342655556563514,0.43590337490823905,9.041630583209132,0.769882216463558,16.99059385243881,0.3809740374179798,0.016824420108299237,1.6623300636721825,0.26400390504826277,0.18184531471449097,0.682642419123274,0.7362846849323648,0.48883356605572087
DTCWT,levels,1,DTCWT|1,Athena_man_in_doorway_maninhuis,6.779236347900352,0.10613737255334854,0.94536362289385,0.02168881520628929,0.9173520757561255,0.5966188322727055,10.676182299239263,0.7086763101113043,15.532908126757075,0.37245145186202305,0.011099340629848947,1.6995517754031149,0.241116018401348,0.17978539715999067,0.6741883680941755,0.708289020344738,0.22584104446817332
DTCWT,levels,1,DTCWT|1,Athena_soldier_behind_smoke_1_meting012-1200,6.943733100380403,0.13551560044288635,1.021359450026341,0.019653180614113808,1.3020300021568987,0.655571791804755,10.550285857952593,0.6916340269227361,13.646404228822835,0.3785521585186796,0.014614354505472367,1.316670036707031,0.25745482134114106,0.17648942142483406,0.6635304537842303,0.7370943203165805,0.21980966056108772
DTCWT,levels,1,DTCWT|1,Athena_soldier_behind_smoke_2_meting012-1500,6.906848545394207,0.13044871389865875,1.111955531066827,0.018010083585977554,1.356598719314067,0.9555202931906412,10.587607655921726,0.6998577546107345,11.250471736733513,0.41535658059836217,0.025063866554041248,1.4680968577930917,0.29271532223572594,0.19462761566911527,0.6493156186432502,0.7499308613805878,0.289203091594562
DTCWT,levels,1,DTCWT|1,Athena_soldier_behind_smoke_3_meting012-1700,6.868959507369406,0.11637566983699799,0.9818029840655647,0.025605808943510056,1.2508976761194521,0.29042838953682526,13.736539994583783,0.6901600750772869,13.92168283447653,0.4303396208687551,0.02940268646734574,1.4517456737256786,0.24714526980279677,0.17836693944114088,0.7182971293510917,0.7612201341046985,0.2745609378044601
DTCWT,levels,1,DTCWT|1,Athena_soldier_in_trench_1_meting016,6.577389629144783,0.09768205136060715,0.9591289487755893,0.01912042871117592,1.4497378226623912,0.5401216009101276,11.131446968937365,0.7703894789441595,16.79023452213338,0.4684069368564743,0.022347271782581626,1.6316758556471285,0.28236077393096204,0.20068195097782124,0.768515548166102,0.7712692962850635,0.4144234335304833
DTCWT,levels,1,DTCWT|1,Athena_soldier_in_trench_2_meting055,6.3568667160059364,0.08150023221969604,0.9625641450219943,0.021869715303182602,1.6046141638545246,0.24506093903130904,12.187664045201624,0.7556321572216727,19.57525285209472,0.5461697600820691,0.02035793893074414,1.6026318574963043,0.32594771423225544,0.22428520599532836,0.8174077791212306,0.8135013784264326,0.3818966713624491
DTCWT,levels,1,DTCWT|1,Triclobs_Bosnia_R,6.644760279991694,0.18934281170368195,1.115309705637632,0.017094692215323448,1.1425541530210714,1.551813102466137,12.395085974002649,0.7726703157103623,15.805423663105447,0.4618225521531292,0.04001879155835732,0.8931079723463693,0.3375388109612901,0.23815270646235398,0.707282704765063,0.7817380025967889,0.44822409602283436
DTCWT,levels,1,DTCWT|1,Triclobs_Kaptein_1123,6.570784577963068,0.12405864149332047,0.9395235708581627,0.014890908263623714,1.0115973436960264,0.8313210246033839,6.701435140169537,0.7637256606657468,16.366284896381046,0.36612561734655436,0.019200949985702296,1.543579514582337,0.26704148791256094,0.11777207524405758,0.6540894793584049,0.6702274628955647,0.46182047752222494
DTCWT,levels,1,DTCWT|1,Triclobs_jeep_in_smoke_R,6.968710688114044,0.12450865656137466,1.0202022399077444,0.03194107487797737,1.4708016394005134,1.1544268451373338,20.168377294419024,0.6710405168237749,16.85010331101575,0.43835217225404727,0.04482108881133402,1.2781515450348557,0.2773472346467558,0.1712331207406843,0.767153675511274,0.7764490719207733,0.6459849861387741
DTCWT,levels,2,DTCWT|2,APC_1_view_1_fk_06_005,6.471221048957043,0.09203601628541946,1.2024162893105215,0.021229680627584457,1.096272252201818,0.9177613697778437,14.07205638905287,0.7713637602968769,20.271465354194444,0.4248577225341394,0.07955942648786671,1.4356616900505994,0.2879753175763392,0.11233863210094022,0.7257055088789574,0.8428991029207339,0.128436952932221
DTCWT,levels,2,DTCWT|2,APC_1_view_2_fk_ref_01_005,6.668575699649683,0.1086319237947464,1.0942051770894543,0.02094332128763199,1.587826458875266,0.8374395463241668,13.027162440786634,0.8151033388098115,21.44193704271443,0.48813206019452704,0.08356353327289888,1.1155058998401959,0.34977926840246254,0.16721334317272032,0.7664409566218849,0.8528986291364149,0.1282089593322183
DTCWT,levels,2,DTCWT|2,APC_1_view_3_fk_ref_02_005,6.986695761326823,0.1371965855360031,1.087937903220191,0.025523392483592033,1.825278141480667,0.9636313963640294,15.365331775070393,0.7724765645155132,20.310323485223215,0.5013748502084051,0.08943997971180732,1.0364019229161645,0.3248446457258516,0.17232639820881984,0.7658132485958908,0.8554144214581166,0.3110952247435676
DTCWT,levels,2,DTCWT|2,APC_3_view_1_fk_bar_06_005,6.481182336607407,0.09453689306974411,1.1878576924161945,0.0200077835470438,1.2210018871205182,1.2495841134451187,12.853108817990993,0.8333329363711051,24.197688225070856,0.46025437470080893,0.08517916665591481,1.1153399471895784,0.3524710135369641,0.15395333688426,0.7614841066248779,0.865636028719373,0.1596037606916676
DTCWT,levels,2,DTCWT|2,APC_3_view_2_fk_NL_01_005,6.683417257482411,0.11868882924318314,1.1186995168198397,0.01842489466071129,1.4284366632845296,1.0715742312570293,10.165331970567335,0.8252047054271303,20.418018895171443,0.4298821162064368,0.09537513416722648,1.1353211943985977,0.3378962286845768,0.1348078521866861,0.7377853150517546,0.8246084660711357,0.13177027617667955
DTCWT,levels,2,DTCWT|2,APC_3_view_3_fk_NL_05_005,6.850191670299658,0.1224721223115921,1.1907993024630996,0.018935779109597206,1.6169556283118758,0.973556028526118,8.970434876610819,0.796137383033922,18.622251932335814,0.38814449531913925,0.08481326173590673,1.1378213463877245,0.2967984625304607,0.12516328688595732,0.7211728515823768,0.7711603874874099,0.05165132003063817
DTCWT,levels,2,DTCWT|2,Athena_2_men_in_front_of_house_meting003,6.5013894445799165,0.09550316631793976,0.9389555275845797,0.02162172645330429,0.8685965039145933,0.6992318997094387,11.06594421096879,0.7397159874468978,15.832848611897198,0.4370735462172502,0.07087743458688996,1.7717105472344354,0.23958083433524496,0.16148242169068605,0.6774301000181876,0.7682124923145972,0.355551948492172
DTCWT,levels,2,DTCWT|2,Athena_APC_4_fennek01_005,5.529828269962098,0.04477665200829506,0.881066787476129,0.019878728315234184,0.42250636389226237,0.15079958371067562,9.052731074081251,0.7801673282516401,22.9585789100623,0.35049508280622454,0.0977681926229775,1.7115245415847058,0.22683450526148957,0.08868889850934622,0.6949769867838842,0.7260760791185029,0.37410982341910787
DTCWT,levels,2,DTCWT|2,Athena_heather_hei_vis,6.7300441564903455,0.10715752094984055,0.9379611858862749,0.023760376498103142,0.8683579912397584,0.6846970531589966,12.045498770487578,0.6998687940612385,16.09600089934358,0.4085654106593809,0.09331404718006438,1.64676010590915,0.23574921325641437,0.16266283702461476,0.6859722859767432,0.7021208319190747,0.12776816786112702
DTCWT,levels,2,DTCWT|2,Athena_helicopter_helib_011,5.000778747578312,0.03935818746685982,1.0813264478809743,0.011360556818544865,1.0347058441956773,0.5469249811489996,5.084832918754956,0.8393861398794077,18.537694837583036,0.421004101333383,0.09414628353526597,1.6975626795023724,0.3023437658903044,0.15206115283527105,0.7237389533228497,0.6141019509498915,0.41145825315937967
DTCWT,levels,2,DTCWT|2,Athena_lake_lake,6.591876437475514,0.09865032881498337,0.9539204679869686,0.019899573177099228,1.2693720452155328,0.4080001211046437,11.036178108841245,0.7500912577034453,16.953508060265637,0.45250945758035077,0.07629183361360287,1.6676197274942424,0.2537093418818335,0.18379552233329324,0.7053038491695384,0.7888443713880688,0.5545075394436815
DTCWT,levels,2,DTCWT|2,Athena_man_in_doorway_maninhuis,6.819391784549701,0.10988626629114151,0.950963293287621,0.027002977207303047,0.8961453263215755,0.5204144088999946,13.237505167287521,0.6918863369742552,15.491267168321874,0.4381820403037991,0.06174063248246294,1.7040886754581062,0.2292095317923199,0.17788821488192996,0.6890909230369675,0.7489752924750257,0.23520568627640234
DTCWT,levels,2,DTCWT|2,Athena_soldier_behind_smoke_1_meting012-1200,6.978129428886625,0.13777390122413635,1.0264188344609353,0.024366876110434532,1.2817817266082654,0.59063264439051,12.656994505909106,0.6739505983436905,13.625474835791326,0.4426057938712911,0.07025532757198408,1.3169760541615967,0.24714695642252948,0.17818851928423193,0.6807942967588386,0.7829013323444323,0.23649112965479244
DTCWT,levels,2,DTCWT|2,Athena_soldier_behind_smoke_2_meting012-1500,6.933613951393087,0.13256973028182983,1.1162645789699477,0.022271718829870224,1.3253947927294076,0.8189712489132633,12.578905428712702,0.6826810882638905,11.239491630961687,0.4851798585895354,0.09244131933542249,1.4693387174798245,0.2914505787709656,0.20119882064397177,0.6684185112953663,0.7998080432909864,0.31657781470611124
DTCWT,levels,2,DTCWT|2,Athena_soldier_behind_smoke_3_meting012-1700,6.909394329482462,0.11916369944810867,0.9875824662372337,0.0313551127910614,1.2206043589659366,0.25382323841046445,15.828583123362575,0.6678003317575122,13.896606093928941,0.5067099588414051,0.1077804667775259,1.452272820478606,0.2522404088136872,0.2023176952541074,0.7395724501116978,0.8023375354264924,0.29912191333158156
DTCWT,levels,2,DTCWT|2,Athena_soldier_in_trench_1_meting016,6.6216492327192835,0.10097707062959671,0.9655829783288233,0.02389480732381344,1.3707535246753084,0.5102465027801089,13.350962756622305,0.7452265475752595,16.74419881957711,0.5542786351586908,0.08707787801344341,1.6350965018846673,0.28557757654384724,0.2186727845556246,0.7959664359037281,0.8286062457811613,0.46054821596503115
DTCWT,levels,2,DTCWT|2,Athena_soldier_in_trench_2_meting055,6.400979564621121,0.08533529937267303,0.9692437638198599,0.027359021827578545,1.4647091895323352,0.22435767888257857,14.358360897122557,0.7263582426481431,19.488660014335448,0.6341908651946613,0.07993884082621101,1.6066500408146434,0.3350554069561758,0.25236974181820854,0.8519116210841944,0.8697021783153049,0.4279867876951981
DTCWT,levels,2,DTCWT|2,Triclobs_Bosnia_R,6.703892304017742,0.1902928650379181,1.1252348974476114,0.020393289625644684,1.0771771499037357,1.4900617331479749,13.609077633427292,0.7557253396591259,15.784401982139489,0.5072757945500769,0.11307570759187276,0.8992687490081388,0.3437542034210798,0.21717914872436087,0.7099686523015805,0.8091239070595947,0.5830088558279545
DTCWT,levels,2,DTCWT|2,Triclobs_Kaptein_1123,6.621063134796062,0.12500479817390442,0.946712649832347,0.018598182126879692,0.940778803586194,0.7795947850852432,8.05796787020303,0.7453992684652828,16.351213831273054,0.4371677725285671,0.09666524165379506,1.547099768358585,0.2724428481571203,0.13049512722062406,0.672999634661772,0.6978590275207563,0.469363895622367
DTCWT,levels,2,DTCWT|2,Triclobs_jeep_in_smoke_R,7.0044108083110785,0.12742717564105988,1.0254286503902619,0.03805828094482422,1.415365690891394,1.0619672944145455,21.89859317598995,0.6510383540052257,16.792827913657383,0.5083227908992869,0.1258394747922058,1.2905281668993691,0.29664116032915555,0.1923809963661581,0.7802311308827805,0.8063995937353415,0.6811189849793393
DTCWT,levels,3,DTCWT|3,APC_1_view_1_fk_06_005,6.502140462283672,0.09555216133594513,1.2081614193190002,0.02349996194243431,0.9355101968261753,0.9053878763892655,14.407180137438461,0.7500238160967825,20.170124487202344,0.47610928202684977,0.1383214669135396,1.452481507865024,0.30714568199450676,0.13390273138853753,0.738110151485196,0.8759666632508212,0.13742106041777563
DTCWT,levels,3,DTCWT|3,APC_1_view_2_fk_ref_01_005,6.701612434252793,0.11103475838899612,1.0996259697241924,0.022479092702269554,1.5360587918041086,0.8247105162388058,13.601108649167951,0.8014733105716798,21.339576189015922,0.5156120100897599,0.1311912821630513,1.151098243824329,0.3613569213292663,0.1789092718820622,0.771521222569149,0.87685346601029,0.1367043108850389
DTCWT,levels,3,DTCWT|3,APC_1_view_3_fk_ref_02_005,7.0100042640468425,0.1395764946937561,1.0915674019764963,0.02727530337870121,1.7400641051015608,0.9478214392151211,15.910950260869592,0.7585911169416706,20.21108551073974,0.5375745810100413,0.13141713519551604,1.0662072494415529,0.3428630208614865,0.1857597647809096,0.7730187217942082,0.8795286117344385,0.3379951134655926
DTCWT,levels,3,DTCWT|3,APC_3_view_1_fk_bar_06_005,6.53163396320227,0.09762097895145416,1.19710436218,0.021638011559844017,1.164053932632832,1.246469580333203,13.42486105682931,0.8192958973179993,23.994559609981593,0.48203845303718285,0.14053231776585712,1.1408032465991231,0.35670717894866355,0.16454613862341755,0.7641822122938363,0.8933244664615158,0.17083545335751174
DTCWT,levels,3,DTCWT|3,APC_3_view_2_fk_NL_01_005,6.711976819533755,0.12027280777692795,1.123479940820998,0.01989530213177204,1.338784565959142,1.0546946496733405,10.540766536633962,0.8119842096518155,20.36516061601492,0.4451837513133785,0.15658966336013894,1.1526301795453378,0.341152620046573,0.14101377569143142,0.741921516938252,0.8506038523988934,0.14006750191362125
DTCWT,levels,3,DTCWT|3,APC_3_view_3_fk_NL_05_005,6.8780203825269846,0.12406601011753082,1.1956368913516593,0.020789938047528267,1.4732156618943686,0.9773741517559619,9.531239046631292,0.7789116240719665,18.582390288796653,0.4121922509594728,0.1488454463145559,1.1574133117055396,0.30499899619049575,0.13661975932767786,0.7240377668875043,0.7929918849146325,0.053716667757262054
DTCWT,levels,3,DTCWT|3,Athena_2_men_in_front_of_house_meting003,6.574640692524923,0.1008751392364502,0.9495347529558229,0.024514591321349144,0.8129220374242351,0.6213920936436526,12.029974216702431,0.7187621652525154,15.773884291828779,0.4932275274003863,0.12149448849594552,1.7782893919248983,0.2492064007527644,0.1813592211625079,0.6894416565066346,0.8231022566535896,0.40108165728783995
DTCWT,levels,3,DTCWT|3,Athena_APC_4_fennek01_005,5.638237643784374,0.04858450964093208,0.8983396382886455,0.021610476076602936,0.4097881344848127,0.1495425359790135,9.49643237919259,0.7657965742553243,22.861456698391823,0.37353366502492863,0.1616916522302851,1.7364825657701801,0.23691282811180203,0.09505585203300293,0.7045360314302078,0.7534305729923506,0.3990770665239396
DTCWT,levels,3,DTCWT|3,Athena_heather_hei_vis,6.768282830579214,0.11038045585155487,0.9432904810975886,0.025579484179615974,0.8531894283825334,0.6688286934147721,12.626484633118677,0.6835997388849682,16.054769406958414,0.4415247505236994,0.13413786049201076,1.6560987353523127,0.24399488327831503,0.17551490812438736,0.6979581181391507,0.7483292054899287,0.1470827719894594
DTCWT,levels,3,DTCWT|3,Athena_helicopter_helib_011,5.091584097142566,0.04148748144507408,1.1009614349598278,0.012463397346436977,1.0255459453139826,0.5172658492647881,5.492836485571531,0.8274000437235944,18.51526419463155,0.4730520293258559,0.13843733513495937,1.7018802965425062,0.32869578673178296,0.17633943765622734,0.7350306304322981,0.6764743539510083,0.44480409942214033
DTCWT,levels,3,DTCWT|3,Athena_lake_lake,6.62805487630523,0.10258956998586655,0.9591559049110104,0.02199867181479931,1.1882698462984584,0.3777450523403388,11.753479942788484,0.7295696651307149,16.893000871327075,0.5078655617153955,0.11525498392387311,1.675447565151821,0.2657100442724795,0.21097800662810823,0.7232386612246176,0.8383788557055825,0.6288097405450643
DTCWT,levels,3,DTCWT|3,Athena_man_in_doorway_maninhuis,6.901326521357797,0.11734321713447571,0.9623890816293632,0.0311997402459383,0.8538600516553244,0.4369680315620822,14.542240390409,0.6700689901460971,15.404301322088754,0.49762165477818054,0.11530532926942262,1.7151860367156464,0.23333290109076302,0.19837057355970888,0.7028026392798196,0.8009826259578186,0.2683096368436184
DTCWT,levels,3,DTCWT|3,Athena_soldier_behind_smoke_1_meting012-1200,7.022763188445693,0.1417294293642044,1.0329840511040347,0.02745927684009075,1.2446796997618543,0.5082172579803629,13.464867297846112,0.6536210392638719,13.588021412760988,0.5034070297882337,0.11920716760262934,1.3194406325874817,0.2561498624563078,0.20108972650865198,0.6989123267963817,0.834136591824196,0.2733652785671671
DTCWT,levels,3,DTCWT|3,Athena_soldier_behind_smoke_2_meting012-1500,6.960958847031443,0.13524965941905975,1.1206669207545799,0.024145444855093956,1.2658773635944318,0.6746010902320612,13.071894688256302,0.6654750968207654,11.225634900818635,0.5184797119978246,0.13501663805182298,1.4761093106553242,0.2968153068453023,0.19984050221540545,0.6800211476101194,0.8412750153335903,0.3625945874684596
DTCWT,levels,3,DTCWT|3,Athena_soldier_behind_smoke_3_meting012-1700,6.948885633489248,0.12290944159030914,0.9932270882614145,0.03325610235333443,1.1797574479558637,0.23246457200784437,16.366494938760454,0.6546011951612015,13.864486599402039,0.5319734309905874,0.14652761862997327,1.4604322504939087,0.26104610787588006,0.21407656555085777,0.7478989271003789,0.8421421524606095,0.33910222352950364
DTCWT,levels,3,DTCWT|3,Athena_soldier_in_trench_1_meting016,6.662877218591642,0.10571432113647461,0.9715949309391222,0.025636907666921616,1.310147135846781,0.489144495496212,14.025295349556089,0.7287010203819653,16.675535607229303,0.6036159981767835,0.11492449055463212,1.6446646858586207,0.30614679470902445,0.24815651727991916,0.8077883734887777,0.8841085108260726,0.5311561249042266
DTCWT,levels,3,DTCWT|3,Athena_soldier_in_trench_2_meting055,6.4393201343901145,0.0898161306977272,0.9750493374472609,0.028901318088173866,1.3979596608476452,0.21480631963766306,14.869623288504227,0.7127713736550982,19.387858804029086,0.6914901018912213,0.09836951900668942,1.6203866135518505,0.36666597515612026,0.2897413874269558,0.8665705506468142,0.9176330153027451,0.48308065589769283
DTCWT,levels,3,DTCWT|3,Triclobs_Bosnia_R,6.772953378366893,0.1921733319759369,1.1368266604695674,0.02151334099471569,1.0362301344393077,1.451760378808796,14.264626936619432,0.7428480360665625,15.74882882089579,0.5261952935918027,0.14528304074733364,0.9162935102941354,0.35144389389112773,0.21947004290652017,0.7091496506765608,0.8450830409024398,0.7181501719831057
DTCWT,levels,3,DTCWT|3,Triclobs_Kaptein_1123,6.6640152593242865,0.1269853264093399,0.9528541589525885,0.020154941827058792,0.8988160230109089,0.7480158652011077,8.722418651723313,0.7324776218238666,16.32068834814648,0.46226677242445746,0.1392916692528271,1.5530293958902601,0.2779643730130967,0.13580225980555502,0.6766042341921533,0.7480361828081324,0.536405636012924
DTCWT,levels,3,DTCWT|3,Triclobs_jeep_in_smoke_R,7.0453288700642185,0.13108225166797638,1.0314189547839336,0.03975960612297058,1.3886565517157383,1.0100049729643157,22.44456692470887,0.640999985098863,16.729779488036304,0.535593098886056,0.1566889797787974,1.3121938802785662,0.3210618802927601,0.2011457110790047,0.7845733785353619,0.8374331743623777,0.7072286343443123
DTCWT,levels,4,DTCWT|4,APC_1_view_1_fk_06_005,6.550782268432387,0.09895403683185577,1.2171995435944996,0.024307996034622192,0.7847077642249607,0.9019420016254663,14.463700378875119,0.7418350373826267,20.072291591577425,0.490535811788487,0.167851018936106,1.4712837036372095,0.3337069055662276,0.1419643728524021,0.7412896513993406,0.8859607128539063,0.1409956311863913
DTCWT,levels,4,DTCWT|4,APC_1_view_2_fk_ref_01_005,6.745769838401358,0.11364366114139557,1.1068714839692702,0.02322244457900524,1.4236450679370232,0.8287624085614472,13.754241073914404,0.7938928279465244,21.235192936393833,0.5229403420251604,0.16222921927395428,1.1844177765629944,0.38482677936650017,0.18263417877096644,0.7736500466664126,0.8840527820866364,0.1413787706303898
DTCWT,levels,4,DTCWT|4,APC_1_view_3_fk_ref_02_005,7.028657634526973,0.14204402267932892,1.0944720237693149,0.028016237542033195,1.5972336495163029,0.9438806646070856,16.057873272069166,0.7526275363359005,20.12170455175941,0.5469908069673323,0.1574660152596455,1.0987745554085007,0.3675938892630983,0.18794709213228836,0.776143992121717,0.8884287978473164,0.3464511676983536
DTCWT,levels,4,DTCWT|4,APC_3_view_1_fk_bar_06_005,6.588504200231506,0.10111367702484131,1.2075274215874092,0.02247585356235504,1.0495076954372977,1.2640044483750417,13.590533327346266,0.8119817691845637,23.79344181953167,0.48878498479618604,0.1797518257606659,1.1812689687696427,0.37590882313305113,0.16886991734434487,0.7660549953225008,0.9033202961092571,0.17554863655756342
DTCWT,levels,4,DTCWT|4,APC_3_view_2_fk_NL_01_005,6.74883584030656,0.12230207026004791,1.1296495644043267,0.020587418228387833,1.2054897395433635,1.0421298926341116,10.683649018637471,0.8039491775516787,20.29605926399889,0.4482467277540099,0.1925153045619607,1.1750146063857136,0.35588139229197546,0.14427074094027492,0.7417529199680218,0.8608122736707643,0.14298977176966876
DTCWT,levels,4,DTCWT|4,APC_3_view_3_fk_NL_05_005,6.924289169917777,0.12643276154994965,1.2036800005670776,0.02151564136147499,1.312095077818149,0.9731429051757418,9.725987966983865,0.7708647705009575,18.528504635546966,0.4173444282433955,0.18018823927604966,1.1864683597147916,0.3190654970301272,0.14183575085346825,0.7238515354732507,0.8050325062065282,0.05453282228712773
DTCWT,levels,4,DTCWT|4,Athena_2_men_in_front_of_house_meting003,6.675643564275407,0.10806390643119812,0.9641219739707241,0.025618525221943855,0.7703443619467345,0.5496120132906988,12.356326649644222,0.7096972262055808,15.683682294012648,0.5181971265786447,0.14683993880298157,1.7858362502812017,0.2773294829154035,0.19521388416538615,0.69595924818432,0.8458670804495272,0.42189311401801166
DTCWT,levels,4,DTCWT|4,Athena_APC_4_fennek01_005,5.78812095339256,0.05402128025889397,0.9222205256590735,0.022489644587039948,0.41117640013336093,0.14136888166935924,9.698348650319787,0.7563499061914443,22.70385023728241,0.38667587838965073,0.19652565297145164,1.7686377274217464,0.25949555263518165,0.10152911854766897,0.7099352206679036,0.7660016262384066,0.3990958470348554
DTCWT,levels,4,DTCWT|4,Athena_heather_hei_vis,6.853888066761297,0.1171618178486824,0.9552212183974303,0.02694704383611679,0.8446296589465236,0.6388285434759126,12.966256392129129,0.6710643176027418,15.949945607102233,0.46494747015014587,0.17393206716218393,1.6650207881358217,0.27439718390893986,0.17950289206420939,0.7058847167362879,0.7845749535051783,0.16785915259861592
DTCWT,levels,4,DTCWT|4,Athena_helicopter_helib_011,5.229570341081215,0.04578324407339096,1.130798422866336,0.0129192303866148,0.9995418124651116,0.5129270206471784,5.696484063772939,0.8209236275285512,18.464568013816372,0.48766619069325823,0.16011011854887958,1.6967438437753013,0.36767275050746473,0.18226547963107115,0.7370272891747487,0.7175339489822113,0.47672736289289463
DTCWT,levels,4,DTCWT|4,Athena_lake_lake,6.668965465400057,0.10687249153852463,0.9650761384992944,0.022871173918247223,1.113287950832703,0.3422364575582506,11.78781316406673,0.7198304040750717,16.823186190053754,0.5497209871150065,0.13153581476245307,1.6836271850620208,0.30278437571398414,0.23560043219772175,0.7374426178180218,0.8566521057425629,0.6522793438936201
DTCWT,levels,4,DTCWT|4,Athena_man_in_doorway_maninhuis,7.0078002184200106,0.12688331305980682,0.9772368247721158,0.03299371898174286,0.8029834515009082,0.34228322080574947,14.995145740464483,0.6586410963318972,15.274538226561898,0.5262568566407829,0.14532039486949772,1.7258401986354588,0.2579942460446148,0.2119916158378673,0.7077782721909947,0.8235946750027192,0.28682538645291294
DTCWT,levels,4,DTCWT|4,Athena_soldier_behind_smoke_1_meting012-1200,7.0840917306978834,0.14671175181865692,1.0420049171540535,0.02869395725429058,1.2012047196775222,0.41780477170248453,13.588804380309785,0.6447151523887671,13.534066771091487,0.5424092635503399,0.1405325549631519,1.3193965252908728,0.2946770576826848,0.21873171888391396,0.7115934653376557,0.8532684540686519,0.28907124320097527
DTCWT,levels,4,DTCWT|4,Athena_soldier_behind_smoke_2_meting012-1500,6.995668431163021,0.13793110847473145,1.1262549271807343,0.02475462667644024,1.1740967714036552,0.566144844995074,13.031468310328064,0.6584585081769494,11.210984305693474,0.5288367333138716,0.1587132394520863,1.4912635789293074,0.3146349363399152,0.19793100247947099,0.686710386151317,0.8466157889743001,0.37835830063991793
DTCWT,levels,4,DTCWT|4,Athena_soldier_behind_smoke_3_meting012-1700,6.990191707950633,0.12724663317203522,0.9991311013980055,0.03395155072212219,1.1137434038807008,0.21942961774547076,16.395194187057744,0.6501093728980678,13.828192186098057,0.5384586441772107,0.16744125272466456,1.4829749459585808,0.270629318550836,0.2161335155549312,0.7506496387969195,0.8547877248711486,0.35732234836905025
DTCWT,levels,4,DTCWT|4,Athena_soldier_in_trench_1_meting016,6.7095953959645165,0.11111647635698318,0.9784074749541227,0.026225248351693153,1.2174689533715708,0.4731289881767452,14.182325316570417,0.7240009027358044,16.5864313555043,0.6272458691515601,0.13058886478051898,1.6643147114329744,0.33852519679761717,0.2635939416699729,0.8170242092621597,0.9059437662266819,0.5772926004130885
DTCWT,levels,4,DTCWT|4,Athena_soldier_in_trench_2_meting055,6.484357432366938,0.09447846561670303,0.9818689374417059,0.029392484575510025,1.3257585679909578,0.21248704307237565,14.841905161488596,0.7092717828194111,19.276569816515984,0.7188546472997359,0.10526762861403324,1.6497378869770758,0.4094586602632905,0.3056191224152063,0.8765284771176994,0.9374860820529596,0.5168678389678913
DTCWT,levels,4,DTCWT|4,Triclobs_Bosnia_R,6.852734828223253,0.19516731798648834,1.1502178170508777,0.021773040294647217,0.9830560596035451,1.3887063639661954,14.451437692845543,0.736332597361066,15.69059411551849,0.5299541180048157,0.16089618582963214,0.9423429838819357,0.3652795455125634,0.23160779533475695,0.703553182991321,0.8632736473817351,0.7583380962808703
DTCWT,levels,4,DTCWT|4,Triclobs_Kaptein_1123,6.724000892392191,0.13192763924598694,0.9614312041305961,0.020935598760843277,0.8519640398333187,0.7038623407851496,9.120018571177745,0.7248874735235769,16.232782319211395,0.47409668147660333,0.15967570645079404,1.561440027451532,0.29135166669335344,0.14236003658142315,0.6743508356658029,0.7802558979636539,0.5776667157989472
DTCWT,levels,4,DTCWT|4,Triclobs_jeep_in_smoke_R,7.103516973169219,0.13673542439937592,1.0399375510896973,0.04012056067585945,1.3808131763390028,0.9929101598206482,22.591666279866526,0.6383835353962315,16.640900744586546,0.5383894099829117,0.16935753251129407,1.3547320879206715,0.3304300881961182,0.20461008945432735,0.7854274981838427,0.8453120040022234,0.7030928157566179
DTCWT,levels,5,DTCWT|5,APC_1_view_1_fk_06_005,6.610215281332006,0.10265509784221649,1.2282427798388897,0.02445516176521778,0.6643473142824518,0.9032965294185032,14.250315202399984,0.7400106118622338,19.959092970544564,0.493020024300708,0.17651990568793677,1.4910267912707784,0.3487602400600496,0.1439201743789496,0.7425864967338772,0.8857268821621326,0.14171276767973334
DTCWT,levels,5,DTCWT|5,APC_1_view_2_fk_ref_01_005,6.794109343067507,0.11631641536951065,1.1148032131189323,0.023446647450327873,1.3349399092162453,0.8455157237643042,13.798068233773963,0.7919000903232456,21.135277271915687,0.5237246561278049,0.1737678647073418,1.218612172252813,0.398469476255932,0.18293744744273532,0.7746613934516191,0.889003326745566,0.14300149531494027
DTCWT,levels,5,DTCWT|5,APC_1_view_3_fk_ref_02_005,7.0505864229549715,0.144953191280365,1.0978866794116247,0.028237462043762207,1.462124904971663,0.9555436956044427,16.08175440523171,0.751507411211161,20.018645411663897,0.5497714650925604,0.16681314352510687,1.1361871314993068,0.38776670496371224,0.18887757430921265,0.7784636769358118,0.8947805724407971,0.3504312603880261
DTCWT,levels,5,DTCWT|5,APC_3_view_1_fk_bar_06_005,6.641788123915512,0.10488691180944443,1.2172931889031449,0.022695019841194153,0.9419060057999891,1.288450090741374,13.573402732254413,0.8102630134068969,23.55981333897381,0.4907943356932571,0.19302647103265644,1.2238891281890472,0.39607563815961755,0.16980137667539094,0.7677925591061873,0.9080528060162362,0.1792364963037278
DTCWT,levels,5,DTCWT|5,APC_3_view_2_fk_NL_01_005,6.8115189265886595,0.12499218434095383,1.1401417326522472,0.02081448771059513,1.0642008937230905,1.048464924302865,10.714591138375509,0.8012630787920415,20.19907319779044,0.4480322029207779,0.2046336350374823,1.2039461741601307,0.3677523516268288,0.14473128786109535,0.7414306894178125,0.8636259929574129,0.1455163934343981
DTCWT,levels,5,DTCWT|5,APC_3_view_3_fk_NL_05_005,6.972620683972099,0.12919458746910095,1.2120816827378709,0.02172653190791607,1.1595090547653761,0.958132519874557,9.735223649849667,0.7690128880214915,18.462717847123976,0.41782334822036427,0.1906562823505385,1.219038737241638,0.3281046114828291,0.14297074715331035,0.7250395507524926,0.8071891428937782,0.05503545665504144
DTCWT,levels,5,DTCWT|5,Athena_2_men_in_front_of_house_meting003,6.7995965806027066,0.1175893247127533,0.9820237426362405,0.0259875375777483,0.7376974314700573,0.4806713387310638,12.433502966291057,0.7053042914540861,15.542784327602469,0.5268120062244697,0.15892443224844544,1.7894399807290713,0.30030040931881813,0.20236969592771525,0.6972272229906094,0.8487132776426528,0.42558471152087113
DTCWT,levels,5,DTCWT|5,Athena_APC_4_fennek01_005,5.9092279872789994,0.05883115157485008,0.94151649292567,0.022717125713825226,0.4118102734833586,0.13966279112563848,9.748456925918196,0.7531803777111179,22.54695130241715,0.3897215175336248,0.2060201791598508,1.7961562923449235,0.2693894059171645,0.10311214745397972,0.7105010913740407,0.7681975687547974,0.3947952363982786
DTCWT,levels,5,DTCWT|5,Athena_heather_hei_vis,6.986781787792248,0.1284683644771576,0.9737425162190533,0.02763248234987259,0.8170628343390809,0.6268005279294474,13.111279800787209,0.6669723704715408,15.743376247878578,0.4784207563227876,0.19573347474732591,1.6691948417275915,0.3122012409858941,0.1819081127323996,0.710616335611074,0.8004010601839955,0.17947506618120648
DTCWT,levels,5,DTCWT|5,Athena_helicopter_helib_011,5.345779060546339,0.05116582289338112,1.1559264215591138,0.013063347898423672,0.9906589088398275,0.5110622515221115,5.783768280003266,0.8201216509224127,18.392258789450345,0.49003474493945076,0.16998852783043078,1.689233530031856,0.3882144962457549,0.18395684088828193,0.7375310016823737,0.7284422567907896,0.48968542652129693
DTCWT,levels,5,DTCWT|5,Athena_lake_lake,6.757118057588713,0.11382129043340683,0.9778328342281165,0.023271240293979645,1.00007463449701,0.30377490811022717,11.652006876783261,0.715182783028776,16.696999507454297,0.5672935138170042,0.14412122717767434,1.695799897313651,0.3361894921362177,0.23959234838398966,0.7449211956662644,0.8603993348637342,0.6637027654718386
DTCWT,levels,5,DTCWT|5,Athena_man_in_doorway_maninhuis,7.138911042991959,0.1388246715068817,0.9955202121268473,0.033601608127355576,0.7685220076019903,0.24420976827488317,15.085109994029494,0.6535406726901833,15.073703825172274,0.5350453098878857,0.15751064554138844,1.726572196679074,0.2783878255115201,0.21743547580560163,0.7085222329518284,0.8273468265238841,0.28893739520511674
DTCWT,levels,5,DTCWT|5,Athena_soldier_behind_smoke_1_meting012-1200,7.158178254142462,0.1526288241147995,1.0529023652192122,0.02902921847999096,1.1629477771540326,0.35578869269457825,13.506611225819391,0.6433627459462655,13.466452045394039,0.5590662966615706,0.14757270177051585,1.32179931116566,0.32968834927095503,0.22673815199247344,0.7191311489011342,0.8545222957606655,0.29014304769579585
DTCWT,levels,5,DTCWT|5,Athena_soldier_behind_smoke_2_meting012-1500,7.038550535520632,0.1413811445236206,1.133158653650316,0.02484067529439926,1.09254582083297,0.5123142892619142,12.847116487265879,0.6569135910139221,11.190531003996586,0.5393410888909571,0.16236894539007374,1.50970866403331,0.3367910910085552,0.20027702483369533,0.6928598601388413,0.8351045362652163,0.3718574354092629
DTCWT,levels,5,DTCWT|5,Athena_soldier_behind_smoke_3_meting012-1700,7.057597389409855,0.13295605778694153,1.0087656172411454,0.034120604395866394,1.0654490604732298,0.2116272358775185,16.242436098012426,0.6486767865067486,13.776883727468885,0.5468471874833879,0.17375767597427227,1.5110062894765819,0.2873543306805114,0.21877197971314563,0.7534838830389285,0.8540110881003017,0.3618282657847164
DTCWT,levels,5,DTCWT|5,Athena_soldier_in_trench_1_meting016,6.779754950844415,0.11777999997138977,0.9886382905075067,0.026377616450190544,1.1291213037903298,0.4451439423739869,14.112914143122696,0.7249375174756842,16.459566275662137,0.6458509849140884,0.13427424801829801,1.6857300987773411,0.37581587027314717,0.27415881475740894,0.8269605958598363,0.9094621260967402,0.5922140316000168
DTCWT,levels,5,DTCWT|5,Athena_soldier_in_trench_2_meting055,6.571598871355904,0.1011303961277008,0.9950791375107841,0.029598915949463844,1.2491051969287374,0.21615469805131587,14.828718231306063,0.7095869701905881,19.10234143792306,0.7361034536963236,0.10753883470893116,1.6852347431269212,0.4588613808612988,0.3320634076202385,0.8854395447698236,0.9426425437661833,0.5235268609153491
DTCWT,levels,5,DTCWT|5,Triclobs_Bosnia_R,6.939506871866227,0.2013217657804489,1.1647823307993168,0.021696599200367928,0.9506748406249149,1.303788988838244,14.570040474352364,0.7404317089650794,15.576634737187707,0.5348234457076859,0.16414577026443847,1.001422312873412,0.39296699592173634,0.24020542919375687,0.7092195298664573,0.8665875967918735,0.7778919593184195
DTCWT,levels,5,DTCWT|5,Triclobs_Kaptein_1123,6.811214555743273,0.13937419652938843,0.9739014489616376,0.021281074732542038,0.7874260287689169,0.6308537900817239,9.293833897406001,0.720674298658075,16.07995489390989,0.48207120579185475,0.1696495977965673,1.5707254157633044,0.30962084346784796,0.14815084739430162,0.6721778372091848,0.7873398764305447,0.5934842457258276
DTCWT,levels,5,DTCWT|5,Triclobs_jeep_in_smoke_R,7.229403462677975,0.149240180850029,1.0583670259694635,0.040111299604177475,1.291300007278005,1.0425466499948173,22.695651583596792,0.6400503456844507,16.39326661985678,0.5375102762001184,0.17271549995885457,1.4341966750309982,0.33883352862806004,0.20804090578292084,0.7840890154203024,0.8487768390864392,0.7171918382855791
DTCWT,levels,6,DTCWT|6,APC_1_view_1_fk_06_005,6.677550245032664,0.10783553868532181,1.240754275981778,0.024422377347946167,0.5561295529544571,0.980418673752399,13.941017684607028,0.7394203463681946,19.782508301214182,0.4928746818836076,0.1792987713787166,1.5162131988754268,0.35076190580685346,0.14438214257843432,0.7405625190772508,0.8800783188025518,0.143843071120397
DTCWT,levels,6,DTCWT|6,APC_1_view_2_fk_ref_01_005,6.8320535132064615,0.11927952617406845,1.1210292363773302,0.023488663136959076,1.2870523009683668,0.84246189212641,13.800088221071126,0.7910713643493948,21.01680926930498,0.5240677157859147,0.17647289216698242,1.2506586565863835,0.40373370125086006,0.18320837198904016,0.7748716700674334,0.8931772490669041,0.14411153845465327
DTCWT,levels,6,DTCWT|6,APC_1_view_3_fk_ref_02_005,7.066273323373273,0.1475483775138855,1.1003293753772307,0.028219174593687057,1.4209371314555992,0.9668971793231507,15.928426157866996,0.7514474272700993,19.92901803935782,0.5503816505267715,0.16758741845348998,1.166201601153278,0.3950743984348629,0.18873191118717528,0.7798610684716547,0.8961199194669204,0.351343808481865
DTCWT,levels,6,DTCWT|6,APC_3_view_1_fk_bar_06_005,6.675297675372274,0.10704366117715836,1.2234347501800904,0.022719543427228928,0.8926135361040853,1.3211434080207023,13.50243289613562,0.8096323114048022,23.440143954396863,0.49047681538049753,0.1950657805175059,1.254278709532767,0.39925245566398015,0.16944882279977957,0.7675468182917186,0.9080146029176513,0.1811655808482007
DTCWT,levels,6,DTCWT|6,APC_3_view_2_fk_NL_01_005,6.860765996047186,0.12922102212905884,1.1483849218301139,0.020871546119451523,0.9199973885198374,1.0460749166222074,10.68193306678284,0.8008506204412492,20.044409389912673,0.44892748939241395,0.20840463106209117,1.2527073235227562,0.3738918109977954,0.14545396938414462,0.7417424429537566,0.8647121719146799,0.1481700460253437
DTCWT,levels,6,DTCWT|6,APC_3_view_3_fk_NL_05_005,7.004796409282445,0.13289444148540497,1.217674932255534,0.021790506318211555,1.039304979256631,0.9766653284056819,9.721666662347696,0.7684452090573388,18.37744462068305,0.4181103551962139,0.19415485340544456,1.2644167946982874,0.33130610246748154,0.14337567397079792,0.7246093765373846,0.8064470493301613,0.05530399670975531
DTCWT,levels,6,DTCWT|6,Athena_2_men_in_front_of_house_meting003,6.932270513467687,0.128444105386734,1.0011850194205154,0.026034226641058922,0.7035519570089335,0.4560940576918243,12.40485479578531,0.7045619102007219,15.371548201906396,0.5301101243541327,0.1618545655144124,1.7975058669603918,0.3159946248564172,0.2038161015128483,0.7003040264467139,0.8466037762187987,0.42347802612802105
DTCWT,levels,6,DTCWT|6,Athena_APC_4_fennek01_005,5.979855977806108,0.06200350448489189,0.9527696410672921,0.02276439219713211,0.4038011278652249,0.14117863027618996,9.759586919658114,0.7522827942493253,22.4245018010146,0.3899350890467383,0.20836548212894315,1.8087453651790162,0.2710996331987241,0.10314663461469017,0.7101964630500193,0.7681257937361489,0.3928049365797172
DTCWT,levels,6,DTCWT|6,Athena_heather_hei_vis,7.120360223857483,0.14303486049175262,0.9923592422593649,0.027868639677762985,0.7388282198828066,0.6264718088116987,13.155699369913942,0.665384897538948,15.44843018857425,0.48366807757223357,0.2042728400050208,1.673226477134353,0.3371170628788194,0.18310110568479038,0.7116030289096171,0.8047244187865998,0.18360033266640058
DTCWT,levels,6,DTCWT|6,Athena_helicopter_helib_011,5.538932200643574,0.060122910887002945,1.1976922363293718,0.013102967292070389,0.9287079364622919,0.5260442025392431,5.811574396932386,0.8203246834377917,18.275556459033858,0.4923526541687116,0.1741875398079583,1.7165683451078846,0.4071131493781265,0.1852892295581422,0.7380862357167164,0.7313763572675955,0.4902429252504718
DTCWT,levels,6,DTCWT|6,Athena_lake_lake,6.896226266385134,0.12509506940841675,0.9979633947588795,0.02341499738395214,0.9992852087280758,0.31006068930114133,11.571156931220324,0.7127748167466059,16.442661408523374,0.5710440539353673,0.15148673730197967,1.7039545732852694,0.3583996636868968,0.23862675012140647,0.7490765696630807,0.8568877074631278,0.6590567092495847
DTCWT,levels,6,DTCWT|6,Athena_man_in_doorway_maninhuis,7.27489977177786,0.15215402841567993,1.0144838225868344,0.03377750143408775,0.7878498877299562,0.204957035578421,15.12244504929999,0.6505034497819804,14.821782482595612,0.5370956657294071,0.1623041707653199,1.7201848238489532,0.2888450849825075,0.21848598229523328,0.7080863453989154,0.8262352457403369,0.2876341711074775
DTCWT,levels,6,DTCWT|6,Athena_soldier_behind_smoke_1_meting012-1200,7.217019669711304,0.15852998197078705,1.0615573977464376,0.029038826003670692,1.1199071960982678,0.31421258780438266,13.398074047468024,0.6420549631492418,13.399035992777906,0.560995440216469,0.1497617937755057,1.3347019919360035,0.336147482711155,0.22775264150401356,0.7177360016221747,0.8488131395723182,0.2853998773172422
DTCWT,levels,6,DTCWT|6,Athena_soldier_behind_smoke_2_meting012-1500,7.10536297494265,0.14649932086467743,1.143915000929557,0.02477988228201866,1.03272577276959,0.5222134407881938,12.7135917786076,0.6563460078914799,11.163210330079496,0.5416306792322874,0.16323819247580976,1.5399538611376817,0.34920855449281096,0.2029491201944539,0.695428830732746,0.8195903917516437,0.3383346289564432
DTCWT,levels,6,DTCWT|6,Athena_soldier_behind_smoke_3_meting012-1700,7.147717401429596,0.14083047211170197,1.0216467670907086,0.034113626927137375,1.0040296994489701,0.2271720711776785,16.14418318912143,0.6479037939981939,13.699655006923203,0.5478648354937908,0.1757055972649965,1.5528293376481612,0.2950800353449375,0.22165015087232315,0.7531293955704288,0.848656148406449,0.34996254490714146
DTCWT,levels,6,DTCWT|6,Athena_soldier_in_trench_1_meting016,6.85662598447495,0.12465778738260269,0.9998477881706296,0.026367541402578354,1.050477939990728,0.4154209510920849,13.934089427580668,0.7243259146900634,16.317189630484553,0.6510428089726717,0.13711541481189057,1.700998049798148,0.39845468004620477,0.27600692122755477,0.8302954866986971,0.9050828189042361,0.5914262358975525
DTCWT,levels,6,DTCWT|6,Athena_soldier_in_trench_2_meting055,6.670363447849073,0.10806667059659958,1.0100341844510066,0.02964779920876026,1.2009488076975154,0.2122399760732736,14.876006125241721,0.7088420720716109,18.91958281964857,0.742165012958942,0.10925592099256043,1.7080176482019644,0.4837531488938803,0.34188504246422907,0.8881789402755245,0.9422890539031845,0.521376793401833
DTCWT,levels,6,DTCWT|6,Triclobs_Bosnia_R,7.011287155682906,0.20983827114105225,1.1768305076846786,0.02160908468067646,0.9553007740318704,1.2120587870732993,14.620373682066035,0.746216349832446,15.404026978200815,0.5417441473088098,0.1640538191614783,1.0697159105273863,0.4117300455738433,0.2431446285606495,0.7207675916550377,0.879571774128196,0.8171879318658861
DTCWT,levels,6,DTCWT|6,Triclobs_Kaptein_1123,6.910168193457598,0.15077276527881622,0.9880503339161931,0.0213833786547184,0.7401137229566767,0.6214108360013445,9.351238215207752,0.7187106673277195,15.87418728522508,0.48611611308344704,0.17424753809945537,1.6043389654389708,0.32500695424791093,0.15079928883275356,0.6708590385878292,0.7977931118912901,0.6047459879555273
DTCWT,levels,6,DTCWT|6,Triclobs_jeep_in_smoke_R,7.359051868531979,0.16176143288612366,1.077347236222462,0.04006704315543175,1.2681519323150567,1.1192444465764853,22.725390637471598,0.6439874010165649,16.142543763916063,0.5403786112754801,0.17243213943625296,1.5221920759226975,0.35343653229805316,0.21256099132169542,0.7886561539693403,0.857340466761683,0.7356454357203125
Curvelet,levels,1,Curvelet|1,APC_1_view_1_fk_06_005,6.443423317593787,0.08939412981271744,1.1972511984035366,0.01862320490181446,1.1439773359773993,0.9129605223499431,12.794941375763857,0.7807287728038765,20.334662890357084,0.3399718888048356,0.040545200189980826,1.4191977151531758,0.27099220980268907,0.09335229055174532,0.697801682590007,0.7911979134677884,0.11580385707735454
Curvelet,levels,1,Curvelet|1,APC_1_view_2_fk_ref_01_005,6.637225262985459,0.10649820417165756,1.0890610786122021,0.01815068908035755,1.5859905588529606,0.8482362256507865,11.379279972329376,0.8250386243983494,21.52381722481692,0.4003493933883085,0.04371652800058049,1.0783619142800385,0.33591409583184695,0.13877709034376057,0.7442595261700264,0.7992829843138928,0.11549964235077156
Curvelet,levels,1,Curvelet|1,APC_1_view_3_fk_ref_02_005,6.955357483635187,0.1350308358669281,1.0830580427987468,0.02190529927611351,1.83527994675716,0.9787708912690117,13.625363939009619,0.7839383414183198,20.392240238483907,0.3973578258472148,0.04783378567543623,1.0054449938707888,0.3057234269922813,0.13103737051754877,0.737791840583193,0.8035274060863627,0.26099136655580907
Curvelet,levels,1,Curvelet|1,APC_3_view_1_fk_bar_06_005,6.447713025163905,0.09254441410303116,1.1817235062456435,0.017918722704052925,1.2065362829998838,1.2631886383062574,11.702127292080078,0.8397465528973072,24.316257131246214,0.38869475249135643,0.04855261490902921,1.096243321356887,0.3361320322129596,0.1283547398984704,0.742091392271434,0.820866977964882,0.14717131402520392
Curvelet,levels,1,Curvelet|1,APC_3_view_2_fk_NL_01_005,6.65819167505854,0.11759740114212036,1.1144771488631644,0.01645522192120552,1.4234838122544309,1.0855925016406025,9.072714088664636,0.8308235342545709,20.451838373276047,0.36263259748060217,0.053154482162438364,1.1230739208915241,0.32094775189340996,0.11229742217023077,0.7165209074714739,0.7795238423923783,0.10875019943051885
Curvelet,levels,1,Curvelet|1,APC_3_view_3_fk_NL_05_005,6.83515238049993,0.12185085564851761,1.1881849557900417,0.016860248520970345,1.6527044941647504,0.979016864601006,8.548937108982528,0.8034820552655896,18.63387470255211,0.3294967314659013,0.039063465606941204,1.1292178220782398,0.2875422687127962,0.10834727392941217,0.7018946073142373,0.747214096570912,0.056537734930110245
Curvelet,levels,1,Curvelet|1,Athena_2_men_in_front_of_house_meting003,6.463483234698144,0.09245847165584564,0.933480967784452,0.017271097749471664,0.9020524383914563,0.7716541176463838,9.055868504137942,0.7530496096140912,15.860178581532644,0.33814527380214116,0.02358997474835913,1.7669614373357212,0.2407278151893179,0.13867173343390046,0.6524722987886371,0.7113400985231116,0.3402631975570143
Curvelet,levels,1,Curvelet|1,Athena_APC_4_fennek01_005,5.476558119699699,0.042937178164720535,0.8725792616672335,0.017501389607787132,0.4273558674615196,0.14985677254593446,8.357731368817026,0.7863792212946448,22.99615995710125,0.29582168970135114,0.046696680638479114,1.696647194486021,0.22095786641465498,0.0723481247444199,0.6763012198030695,0.698598535552034,0.34794476532578317
Curvelet,levels,1,Curvelet|1,Athena_heather_hei_vis,6.6979787523775745,0.10517685115337372,0.9334922546626168,0.019966183230280876,0.8878303909860544,0.6974557978191598,10.557495216498822,0.7121968291953247,16.118052588647032,0.3193497159253867,0.04414663614091669,1.6385978434679151,0.22691777971261948,0.12338255826847785,0.6570678220391909,0.6575130026001395,0.12572153995041563
Curvelet,levels,1,Curvelet|1,Athena_helicopter_helib_011,4.945093653158654,0.03852234035730362,1.0692855701721007,0.009581826627254486,1.019471390456212,0.5834650738017844,4.602581731956246,0.847135518791973,18.544046603656138,0.30912446320903264,0.04632602028191778,1.6896544152392794,0.2724118876045993,0.09821385290912693,0.6831170184706881,0.5730055895917012,0.3415708637623031
Curvelet,levels,1,Curvelet|1,Athena_lake_lake,6.5619678499624925,0.09601183980703354,0.9495923507857644,0.01583199016749859,1.3195593492659827,0.43067589224674907,9.1880597890067,0.7660847684214767,16.98626838280189,0.3401971648704124,0.028365705905437744,1.660188072962545,0.2533372383282917,0.15235310380497058,0.6705503293411044,0.7220122279942074,0.47634879497795934
Curvelet,levels,1,Curvelet|1,Athena_man_in_doorway_maninhuis,6.778059875266694,0.10589302331209183,0.9451995639388122,0.021558821201324463,0.9098691522233735,0.5815531635287234,10.69207865983618,0.705266674373664,15.529571251679094,0.3413353844110407,0.018781103436998237,1.697155706337321,0.23372573987616374,0.1551455908473139,0.6642401540437638,0.695344220222208,0.23353022520630376
Curvelet,levels,1,Curvelet|1,Athena_soldier_behind_smoke_1_meting012-1200,6.944504165619638,0.13548487424850464,1.021472866650698,0.019720271229743958,1.2924369570115033,0.6368256183746487,10.778580092210323,0.6876589401021975,13.643669817858328,0.3443483430573051,0.025515434210809755,1.3150444711052125,0.24777338567606402,0.149841256222234,0.6528855652285341,0.725292745808767,0.22232768143725537
Curvelet,levels,1,Curvelet|1,Athena_soldier_behind_smoke_2_meting012-1500,6.91015744782201,0.1305333524942398,1.1124882418005535,0.018203062936663628,1.3455362004377855,0.9194541617889103,10.978625217842566,0.695446561049174,11.248519322136639,0.3737519774877092,0.04230030288302736,1.4667705846639083,0.27916720829948305,0.16799431627000527,0.6375820124646533,0.7404854564369181,0.28920690752524386
Curvelet,levels,1,Curvelet|1,Athena_soldier_behind_smoke_3_meting012-1700,6.872906014833284,0.11665063351392746,0.9823670713629953,0.026151835918426514,1.2359899430918917,0.2827933227246294,14.290123278547371,0.683074577307591,13.915657363927078,0.3830866765464202,0.052545292374893256,1.4496955157687794,0.23239920339307096,0.14083737407319774,0.7043004568775848,0.7543669654654371,0.2702269847855666
Curvelet,levels,1,Curvelet|1,Athena_soldier_in_trench_1_meting016,6.582637719756573,0.09780268371105194,0.9598942365136398,0.019376298412680626,1.4272073056621561,0.5357802068805293,11.539672549400127,0.7643300471106669,16.78233879632519,0.4072013025045645,0.04153382322351352,1.6294841748102258,0.26438270203184233,0.1594046178047337,0.7517486535607822,0.7604092025828417,0.40794228169343505
Curvelet,levels,1,Curvelet|1,Athena_soldier_in_trench_2_meting055,6.359532274578934,0.08154523372650146,0.9629677669985827,0.022122493013739586,1.5645416704349009,0.2432622855821488,12.464716984312716,0.7483143454911301,19.561378085818816,0.45652840061508865,0.041792031598066555,1.598737839389326,0.2999603444013308,0.17384644148890455,0.7990840794768859,0.7983952157878209,0.3716285198798233
Curvelet,levels,1,Curvelet|1,Triclobs_Bosnia_R,6.664025417270819,0.18952621519565582,1.1185433203479398,0.01797568053007126,1.1007823126200793,1.522987604414118,13.012942950449931,0.7646899507252121,15.796662466583342,0.4111354335010156,0.07285017544545794,0.8913910397772784,0.317526330964833,0.1997203851305706,0.6889964766583396,0.7766480825897663,0.5042724253802432
Curvelet,levels,1,Curvelet|1,Triclobs_Kaptein_1123,6.579708326913294,0.12411651015281677,0.9407995330175791,0.015557670034468174,0.9946781941195496,0.8042537375022479,7.172841866819927,0.7554689588374712,16.362303759955275,0.32500303103447176,0.04494939213723198,1.5425628174418247,0.24830496975687777,0.09224893322055787,0.6337811418250204,0.6605402367758867,0.4232692399495972
Curvelet,levels,1,Curvelet|1,Triclobs_jeep_in_smoke_R,6.97540158568431,0.12483812123537064,1.02118177098511,0.03313077613711357,1.4013252589064045,1.1235614675224008,20.72237744422941,0.6617493928501983,16.832499292593738,0.3810249749195479,0.08283644313404856,1.2724300840964546,0.2527192607406298,0.1271974316169357,0.7488692046637783,0.7646936737010265,0.597091556759419
Curvelet,levels,2,Curvelet|2,APC_1_view_1_fk_06_005,6.482415258287417,0.09267804771661758,1.2044962831081314,0.022559167817234993,1.052500972594059,0.8712319832877069,14.337897781515737,0.7582756133604507,20.235706714987145,0.3823796848076627,0.13498062763508376,1.4322092969160338,0.26547348509770363,0.0960796370165389,0.7045059255564308,0.8334482978836645,0.12692531133639778
Curvelet,levels,2,Curvelet|2,APC_1_view_2_fk_ref_01_005,6.678196794170608,0.10910773277282715,1.0957838427458428,0.021780716255307198,1.5566464178301131,0.8269890392132591,13.342022905880945,0.8064977105013025,21.406865612485475,0.44880945533870226,0.12833931088314288,1.1180010276569226,0.33157153489402313,0.1469376470989015,0.7498619415620171,0.8476596817226224,0.12485741236663735
Curvelet,levels,2,Curvelet|2,APC_1_view_3_fk_ref_02_005,6.992516603415524,0.13740749657154083,1.0888442994557348,0.026404058560729027,1.7743844998732548,0.9470531401912493,15.525447093150868,0.7636360977035507,20.286417065670005,0.4619833355775725,0.1326790885109776,1.033750634442805,0.30526627490801994,0.14791175194107653,0.7487925355573766,0.8445685901869628,0.29500217096129916
Curvelet,levels,2,Curvelet|2,APC_3_view_1_fk_bar_06_005,6.493097221982583,0.09497252851724625,1.190041427961979,0.020996497943997383,1.1837671232446096,1.2244241179455821,13.263381623934269,0.822962883573557,24.134747030685418,0.4184385458426797,0.1358947487406623,1.1110520715152747,0.3319152477199515,0.1319497223607217,0.7431316027014568,0.8551861168864895,0.15350535852111605
Curvelet,levels,2,Curvelet|2,APC_3_view_2_fk_NL_01_005,6.696711168905147,0.11887236684560776,1.120924709668395,0.01957155577838421,1.3754073062768581,1.0548079965336055,10.480203423249593,0.8129636390282353,20.400765726785174,0.3873438198181282,0.15519784725325525,1.132655282746362,0.3155776315517562,0.11191870841821275,0.7170313085530043,0.8106769071242796,0.13155083221846126
Curvelet,levels,2,Curvelet|2,APC_3_view_3_fk_NL_05_005,6.863037828679005,0.12299436330795288,1.1930324073415777,0.02039385214447975,1.5600364775309745,0.9463130405855232,9.650025338702052,0.7819585030785594,18.599717042624885,0.34973219447556414,0.15056586903675223,1.1383114917975188,0.2774177805492979,0.1073517606347067,0.6999176473849614,0.7625302891059006,0.05380479915760493
Curvelet,levels,2,Curvelet|2,Athena_2_men_in_front_of_house_meting003,6.5140265522331875,0.09599588811397552,0.940780627001384,0.022708605974912643,0.8431268632284215,0.6635892210671253,11.277651370564826,0.7287941207916823,15.819824565543088,0.40046162633360904,0.1113720225063638,1.7699988533047921,0.22364400279205943,0.14247983983209966,0.6600671723221112,0.76017621810331,0.3427249892291402
Curvelet,levels,2,Curvelet|2,Athena_APC_4_fennek01_005,5.559406194704685,0.04561131075024605,0.8857794342096125,0.021320804953575134,0.3996523703474405,0.14719185454708011,9.538276416131032,0.7660096875985208,22.91397998329672,0.31631904733270433,0.16607438532194102,1.7059539258778513,0.21046204972278876,0.06825038883509785,0.6748377658026771,0.7109343320494523,0.35282474315004697
Curvelet,levels,2,Curvelet|2,Athena_heather_hei_vis,6.7370057516316555,0.10763639211654663,0.9389314181585411,0.0245418269187212,0.8458587350274238,0.6747575870488987,12.280856832719461,0.6925497438122714,16.08454286094513,0.3798432389955673,0.12980953811568618,1.645628315556977,0.2219893546600431,0.14510211946004586,0.6735927164282755,0.6953042609777673,0.12431207331512444
Curvelet,levels,2,Curvelet|2,Athena_helicopter_helib_011,5.033686222223048,0.039780143648386,1.088442084157336,0.012245925143361092,0.9678665940204242,0.539639086205298,5.448256344334461,0.8309517172531486,18.53051935852268,0.3608548859027948,0.1706820657381583,1.6939912179980088,0.2759821933325166,0.10613584593930316,0.6958679284901527,0.6038304593582251,0.36877906968555485
Curvelet,levels,2,Curvelet|2,Athena_lake_lake,6.600511987268046,0.09896736592054367,0.9551701315353606,0.02066090516746044,1.2347069488574052,0.39796635575380196,11.224186596415128,0.7424203907797127,16.938286892832977,0.4185571858748394,0.11042687938828809,1.6642878721238494,0.2389126941234812,0.16315643137225733,0.6906937376068472,0.7831733600516685,0.5459373971353776
Curvelet,levels,2,Curvelet|2,Athena_man_in_doorway_maninhuis,6.830465987978454,0.11070244759321213,0.9525075895087303,0.02819456346333027,0.8753430317618964,0.49122136690324386,13.535144211455709,0.6820687432773631,15.471911691266847,0.4032823012015093,0.09456435183836659,1.7023708631864252,0.214944199369624,0.1585783503733232,0.6736903392683072,0.7406581107059482,0.2289221814385082
Curvelet,levels,2,Curvelet|2,Athena_soldier_behind_smoke_1_meting012-1200,6.986720716322954,0.13826662302017212,1.0276825340421456,0.025559844449162483,1.255400384497218,0.5616324957815224,12.93207382742213,0.6636543218431132,13.615609369152644,0.40469711758420707,0.11287010538757784,1.317060187046642,0.22967031025117773,0.15413924688253972,0.6643859752992722,0.7737855337272377,0.22967280298972223
Curvelet,levels,2,Curvelet|2,Athena_soldier_behind_smoke_2_meting012-1500,6.941004905340077,0.1328519582748413,1.117454472170472,0.023113003000617027,1.3054529075243315,0.7747181558221774,12.748643277570734,0.674435468175951,11.235057991201705,0.44670334275082463,0.13283568132515847,1.4682128548419215,0.27288184652247305,0.18051005430056807,0.6543596700802162,0.7941198770093874,0.305787060370353
Curvelet,levels,2,Curvelet|2,Athena_soldier_behind_smoke_3_meting012-1700,6.9174204776171075,0.1195056214928627,0.9887296699994182,0.032088760286569595,1.198874690264471,0.2471507761012115,15.965402185478188,0.6605559909139656,13.888631535524222,0.4638802534583042,0.14634316433921532,1.4511873235243622,0.23621514462129312,0.1762247750481055,0.7262933441157101,0.7930939523794209,0.2911259457023183
Curvelet,levels,2,Curvelet|2,Athena_soldier_in_trench_1_meting016,6.631060113928171,0.10130582749843597,0.9669552930478627,0.0244734063744545,1.3386728138841555,0.5010472294926671,13.426439043777679,0.7387433831035353,16.72890948228744,0.5210723866305099,0.11491940916158229,1.631470087518572,0.270512108212287,0.19778479412885283,0.7826920140483078,0.822270695799761,0.4529441056818083
Curvelet,levels,2,Curvelet|2,Athena_soldier_in_trench_2_meting055,6.4077733775640855,0.08572324365377426,0.9702724908703135,0.027777111157774925,1.4355451039021943,0.21833484473962247,14.43271895983028,0.7212397754891584,19.464751116414945,0.603449763330454,0.10318429510382555,1.602323968366803,0.3192853914601072,0.23532309082006642,0.8426175095181491,0.8623470752987167,0.4204711971524789
Curvelet,levels,2,Curvelet|2,Triclobs_Bosnia_R,6.720296817856888,0.19056600332260132,1.127988362242445,0.02132498472929001,1.0473453854584698,1.4694369941274001,14.120293458654281,0.7473506191684351,15.773972080194218,0.4673523576234976,0.16263879602988957,0.8983316789203668,0.32401643131106095,0.19572636344987632,0.6953378369054559,0.8034700174433611,0.6062660469185126
Curvelet,levels,2,Curvelet|2,Triclobs_Kaptein_1123,6.637960825150699,0.12533161044120789,0.9491287659282069,0.019950222223997116,0.917990617272205,0.7566565350889611,8.675606764832063,0.7321407154389992,16.340591211196006,0.3898686072496621,0.1577728173172143,1.5459802484754182,0.24871606729854506,0.10205803925771646,0.6496186764047657,0.6874175003863779,0.43577228210986724
Curvelet,levels,2,Curvelet|2,Triclobs_jeep_in_smoke_R,7.018631793962849,0.12841901183128357,1.027510567988072,0.039941489696502686,1.3301728160058257,1.0401336168402606,22.515166300693117,0.6420881119987838,16.762414502215403,0.4460470906355095,0.19334305570219032,1.2878559785422503,0.2629109092786818,0.14406907448719816,0.7605640732104783,0.7981920839703347,0.6393255485267333
Curvelet,levels,3,Curvelet|3,APC_1_view_1_fk_06_005,6.521920626946467,0.09655408561229706,1.2118367677603308,0.025027068331837654,0.8738526186308203,0.8372434465485245,14.823894317743594,0.7322652779006407,20.116986479218603,0.4184246111474751,0.2128095816603188,1.448734964854586,0.27043220193881323,0.11064966658575089,0.7085689738747862,0.8638036888966752,0.1381834111830906
Curvelet,levels,3,Curvelet|3,APC_1_view_2_fk_ref_01_005,6.71961021347533,0.11168725788593292,1.1025791135570573,0.02364770881831646,1.4725486956019445,0.8055411251335926,13.857162040463123,0.7860943536089893,21.28882158975866,0.4612090657794164,0.19852747056486078,1.148595882915077,0.3275718865287196,0.15387429593804036,0.7438069425531223,0.8648561274132947,0.13541643420073826
Curvelet,levels,3,Curvelet|3,APC_1_view_3_fk_ref_02_005,7.020440118612148,0.14016002416610718,1.0931924279003293,0.02846384607255459,1.6570914041329738,0.9196725407395414,16.161447249934728,0.7437772092572624,20.16433570618465,0.4857528894575915,0.19313541204652648,1.0644151833586075,0.3088083697302909,0.15441350003501617,0.7470368178550789,0.8677099483222402,0.33075991098992275
Curvelet,levels,3,Curvelet|3,APC_3_view_1_fk_bar_06_005,6.551547557667467,0.09838268905878067,1.2007540845825828,0.022888721898198128,1.1068568967172427,1.1997251998244334,13.752930704773664,0.8023334315296011,23.902176609763096,0.43213646305321174,0.20856172814483867,1.1383437598074164,0.32595590271526986,0.1396636533592293,0.7363983703025935,0.8815735943309866,0.17185494866185475
Curvelet,levels,3,Curvelet|3,APC_3_view_2_fk_NL_01_005,6.729575960597051,0.12082288414239883,1.1264257617753777,0.021291309967637062,1.270399782151697,1.0230520486558472,10.990677859670026,0.7935963003474877,20.327816604880976,0.39570375213033543,0.2316710530641631,1.150410920385139,0.30983492024999565,0.11750202351401062,0.7124016133958371,0.8360564473444498,0.13983009729006632
Curvelet,levels,3,Curvelet|3,APC_3_view_3_fk_NL_05_005,6.891179320003974,0.12503443658351898,1.1979243680125962,0.022696280851960182,1.4012198173863597,0.9136877412249886,10.204990362954547,0.7576929211564682,18.54075084858151,0.36162993851439307,0.23819574212371394,1.1559912620191792,0.2738190563034455,0.11510412524255875,0.6939019250681844,0.7744840371409465,0.05369694422880735
Curvelet,levels,3,Curvelet|3,Athena_2_men_in_front_of_house_meting003,6.599007647526343,0.10118917375802994,0.9530539217864276,0.026023484766483307,0.7639588588685147,0.5736342422788064,12.247829091915284,0.6978972885828074,15.753547539446926,0.4398863944924197,0.18777329833356635,1.7748532047498535,0.21980893766080561,0.14768093324843434,0.6568956116128662,0.79998119615378,0.3861939625169462
Curvelet,levels,3,Curvelet|3,Athena_APC_4_fennek01_005,5.706753354873442,0.050722189247608185,0.9092562372341857,0.023622915148735046,0.3683071156661259,0.14441553619549052,10.112120374572418,0.7400049711252641,22.74748792287429,0.32369359030076417,0.2568902790753316,1.7246482140604944,0.2091923597824531,0.07009823722192882,0.6692394685021632,0.7257874689421137,0.34716909959862624
Curvelet,levels,3,Curvelet|3,Athena_heather_hei_vis,6.779873753594046,0.11073911935091019,0.9449058993093731,0.026801828294992447,0.8044705381531606,0.637979211690556,12.84175815920232,0.6681552541222441,16.035802742269738,0.39774819365002245,0.19535909294158074,1.649853368457903,0.21551884097333612,0.14522937053957843,0.67348736283647,0.7254985604980677,0.14349738046719884
Curvelet,levels,3,Curvelet|3,Athena_helicopter_helib_011,5.140431050190934,0.042448654770851135,1.1115236903395882,0.013522851280868053,0.9428241487586306,0.5015987153557626,5.906992129162532,0.8145255480820097,18.49703292336929,0.3930153809604059,0.23070198310578116,1.693921099992672,0.29023282109565895,0.11827620536198402,0.701234469872989,0.6607068171121799,0.40734772798336233
Curvelet,levels,3,Curvelet|3,Athena_lake_lake,6.645410579737898,0.10203077644109726,0.9616674751592953,0.022981973364949226,1.1211190361544299,0.36335832579233723,11.847757230558875,0.7145727063713401,16.880783771578724,0.4542129105166687,0.17348400425707414,1.6666162704953729,0.23772260329533174,0.17402682745969655,0.6959202263697534,0.8178437673229444,0.6076065003108697
Curvelet,levels,3,Curvelet|3,Athena_man_in_doorway_maninhuis,6.927230020017308,0.1184401884675026,0.9660013211327058,0.03311316668987274,0.8043630603840342,0.3898909346332477,14.85462309350305,0.648833536629524,15.364673111844587,0.44543210347166295,0.1794601565993185,1.7093048869987049,0.20612213029252807,0.16667666772774678,0.6708639600238002,0.7795502746391305,0.2603472424563523
Curvelet,levels,3,Curvelet|3,Athena_soldier_behind_smoke_1_meting012-1200,7.051188946592811,0.14201955497264862,1.0371652194018386,0.029107127338647842,1.1872087041728423,0.4691346983809055,13.748524219235131,0.6349826756461223,13.572983875937592,0.44563886272914566,0.18982409778025963,1.3191021703897596,0.22471288781824367,0.16433738986070304,0.6696652293411246,0.8124982969288351,0.25809775722224143
Curvelet,levels,3,Curvelet|3,Athena_soldier_behind_smoke_2_meting012-1500,6.97635659767093,0.1350438892841339,1.1231458536393877,0.02527528628706932,1.2339514860185008,0.6222881444415557,13.239248238415906,0.650525909615888,11.220405393765201,0.47102170975893715,0.19341016222097257,1.47331325546156,0.2674722082087292,0.17209295864889662,0.656721807952271,0.826154699986323,0.3482564372671799
Curvelet,levels,3,Curvelet|3,Athena_soldier_behind_smoke_3_meting012-1700,6.967591340164778,0.12282831221818924,0.9959007564659491,0.03441688418388367,1.1407211813810885,0.218178684691134,16.522973784671027,0.6403789327595665,13.854309441932068,0.4769179111240601,0.20516393098807928,1.4584995024106235,0.23268497095866997,0.1741084537521673,0.7246262204955694,0.8200288806012976,0.32458175384762983
Curvelet,levels,3,Curvelet|3,Athena_soldier_in_trench_1_meting016,6.6772469077481515,0.10459358990192413,0.9736903495826894,0.02626226842403412,1.2612072588847814,0.4671424989756557,13.979587309689663,0.718393487323091,16.6702975774306,0.5587539533436754,0.15565935626054633,1.6350061332239747,0.2790115539628597,0.21257235180188538,0.7872152227194205,0.8613944306882508,0.5109477747650535
Curvelet,levels,3,Curvelet|3,Athena_soldier_in_trench_2_meting055,6.447782072527382,0.08895736187696457,0.9763306539530512,0.02929355949163437,1.3428054264432983,0.19762000711300187,14.837365517759677,0.7050365661346596,19.379281764692216,0.6573891631228506,0.1262370807938785,1.6115391731645676,0.342277301490965,0.25931584307613004,0.8518950897205078,0.8984687892660324,0.46810930359573855
Curvelet,levels,3,Curvelet|3,Triclobs_Bosnia_R,6.786895742082542,0.19204354286193848,1.1391668582970822,0.02258068323135376,1.003490653627624,1.408619814318491,14.492273243392376,0.7296893246720113,15.741574171618563,0.4778027755780335,0.2071492960469927,0.9083481952568815,0.32253618345103996,0.19485867065547074,0.6827774311621249,0.8284779435203192,0.6839406417274378
Curvelet,levels,3,Curvelet|3,Triclobs_Kaptein_1123,6.688417816602353,0.12784330546855927,0.9563433583746562,0.021826718002557755,0.859023499198247,0.7168559875477136,9.41304249268535,0.7144041935680256,16.296288804005187,0.4131436327652755,0.2123882197171043,1.551821602785737,0.24787522314505378,0.1076655444664412,0.6481324883730756,0.7324295989610773,0.49553556963514006
Curvelet,levels,3,Curvelet|3,Triclobs_jeep_in_smoke_R,7.061227097893432,0.13242530822753906,1.0337464165437669,0.04160092771053314,1.3072321661699198,0.980187801779771,22.923621330603567,0.6307101456256528,16.691414104374807,0.46515875521295447,0.2303112031005904,1.3109342554187027,0.2694779808743226,0.15161111453815154,0.7609482579240204,0.8218629082004699,0.6672190908043083
Curvelet,levels,4,Curvelet|4,APC_1_view_1_fk_06_005,6.581571492916892,0.10023870319128036,1.222920483240252,0.025845786556601524,0.7261727185165272,0.819817416810165,14.867020626724495,0.7239157062807565,20.00595677801602,0.42977828694284387,0.24163872769607753,1.4676424379590105,0.28911457848951827,0.11602307875665759,0.7126760560464694,0.8729959155615625,0.14124080581480075
Curvelet,levels,4,Curvelet|4,APC_1_view_2_fk_ref_01_005,6.771312834920531,0.11488105356693268,1.1110626756552435,0.024565404281020164,1.3395698060230357,0.7986004353616837,14.039349005976188,0.7753322365808694,21.146499921419636,0.4619287926482228,0.2379568659192633,1.1821111683044878,0.3401901581119805,0.15579248726447514,0.741984670114002,0.8694295480622612,0.14090336902583833
Curvelet,levels,4,Curvelet|4,APC_1_view_3_fk_ref_02_005,7.053403314705,0.1433125138282776,1.0983253135541169,0.029343103989958763,1.4948923950897222,0.8929144677630694,16.352152927721868,0.7340597599928155,20.029767263196764,0.4904642006452951,0.22410464656204063,1.098089182566563,0.3241112428020233,0.1551488061521486,0.7458290493157307,0.8778897302140266,0.3427106954797181
Curvelet,levels,4,Curvelet|4,APC_3_view_1_fk_bar_06_005,6.621216655559387,0.10244736820459366,1.2135228927346358,0.023734675720334053,0.9852373748870589,1.1960997096241084,13.917111990279356,0.7931801442447779,23.65023603608812,0.4377387872654011,0.2461996633923393,1.180935011722994,0.3386332176219893,0.14378807575964225,0.7356077299827146,0.8930529019284841,0.17518917706719617
Curvelet,levels,4,Curvelet|4,APC_3_view_2_fk_NL_01_005,6.772872344386839,0.12323622405529022,1.1336728992440812,0.022026527673006058,1.1345245082413922,0.992064182396235,11.132900877409059,0.7836811179922007,20.235377561501316,0.3981138762050957,0.26575702658141714,1.1719917121490604,0.319891794967642,0.12062891778906366,0.7100937534414113,0.8456429801893915,0.14581917871608752
Curvelet,levels,4,Curvelet|4,APC_3_view_3_fk_NL_05_005,6.931795195413085,0.12766072154045105,1.2049848063819042,0.02352391555905342,1.2432170279383632,0.8880681550283313,10.366557404401874,0.7482855248194994,18.471117581133093,0.36441280429214923,0.2706776586876872,1.1798094639019736,0.28260440029127365,0.1181890629075898,0.6933810904012021,0.7817488944080959,0.055824763731803485
Curvelet,levels,4,Curvelet|4,Athena_2_men_in_front_of_house_meting003,6.715331521829032,0.10947165638208389,0.9698538605837598,0.027308059856295586,0.7062884101906024,0.49667631216577346,12.637415511716878,0.6847469204301873,15.644124574520733,0.4568197396800875,0.2197000750653046,1.7838156248173311,0.2358813644007452,0.15471161487503696,0.6590631473929365,0.8264815921213174,0.4111679993077794
Curvelet,levels,4,Curvelet|4,Athena_APC_4_fennek01_005,5.892575706541993,0.05779483541846275,0.9388632872966992,0.024684840813279152,0.35553917484131164,0.13636628141102247,10.358967468574997,0.7246137957385963,22.48633917835322,0.3277995290199427,0.2983791599920177,1.7455335076763019,0.2230609832656672,0.07230106648221195,0.6671752519353797,0.7330317232491781,0.3482291593818228
Curvelet,levels,4,Curvelet|4,Athena_heather_hei_vis,6.883226582707181,0.1183910146355629,0.9593101052708108,0.028193064033985138,0.7818484682967377,0.6011742037605525,13.214845434267518,0.6541499965725007,15.912280261453837,0.4141461693813221,0.2354426786276368,1.6592531676292266,0.23849742938544305,0.14876147784932017,0.679345331581399,0.765532678048893,0.16536573856473447
Curvelet,levels,4,Curvelet|4,Athena_helicopter_helib_011,5.2921421234508195,0.047754619270563126,1.144328420209264,0.014040801674127579,0.9280549392433396,0.5009942161862095,6.125293686574628,0.8067386909094685,18.424622900407627,0.404216078734531,0.25666624443784,1.681184985700797,0.3210172170413106,0.12513931114423246,0.7019700434547734,0.6926116794758117,0.42822278283097903
Curvelet,levels,4,Curvelet|4,Athena_lake_lake,6.707905558641827,0.10785302519798279,0.9707112186348182,0.023988274857401848,1.0051005490960168,0.32241526573367607,12.102626495516557,0.7029172837514832,16.781888651474027,0.4789468069652491,0.19977035546556202,1.6766140324796996,0.2618825570088121,0.1879527484026632,0.7057175958109544,0.8438322985263953,0.637823674652031
Curvelet,levels,4,Curvelet|4,Athena_man_in_doorway_maninhuis,7.061844523933509,0.13042809069156647,0.9847732961141789,0.03532406687736511,0.7210743777158997,0.2864818089192759,15.432625133605367,0.6304686647464108,15.185622238201555,0.4625867353121146,0.21888227484021336,1.7208688366463147,0.21840216466454154,0.16968191961407092,0.6687764958541427,0.8032430021666701,0.2770477764135689
Curvelet,levels,4,Curvelet|4,Athena_soldier_behind_smoke_1_meting012-1200,7.131212828249665,0.147785484790802,1.048935998401616,0.030425837263464928,1.1235827058420005,0.3834228839779284,14.002542603952696,0.6236844005001928,13.509072068444354,0.47027356581680446,0.217390307334904,1.322916625136833,0.24586207974916768,0.1734533948369988,0.67763197404057,0.836734859316348,0.27842818191522595
Curvelet,levels,4,Curvelet|4,Athena_soldier_behind_smoke_2_meting012-1500,7.015747548931276,0.13861259818077087,1.1294875282598822,0.02587945945560932,1.1209866324978373,0.5208470577191441,13.328520121037048,0.6432532415056569,11.201401034621538,0.483411555929124,0.21462481853265233,1.489635798022197,0.28428541889271247,0.1721017191597491,0.6637760752020587,0.8416918521085721,0.3709313744317063
Curvelet,levels,4,Curvelet|4,Athena_soldier_behind_smoke_3_meting012-1700,7.021369509146849,0.12815739214420319,1.0035874471106578,0.035185206681489944,1.056220921461058,0.20262767031147605,16.74429022086466,0.6346671908280874,13.80666224123521,0.479508143991614,0.22641047594442307,1.478055521873118,0.23725241931810773,0.17627524465625352,0.7252688684019185,0.8403042477243133,0.3454113836530935
Curvelet,levels,4,Curvelet|4,Athena_soldier_in_trench_1_meting016,6.738151034206359,0.11126242578029633,0.9825715188731806,0.026914598420262337,1.18070185211548,0.44276827623399184,14.25248348278654,0.7140744366780765,16.566288063861215,0.5819194997433594,0.17053459041801658,1.658980247934527,0.3090523554492016,0.228804146928387,0.7977900940036496,0.8972159052904556,0.5696210574100681
Curvelet,levels,4,Curvelet|4,Athena_soldier_in_trench_2_meting055,6.509983635223814,0.09487845003604889,0.9857492868567692,0.029780663549900055,1.27920451655587,0.1938109928006269,15.01243688156065,0.7025465818509151,19.247844133922708,0.686055842437403,0.13190674184947096,1.6465775907272175,0.38250023532853866,0.28178989492446416,0.8639980895361918,0.9308140799712026,0.5095510000958646
Curvelet,levels,4,Curvelet|4,Triclobs_Bosnia_R,6.871357186567175,0.1951935887336731,1.153343542604195,0.022842155769467354,0.9701425280370362,1.3462417125739552,14.73121333064547,0.723647021395524,15.68357086573376,0.4795689475117345,0.2234976558094571,0.9377519201140316,0.3305270783481441,0.20593385577120688,0.6805058110458513,0.84331644069841,0.7362013518953447
Curvelet,levels,4,Curvelet|4,Triclobs_Kaptein_1123,6.759833637064527,0.13353605568408966,0.9665547487893434,0.022767409682273865,0.7970417299548864,0.6438658333775922,9.828781155243544,0.6998117183302741,16.173847828736353,0.4171435362377434,0.24318684289630263,1.5540907164039404,0.2542569040069479,0.10995466319317129,0.6379654817711301,0.7598685746970975,0.5365264407402585
Curvelet,levels,4,Curvelet|4,Triclobs_jeep_in_smoke_R,7.1343027933153635,0.1394680291414261,1.0444445200364874,0.042022835463285446,1.2681447303238969,0.9616707548245809,23.108328980577955,0.62838189773873,16.564614920065285,0.46957198614620316,0.23996222120007416,1.3553057387768834,0.2777972775687515,0.15646873745176249,0.7631462033675537,0.8369208755716989,0.6785774826284524
Curvelet,levels,5,Curvelet|5,APC_1_view_1_fk_06_005,6.6624302226154954,0.10477129369974136,1.2379448276394018,0.026042390614748,0.6073511932925508,0.8084193147023436,14.784727753679531,0.7215823293874883,19.856162081925092,0.43219532838671915,0.24972426897344158,1.487330885642252,0.30090628800906094,0.11796305784049162,0.7140264584259716,0.87583785614325,0.1436106501479198
Curvelet,levels,5,Curvelet|5,APC_1_view_2_fk_ref_01_005,6.83593416386178,0.11845523864030838,1.1216659882459112,0.024845996871590614,1.2367972367897635,0.8044605577223782,14.106575704482506,0.7715633236283457,20.991592940906166,0.4607558614627781,0.2501109829885992,1.2230745168422685,0.3498997988113185,0.15608542655851787,0.7402327912149609,0.8774261199331032,0.1428148659155639
Curvelet,levels,5,Curvelet|5,APC_1_view_3_fk_ref_02_005,7.074173874268492,0.14687974750995636,1.101559614830737,0.029570160433650017,1.3555252710352508,0.9000598333368746,16.349613488804298,0.7333454224134299,19.89547294906877,0.4925298571324423,0.23312412148102912,1.1394597784580596,0.33832713905585704,0.15546076426723598,0.7491912636218996,0.8839360096751878,0.3476167687186946
Curvelet,levels,5,Curvelet|5,APC_3_view_1_fk_bar_06_005,6.683910796166131,0.1063694879412651,1.2250133451430656,0.024004459381103516,0.8788342155636335,1.1981490400417674,13.930062340546902,0.7901681932114559,23.406595828518412,0.4386381608802972,0.2592273199631953,1.2251137938203196,0.3526727657136315,0.14391760652808258,0.7360789885082463,0.8965339917519056,0.18025115394462207
Curvelet,levels,5,Curvelet|5,APC_3_view_2_fk_NL_01_005,6.8348583362592406,0.12628532946109772,1.1440483847907335,0.02227182127535343,1.003411317362251,0.9819594840309281,11.127247117744082,0.7806029817768132,20.11388136093175,0.39881115435719194,0.27791772173865603,1.1977364951278004,0.3325903260128419,0.12128410094541561,0.7102708192389082,0.8476434069464162,0.14972276052567726
Curvelet,levels,5,Curvelet|5,APC_3_view_3_fk_NL_05_005,6.9978554965283255,0.130830317735672,1.2164683625033477,0.02378077805042267,1.0962360811180938,0.8625344144293512,10.392794653236596,0.745507061507948,18.386893965423415,0.36507350963621343,0.2809192783771718,1.2071263083541617,0.2908001519452021,0.11868542176950067,0.6941678934660444,0.7838026580698714,0.05830656331136014
Curvelet,levels,5,Curvelet|5,Athena_2_men_in_front_of_house_meting003,6.861472957213219,0.11983836442232132,0.9909601655871502,0.027934040874242783,0.6296717268818368,0.4062502929644898,12.782116166543235,0.6714884790903515,15.456380742437425,0.4576062690997822,0.23829119033812063,1.778389936933288,0.2447972801113681,0.15506919113366122,0.6485628884679302,0.8244013474503719,0.4117749961045328
Curvelet,levels,5,Curvelet|5,Athena_APC_4_fennek01_005,6.044245328389084,0.06453165411949158,0.963028787553627,0.02498760260641575,0.3525124877368454,0.1394506828448287,10.434818131117044,0.7202841920653917,22.220461634252132,0.32858416376267435,0.3098587698595824,1.7686663962691527,0.2304011131913471,0.07363858247149621,0.6671137482970292,0.7341878912118921,0.33583569893058174
Curvelet,levels,5,Curvelet|5,Athena_heather_hei_vis,7.024726610390527,0.12970711290836334,0.9790308575694147,0.028876343742012978,0.7000158365644267,0.5690548653167256,13.379941480827702,0.6461454364156067,15.678254832218727,0.4174642465355635,0.2586469935266141,1.6519951348279889,0.2584867339719279,0.1471002712736329,0.678253693945574,0.772028754769176,0.1748224090174601
Curvelet,levels,5,Curvelet|5,Athena_helicopter_helib_011,5.402694721237083,0.052921514958143234,1.1682333865959742,0.014194120652973652,0.855660918400061,0.46893963191061894,6.201265464083502,0.8032176675566869,18.3462212861278,0.40454964322297604,0.26788048847557466,1.6834287311918685,0.33131153337739544,0.12438439606076467,0.6976511035935011,0.697347714828962,0.4294507029929875
Curvelet,levels,5,Curvelet|5,Athena_lake_lake,6.850615550411265,0.11806761473417282,0.9913629986592711,0.024592839181423187,0.8530887125853501,0.2823857061220486,12.242607052685848,0.6932718701122416,16.532247667067605,0.48053347427931514,0.2214414101769747,1.6720268215236782,0.28037038120848234,0.18799488180450952,0.7039059005595587,0.8442091977692285,0.6386854649663096
Curvelet,levels,5,Curvelet|5,Athena_man_in_doorway_maninhuis,7.216432473647962,0.14528529345989227,1.0063305655023527,0.03615324944257736,0.6453700134673246,0.20830130253959314,15.622672958585774,0.6173900664474432,14.898907988191075,0.46123826020644054,0.2376720251819682,1.7137935280610508,0.2243071271544162,0.1677004004153437,0.6597582810571934,0.801319062482715,0.27672818844277475
Curvelet,levels,5,Curvelet|5,Athena_soldier_behind_smoke_1_meting012-1200,7.225330073238178,0.15452994406223297,1.0627797818808795,0.031001387163996696,1.0498120065124272,0.32051798947200416,14.20186771038727,0.6179823377679537,13.41351839530118,0.4767924957917024,0.22964238720976138,1.32051838929383,0.2610423662636808,0.17909525820666494,0.6772831235205364,0.8422483298644488,0.2782381479789193
Curvelet,levels,5,Curvelet|5,Athena_soldier_behind_smoke_2_meting012-1500,7.085025257135026,0.14272107183933258,1.1406407670069751,0.0262756310403347,1.0174869835868336,0.43460976333104495,13.473736811511003,0.6362915279032324,11.163962070499132,0.4847950300341207,0.22531774452719255,1.500454763393762,0.29700075084419264,0.1710775744038447,0.6598270603858146,0.8447488722491322,0.3736177669087019
Curvelet,levels,5,Curvelet|5,Athena_soldier_behind_smoke_3_meting012-1700,7.118689981714226,0.13537105917930603,1.0174977824787454,0.035603828728199005,0.9793488902988562,0.20379026838936176,16.874155621553676,0.6292843369973354,13.717522160221334,0.47633722440019494,0.24034771855672288,1.4999189362371614,0.2405785448138255,0.17409658304071834,0.7206787914131665,0.8422867652622267,0.3528612656821247
Curvelet,levels,5,Curvelet|5,Athena_soldier_in_trench_1_meting016,6.85317166832132,0.11916513741016388,0.9993440724402297,0.027312781661748886,1.0215575734371383,0.4009236879772055,14.361312032050533,0.7085660022401388,16.37731712317817,0.5837454913285616,0.18479770844107757,1.6708982328770636,0.33131464360361285,0.23057703344091107,0.7961973825657379,0.9035132295854966,0.5885384887699965
Curvelet,levels,5,Curvelet|5,Athena_soldier_in_trench_2_meting055,6.619502921115532,0.10242670029401779,1.0023328243914396,0.030075371265411377,1.1113030887304287,0.19794731468794624,15.118667185510656,0.6995891676301991,18.994352513196226,0.6909338298504702,0.13992453379841308,1.6636109815911309,0.41192650462079583,0.2872208083388012,0.8671723567051572,0.9344103084974733,0.5181793017412374
Curvelet,levels,5,Curvelet|5,Triclobs_Bosnia_R,6.9744455985703535,0.20206859707832336,1.170646726105355,0.022882767021656036,0.928221572970638,1.2666487985751345,14.864401332995739,0.724526677567672,15.556466823564843,0.48141204747817257,0.22830409503170554,1.0048065236267276,0.352799717858359,0.21213346183463164,0.6782034563571274,0.8500770197524491,0.7591087995750846
Curvelet,levels,5,Curvelet|5,Triclobs_Kaptein_1123,6.864315769223343,0.14296798408031464,0.981494125469861,0.023104628548026085,0.7232806954566092,0.5812946036111784,9.993397905491062,0.6937548728227865,15.96438038970615,0.42027514540975547,0.2562971727052066,1.5607378812529973,0.26465359322825244,0.11281744789868639,0.6336427262227544,0.7730642019985539,0.5643122854677916
Curvelet,levels,5,Curvelet|5,Triclobs_jeep_in_smoke_R,7.216436835407582,0.1469779908657074,1.0564687433778406,0.04203714430332184,1.2298281515435945,1.0317734037336173,23.175479191455818,0.6333217192339594,16.43958211987727,0.4724236717989577,0.24094740340912787,1.4195363978235138,0.2897540361391616,0.1602069347381065,0.7690923127724758,0.8468319761730657,0.6936487880143013
TopHat_Clasico,r,1,TopHat_Clasico|1,APC_1_view_1_fk_06_005,6.517234828566954,0.09496992826461792,1.2109661005002688,0.029177019372582436,0.8883031274802031,0.7608779728670241,17.63447656804384,0.7091194982012021,20.11844768019694,0.3294689571464543,0.27011984103960984,1.4263060228068314,0.2515799204385939,0.06967553397270683,0.657152549353948,0.7957310643724608,0.1274556713646119
TopHat_Clasico,r,1,TopHat_Clasico|1,APC_1_view_2_fk_ref_01_005,6.723869146138152,0.11274190247058868,1.1032779353712536,0.02911054901778698,1.4006801027832165,0.7905065298609372,17.724172880524616,0.7501636863990476,21.13980139317215,0.4016499899220783,0.2922673847870099,1.127087817305093,0.3073523775787943,0.11257156082293057,0.7063619833048405,0.8256729940666959,0.17240085867509156
TopHat_Clasico,r,1,TopHat_Clasico|1,APC_1_view_3_fk_ref_02_005,7.043143451370438,0.14203721284866333,1.0967276922199642,0.03614836558699608,1.5580614989099342,0.9201652872020647,21.672734679073443,0.7015668832414443,19.941258399546882,0.4040853896949578,0.3156594997983933,1.0426852605243366,0.27903053591423294,0.12468862914928915,0.7043351832221848,0.8214568206021818,0.20305768594755175
TopHat_Clasico,r,1,TopHat_Clasico|1,APC_3_view_1_fk_bar_06_005,6.553110674518792,0.09894291311502457,1.201040569405808,0.028603190556168556,1.0475947868552553,1.122473160204676,17.52286934104933,0.7573944634062924,23.68632699863366,0.36938606070679114,0.3048344435005871,1.101947486007889,0.31378205874979964,0.10338162756801189,0.684541624413978,0.8283799624823217,0.16092526926338233
TopHat_Clasico,r,1,TopHat_Clasico|1,APC_3_view_2_fk_NL_01_005,6.766016413401877,0.12101747840642929,1.1325253236274848,0.02663533389568329,1.2170489000410063,0.9780366699700813,14.314320665844305,0.7559612705113452,20.276867375317362,0.34655370942206926,0.3308298644325742,1.1328287386622629,0.3057583334376459,0.08938355326967432,0.6658747138780701,0.7855509439251738,0.15790104748475958
TopHat_Clasico,r,1,TopHat_Clasico|1,APC_3_view_3_fk_NL_05_005,6.909914678396379,0.12430950999259949,1.2011812187371973,0.02641894482076168,1.3799576996193381,0.8623311022181132,12.850725007027206,0.7400744006699371,18.551000120425808,0.31716542761512084,0.2816298043784394,1.1372456351544642,0.2663425577390912,0.07448412024031192,0.6626111796138799,0.7284441919389597,0.11874578429312532
TopHat_Clasico,r,1,TopHat_Clasico|1,Athena_2_men_in_front_of_house_meting003,6.522690481896909,0.09634138643741608,0.9420319048578639,0.02569030597805977,0.8100471727707559,0.6915333689984575,12.609789048728413,0.7122905898382347,15.805734145032579,0.37979817829079937,0.1807573237643518,1.7696315192101666,0.21898953506581026,0.12037331975236959,0.6570960346410651,0.7425333722637919,0.28112216233955833
TopHat_Clasico,r,1,TopHat_Clasico|1,Athena_APC_4_fennek01_005,5.721245025963018,0.05173226445913315,0.9115651932213743,0.028530580922961235,0.3691110280398655,0.13878259027356069,13.91885703894481,0.7174725217275344,22.680199955039193,0.2956669954850844,0.3223533240292587,1.7122805810914659,0.20339208207030837,0.05849049494359852,0.648281327503845,0.6965972197057057,0.2940867406011926
TopHat_Clasico,r,1,TopHat_Clasico|1,Athena_heather_hei_vis,6.78775595708879,0.11059200018644333,0.9460044360745735,0.033498287200927734,0.7474255846897618,0.6100570559482154,16.804919276947704,0.6288828196238858,16.01607296535799,0.3355362186569087,0.29806734674552327,1.6425950749147162,0.1976844717324358,0.11312166772171285,0.636150771688299,0.6691988835439642,0.1003679144659913
TopHat_Clasico,r,1,TopHat_Clasico|1,Athena_helicopter_helib_011,5.166368469459826,0.04141491279006004,1.117132180309038,0.016363993287086487,0.812304983043848,0.4804645770181535,7.67716515388134,0.7884190082684792,18.510271877947858,0.3007076460041037,0.33531561358130724,1.7000644756684067,0.2823481016882764,0.06954559900069081,0.65258988535828,0.573821434453767,0.29808152782743125
TopHat_Clasico,r,1,TopHat_Clasico|1,Athena_lake_lake,6.619066129235019,0.10050372034311295,0.95785512964722,0.024813484400510788,1.1606033296229878,0.3936620765244352,12.896243834663121,0.7104163756657932,16.90892572880806,0.3851800930963564,0.2045396103691168,1.6657102627469746,0.22304948518354656,0.1200443428962624,0.6816957658537274,0.7643761297150575,0.4203319317991128
TopHat_Clasico,r,1,TopHat_Clasico|1,Athena_man_in_doorway_maninhuis,6.825617885660174,0.11169875413179398,0.9518315222739319,0.03131052106618881,0.8478799300270936,0.5043126734628058,14.949054465030313,0.6685393521897526,15.457853658584597,0.38962223176085276,0.14598663216471572,1.7046199483543258,0.21157605276596156,0.12440717126094972,0.6729417040628507,0.7359008492612458,0.2068509055520898
TopHat_Clasico,r,1,TopHat_Clasico|1,Athena_soldier_behind_smoke_1_meting012-1200,6.999918214623926,0.1389838457107544,1.029623764992636,0.030140666291117668,1.2031288848842705,0.549796397636108,15.510275925670474,0.642173099142042,13.597206556254529,0.3838581658703241,0.19753276816343684,1.306131751130699,0.22045134068476058,0.11567468514708407,0.6624073294547226,0.7577229989368977,0.20813723243741483
TopHat_Clasico,r,1,TopHat_Clasico|1,Athena_soldier_behind_smoke_2_meting012-1500,6.953873179884306,0.13420449197292328,1.1195261766476585,0.030054962262511253,1.2060660930865823,0.7608355783484406,16.623725365580853,0.6303441859157572,11.218147097979843,0.4072370636486093,0.2825108842973397,1.4588178474367093,0.2589772460378228,0.15937631647596742,0.6320051303417129,0.7540287723611132,0.2624056681209734
TopHat_Clasico,r,1,TopHat_Clasico|1,Athena_soldier_behind_smoke_3_meting012-1700,6.987686332050632,0.12359876185655594,0.9987729997769104,0.0451124906539917,1.0314086390518766,0.21087796109905135,22.996376588268802,0.5843608915594143,13.811201195009637,0.3974135613120211,0.3466580923640466,1.4288895957988585,0.2088460572616349,0.12969158270202635,0.6778717677617755,0.7373784058112139,0.22676196200023008
TopHat_Clasico,r,1,TopHat_Clasico|1,Athena_soldier_in_trench_1_meting016,6.6721787467581795,0.1035933718085289,0.9729512995648832,0.03320327028632164,1.1256631563631943,0.43227307431512974,17.070186503297542,0.6585367348451139,16.66943709370077,0.4370646661201483,0.28672093744466043,1.626922823447122,0.23743284964952924,0.14345250658193984,0.735075708014715,0.7852718708673398,0.34356221136624837
TopHat_Clasico,r,1,TopHat_Clasico|1,Athena_soldier_in_trench_2_meting055,6.501280026341281,0.09070412814617157,0.9844313762859015,0.03973422199487686,1.108925330018553,0.1754201028485496,19.960730296880094,0.6168208343056955,19.259884911598746,0.4892473320042643,0.31018288082388223,1.5824724623140187,0.2645477344525229,0.1557113305092071,0.7756629429099269,0.8117950179206782,0.33755129073653545
TopHat_Clasico,r,1,TopHat_Clasico|1,Triclobs_Bosnia_R,6.811077164543592,0.19114930927753448,1.1432256616294074,0.02959873154759407,0.9847132923605804,1.2784061180582165,19.100526582405735,0.6530013471305948,15.702653831249167,0.3573151381481846,0.36764372692185115,0.8632851361535002,0.31537903191839756,0.16376157672584138,0.6182375051610481,0.7268607437700165,0.34467735310832015
TopHat_Clasico,r,1,TopHat_Clasico|1,Triclobs_Kaptein_1123,6.708563329005793,0.12639865279197693,0.9592238642755079,0.02519354224205017,0.8558518832559465,0.6814828616025659,11.209298822144657,0.6960220174091696,16.319408952094232,0.33618458102512305,0.29420966784583796,1.5487615538380104,0.23973849319855384,0.07272529345280893,0.6191986521167413,0.6663866873426674,0.34382135566697125
TopHat_Clasico,r,1,TopHat_Clasico|1,Triclobs_jeep_in_smoke_R,7.152190879194909,0.1403035819530487,1.0470632921592993,0.059991784393787384,1.0177248458110177,0.7346061725859921,37.238417266785824,0.5329349037176411,16.302140955610827,0.3422864003505697,0.4504909279244321,1.2088413096585544,0.23980254220457714,0.12212747095395377,0.6711739742726852,0.695500242397843,0.4522603234695634
TopHat_Clasico,r,3,TopHat_Clasico|3,APC_1_view_1_fk_06_005,6.669880127503938,0.10699208825826645,1.239329092977258,0.03957511857151985,0.6284715179131278,0.6497193550626161,21.479141742791047,0.6247878920661774,19.610013903262885,0.31720763319396184,0.49733240024183906,1.4292203668209096,0.2740566644807616,0.08708601150381715,0.6260560678815168,0.7971140061042191,0.1681605457570844
TopHat_Clasico,r,3,TopHat_Clasico|3,APC_1_view_2_fk_ref_01_005,6.85010659192716,0.12315590679645538,1.1239914539614584,0.0404684878885746,1.1711053967679608,0.7259623933636574,22.13741580121251,0.655841999480788,20.48075905888949,0.3389788517472063,0.5336176842498791,1.1553681633754702,0.3255291447104795,0.13762654672910302,0.6476268517281263,0.8041861355592718,0.1731406753294472
TopHat_Clasico,r,3,TopHat_Clasico|3,APC_1_view_3_fk_ref_02_005,7.151364284993913,0.15318746864795685,1.1135793701574483,0.05034184083342552,1.2639750449304958,0.8288914096806022,27.07024220912394,0.6092468787691739,19.227686888720154,0.3376262218915425,0.5516934682451614,1.0537159516141998,0.29867762666240477,0.14591358285183517,0.6442493956932613,0.792656381337851,0.3416822766409974
TopHat_Clasico,r,3,TopHat_Clasico|3,APC_3_view_1_fk_bar_06_005,6.720674241513958,0.11010969430208206,1.2317512733617304,0.038199737668037415,0.9235375378425563,0.9967668735232117,21.31690009262126,0.6705573123599178,22.691700638564654,0.32771941318403314,0.5282335013886341,1.131561264860739,0.3337749879531402,0.12390281976115428,0.6338018004870024,0.8105473010288605,0.22527734888587775
TopHat_Clasico,r,3,TopHat_Clasico|3,APC_3_view_2_fk_NL_01_005,6.879450514636355,0.1279950886964798,1.151512418006462,0.03606142848730087,1.0111715046242227,0.8404774191346213,17.615085198072258,0.6664076706960104,19.921286174542004,0.2825964001922423,0.5684835185502619,1.15024140039277,0.327712439540523,0.10814192522539615,0.6093543280905227,0.7570865675956188,0.20184444462682907
TopHat_Clasico,r,3,TopHat_Clasico|3,APC_3_view_3_fk_NL_05_005,7.001384898070732,0.13186386227607727,1.2170818940798482,0.036209963262081146,1.0642035673373131,0.7433872313687359,16.180655136524955,0.6564062426946916,18.292004462127583,0.27384540231226373,0.5338993323148179,1.1713301251644177,0.27804549252787264,0.09648814357047286,0.614924656342982,0.7125566595576993,0.09987464374147217
TopHat_Clasico,r,3,TopHat_Clasico|3,Athena_2_men_in_front_of_house_meting003,6.75365500785985,0.11594761908054352,0.9753886850011688,0.039865706115961075,0.6687759707447858,0.47976139813801416,18.842650926002243,0.6190467732786793,15.452719706830047,0.3631565296078049,0.4499987138109566,1.7548131193364689,0.22825742834948964,0.13583561950086875,0.6186484530187691,0.7643395096137341,0.27766521539162653
TopHat_Clasico,r,3,TopHat_Clasico|3,Athena_APC_4_fennek01_005,6.086922577345498,0.06767120212316513,0.969828547835623,0.03872162103652954,0.34024973599142194,0.14036013729790336,17.68498032078188,0.6393035038673236,21.97548063766346,0.25277846541500315,0.5650070029388612,1.7259353838236997,0.21991261092389228,0.07675991307884143,0.6060677139153549,0.6710627662222814,0.25838660341679504
TopHat_Clasico,r,3,TopHat_Clasico|3,Athena_heather_hei_vis,6.934643492934466,0.1244012713432312,0.9664760413285829,0.0468953438103199,0.6291330823613699,0.5138970171677435,22.1600204067144,0.5403356429604463,15.729912312268798,0.29344218949144457,0.524198392576168,1.6490758864811104,0.2117475266965146,0.13696545397974513,0.5876347782387639,0.6958573323053036,0.12837686323045733
TopHat_Clasico,r,3,TopHat_Clasico|3,Athena_helicopter_helib_011,5.413754145490555,0.04693477228283882,1.1706247837257526,0.022412829101085663,0.6867646559908761,0.3700263361086928,9.851831425230548,0.7124052876188767,18.42106262157682,0.27060303066735114,0.5282280054954038,1.6963284449034912,0.3356478584289473,0.10610874202048995,0.6100853966445011,0.5743935920122725,0.32931449633818294
TopHat_Clasico,r,3,TopHat_Clasico|3,Athena_lake_lake,6.727980338363077,0.11408126354217529,0.97361627054956,0.03649459779262543,0.8770973059046763,0.3237304488925785,17.76937599057576,0.6141771045119844,16.612492093391314,0.36345459865819,0.4501782462548691,1.6656524314518557,0.22916662233146798,0.13958945951896912,0.6450030295728726,0.7951390328832947,0.48946705402781965
TopHat_Clasico,r,3,TopHat_Clasico|3,Athena_man_in_doorway_maninhuis,7.055368830598345,0.13621419668197632,0.9838702615247481,0.04904056340456009,0.6767359690657676,0.3523579034327175,22.26458272933132,0.579352469939202,15.006361996349849,0.3703837842594814,0.4194515863106314,1.6953480288496638,0.2102462409383868,0.1334458704926544,0.6368610873418992,0.7499220714403365,0.2190682921805407
TopHat_Clasico,r,3,TopHat_Clasico|3,Athena_soldier_behind_smoke_1_meting012-1200,7.16968036556425,0.1518288552761078,1.0545942203101366,0.04499347507953644,1.0417907855819122,0.3727671541971157,20.93419272945613,0.5540097104453545,13.413459551485849,0.36160445664229995,0.45905022468025103,1.2889826628382697,0.22544504894958042,0.1297887903033006,0.629823925646355,0.7804386816276501,0.23219065290136048
TopHat_Clasico,r,3,TopHat_Clasico|3,Athena_soldier_behind_smoke_2_meting012-1500,7.0768082695085734,0.14565987884998322,1.1393178880152193,0.042648281902074814,1.0356713889144324,0.4159077856417953,21.83159429267644,0.5397209581754617,11.135633150208747,0.35385731329155146,0.5114543596336407,1.4556418866245289,0.2769238654420978,0.16876707332079607,0.5894479771080742,0.7601191205132788,0.26624855105824824
TopHat_Clasico,r,3,TopHat_Clasico|3,Athena_soldier_behind_smoke_3_meting012-1700,7.1493101479775065,0.14212778210639954,1.021874423595587,0.06463693827390671,0.8466132721320021,0.14119418020056385,30.51571042429726,0.4892940057097214,13.549236961095161,0.31549263704760977,0.5928386917230403,1.398836169931036,0.23548986544625727,0.16717637146160383,0.6125502660879844,0.7513487931254834,0.2525716178640439
TopHat_Clasico,r,3,TopHat_Clasico|3,Athena_soldier_in_trench_1_meting016,6.830205946266441,0.12027187645435333,0.9959951619918103,0.04753275588154793,0.901812078312515,0.3394875353798107,23.259684045406622,0.549456906505237,16.329211479180504,0.36043774352723007,0.5213586877818054,1.6243775435176722,0.2730084636963687,0.18324560485851796,0.6619952785536698,0.812905537546925,0.35275782721224036
TopHat_Clasico,r,3,TopHat_Clasico|3,Athena_soldier_in_trench_2_meting055,6.707651157796028,0.1096215546131134,1.0156803328206974,0.05773976817727089,0.7992698042176096,0.13718894060002002,27.14456081494307,0.49892306237965045,18.546553842483114,0.347557239251352,0.5756672863417077,1.5484345583123251,0.3086590081481575,0.19648326252592022,0.6837456017247164,0.8304956786697987,0.3739464560865239
TopHat_Clasico,r,3,TopHat_Clasico|3,Triclobs_Bosnia_R,6.929220654589704,0.1954224705696106,1.1630558098295012,0.037748780101537704,0.9340653350459631,1.1478156033382374,22.336046538098042,0.5880329393900396,15.57315683928781,0.2962120056777716,0.5369968837148246,0.8669185463434337,0.3477902852869175,0.1668207460389808,0.5737872161475603,0.7119914036537559,0.3431604384529504
TopHat_Clasico,r,3,TopHat_Clasico|3,Triclobs_Kaptein_1123,6.868512991853517,0.13299034535884857,0.9820942653080186,0.03585754334926605,0.7268926904312585,0.5792215757408348,14.848802594494536,0.6016945861061924,16.15627936009253,0.2910364477884417,0.5219849580640317,1.5508895628986785,0.27275360962762185,0.10508943092858863,0.568401623042811,0.66039079363371,0.30095737941337636
TopHat_Clasico,r,3,TopHat_Clasico|3,Triclobs_jeep_in_smoke_R,7.298262768616969,0.15683704614639282,1.068447860330585,0.07751519232988358,0.8686088871146871,0.5671173490251538,43.44685743594304,0.47236205525275904,15.79687886209645,0.267369825463351,0.6245985313624988,1.1972141007407322,0.28572392901850235,0.15881630866888416,0.6214456391403451,0.6716434229621773,0.4143611607923081
TopHat_Clasico,r,5,TopHat_Clasico|5,APC_1_view_1_fk_06_005,6.821137751556261,0.1199457049369812,1.2674342418613673,0.043924156576395035,0.5419105503265993,0.6452307846921217,22.94585123793091,0.5854731213854552,19.008003522342896,0.30293833105616824,0.5739053228305495,1.4182297654979537,0.3129911142519565,0.11076087208821432,0.6068212579541924,0.7739256685860663,0.12434360958364479
TopHat_Clasico,r,5,TopHat_Clasico|5,APC_1_view_2_fk_ref_01_005,6.9459606251969515,0.13152509927749634,1.1397195470614918,0.0442679338157177,1.0288597277172196,0.6941632473849344,23.16732591235055,0.6172192981182562,19.974340077483898,0.3042029159151314,0.607579039536628,1.1710912325673142,0.36071499920614636,0.15034381925244167,0.6225153520226108,0.7807953540998359,0.19259743087472087
TopHat_Clasico,r,5,TopHat_Clasico|5,APC_1_view_3_fk_ref_02_005,7.220287564378461,0.1617814302444458,1.1243118037166342,0.05452753230929375,1.1174475757720104,0.78358941991636,28.33557117506356,0.5764615399862469,18.719901955157678,0.30406952803859105,0.6170547934904638,1.0624852455403133,0.3307770729075511,0.15503667483307973,0.6219829097338478,0.7660585939203731,0.36963960155918457
TopHat_Clasico,r,5,TopHat_Clasico|5,APC_3_view_1_fk_bar_06_005,6.852190647450598,0.12037898600101471,1.255855328201907,0.04148518294095993,0.8558320501707811,0.953975949428544,22.1486048189836,0.6373700252726704,21.824256021520814,0.3042160152103425,0.5977646259621322,1.1534155957171377,0.361377252552848,0.13659972820950672,0.6170382709184296,0.7859633978813663,0.23330039829971982
TopHat_Clasico,r,5,TopHat_Clasico|5,APC_3_view_2_fk_NL_01_005,6.946209205651188,0.135447159409523,1.1626867787420883,0.03917071968317032,0.9127814162719463,0.76544632926887,18.48379107852808,0.632091991813356,19.548038829884568,0.25285594525451965,0.6365135800313234,1.1691742534349983,0.35675549471163803,0.11803776821004464,0.5901452707557571,0.730642139189299,0.2092196409986573
TopHat_Clasico,r,5,TopHat_Clasico|5,APC_3_view_3_fk_NL_05_005,7.069435474859102,0.14056171476840973,1.228911428678587,0.039961379021406174,0.925389426150286,0.6693899273800151,17.16421575902923,0.6188913485200207,17.97382568371767,0.24980348409815276,0.6122617504997686,1.1926760176300646,0.3072181129655639,0.11178280584851666,0.5933286941954894,0.6825939180131472,0.10291690872406065
TopHat_Clasico,r,5,TopHat_Clasico|5,Athena_2_men_in_front_of_house_meting003,6.926865863591391,0.13151998817920685,1.0004044592157673,0.04464906081557274,0.6212818680746572,0.4118069670581435,20.5491366471556,0.581244287015847,15.158299859521202,0.3397438779771946,0.5246931485479908,1.748464369635271,0.25660583391263114,0.143859698427406,0.59755345279832,0.7522659070635114,0.2949521858623156
TopHat_Clasico,r,5,TopHat_Clasico|5,Athena_APC_4_fennek01_005,6.337405286641131,0.08030252903699875,1.0097379239000144,0.04199258238077164,0.3388650643867459,0.1363375615175254,18.665485901723226,0.6067372076558103,21.337324484360938,0.23788538813245225,0.6294154036940648,1.7254221814952513,0.24787220285958939,0.08763523402643224,0.5905377216329747,0.6492434158774024,0.28466898908674215
TopHat_Clasico,r,5,TopHat_Clasico|5,Athena_heather_hei_vis,7.015002084015338,0.13119597733020782,0.9776755576517673,0.04971718788146973,0.5798441200489206,0.47524019846825927,22.87325821660731,0.5179070282721931,15.5798606104021,0.2823369823294097,0.5700706604518634,1.645424933368167,0.23716807314334287,0.14378397677861177,0.5796757079105626,0.6999358072393427,0.1456484067760714
TopHat_Clasico,r,5,TopHat_Clasico|5,Athena_helicopter_helib_011,5.541667256637127,0.05227968096733093,1.1982836418946945,0.024082966148853302,0.6873869475556722,0.33717961165334465,10.44722808437979,0.6865647978034146,18.327258096692447,0.2663445894788764,0.5747304042234277,1.68391870787389,0.39116658449991265,0.12950637631493517,0.5982008571998465,0.5864053530301377,0.3486901825449752
TopHat_Clasico,r,5,TopHat_Clasico|5,Athena_lake_lake,6.823736835861447,0.12212084233760834,0.9874733389841468,0.04018203914165497,0.7462243911576192,0.2909855925606265,18.88932064890799,0.5773235475970371,16.41734248173686,0.3425904049133112,0.5169362631005466,1.6619572547967265,0.25891115696668954,0.15571050702450084,0.6253920594530002,0.7830394166011383,0.49901559196923234
TopHat_Clasico,r,5,TopHat_Clasico|5,Athena_man_in_doorway_maninhuis,7.243181474703366,0.15752004086971283,1.0100607102043235,0.05609130859375,0.6045303959462041,0.2879186939637323,24.560380200359205,0.540912632313752,14.552841225362773,0.3401220772694007,0.5076558871979423,1.680299156514203,0.23188959661773742,0.14282198596380913,0.6111728234617418,0.7305092731891134,0.2330480104835942
TopHat_Clasico,r,5,TopHat_Clasico|5,Athena_soldier_behind_smoke_1_meting012-1200,7.30639098703219,0.16286982595920563,1.074703098796207,0.050371814519166946,0.9691503555771585,0.29427625186229733,22.348804678667374,0.5162448905236221,13.241241770036343,0.3381413722641763,0.5363622204997575,1.2783194056572644,0.25196809070459536,0.14218851731578988,0.6062992716076194,0.7691602504896686,0.24295973422336453
TopHat_Clasico,r,5,TopHat_Clasico|5,Athena_soldier_behind_smoke_2_meting012-1500,7.165126168858375,0.15199093520641327,1.153536467737762,0.045485492795705795,0.9658942009096508,0.33751294015971484,22.372299648092593,0.5098914418123672,11.091772802973736,0.32943767492330284,0.5609375195210551,1.4706566979896614,0.30437672674191896,0.166141847611337,0.5713045398396092,0.7536685647609265,0.27775034151552375
TopHat_Clasico,r,5,TopHat_Clasico|5,Athena_soldier_behind_smoke_3_meting012-1700,7.241811742469827,0.15054914355278015,1.0350959808643332,0.06810265779495239,0.8060543822419044,0.13158560155148039,31.50251286221972,0.46877144924309394,13.427526294679488,0.2892691888070697,0.6364038503534445,1.4024601428015506,0.26211907468589574,0.18116533566275153,0.5969238074718658,0.7421432290949211,0.2550356179030609
TopHat_Clasico,r,5,TopHat_Clasico|5,Athena_soldier_in_trench_1_meting016,6.930551191099202,0.12857955694198608,1.010627719072603,0.05074641853570938,0.8454366983530536,0.32572695817541,24.300662154775175,0.5243953636734167,16.16213423202352,0.33477501241224294,0.5743714197970669,1.6397835712343047,0.3116218461772115,0.19915997129804977,0.6443438917159212,0.8166791038617065,0.37446483342078674
TopHat_Clasico,r,5,TopHat_Clasico|5,Athena_soldier_in_trench_2_meting055,6.799826675023262,0.11783209443092346,1.0296376567501724,0.06114858016371727,0.7386503289717294,0.1357510309581045,28.384155418820637,0.47753215428723805,18.250960626916,0.30884611649318877,0.6287175039581862,1.563453782000471,0.3557267862242525,0.21158718712406874,0.6655223521029939,0.8300120285343182,0.3904467907228759
TopHat_Clasico,r,5,TopHat_Clasico|5,Triclobs_Bosnia_R,6.958708951566296,0.20357267558574677,1.1680053614212644,0.04012708365917206,0.8969083137079009,1.1056524245911163,24.002999327106767,0.5721813072496669,15.33262500913067,0.29279663280373913,0.5760236833362217,0.886471878740534,0.3717023500057183,0.1752862287296105,0.5652514370148696,0.7511387605158758,0.45995044719624545
TopHat_Clasico,r,5,TopHat_Clasico|5,Triclobs_Kaptein_1123,6.926605617050715,0.13895951211452484,0.9904006387735015,0.03861993923783302,0.6987349954943606,0.5360815573580213,15.954726449277253,0.5772534274976697,15.98544317250844,0.28056847019907966,0.5708997811147334,1.5452324295994941,0.29803770025055143,0.12101046079330535,0.5546389007503602,0.6772929183070013,0.32813904989193937
TopHat_Clasico,r,5,TopHat_Clasico|5,Triclobs_jeep_in_smoke_R,7.367403435196135,0.16592174768447876,1.07856988520286,0.08151665329933167,0.8535210302044214,0.5374825226145585,44.903125556733116,0.4563558112355669,15.54350633490053,0.24427083082028883,0.661953454079181,1.2265200358940072,0.3233735547744793,0.1738560502044008,0.6095219843758208,0.6703873438234258,0.40613389645160947
TopHat_Clasico,r,7,TopHat_Clasico|7,APC_1_view_1_fk_06_005,6.953563810834118,0.12961536645889282,1.2920403014597424,0.04587574675679207,0.5273007853848821,0.696173694462444,23.368721304353517,0.5658156632597642,18.576695964543415,0.2868977815718857,0.6073781743888175,1.421098784684349,0.3443775798448887,0.12259589226126372,0.5936392725223952,0.759008405670537,0.12386799342622636
TopHat_Clasico,r,7,TopHat_Clasico|7,APC_1_view_2_fk_ref_01_005,7.041963697962333,0.13913960754871368,1.1554720951268749,0.046012718230485916,0.9436030790521248,0.6845156999230968,23.547114132104703,0.5975269848117728,19.54225803455178,0.2847626938947505,0.6413710744978457,1.1858076046658077,0.3919125468795255,0.1557299306403735,0.6084338527537363,0.7681065747482158,0.20081989225059516
TopHat_Clasico,r,7,TopHat_Clasico|7,APC_1_view_3_fk_ref_02_005,7.2835773603931075,0.16888585686683655,1.1341670157257988,0.05617210641503334,1.02973735178816,0.7619826898666731,28.681774358154556,0.561082946777806,18.35684611280869,0.28841138677315714,0.6448533611730832,1.0826121462359475,0.3578166517702687,0.15730762680758997,0.6110306794156039,0.7553778484390502,0.37713079424685997
TopHat_Clasico,r,7,TopHat_Clasico|7,APC_3_view_1_fk_bar_06_005,6.975381203928962,0.12992307543754578,1.2784334385752767,0.043183229863643646,0.8126649030019483,0.9486206605689002,22.54376790484619,0.6189750811433778,21.076439319278254,0.28563170594697485,0.6340319127619095,1.1754811066295336,0.38576175295846515,0.14348036940566128,0.6055629557338967,0.7695817342285378,0.2310493074521218
TopHat_Clasico,r,7,TopHat_Clasico|7,APC_3_view_2_fk_NL_01_005,7.010806056933916,0.14179450273513794,1.1734992813188452,0.04060690850019455,0.8590790425707564,0.7386872736453156,18.811760762916634,0.615040853868601,19.21136972110111,0.23600405986124348,0.667340202344491,1.1764797515528156,0.38393175961006853,0.12377510417327472,0.5797271990100596,0.7165352687602529,0.20853530996568553
TopHat_Clasico,r,7,TopHat_Clasico|7,APC_3_view_3_fk_NL_05_005,7.145211264783343,0.14831405878067017,1.2420838714551303,0.04168663173913956,0.8664482416141706,0.6576831654516199,17.597861967235108,0.60034121046233,17.692857219702887,0.23468957602909535,0.6451339921617075,1.2103403418598544,0.33165368325406147,0.11836198142479706,0.5813370488995198,0.664767528923217,0.10516363491293422
TopHat_Clasico,r,7,TopHat_Clasico|7,Athena_2_men_in_front_of_house_meting003,7.024580575097056,0.14242134988307953,1.014516791552829,0.04640718922019005,0.6039768801797242,0.38463685582398754,21.204663166033868,0.565382331594444,14.954766853899619,0.32740922827360547,0.5519813088492128,1.7496506221401988,0.2791261201602257,0.14697486433322576,0.5883696122539881,0.7450175751511505,0.3031504460337174
TopHat_Clasico,r,7,TopHat_Clasico|7,Athena_APC_4_fennek01_005,6.499034746284559,0.08927539736032486,1.0354903237607995,0.04345894977450371,0.3447825637840089,0.13116973208194455,19.045774635491085,0.5897504118279028,20.853888296282154,0.22944616038569635,0.6565439012342963,1.7198401710596385,0.2694054358850274,0.09316756706937279,0.5812626974850122,0.6354230419673563,0.2884695388947475
TopHat_Clasico,r,7,TopHat_Clasico|7,Athena_heather_hei_vis,7.090546329332306,0.13852088153362274,0.9882041022313824,0.050857458263635635,0.5553826691060665,0.4562857751796982,23.083184848939574,0.5084160237532068,15.419959097976836,0.27968862118124593,0.5918708660184883,1.6425103096290452,0.2602325125825348,0.14398677798869025,0.5790517649930614,0.7071505677033576,0.16123179153056919
TopHat_Clasico,r,7,TopHat_Clasico|7,Athena_helicopter_helib_011,5.62932243291432,0.05739346519112587,1.217237461926844,0.024877751246094704,0.6946562954763383,0.33927878426300795,10.744169148931705,0.6747635624040111,18.239703989528028,0.2667503622732721,0.5961809494555784,1.6705470901036281,0.4284505236837002,0.1387685673554005,0.5924616416328053,0.6046348713113897,0.3802739249203236
TopHat_Clasico,r,7,TopHat_Clasico|7,Athena_lake_lake,6.906576810515386,0.12866325676441193,0.9994612377470333,0.041944894939661026,0.6761108384054704,0.2654272714125361,19.390321543476446,0.5595560314159861,16.245612604463947,0.33144414184302723,0.5478285867513439,1.6557321778984742,0.28895461249594945,0.16544134877640382,0.61513695021697,0.776454064230405,0.4989128973283442
TopHat_Clasico,r,7,TopHat_Clasico|7,Athena_man_in_doorway_maninhuis,7.333732354287855,0.17209047079086304,1.0226880185303904,0.058722976595163345,0.5785153164203936,0.2616955597024811,25.42591249356473,0.5238498562523577,14.229752013784733,0.3248437877328688,0.538839856110838,1.6691715594520873,0.24947327790567236,0.146230691220481,0.5987135103032551,0.718156574299504,0.2344082739703263
TopHat_Clasico,r,7,TopHat_Clasico|7,Athena_soldier_behind_smoke_1_meting012-1200,7.406536596356972,0.1729493886232376,1.089433599376206,0.05285128578543663,0.9315649346728974,0.25604768149875085,23.029305313340142,0.49747435609198154,13.082563149850106,0.32325808095795877,0.5708099636906363,1.2707621447665352,0.2778081759612941,0.14836199791021223,0.5927452410184776,0.7600430076980818,0.2479879106680407
TopHat_Clasico,r,7,TopHat_Clasico|7,Athena_soldier_behind_smoke_2_meting012-1500,7.221078663871634,0.15705762803554535,1.1625444380006211,0.046263787895441055,0.9279004275254601,0.31518268383528003,22.35883238397344,0.49853388090491674,11.055875098190516,0.31991875713664264,0.5762279100377833,1.48276151889447,0.3227146999322552,0.16147495700010955,0.5632011575951392,0.7456266059589419,0.27947929458634363
TopHat_Clasico,r,7,TopHat_Clasico|7,Athena_soldier_behind_smoke_3_meting012-1700,7.3069525362811,0.15704043209552765,1.0444067688635479,0.06888691335916519,0.7927062356601853,0.13371490208124853,31.638824472543185,0.4629459833866033,13.342303455626986,0.28173281469850797,0.6487211032437232,1.4160550823119604,0.27886475748018097,0.1813956105836918,0.5924518569028294,0.7387815324643969,0.25937119972826345
TopHat_Clasico,r,7,TopHat_Clasico|7,Athena_soldier_in_trench_1_meting016,6.993708235120703,0.13534720242023468,1.0198374135951385,0.05206739157438278,0.8155938409027457,0.3126089889256805,24.770972778961266,0.5141132376487166,16.00095703836005,0.3225239971571085,0.5972151012002954,1.6399288856505572,0.3407643667220127,0.20603975649636863,0.6370691315136682,0.8164178931755399,0.38729242659271595
TopHat_Clasico,r,7,TopHat_Clasico|7,Athena_soldier_in_trench_2_meting055,6.859646230744293,0.12427254021167755,1.0386956033897061,0.062248703092336655,0.7142290132093017,0.14277862356306556,28.84189435381819,0.4704699213590224,18.015944041084737,0.29774753574616003,0.6463885291164204,1.576721832734934,0.3931814769243033,0.21738933362635893,0.6598966175862283,0.8268257108085523,0.4002684074157646
TopHat_Clasico,r,7,TopHat_Clasico|7,Triclobs_Bosnia_R,6.994737112916991,0.20762720704078674,1.1740526161509353,0.04088540002703667,0.8824660556623326,1.085607061225471,24.3881684245724,0.5660242833475178,15.251291895559627,0.28802587962543424,0.5889609565292137,0.9159151698403409,0.38494317433304104,0.1768771810697753,0.5613436310595602,0.7467287366009177,0.4672917451072696
TopHat_Clasico,r,7,TopHat_Clasico|7,Triclobs_Kaptein_1123,6.9648360471664725,0.14529907703399658,0.9958670164627446,0.0398557148873806,0.6825358261584206,0.5181190160179441,16.584419685245724,0.5661711782974531,15.812840227591508,0.27830789460580885,0.5909139078470037,1.5445102609290555,0.3177866463757404,0.1272110874477916,0.5481330501304035,0.6789384842396704,0.35940164249946954
TopHat_Clasico,r,7,TopHat_Clasico|7,Triclobs_jeep_in_smoke_R,7.423697424766877,0.1738172471523285,1.0868111879091655,0.08260981738567352,0.8483350863201519,0.5452668591118536,45.3260888099902,0.4511999412528047,15.35944505426527,0.24196354137863027,0.6727652662485832,1.276933778541748,0.3463261565160589,0.18052103349762816,0.6076787985730362,0.6790594960868254,0.4313690848692635
TopHat_Clasico,r,9,TopHat_Clasico|9,APC_1_view_1_fk_06_005,7.04719069640097,0.13742145895957947,1.3094370943480242,0.04678665101528168,0.5279544396475812,0.7477631363526256,23.604918949278726,0.5555233620343578,18.23074432247654,0.27849530731137145,0.6237669704026652,1.4246457886827897,0.3657882356979653,0.1285610849966819,0.5868068505615841,0.7510184839724287,0.12331283435084262
TopHat_Clasico,r,9,TopHat_Clasico|9,APC_1_view_2_fk_ref_01_005,7.123219410711033,0.14571401476860046,1.1688048404629428,0.046829890459775925,0.9057678992777344,0.6858441560744961,23.69005393287602,0.5870451044456628,19.209829208834677,0.27235503133901023,0.6584028177346503,1.2083398482377137,0.4099457553921771,0.1568780548012917,0.6001560569691738,0.760726492767099,0.20357861043819378
TopHat_Clasico,r,9,TopHat_Clasico|9,APC_1_view_3_fk_ref_02_005,7.347161582695419,0.17504267394542694,1.1440680745170473,0.057004109025001526,0.9828820336290275,0.7617648183279493,28.854993808470287,0.5519039845865235,18.0455233673715,0.27932215164481766,0.6592501301676076,1.0965510520807917,0.3764886621578344,0.15897747796676656,0.6037233443031527,0.7470564043813601,0.3789998853448173
TopHat_Clasico,r,9,TopHat_Clasico|9,APC_3_view_1_fk_bar_06_005,7.067072435093026,0.13991810381412506,1.2952384177609662,0.04394172877073288,0.7922419289246774,0.9652393046618419,22.922699539041364,0.6089490923016561,20.32704907872285,0.2754935254110462,0.649522537818078,1.194048421786476,0.4051304153269363,0.14623751058385837,0.5972476172523943,0.7448554870309935,0.22251106742700058
TopHat_Clasico,r,9,TopHat_Clasico|9,APC_3_view_2_fk_NL_01_005,7.066537907449968,0.14656630158424377,1.1828279214204314,0.041232816874980927,0.8308687627212686,0.7455132218885552,18.937115312909377,0.6066011664349147,18.95437375963786,0.2293172138347313,0.6797786016757634,1.18057283879743,0.4028024964447538,0.1267661167085179,0.5741616006942205,0.7081640847666397,0.20552952079534695
TopHat_Clasico,r,9,TopHat_Clasico|9,APC_3_view_3_fk_NL_05_005,7.210511868463052,0.1545795500278473,1.2534353659905841,0.04244256019592285,0.8352624402397508,0.6675236383014161,17.76457813419345,0.5914237052693532,17.46246367034441,0.2275686200257707,0.6602158439306706,1.2229534499818975,0.3486864482305315,0.12086541669062541,0.5759034063205715,0.6557957960576961,0.10378774454994259
TopHat_Clasico,r,9,TopHat_Clasico|9,Athena_2_men_in_front_of_house_meting003,7.08213303677512,0.1506887972354889,1.0228287381727579,0.047073498368263245,0.6003853772295822,0.37680232690275356,21.490388356115073,0.5584799788033549,14.804988741794702,0.3225478752911581,0.5628010478946917,1.7526044632153446,0.2933304194751057,0.14771413541038306,0.5843638874617131,0.7426399213868028,0.30980058981760245
TopHat_Clasico,r,9,TopHat_Clasico|9,Athena_APC_4_fennek01_005,6.5970338218126745,0.09522665292024612,1.0511045031594988,0.044191475957632065,0.3508368650162963,0.12898869742590072,19.231790647700095,0.5805511631767647,20.52621638782226,0.22537535086333726,0.6689839466024498,1.7150220907258031,0.2838355251127842,0.09618775316552006,0.5759410491467308,0.6280935061738996,0.2997471507209052
TopHat_Clasico,r,9,TopHat_Clasico|9,Athena_heather_hei_vis,7.152748119987568,0.14521615207195282,0.9968731189526167,0.05142238736152649,0.5409296662078673,0.4449094671503968,23.159154197912546,0.5035378759793678,15.266266431520952,0.2775799292548904,0.6038371304048245,1.6382377155738332,0.27686189833349506,0.14228266036859563,0.5792502493837571,0.7110664907343838,0.1719678017397618
TopHat_Clasico,r,9,TopHat_Clasico|9,Athena_helicopter_helib_011,5.683471259950138,0.06071585789322853,1.2289461500634502,0.025424432009458542,0.6859321893465284,0.33124008036700536,10.963289576395017,0.6657954485874997,18.170675577630117,0.26398383706005724,0.6089788063046727,1.653130997882987,0.45281173037421185,0.1461443972966544,0.5870392407017678,0.6154113936934928,0.3991819168340276
TopHat_Clasico,r,9,TopHat_Clasico|9,Athena_lake_lake,6.979578377514853,0.1349371075630188,1.0100254055703282,0.04304089397192001,0.6342895471659857,0.2510273156254442,19.707144129822037,0.5485277609394692,16.077215000408945,0.32243377387508365,0.5673906503015693,1.6498213643598925,0.31285978745521564,0.17215645580537522,0.6077970005445934,0.7703370079894933,0.4945460685732563
TopHat_Clasico,r,9,TopHat_Clasico|9,Athena_man_in_doorway_maninhuis,7.400143479748875,0.1823122501373291,1.0319490412982029,0.059899214655160904,0.5670112872719779,0.24443213747985523,25.74936191505696,0.5150514907317079,14.003598956862874,0.32007228249200986,0.5521939318910719,1.6626103491521593,0.2622744690582155,0.148305879427253,0.5925926917165656,0.7127367658011452,0.23430318632508335
TopHat_Clasico,r,9,TopHat_Clasico|9,Athena_soldier_behind_smoke_1_meting012-1200,7.474478961308403,0.18102939426898956,1.099427298082235,0.0541934072971344,0.903042258873191,0.23551614438464202,23.430787100147935,0.48660591460204417,12.93968492101088,0.3133441978522021,0.58922258118852,1.2589741728722632,0.2952763291953903,0.15189447182129207,0.5832917385000917,0.7516987447022149,0.24861003720911756
TopHat_Clasico,r,9,TopHat_Clasico|9,Athena_soldier_behind_smoke_2_meting012-1500,7.266580545478954,0.1614956110715866,1.169869930748098,0.04638390615582466,0.9033505943331985,0.3060325836271446,22.20671120564293,0.4940810211520046,11.026499733860257,0.3151692978312616,0.582136860139668,1.497147405793016,0.3347272739642641,0.15779575311458854,0.5592695759600712,0.7395975290799733,0.28035997606989355
TopHat_Clasico,r,9,TopHat_Clasico|9,Athena_soldier_behind_smoke_3_meting012-1700,7.364086355948028,0.16322025656700134,1.052573093702102,0.06908924132585526,0.7960847014928281,0.1417420508267624,31.63337331912444,0.4603628489001148,13.26600097179357,0.27920783144973493,0.6535005353098342,1.4368407742476463,0.29126172943861595,0.17873525529692988,0.5904613041008024,0.7377179517486641,0.2639991158995495
TopHat_Clasico,r,9,TopHat_Clasico|9,Athena_soldier_in_trench_1_meting016,7.039741440950512,0.1398669332265854,1.026550073602488,0.05269627645611763,0.8082748721440277,0.2989091788144549,25.01308578566573,0.5091813527311255,15.873027322685548,0.3155303623211573,0.6079742343520945,1.6250627756609344,0.35935978230687077,0.20846114746193947,0.6334896206485833,0.8136569811244181,0.38865086417120503
TopHat_Clasico,r,9,TopHat_Clasico|9,Athena_soldier_in_trench_2_meting055,6.912869741706934,0.12951935827732086,1.0467547692671073,0.0628063753247261,0.7057229078408565,0.14771090462730907,29.08477563561411,0.466612449919573,17.822932084164332,0.2915356145228067,0.6558524599873506,1.580360184301913,0.4200365738163731,0.22037398628364493,0.6568770516198449,0.8235556280950524,0.4020360559852221
TopHat_Clasico,r,9,TopHat_Clasico|9,Triclobs_Bosnia_R,7.023030346536819,0.21103796362876892,1.1788015787516006,0.04123660549521446,0.8721279228263886,1.0743558987735262,24.631264882589072,0.5631337778407711,15.174273806638862,0.2856338572952316,0.5964966667255529,0.9379451323951733,0.3951356122298435,0.18011014733364156,0.5595463455709027,0.7444291999904388,0.46086616947165865
TopHat_Clasico,r,9,TopHat_Clasico|9,Triclobs_Kaptein_1123,6.99960828593786,0.15043072402477264,1.000838924695255,0.04054935649037361,0.6756494115504887,0.5113970390129354,16.931357450764178,0.5594093160137297,15.687870515104718,0.2745983358965555,0.6015339522482237,1.547693414477777,0.33057100668409667,0.12985902739023847,0.5435437227892975,0.6737662175415868,0.36760390931086745
TopHat_Clasico,r,9,TopHat_Clasico|9,Triclobs_jeep_in_smoke_R,7.453872730753716,0.18798720836639404,1.0912287790727908,0.08309304714202881,0.8792018719543213,0.5968028252402796,46.01384491414829,0.44939467130171507,14.958059476546616,0.24174477032467137,0.677451610169058,1.2932895374994362,0.3635787468988916,0.18346539810912882,0.6031065374988829,0.7009861505622048,0.4542518716367451
TopHat_Clasico,r,11,TopHat_Clasico|11,APC_1_view_1_fk_06_005,7.114854454506946,0.14281676709651947,1.3220096837136286,0.04728449881076813,0.5230044047505601,0.7930220278391239,23.693293897851444,0.5496505258932946,17.97638448061786,0.2720320556898029,0.6330084313060687,1.4207296455976888,0.3801215293522543,0.13250311049760918,0.5822373005768254,0.74715255693215,0.12289824174828005
TopHat_Clasico,r,11,TopHat_Clasico|11,APC_1_view_2_fk_ref_01_005,7.192267290642883,0.15155237913131714,1.1801344783183623,0.047345031052827835,0.8779258717807614,0.6923988837290924,23.781785160178742,0.5792422699254839,18.92028817538682,0.2656851612600411,0.6690838325580414,1.2271398682003345,0.4219515511989384,0.15716362098662526,0.5935398535736207,0.7543906049097241,0.20386387383681462
TopHat_Clasico,r,11,TopHat_Clasico|11,APC_1_view_3_fk_ref_02_005,7.410779546991096,0.18123221397399902,1.1539743874648765,0.05749208852648735,0.950248253638787,0.7689731411350642,28.89516643791445,0.5444368954391235,17.769438863424682,0.27413759426397255,0.6676727300459009,1.1194998590364482,0.38927594272013405,0.15897708490873413,0.5970763169988559,0.7422483745932376,0.3828080588825179
TopHat_Clasico,r,11,TopHat_Clasico|11,APC_3_view_1_fk_bar_06_005,7.157653053633592,0.14747580885887146,1.3118398461623078,0.04436950013041496,0.7746823650884173,0.9923126890593635,22.95831398611874,0.6021021911944885,19.811616129550607,0.26786678579064005,0.6608769615502628,1.2184041938227335,0.4199439484048457,0.1493234312291513,0.5924252057681353,0.7368064931784829,0.2180528250356927
TopHat_Clasico,r,11,TopHat_Clasico|11,APC_3_view_2_fk_NL_01_005,7.111314852656057,0.15036827325820923,1.190322881713482,0.04152384400367737,0.8142662380186318,0.7526734880580517,18.965656401239674,0.6012804456009443,18.73371633227802,0.22515312423543685,0.6873240928547037,1.1767666706196218,0.4144645931072614,0.12893237453026765,0.5702591875027265,0.7024708628362533,0.2021384047208864
TopHat_Clasico,r,11,TopHat_Clasico|11,APC_3_view_3_fk_NL_05_005,7.260567823970424,0.1590251922607422,1.262136815493193,0.04273833706974983,0.8057695156105074,0.679007539028734,17.800693325194622,0.5865189778987651,17.279938121549655,0.223515832510729,0.6667270334916511,1.226702053335824,0.35943419480947236,0.12189479686784488,0.5725806399595396,0.6511958921633618,0.10284437263208007
TopHat_Clasico,r,11,TopHat_Clasico|11,Athena_2_men_in_front_of_house_meting003,7.136236518154671,0.1575438231229782,1.0306425698676507,0.04733521491289139,0.602052243113398,0.3692529901764646,21.609220872290997,0.5544627549219643,14.684090549532009,0.3212981320103609,0.5676600625357301,1.7562467238703183,0.3037331190974373,0.14866537195548193,0.5825640653476216,0.7426514924108364,0.31482775366395216
TopHat_Clasico,r,11,TopHat_Clasico|11,Athena_APC_4_fennek01_005,6.672145453991874,0.10055609792470932,1.063072029316811,0.0446007139980793,0.3582098139746942,0.13123280880725924,19.30333152011727,0.5744659557980112,20.24311668998142,0.22300685206354337,0.675679045961985,1.7162291248982,0.29373299338405234,0.09824160302229021,0.572075744536371,0.6235912973876028,0.3083081727954765
TopHat_Clasico,r,11,TopHat_Clasico|11,Athena_heather_hei_vis,7.205328342721193,0.1519801914691925,1.0042011849983399,0.05168561637401581,0.5323083020662143,0.4377892444803444,23.151719197040958,0.5001636742770501,15.104274805078912,0.27771365160970585,0.6104659815232839,1.633078796725666,0.29137036006075123,0.14086250014465704,0.5795798026862259,0.7148734479884656,0.1815090454440858
TopHat_Clasico,r,11,TopHat_Clasico|11,Athena_helicopter_helib_011,5.738679605807869,0.06417770683765411,1.240883939662447,0.025953982025384903,0.6960003287218451,0.32541021447879004,11.211841868985932,0.6579085339164925,18.087634981554043,0.2601382522384725,0.6249949289008886,1.6303436998463565,0.4721932250565763,0.15166167759394128,0.58122587127731,0.6222608341930115,0.4232186139949596
TopHat_Clasico,r,11,TopHat_Clasico|11,Athena_lake_lake,7.04434896557081,0.1408969908952713,1.0193984559082971,0.043769367039203644,0.6080425738767375,0.24038213835738612,19.910117119617247,0.5409215479382119,15.892069923069702,0.3160398512869053,0.5795486363734577,1.6351234325371053,0.32992084367769264,0.176878991797463,0.6020694867090584,0.7639970127142406,0.48878137716018644
TopHat_Clasico,r,11,TopHat_Clasico|11,Athena_man_in_doorway_maninhuis,7.457753433316069,0.19147925078868866,1.039982741795442,0.06047053635120392,0.5653737131871047,0.2391678944138945,25.887066218872626,0.5091709005239405,13.806758934204629,0.3168410377852752,0.5590016870220913,1.662422939266314,0.2722151654567697,0.149353978699299,0.5879110178363088,0.7095093007712046,0.23466041818626715
TopHat_Clasico,r,11,TopHat_Clasico|11,Athena_soldier_behind_smoke_1_meting012-1200,7.532727263045749,0.1884046196937561,1.1079950890049832,0.055032745003700256,0.8734033100417398,0.22513118374882324,23.6709633914558,0.4785110268683949,12.807213928191569,0.30615207718806003,0.6006887161794351,1.2569243271042145,0.3088190310491231,0.15367809400369428,0.5755683421550114,0.743934135185238,0.24915224223414165
TopHat_Clasico,r,11,TopHat_Clasico|11,Athena_soldier_behind_smoke_2_meting012-1500,7.30734157921502,0.16559816896915436,1.1764321793071815,0.04630269855260849,0.879175091603503,0.3015675611627346,21.994771010371498,0.49159020962053335,10.996600355870738,0.3118233141689955,0.5845612497186433,1.5090272150351178,0.34557733096323573,0.15401055927133034,0.5562049870904493,0.7342069732414581,0.28350770427709415
TopHat_Clasico,r,11,TopHat_Clasico|11,Athena_soldier_behind_smoke_3_meting012-1700,7.413150954064598,0.16946938633918762,1.0595860581534349,0.06887350976467133,0.799654308134297,0.14895015527483846,31.480699626171067,0.4594143319660522,13.189362927539452,0.27949908710499743,0.6531999943409814,1.4599853844277224,0.30154537139077664,0.17538187465976468,0.5888553226490397,0.7354682457096803,0.2668894325442544
TopHat_Clasico,r,11,TopHat_Clasico|11,Athena_soldier_in_trench_1_meting016,7.084252509659549,0.14355623722076416,1.0330407723366188,0.052989568561315536,0.8012868073794112,0.28844137944438647,25.138839397543244,0.5063009752201874,15.761358571018867,0.31179532985270464,0.6138780062270326,1.6077849977310128,0.3721393326110066,0.209512151923003,0.6315645181706224,0.8111996387942826,0.3838254943215083
TopHat_Clasico,r,11,TopHat_Clasico|11,Athena_soldier_in_trench_2_meting055,6.970031391307827,0.13428112864494324,1.055410252673357,0.06316529959440231,0.7005726442847084,0.14987165362112181,29.23586096915536,0.4642112685434272,17.637192397222506,0.28790660997958134,0.6625903107566212,1.5781517708369883,0.44221636913877854,0.22274171667758919,0.6557091620627629,0.8230672483169365,0.40453045738838245
TopHat_Clasico,r,11,TopHat_Clasico|11,Triclobs_Bosnia_R,7.054993234925069,0.21365240216255188,1.1841664855559846,0.04144001379609108,0.8658516070414137,1.0589685215668174,24.753536999531196,0.5615873577052723,15.105147879133883,0.2845669118211829,0.6006743457945543,0.9510649478855623,0.4013811164105533,0.1809528519323691,0.5585589822360498,0.7422603841750086,0.4661438735792131
TopHat_Clasico,r,11,TopHat_Clasico|11,Triclobs_Kaptein_1123,7.038070903440404,0.15551359951496124,1.006338501695806,0.040956754237413406,0.6619644100758645,0.5092395461455086,17.178232396114236,0.5545823143219364,15.567528340859395,0.27255546285040927,0.6076819301908635,1.5535311726722107,0.34244228864893467,0.13143518450962824,0.5402693064838189,0.6710346796397536,0.38056900376660047
TopHat_Clasico,r,11,TopHat_Clasico|11,Triclobs_jeep_in_smoke_R,7.471445942727315,0.1985470950603485,1.093801454424118,0.08354891091585159,0.9100701672360814,0.6412112807849888,46.49709522862929,0.4484062496560149,14.653051759957679,0.24622713828515813,0.6799192004652457,1.3012969319320096,0.37673315541908925,0.18739921318198172,0.6009085484595059,0.715243181018527,0.4859508841290145
TopHat_Clasico,r,15,TopHat_Clasico|15,APC_1_view_1_fk_06_005,7.190648951965513,0.1492423415184021,1.336093044132753,0.04761015251278877,0.514781652782791,0.8447766764663414,23.738891069631826,0.5444834643017018,17.679779175440743,0.26770728067288985,0.640199520869151,1.417168377853764,0.396073338900666,0.13505040991229267,0.5779174394713499,0.7435676821504422,0.12263414216430535
TopHat_Clasico,r,15,TopHat_Clasico|15,APC_1_view_2_fk_ref_01_005,7.296852057546643,0.1613127589225769,1.1972951432856656,0.04762451350688934,0.8580094062644237,0.7145215906485645,23.798825202410754,0.570321298712223,18.465904204855633,0.25884957951715404,0.676913798242972,1.2698702952741163,0.44045044570852476,0.15626620406608155,0.58503897888581,0.7455473419053685,0.20086731344987563
TopHat_Clasico,r,15,TopHat_Clasico|15,APC_1_view_3_fk_ref_02_005,7.504418449888771,0.19178031384944916,1.1685554305156174,0.05811898037791252,0.9231626937791009,0.7819339667349281,29.015929852896186,0.5325722596331471,17.306883424140803,0.26580374671837614,0.678656652875016,1.1523393178337487,0.4062772184105894,0.15913887200525373,0.5860399066172205,0.7329555638942523,0.3815953978748046
TopHat_Clasico,r,15,TopHat_Clasico|15,APC_3_view_1_fk_bar_06_005,7.261639265149235,0.15656059980392456,1.3308982239148353,0.0446680411696434,0.7601085413207437,1.0110978186664155,22.979313858109208,0.5941371083430247,19.113449848851175,0.2597050352601826,0.6713416035850337,1.2169143856264353,0.4365159559657143,0.15138920443456463,0.585813617177969,0.7278323127360146,0.21052692456174601
TopHat_Clasico,r,15,TopHat_Clasico|15,APC_3_view_2_fk_NL_01_005,7.174620019624003,0.15506525337696075,1.2009191765385514,0.04155774414539337,0.7913864796921155,0.7752391951920706,18.900827029206035,0.597615486501144,18.426939638569444,0.2218552987205917,0.6925769135681549,1.159110248748381,0.4305122628451248,0.13102846986022731,0.5671572091683657,0.6966333019983874,0.19388013136123647
TopHat_Clasico,r,15,TopHat_Clasico|15,APC_3_view_3_fk_NL_05_005,7.315834097437736,0.16455334424972534,1.2717439977535003,0.0430251806974411,0.7720546806157599,0.6950110286840285,17.821640183606437,0.5809447917807169,17.038316558243668,0.21859930493901714,0.6742214283380653,1.2238234936581347,0.37192591798891983,0.12296200194901528,0.56764736680164,0.645104685317127,0.10040692536598134
TopHat_Clasico,r,15,TopHat_Clasico|15,Athena_2_men_in_front_of_house_meting003,7.223353579843218,0.17023657262325287,1.0432243490883344,0.04757397994399071,0.5962286049734273,0.3632890377710112,21.798194986971474,0.5487130797141213,14.394231364866252,0.3212691695267398,0.571181450913591,1.7385512699009165,0.31455687450208386,0.14774431470950258,0.5794060840587802,0.7410784638350374,0.3237295858929454
TopHat_Clasico,r,15,TopHat_Clasico|15,Athena_APC_4_fennek01_005,6.757642056611305,0.10654040426015854,1.0766941914044126,0.044908326119184494,0.3633731686382238,0.13012307322524286,19.334173239773868,0.568260938843159,19.90331621028417,0.22068898690291205,0.6810809053271537,1.7081616882302955,0.3041957268135916,0.10017259212817742,0.567242828030612,0.6174282486077206,0.3127980056996502
TopHat_Clasico,r,15,TopHat_Clasico|15,Athena_heather_hei_vis,7.28567856671301,0.16293217241764069,1.0153995352066236,0.051911335438489914,0.5257039479355688,0.43641652083672217,23.15385448261896,0.4960383658579216,14.843913252627438,0.2752494953503857,0.6176784780265827,1.6286492955266612,0.3101673598960537,0.13828440189726274,0.5784704159180409,0.7160753936789206,0.1908647405180052
TopHat_Clasico,r,15,TopHat_Clasico|15,Athena_helicopter_helib_011,5.829542150165161,0.07034119963645935,1.2605312940635747,0.02671954222023487,0.6910191694552199,0.33586009452205645,11.5772142984328,0.645930800945044,17.93743438719335,0.2506430141294613,0.6443185209298734,1.603998617801266,0.49938593570900425,0.16107719876842924,0.5718034391170805,0.6138243530779258,0.4307814350430893
TopHat_Clasico,r,15,TopHat_Clasico|15,Athena_lake_lake,7.126458185360833,0.14897920191287994,1.031280606023074,0.04457864910364151,0.5916132716423501,0.22756877653071145,20.154781842973833,0.5320084298512197,15.626554145865416,0.3072826679475883,0.5929942863803621,1.6101518672124961,0.3521707611062889,0.18068080136490644,0.595191628957676,0.7568612179581157,0.4821197052355219
TopHat_Clasico,r,15,TopHat_Clasico|15,Athena_man_in_doorway_maninhuis,7.513641837821877,0.2061176896095276,1.04777637250102,0.06073439121246338,0.5761989093743007,0.22176382794505767,26.04266056283821,0.5017003345433539,13.48370047159493,0.31237394358283427,0.5622189145136179,1.6598161618162253,0.28363469749277526,0.1477299583044197,0.5809203003092445,0.7055377496279188,0.23605080402216708
TopHat_Clasico,r,15,TopHat_Clasico|15,Athena_soldier_behind_smoke_1_meting012-1200,7.604229442320352,0.19952361285686493,1.1185124037467598,0.05569906905293465,0.8415675897647972,0.21677790072418257,23.91799401395946,0.4694913239389604,12.611032519263787,0.29713863822737757,0.6108993812747966,1.265448021311419,0.32476679243545686,0.15464457121130132,0.5654128667498545,0.7327219016719986,0.2481386967498129
TopHat_Clasico,r,15,TopHat_Clasico|15,Athena_soldier_behind_smoke_2_meting012-1500,7.373469889073109,0.17260320484638214,1.187078386390416,0.04614274203777313,0.8492573868719315,0.308349197465427,21.729897758975735,0.48869558729347085,10.943421971626163,0.3069012399896569,0.5866467124946411,1.5266272735596773,0.36234143887245074,0.1492662122874604,0.5524193648902022,0.72669897164609,0.2896913171865579
TopHat_Clasico,r,15,TopHat_Clasico|15,Athena_soldier_behind_smoke_3_meting012-1700,7.486072689412268,0.17890258133411407,1.0700090017289168,0.06841114163398743,0.7930180764561287,0.1646874780637875,31.257441582012508,0.45926470377222134,13.062291089555792,0.2799190617191378,0.6511204800300074,1.489757211058899,0.31327018282319924,0.16979200666844652,0.5876651994868348,0.7307155506572431,0.2685099428565374
TopHat_Clasico,r,15,TopHat_Clasico|15,Athena_soldier_in_trench_1_meting016,7.174325660799101,0.15065814554691315,1.046175430861724,0.05340797081589699,0.7901135205670186,0.27424041195314863,25.36879398519866,0.5035192451725636,15.532134678815266,0.30764297033627563,0.6215217209665292,1.5730709381970338,0.39203185825310227,0.20998150407489807,0.6305554742780134,0.8089832378541422,0.38677017158488436
TopHat_Clasico,r,15,TopHat_Clasico|15,Athena_soldier_in_trench_2_meting055,7.074448738429961,0.14245516061782837,1.0712212487109194,0.06369324773550034,0.7090935172634337,0.15739855866802105,29.459138900461298,0.46060128979137716,17.29290796329086,0.2811836594983469,0.6729794648747535,1.5685328230795994,0.47327777311971186,0.22662067895748297,0.6531344675370244,0.8206166345635466,0.4074091596724696
TopHat_Clasico,r,15,TopHat_Clasico|15,Triclobs_Bosnia_R,6.922963273629228,0.247392475605011,1.1620055209668456,0.042077917605638504,0.8507361445795871,1.0810002703288186,26.758527753825426,0.5666268741416116,14.089733074478708,0.3004217995374285,0.6134913471138221,1.0140170795793961,0.43427672513702864,0.19483335750204248,0.550308176508729,0.806038058121632,0.7065495005016205
TopHat_Clasico,r,15,TopHat_Clasico|15,Triclobs_Kaptein_1123,7.102131956294762,0.16712287068367004,1.0154982707335116,0.041412342339754105,0.6619913199434365,0.5209713284598372,17.552699891123737,0.5464317786093726,15.28139038579987,0.2690505788014856,0.6148748972961826,1.5682374018346352,0.3635263710695798,0.13330676184272974,0.5317427808943369,0.6709466090286451,0.40550995094579007
TopHat_Clasico,r,15,TopHat_Clasico|15,Triclobs_jeep_in_smoke_R,7.444309176843387,0.21596361696720123,1.089828698117007,0.08362715691328049,1.0107727291343527,0.7690637097049999,47.10883979060794,0.4494359348757438,14.148916220938105,0.24830885288430563,0.684699575801977,1.307413036953755,0.39397455408497273,0.19349859171204054,0.5945273767931505,0.7346771647471426,0.5153847789596004
TopHat_Clasico,r,19,TopHat_Clasico|19,APC_1_view_1_fk_06_005,7.247132005458622,0.1544540375471115,1.3465881490096072,0.04777028411626816,0.5032327812113385,0.8859946697175496,23.742363223244144,0.540692561119258,17.44231132509966,0.26432582365961105,0.6446075613524594,1.4133685751466152,0.40481473251102595,0.13742816740589953,0.5734238153317592,0.7419114493122094,0.12185552751355187
TopHat_Clasico,r,19,TopHat_Clasico|19,APC_1_view_2_fk_ref_01_005,7.358651944555722,0.1679297387599945,1.207435502989827,0.0475999191403389,0.8520676826756921,0.7290710190856272,23.773608877915457,0.5642621060710864,18.14234564160117,0.25607577725376496,0.6785289134942459,1.294006667878848,0.44872410716571653,0.15485135639151704,0.5783547947064782,0.7393809631818862,0.19789859318063274
TopHat_Clasico,r,19,TopHat_Clasico|19,APC_1_view_3_fk_ref_02_005,7.570553827858658,0.20059917867183685,1.1788537441813567,0.058204323053359985,0.930121647762139,0.7775777097405524,29.004514040793087,0.5235704131340054,16.937564811084876,0.2627486367579636,0.6806096517842275,1.1786401907259663,0.4188299715821864,0.1586666688663265,0.5777812056794852,0.7253940305382365,0.37508812013591764
TopHat_Clasico,r,19,TopHat_Clasico|19,APC_3_view_1_fk_bar_06_005,7.3356961333290895,0.1645379513502121,1.344471213529218,0.044806934893131256,0.7534133173090429,1.037719392710195,22.95818882718172,0.5874789753994479,18.552525569369898,0.2550597875326759,0.6771594938477007,1.23762485983866,0.45058756449026904,0.1534809331368395,0.5793038771259015,0.721837474921992,0.20525022926560405
TopHat_Clasico,r,19,TopHat_Clasico|19,APC_3_view_2_fk_NL_01_005,7.242289978955163,0.1597643494606018,1.2122460693376258,0.041419364511966705,0.7521523404709488,0.8224650074825957,18.80681414284718,0.5954114582367409,18.10679437731243,0.22047191695276877,0.6936186715991818,1.137585556198268,0.4407797592423526,0.13308237892946376,0.5647273350068875,0.6922157989811715,0.18510040407560824
TopHat_Clasico,r,19,TopHat_Clasico|19,APC_3_view_3_fk_NL_05_005,7.357293366752356,0.16849751770496368,1.2789510470386365,0.04297172278165817,0.7675980226923442,0.7151642125294816,17.750227182981302,0.5792606034460741,16.872922902751917,0.2184437369688911,0.6750116333162482,1.2231796069097276,0.3792334165511544,0.12345230411678604,0.5653334634925141,0.6414239714364615,0.09927521856505592
TopHat_Clasico,r,19,TopHat_Clasico|19,Athena_2_men_in_front_of_house_meting003,7.281882081210404,0.17992593348026276,1.0516772590929453,0.04748479649424553,0.5908399140261958,0.3648374573700052,21.77295701382302,0.5451760697609925,14.176885468802933,0.32128409789003426,0.5700990971167428,1.7295507566116664,0.32252987487961504,0.1461558082307472,0.5777489448437126,0.7397358392631933,0.3276091298762618
TopHat_Clasico,r,19,TopHat_Clasico|19,Athena_APC_4_fennek01_005,6.820433263640537,0.11104383319616318,1.0866987058953073,0.04509134218096733,0.38587549151324385,0.12691154320720194,19.37604141916016,0.5646663946854666,19.65445725325592,0.21958080575502867,0.683195872993457,1.7027307287033082,0.31196249346058846,0.10113431812204127,0.564021888387902,0.6129168997650403,0.3343062941528768
TopHat_Clasico,r,19,TopHat_Clasico|19,Athena_heather_hei_vis,7.357296813872547,0.173137828707695,1.0253809163795946,0.05197560414671898,0.5245761748411744,0.423514893291113,23.112602720250987,0.493861266092793,14.563518989325015,0.2766219083738923,0.6202999936034882,1.6085786183263986,0.325068665783653,0.13677824897518415,0.5776491547229148,0.7150064764982633,0.1994941008984395
TopHat_Clasico,r,19,TopHat_Clasico|19,Athena_helicopter_helib_011,5.891083412033497,0.07515987753868103,1.2738384602977189,0.027170883491635323,0.7152581119396919,0.3385468642702821,11.754678062138437,0.6381558153292124,17.85670133603376,0.24419432330819343,0.6559964676242755,1.6285430162615129,0.5173445068974101,0.16740238031472893,0.5652355176802601,0.6092139856312884,0.4317677203848492
TopHat_Clasico,r,19,TopHat_Clasico|19,Athena_lake_lake,7.195544576557702,0.15615178644657135,1.0412782027995218,0.04496050253510475,0.5925177602059118,0.22068478757269078,20.246657433891254,0.5258107855551984,15.40245092325393,0.3000915135890793,0.5988409686498919,1.5931266035462803,0.36751226530730874,0.18289893745628075,0.5902703925623237,0.7503921818045988,0.4730147106575112
TopHat_Clasico,r,19,TopHat_Clasico|19,Athena_man_in_doorway_maninhuis,7.558246235060126,0.21716800332069397,1.0539964498675818,0.06052416190505028,0.5882724458574494,0.20864891492776427,25.999734107524404,0.4971533607784244,13.244339456210303,0.3126452718595934,0.5596341177644545,1.6634516439409717,0.2900918663032399,0.1461316195962146,0.5768849528413831,0.7058350801574825,0.2359912678216693
TopHat_Clasico,r,19,TopHat_Clasico|19,Athena_soldier_behind_smoke_1_meting012-1200,7.656469337741286,0.21031007170677185,1.1261964132104352,0.05605929717421532,0.8142676280925665,0.2071001597560836,24.096407443835666,0.4588439072023303,12.409758524700301,0.2914672845024202,0.6163728577138171,1.275072488460585,0.3352554498714322,0.1553774795824857,0.553769615493752,0.7220368531661149,0.24478982469356012
TopHat_Clasico,r,19,TopHat_Clasico|19,Athena_soldier_behind_smoke_2_meting012-1500,7.418438843443838,0.17798615992069244,1.194318081485825,0.04586806893348694,0.8264360861016405,0.3230526848425655,21.46045183986489,0.48717830126096673,10.897599005471745,0.30547925816746907,0.5850654133041455,1.5393715340412526,0.3725107465491224,0.14606133822260803,0.5496726225492649,0.7181794564236746,0.2889442420566565
TopHat_Clasico,r,19,TopHat_Clasico|19,Athena_soldier_behind_smoke_3_meting012-1700,7.5455709141799066,0.1879969835281372,1.0785132787683724,0.06791912764310837,0.8043222155246943,0.17358617738034082,31.027556368314713,0.4590002187912718,12.945645154019182,0.2817201716019006,0.6473936715890699,1.520903931948695,0.3195901680476071,0.16642839159076453,0.5863650432565747,0.7277350803141447,0.2688975716037721
TopHat_Clasico,r,19,TopHat_Clasico|19,Athena_soldier_in_trench_1_meting016,7.266751555955266,0.15904299914836884,1.0596531715246715,0.0533309280872345,0.7928305561941346,0.2850633744659526,25.394305433361694,0.5037569004897485,15.304632798414083,0.30804769983067043,0.6214642340739697,1.5586642826894708,0.40695785255153877,0.20706521883639223,0.6306176523004052,0.8068836235249981,0.3946500845512579
TopHat_Clasico,r,19,TopHat_Clasico|19,Athena_soldier_in_trench_2_meting055,7.166174983041565,0.15042860805988312,1.0851105432588666,0.06396138668060303,0.7156547041905693,0.16214396756317495,29.567308205393864,0.4577027304880765,16.93185948116058,0.2762980411023783,0.6782420019058959,1.5521480515119186,0.493316860221716,0.22886299144527814,0.6505118319826545,0.8163299260448718,0.405220465106684
TopHat_Clasico,r,19,TopHat_Clasico|19,Triclobs_Bosnia_R,6.950782446756732,0.2526451349258423,1.1666749134632681,0.04190846160054207,0.8547884479897168,1.0803952243483783,26.7768326532456,0.5673046381597697,13.956340777127219,0.2994982358346876,0.6129140439755575,1.0306155198954507,0.43865337797353793,0.17894145620278998,0.5497792851481035,0.7991485571324614,0.6968315241081532
TopHat_Clasico,r,19,TopHat_Clasico|19,Triclobs_Kaptein_1123,7.126446973095897,0.17138856649398804,1.0189749531813117,0.041369304060935974,0.6535602099884492,0.5127433536607616,17.602694592133133,0.543291503289103,15.151912659099885,0.2681493652155969,0.6140434937927577,1.5617857366170513,0.370690981930482,0.13156995271300356,0.527767964051404,0.66834747950727,0.40794529896779963
TopHat_Clasico,r,19,TopHat_Clasico|19,Triclobs_jeep_in_smoke_R,7.460949505965634,0.22051800787448883,1.0922648016952878,0.08362602442502975,1.0104944736304757,0.7712981358077358,47.153434877102704,0.44911884057528995,13.997035050740118,0.24814366064926172,0.6843777603372784,1.3255493469225317,0.39712409658669756,0.19293979619682963,0.5945881252196316,0.7308824738747867,0.5104167127307827
TopHat_Clasico,r,21,TopHat_Clasico|21,APC_1_view_1_fk_06_005,7.2651520141502886,0.15619193017482758,1.3499364432218517,0.04775211215019226,0.5020721056731507,0.9016640424679443,23.73334434506929,0.5398279507137933,17.3643344275144,0.2640331833947976,0.644650040201291,1.4126345909858364,0.40720727906183196,0.13771001172181335,0.5720241202776327,0.7418590772717736,0.12157992602859384
TopHat_Clasico,r,21,TopHat_Clasico|21,APC_1_view_2_fk_ref_01_005,7.394028460810263,0.17137578129768372,1.2132402158665423,0.047478087246418,0.8546921493727717,0.7439411881896498,23.712124282992235,0.5613828882060568,17.973156106990867,0.25633760520087084,0.6782002293686447,1.3067116056530108,0.45136722022912146,0.1543503119532691,0.5753649204601498,0.7373520408570889,0.1958570488178769
TopHat_Clasico,r,21,TopHat_Clasico|21,APC_1_view_3_fk_ref_02_005,7.6000140424182066,0.20400339365005493,1.1834411607730082,0.0582272931933403,0.9376191021629487,0.7892202068292291,28.993422656664542,0.5192180399507662,16.76822022637857,0.26222448737474485,0.6809179567885781,1.1821103997388025,0.4225755800477163,0.15831716047163572,0.5738490676957634,0.7234992116835701,0.37328253286047064
TopHat_Clasico,r,21,TopHat_Clasico|21,APC_3_view_1_fk_bar_06_005,7.368356785406061,0.16798035800457,1.3504571902837723,0.0448816753923893,0.7490549007924485,1.0450871675417817,22.96817859053686,0.5835832067441926,18.268108287713535,0.2529777016674696,0.679329526511974,1.2315777560463603,0.45698665697925533,0.1541826878086398,0.575491043781072,0.719055524936215,0.20317562155037894
TopHat_Clasico,r,21,TopHat_Clasico|21,APC_3_view_2_fk_NL_01_005,7.263206454788844,0.16134485602378845,1.215747160247746,0.0413501150906086,0.7380971825563492,0.8400693136087809,18.755472358484695,0.594237426643789,18.002070602157648,0.21970921130840915,0.6935050345136152,1.1318101324437477,0.4437151801243956,0.13350796970445325,0.5629917128509833,0.6910823758104949,0.1814938609074056
TopHat_Clasico,r,21,TopHat_Clasico|21,APC_3_view_3_fk_NL_05_005,7.367133121745412,0.16933727264404297,1.2806615354375146,0.0429907962679863,0.7669997246793762,0.7167646248620786,17.75039577460769,0.5781012313734875,16.82440347160827,0.21734111025532576,0.6760541691295637,1.2158248336355804,0.3824898053874341,0.1235431802155059,0.5637188164827235,0.6394598918265639,0.09863644799096694
TopHat_Clasico,r,21,TopHat_Clasico|21,Athena_2_men_in_front_of_house_meting003,7.292949167396338,0.18381738662719727,1.053275610005026,0.04720902815461159,0.5896000254119962,0.3648900786286914,21.705985941046038,0.545905098435653,14.08269463506397,0.32266343605022807,0.5659344487822563,1.722818899566978,0.322921123990226,0.14462605572370252,0.5789218143437282,0.739273020935179,0.32899076834762936
TopHat_Clasico,r,21,TopHat_Clasico|21,Athena_APC_4_fennek01_005,6.834733707177742,0.1120762825012207,1.0889771936225392,0.04496951401233673,0.3893923162124345,0.12774932004279224,19.29200405911994,0.5648908128361837,19.59896014303937,0.22007435591299715,0.6819914748161059,1.702959631413946,0.3124215758482438,0.1001103256615061,0.5639289549134714,0.6128843187341269,0.33838031320333284
TopHat_Clasico,r,21,TopHat_Clasico|21,Athena_heather_hei_vis,7.376747216797485,0.17757850885391235,1.028091704387701,0.0519973561167717,0.517625188841141,0.41723180344577426,23.10725375842058,0.4920156655333482,14.440986740117568,0.2755432693828962,0.6215621798161531,1.6014149815708167,0.33014804278150145,0.13577576952944115,0.5747559931057458,0.7122961777675016,0.2013567045616979
TopHat_Clasico,r,21,TopHat_Clasico|21,Athena_helicopter_helib_011,5.90643979895141,0.07585465908050537,1.277158996589446,0.02721029333770275,0.7244725525633577,0.34177693102571466,11.774249832150442,0.6373790886538601,17.84796145785682,0.24538406835202922,0.6559010723818907,1.6350308967251175,0.5183376587728046,0.16806022135666274,0.564715994000243,0.6107269640266592,0.4346379684877813
TopHat_Clasico,r,21,TopHat_Clasico|21,Athena_lake_lake,7.224277205740725,0.15904448926448822,1.0454361452817176,0.04514823853969574,0.5957682941123839,0.21488572561862035,20.304574445826805,0.5237778711953339,15.313520609972468,0.2973104232422223,0.6023949976684493,1.5860341956347874,0.37241854971564914,0.18385585675314986,0.5884552596774573,0.7478034885470337,0.47096506781404385
TopHat_Clasico,r,21,TopHat_Clasico|21,Athena_man_in_doorway_maninhuis,7.558180713966631,0.2215074747800827,1.0539873129596555,0.06026999652385712,0.606887161379139,0.21516477338055207,25.963696066638047,0.4961242628306598,13.166968011244471,0.31341268215208606,0.5561938722678792,1.671020439415894,0.2920215110481998,0.1457370995493563,0.5761024284445773,0.7058178867620462,0.23316526503073634
TopHat_Clasico,r,21,TopHat_Clasico|21,Athena_soldier_behind_smoke_1_meting012-1200,7.6789715296796714,0.21559692919254303,1.1295062792508388,0.056271009147167206,0.8046225967031022,0.20651161068393026,24.190626679751194,0.453262081982274,12.309729746816076,0.2879010408751087,0.6190931653968588,1.2813877058943697,0.34149624063870154,0.15632572489404087,0.5475283501662714,0.7170997938367731,0.24235882435657458
TopHat_Clasico,r,21,TopHat_Clasico|21,Athena_soldier_behind_smoke_2_meting012-1500,7.437587282490729,0.1803518384695053,1.197400849635372,0.04572484642267227,0.8171407403941695,0.32820785096912725,21.35213294456489,0.48667014693966815,10.875169416840667,0.304545429316571,0.584090743431534,1.5421134825379528,0.37570644194684244,0.1446010321714965,0.5484032076519623,0.7144822003217086,0.28869992333835587
TopHat_Clasico,r,21,TopHat_Clasico|21,Athena_soldier_behind_smoke_3_meting012-1700,7.570823443858127,0.1919947862625122,1.0821227059263985,0.06773265451192856,0.8092253613118707,0.17926528369863232,30.966361971960456,0.45864269103378863,12.89249548858507,0.282344684555372,0.6456220239590751,1.534217661472328,0.3222137635078654,0.16573948872241845,0.5853758592934537,0.7265888967567746,0.26881863499107955
TopHat_Clasico,r,21,TopHat_Clasico|21,Athena_soldier_in_trench_1_meting016,7.303506876493195,0.16260704398155212,1.0650129105605415,0.05322276055812836,0.7801785323274936,0.2828079106600153,25.399004557768254,0.504548946853494,15.192911994012118,0.3090306819220125,0.620418559071943,1.5509107854157704,0.41226818699165796,0.2049979299122063,0.631342579231867,0.8063890126017603,0.39874749250933184
TopHat_Clasico,r,21,TopHat_Clasico|21,Athena_soldier_in_trench_2_meting055,7.195315515812524,0.15329930186271667,1.089523036593285,0.06404898315668106,0.7222127175789534,0.16379603499097706,29.60735451425639,0.45656254625588966,16.809752397117915,0.27463499451010615,0.6800286571409502,1.545961660871425,0.5002182619887285,0.2294143664552485,0.6494059548496817,0.8144560866207895,0.4037414747455833
TopHat_Clasico,r,21,TopHat_Clasico|21,Triclobs_Bosnia_R,6.978321068733023,0.2548055350780487,1.1712972160108148,0.041850242763757706,0.8577902857226415,1.078223830896139,26.791818265823444,0.566624498943605,13.901356690215707,0.30011337057596266,0.6120200843624589,1.037071762917164,0.4395927778802155,0.17867129105517587,0.5491506116366225,0.7957629159947616,0.6929126687026052
TopHat_Clasico,r,21,TopHat_Clasico|21,Triclobs_Kaptein_1123,7.148279305335981,0.17596031725406647,1.0220966490005838,0.04124138131737709,0.6618322198481528,0.5105187234846842,17.622147192513946,0.5431506078836283,15.049321746311318,0.2672468717318536,0.6128730699578638,1.5702613386697115,0.3710741875674865,0.12895804842548186,0.5263359673383843,0.6649521182790196,0.40785743892911697
TopHat_Clasico,r,21,TopHat_Clasico|21,Triclobs_jeep_in_smoke_R,7.4594926319830535,0.22292448580265045,1.092051518899257,0.08350324630737305,1.0167748088500785,0.7635533950698572,47.11712269729566,0.4494739266174599,13.932373603150815,0.24911432167464362,0.6829935944649597,1.3412048755509267,0.3976243760890231,0.19164063862626057,0.595031936219877,0.729354952873719,0.5086627169165618
TopHat_Clasico,r,23,TopHat_Clasico|23,APC_1_view_1_fk_06_005,7.2815421322130325,0.1575767993927002,1.3529818877822013,0.047693923115730286,0.5038711771625421,0.9186770450888584,23.70757591865718,0.5392671140903054,17.286239409590035,0.2636509544285107,0.6445375771587538,1.40562406285283,0.4106557249778183,0.13830095597253989,0.5709853289686225,0.7407672049407864,0.12063917033895175
TopHat_Clasico,r,23,TopHat_Clasico|23,APC_1_view_2_fk_ref_01_005,7.4117815854478275,0.17363877594470978,1.2161532158477764,0.047364477068185806,0.8526565631829804,0.7535614303401039,23.673963557879276,0.5602661204341913,17.86621475061186,0.2566853500617524,0.6773507154723974,1.3174377791614815,0.4527214771674277,0.15398323983349305,0.5739603050087045,0.7364461600245942,0.1948681211036658
TopHat_Clasico,r,23,TopHat_Clasico|23,APC_1_view_3_fk_ref_02_005,7.61618856359067,0.2061731368303299,1.1859597869234932,0.058102745562791824,0.939171688299421,0.7925654852500804,28.938977826395973,0.5173642961807866,16.673374139852356,0.2625984271462462,0.6801073088271906,1.18758619089019,0.42318619724358253,0.15722038725254117,0.5719787678310883,0.7227724254617778,0.37120012635728844
TopHat_Clasico,r,23,TopHat_Clasico|23,APC_3_view_1_fk_bar_06_005,7.385446241233017,0.16983389854431152,1.3535893103984304,0.044892311096191406,0.749824447421044,1.0519457179612859,22.970875619315027,0.5811806761299799,18.12386693703523,0.2517148072162237,0.680755526031993,1.2330112976316197,0.46012428905883407,0.15431390109748264,0.5730777579783067,0.7176911670644359,0.2023091428078309
TopHat_Clasico,r,23,TopHat_Clasico|23,APC_3_view_2_fk_NL_01_005,7.276407492099953,0.16247905790805817,1.2179568074226137,0.04130585119128227,0.728596686157388,0.8478302095419514,18.72032855949365,0.5931912692821211,17.936534393389184,0.21928571446284884,0.694004525491635,1.1302658284008826,0.44533230808485574,0.13372866505498332,0.5618515505453763,0.6907577735152304,0.17990567529193524
TopHat_Clasico,r,23,TopHat_Clasico|23,APC_3_view_3_fk_NL_05_005,7.382640137245378,0.17084051668643951,1.2833571889504969,0.04300597682595253,0.7652645142965602,0.7195341077506368,17.742551371186252,0.5765781899331437,16.76563315308919,0.2164428563856222,0.6767531698251826,1.2169100451446089,0.3840789636711294,0.12338834884221703,0.5620774242595737,0.6382206176011664,0.09812999214601942
TopHat_Clasico,r,23,TopHat_Clasico|23,Athena_2_men_in_front_of_house_meting003,7.307902854349105,0.18682608008384705,1.0554352786638195,0.04690930247306824,0.5956408467902014,0.370822037596204,21.59736007715249,0.5468932710698989,14.02191732551399,0.32358305336172016,0.5627759106225896,1.72216737989537,0.3234608719472968,0.14329064061481134,0.5798197347358028,0.7393068585311071,0.32990289727270106
TopHat_Clasico,r,23,TopHat_Clasico|23,Athena_APC_4_fennek01_005,6.849862412381215,0.11312000453472137,1.0913876481686058,0.044956449419260025,0.3919026925651402,0.12882278657754748,19.26613815316932,0.5642682879591457,19.53867890340762,0.22036404097007828,0.6825600058156037,1.703399333474823,0.3134472515205338,0.10028002483225651,0.5630704494297692,0.6117317338718332,0.3408492592663184
TopHat_Clasico,r,23,TopHat_Clasico|23,Athena_heather_hei_vis,7.400998526203205,0.18173004686832428,1.0314715911166086,0.05201491713523865,0.5159398078799298,0.4156710046376658,23.09676989409586,0.49044958136649697,14.333046291078748,0.2744997037371274,0.6226287338881814,1.5974987380052732,0.33540989434513907,0.1347196557156432,0.5731261512492546,0.7100540605258608,0.20333194837138968
TopHat_Clasico,r,23,TopHat_Clasico|23,Athena_helicopter_helib_011,5.924230455378328,0.07719729095697403,1.2810058989001925,0.02721136249601841,0.7225294838679596,0.3519533950944421,11.791184130333066,0.6368270410225467,17.8362502841191,0.24609466887107553,0.656257755394113,1.6463442655729916,0.5208997085091528,0.16794265607756037,0.5648436470045127,0.6162558938217145,0.4385706659597285
TopHat_Clasico,r,23,TopHat_Clasico|23,Athena_lake_lake,7.2501580659743,0.1618449091911316,1.049181403940627,0.045214537531137466,0.6064341973047923,0.2077328911291988,20.310818409467636,0.5223822376936671,15.231887097376474,0.29655012210740295,0.6035628555248992,1.5798858558999924,0.37705913778758376,0.18468531210341527,0.5870360894562613,0.7435409759955526,0.46701404731054463
TopHat_Clasico,r,23,TopHat_Clasico|23,Athena_man_in_doorway_maninhuis,7.567360511724623,0.22436848282814026,1.055267434557513,0.06006820127367973,0.6204861725503492,0.21801328112856563,25.88750940452305,0.49583374629218313,13.126909209001617,0.3143089580560864,0.5535157891665786,1.6794465116458523,0.29301726972343256,0.14520357373288312,0.5750429542965324,0.706503510348693,0.23157563166513395
TopHat_Clasico,r,23,TopHat_Clasico|23,Athena_soldier_behind_smoke_1_meting012-1200,7.692654513639335,0.21970179677009583,1.1315189206887701,0.05638062581419945,0.8050771705235691,0.203683627460233,24.245596393149338,0.4487866999925729,12.229673050693714,0.28639859361041037,0.6201027088202584,1.2843869744830327,0.3451673985223577,0.1570679890470375,0.5424482998661612,0.7126566853969916,0.23941526583432035
TopHat_Clasico,r,23,TopHat_Clasico|23,Athena_soldier_behind_smoke_2_meting012-1500,7.454742593855441,0.18288321793079376,1.2001627378154573,0.04558231681585312,0.8121169499403256,0.33439339613378677,21.255835919589273,0.486216624611959,10.85364790695482,0.30459722506529424,0.5824947640105136,1.545302429717279,0.3789849560977353,0.1438417163066422,0.5472092855765945,0.7107975638834338,0.286948387052336
TopHat_Clasico,r,23,TopHat_Clasico|23,Athena_soldier_behind_smoke_3_meting012-1700,7.598231069081519,0.1966015100479126,1.0860401679818392,0.06757928431034088,0.8247431949945765,0.17788087975421943,30.909077314434338,0.45844263543878994,12.828623385200101,0.28355308790393446,0.6440608863695464,1.5421098568104417,0.3244632074201395,0.16575131729217674,0.5848131692065477,0.7267751759078167,0.26953541065801645
TopHat_Clasico,r,23,TopHat_Clasico|23,Athena_soldier_in_trench_1_meting016,7.337911711058372,0.16610337793827057,1.0700298967313284,0.05314038693904877,0.7786481789194936,0.2835818347908865,25.4646862631668,0.5051420793787216,15.088787197053353,0.30990874670188767,0.6195481453103469,1.542017316975675,0.4155285928401851,0.20341344057844526,0.6321563543626053,0.8062062879279877,0.40516609674998927
TopHat_Clasico,r,23,TopHat_Clasico|23,Athena_soldier_in_trench_2_meting055,7.228643915638956,0.1564023643732071,1.09456966162368,0.06411268562078476,0.7368684054306314,0.1644030354351434,29.644386517778294,0.4556984938029843,16.686712437044257,0.27320160713022834,0.681317537967269,1.5398663221982538,0.507887891740112,0.23019042086781466,0.6484519157620418,0.8127481764444684,0.40221804965035746
TopHat_Clasico,r,23,TopHat_Clasico|23,Triclobs_Bosnia_R,7.008528813660247,0.2576014995574951,1.1763675255002644,0.04167737439274788,0.8555884690156139,1.0838642678515429,26.758647789433624,0.5667277578203677,13.834961372836307,0.30095860571204675,0.6094263907008807,1.0487931728129376,0.4424987836144103,0.1773368914562328,0.5491191428357574,0.7928620694639295,0.6893244712753633
TopHat_Clasico,r,23,TopHat_Clasico|23,Triclobs_Kaptein_1123,7.168544939393602,0.17795346677303314,1.0249943304950246,0.0412432886660099,0.6593221324680336,0.5153659148609926,17.67709822194441,0.541967753505997,14.996930283936846,0.26712405722098786,0.6124147128017461,1.5694085825481001,0.3708734520671038,0.12811899180674058,0.5247392515974091,0.6633762447567313,0.4087662359572159
TopHat_Clasico,r,23,TopHat_Clasico|23,Triclobs_jeep_in_smoke_R,7.446364650228675,0.22465918958187103,1.0901296144049106,0.08314402401447296,1.005978738294285,0.7496202860358495,46.98286686236622,0.45121573777573554,13.877961071748482,0.2500854568272626,0.6805566540432343,1.346855891988322,0.3950203906264725,0.18966231422753074,0.5953167286785359,0.7287574534835831,0.5084499381702806
TopHat_Clasico,r,25,TopHat_Clasico|25,APC_1_view_1_fk_06_005,7.300051283777101,0.15934015810489655,1.356421069533772,0.04764161631464958,0.5048327962158771,0.9279021219787513,23.69425482898675,0.5389662309281013,17.213014138098178,0.2639238567487172,0.6440679066037853,1.4080554388106408,0.4122455249337142,0.13833551656619483,0.5701853109471005,0.740386487862996,0.12032591811418791
TopHat_Clasico,r,25,TopHat_Clasico|25,APC_1_view_2_fk_ref_01_005,7.4405230220361345,0.17715559899806976,1.2208692197035271,0.04730096459388733,0.8568278953606311,0.7652326341091764,23.650618131173015,0.557375577281648,17.701492475159448,0.25638765136432545,0.6770704168470912,1.331282052582393,0.45566888146279544,0.1539322480352588,0.5709363849399496,0.7349538101536888,0.19410128318940423
TopHat_Clasico,r,25,TopHat_Clasico|25,APC_1_view_3_fk_ref_02_005,7.637706924514345,0.209306001663208,1.189310532578345,0.057898733764886856,0.9542967068655639,0.8045383390813146,28.856137037792756,0.514356361707547,16.547591879507443,0.2644870584938383,0.6776707006476966,1.199658432646303,0.4259716203649724,0.15607124586221216,0.5692233572978755,0.72116687280675,0.3681208676620609
TopHat_Clasico,r,25,TopHat_Clasico|25,APC_3_view_1_fk_bar_06_005,7.39982529098153,0.1715046763420105,1.35622467289347,0.04483794793486595,0.7462872668962393,1.0643434888140786,22.940946604158533,0.5795139818842633,17.998510147469393,0.251763745287109,0.680293387459821,1.2364078538586183,0.4609167000313361,0.15412875268555457,0.571213284878576,0.7166678383327361,0.20089700562275142
TopHat_Clasico,r,25,TopHat_Clasico|25,APC_3_view_2_fk_NL_01_005,7.291843257722506,0.1639368236064911,1.2205405131645173,0.04128635674715042,0.7206003259523955,0.8576209147889275,18.711013448156685,0.591524151823544,17.84622707312949,0.218576198204157,0.6944813691744163,1.1258702987268732,0.44879683831369466,0.13401138165222104,0.5601104861277687,0.6903066436244775,0.17844172366922345
TopHat_Clasico,r,25,TopHat_Clasico|25,APC_3_view_3_fk_NL_05_005,7.397086943484153,0.17216648161411285,1.2858685415695104,0.04292571172118187,0.7573822524339419,0.7232974449600836,17.689638883210772,0.5757374951109622,16.70622479959202,0.2165336917209412,0.6766609888658851,1.2151168170100564,0.38667559637060755,0.12430066669789011,0.5608197391426244,0.637910955710143,0.09403574183947316
TopHat_Clasico,r,25,TopHat_Clasico|25,Athena_2_men_in_front_of_house_meting003,7.323016608562672,0.18977798521518707,1.0576180648485811,0.04657699540257454,0.6057211835183343,0.3806320624535644,21.490518044844688,0.5480980579925735,13.980974481395993,0.3248332759006298,0.5589918321265726,1.7315100522005658,0.32335027578968556,0.14303386052529798,0.5806126293062123,0.7401969249173954,0.3254594930822176
TopHat_Clasico,r,25,TopHat_Clasico|25,Athena_APC_4_fennek01_005,6.86534594026116,0.11420764774084091,1.0938546365635406,0.04498794302344322,0.3901848839814277,0.12975931290398476,19.262678026968203,0.5633807191040434,19.470401050090818,0.22011399541866944,0.6828162840770133,1.6992077272861286,0.3142600739914919,0.10048305936394195,0.5621234113042545,0.6104698186562604,0.3452798848625931
TopHat_Clasico,r,25,TopHat_Clasico|25,Athena_heather_hei_vis,7.423277674846852,0.18563354015350342,1.034576619285284,0.05198506638407707,0.5145010774111917,0.4167159620556335,23.0783772347326,0.48964411095237415,14.227376549883072,0.2746003315068447,0.623204719659865,1.5928792780882355,0.3388768528614218,0.13432639138667574,0.5721350039899002,0.7089268318006617,0.20517782077931912
TopHat_Clasico,r,25,TopHat_Clasico|25,Athena_helicopter_helib_011,5.944633962076701,0.07906506955623627,1.2854177820360244,0.027223462238907814,0.7279246721755674,0.3615588374284834,11.802035813642144,0.6366621456968666,17.80996158709012,0.24832464396278447,0.6561662886522404,1.6555528080501767,0.5199936087870394,0.16664307591269834,0.5652766478050452,0.6200441924799431,0.43789664508924725
TopHat_Clasico,r,25,TopHat_Clasico|25,Athena_lake_lake,7.2703647745858975,0.16395165026187897,1.0521055474858045,0.04537491127848625,0.6065725739959418,0.19709464106140956,20.36496559205323,0.5203192167730625,15.14718277234917,0.29367127159575424,0.607226972591966,1.565603099078178,0.3805198508951413,0.1849440130531919,0.5848588031632846,0.7407080343162581,0.46337895895457504
TopHat_Clasico,r,25,TopHat_Clasico|25,Athena_man_in_doorway_maninhuis,7.576166270612146,0.22796110808849335,1.056495396483758,0.05983816832304001,0.6275841478419473,0.21807111680769037,25.84705402231891,0.4956813939924991,13.05392838220476,0.3153396414681289,0.5509174996893018,1.6811817403010054,0.2943279361063259,0.145133998958927,0.5745637160444295,0.707457917213168,0.2320712164454545
TopHat_Clasico,r,25,TopHat_Clasico|25,Athena_soldier_behind_smoke_1_meting012-1200,7.703595725255196,0.22352805733680725,1.1331282725629064,0.05640336498618126,0.807747205198048,0.20443112229417132,24.28798855219742,0.44524509523057315,12.159439372015514,0.2843869687929513,0.6203689608682508,1.2953254048213814,0.3479183305185802,0.1570282769176846,0.5380587019166279,0.7088261114006614,0.23669485394926887
TopHat_Clasico,r,25,TopHat_Clasico|25,Athena_soldier_behind_smoke_2_meting012-1500,7.4679635239552375,0.185061514377594,1.2022912174329987,0.045301537960767746,0.8067308823629423,0.33516224459841515,21.12338355049496,0.48706290218026493,10.835283240264822,0.3058775813502334,0.579286988178346,1.5516853194900144,0.38143081797623246,0.1423959502637534,0.5470359402345778,0.7072169183671897,0.28439969301721735
TopHat_Clasico,r,25,TopHat_Clasico|25,Athena_soldier_behind_smoke_3_meting012-1700,7.621489593757945,0.20083749294281006,1.0893645854438694,0.06736861169338226,0.8426022453021795,0.1761684394853024,30.853034505501707,0.4588296131085262,12.77738575282578,0.28536956010438075,0.6420563340774724,1.5574693446103065,0.3253877525119317,0.16542109422363002,0.5848065284004801,0.7270021003013509,0.26960582380789117
TopHat_Clasico,r,25,TopHat_Clasico|25,Athena_soldier_in_trench_1_meting016,7.3682173920710206,0.16961118578910828,1.07444913561035,0.053128600120544434,0.7645772694203921,0.2804000033747279,25.563723868759727,0.5053749297180549,14.977238408678698,0.31179476305329373,0.6182030503041002,1.5283333611737093,0.4186979860101713,0.2017996342897161,0.6323223383948985,0.806354515458342,0.41432665759356363
TopHat_Clasico,r,25,TopHat_Clasico|25,Athena_soldier_in_trench_2_meting055,7.252186008072551,0.15870414674282074,1.0981344326166464,0.06415299326181412,0.740417754490568,0.16608961353981694,29.679892383919984,0.4548359756612588,16.600210254815494,0.27131229698818504,0.6824548504174566,1.5376079424168685,0.512819690717862,0.23035605961172387,0.647289242626222,0.8109881802181795,0.4004036631596894
TopHat_Clasico,r,25,TopHat_Clasico|25,Triclobs_Bosnia_R,7.020261485828209,0.26028478145599365,1.1783368310268152,0.041589975357055664,0.8490490524063281,1.0793882193006186,26.78448204681695,0.5649392074950073,13.766831111948392,0.3006938047434846,0.6075477980127987,1.0576772183315337,0.44343698445915725,0.1766770824503276,0.5468526101857306,0.7894294054276216,0.6847831347320125
TopHat_Clasico,r,25,TopHat_Clasico|25,Triclobs_Kaptein_1123,7.174291009343102,0.18014054000377655,1.0258159322525164,0.041033778339624405,0.6524717276698766,0.5286770545155661,17.716840185024356,0.5386492816760364,14.899682579177554,0.26751729952548314,0.608451441177016,1.5526622118262734,0.37148086199570596,0.1257945857470841,0.5214246432456998,0.659984822799334,0.4104014838421603
TopHat_Clasico,r,25,TopHat_Clasico|25,Triclobs_jeep_in_smoke_R,7.439912377200794,0.22621886432170868,1.0891850173782658,0.08286870270967484,1.0000265197560223,0.7383198500794872,46.880062766607615,0.45190210930488317,13.8127348215878,0.2507760081352354,0.678396416581588,1.3453146934747935,0.3931194361500532,0.18779609198757857,0.5950882479797543,0.7279599357197701,0.5074865487373322
Propuesta_Novedosa,r,1,Propuesta_Novedosa|1,APC_1_view_1_fk_06_005,6.457471478433549,0.0924006924033165,1.199861484360513,0.022081874310970306,1.0768782928426914,0.8863483364357753,14.455347622457097,0.7744844161983586,20.25688223235873,0.3746317388978464,0.11473671010807679,1.4370300872105664,0.2821791507735034,0.09161485974155034,0.7202007677773171,0.823322488601178,0.11712790357162171
Propuesta_Novedosa,r,1,Propuesta_Novedosa|1,APC_1_view_2_fk_ref_01_005,6.673862679174933,0.10962366312742233,1.0950726847295038,0.022044587880373,1.5509440829843322,0.8475854476271172,14.042181307317273,0.8146634245321553,21.376623434582093,0.4586417484452742,0.12297997097572477,1.1314769121573645,0.3466143137997659,0.14438252774154534,0.7658608325817176,0.8529248895592275,0.13080222449371776
Propuesta_Novedosa,r,1,Propuesta_Novedosa|1,APC_1_view_3_fk_ref_02_005,6.995213241027233,0.13804961740970612,1.0892642081463733,0.026893001049757004,1.7814295758785716,0.9847775369381313,16.537086951944115,0.7725781640559246,20.246647117571577,0.46800922282310775,0.13198527890213366,1.0493941938638673,0.31887509777382284,0.14666808028946207,0.7654773380817368,0.855422429915131,0.26536968076837064
Propuesta_Novedosa,r,1,Propuesta_Novedosa|1,APC_3_view_1_fk_bar_06_005,6.484897300569991,0.09577158838510513,1.1885385633269048,0.02152284048497677,1.1807635791649773,1.2446073940143978,13.885111630803014,0.8300311785097946,24.082559634716585,0.4275607753478831,0.13521312032257835,1.1169290434907513,0.3487488165540249,0.13475260014866436,0.7582127702516402,0.8615315520105034,0.14401011681951292
Propuesta_Novedosa,r,1,Propuesta_Novedosa|1,APC_3_view_2_fk_NL_01_005,6.695157233483397,0.1191648542881012,1.120664605183143,0.019971517845988274,1.3698969924771178,1.0651524622115376,11.014258481965351,0.8224916983745221,20.39636724458251,0.399003395518168,0.15389101012722342,1.1383828441581165,0.3354018355589585,0.11575704898892314,0.7347066506403305,0.8192647624328495,0.122225312810219
Propuesta_Novedosa,r,1,Propuesta_Novedosa|1,APC_3_view_3_fk_NL_05_005,6.8599840213825,0.1226482167840004,1.1925015504293104,0.019945932552218437,1.5717681012294953,0.9556901916320599,9.389475049415454,0.7986072409363225,18.622935315823582,0.3563431668828815,0.12131309648259624,1.1405682985811687,0.29527221798263525,0.10430830279067026,0.7208996299915463,0.7603043966424302,0.07083157939434861
Propuesta_Novedosa,r,1,Propuesta_Novedosa|1,Athena_2_men_in_front_of_house_meting003,6.483253643491099,0.09423459321260452,0.9363362858325391,0.020476246252655983,0.87316057901812,0.7609476692719374,9.849313717515177,0.7495253162242229,15.845783130000953,0.4016829861365844,0.07176265673575326,1.7725082688599842,0.2446357163626427,0.14939606574370612,0.6833122830804622,0.7436723158031484,0.30807785994324327
Propuesta_Novedosa,r,1,Propuesta_Novedosa|1,Athena_APC_4_fennek01_005,5.567366109565629,0.04598143696784973,0.8870476863637003,0.02109648287296295,0.41719773747106237,0.1505528053669811,9.69281890819764,0.7802841996310318,22.945781986712078,0.32761467238047975,0.14280571565139313,1.727391708386965,0.2279924134698485,0.07191745053532983,0.6992332625021164,0.7274043812610513,0.35210036449547016
Propuesta_Novedosa,r,1,Propuesta_Novedosa|1,Athena_heather_hei_vis,6.729061153999849,0.10714971274137497,0.9378241855694455,0.024482155218720436,0.867336976842072,0.6777428070900364,12.098655828042109,0.6986610744041362,16.093714026306927,0.3763851385416597,0.12648693531852906,1.645835867830722,0.23050585072335175,0.13843079056705415,0.685476748415681,0.6859995581158511,0.11260350975134124
Propuesta_Novedosa,r,1,Propuesta_Novedosa|1,Athena_helicopter_helib_011,5.026940181472246,0.0394364632666111,1.0869833768938206,0.011927622370421886,0.9766095961184427,0.5504143389577825,5.360686290420597,0.8383343935219896,18.539148627989494,0.3497628308921139,0.15683776000444932,1.7026903369501634,0.3053548369334597,0.0934889937537775,0.7149547669457585,0.5888030547614346,0.35243976803507104
Propuesta_Novedosa,r,1,Propuesta_Novedosa|1,Athena_lake_lake,6.5839695798297795,0.09790211915969849,0.9527762545877542,0.018981875851750374,1.291556031750388,0.4230846541515096,9.791926765198527,0.7581014971667881,16.969079362196645,0.41701131510454226,0.07616705039692166,1.6682082296461678,0.2587135247686997,0.15861745120354503,0.7081972311429218,0.7624565965729813,0.4612705066524953
Propuesta_Novedosa,r,1,Propuesta_Novedosa|1,Athena_man_in_doorway_maninhuis,6.798956976181524,0.1088954284787178,0.9481136619308288,0.025532396510243416,0.8964083332882503,0.567891443403184,11.92962853731808,0.7023001880328111,15.506151678990642,0.40889736903101587,0.05638060455829041,1.70590423796496,0.23651885093847408,0.16174897929940849,0.6941187044283359,0.7340019139010987,0.21116776429202788
Propuesta_Novedosa,r,1,Propuesta_Novedosa|1,Athena_soldier_behind_smoke_1_meting012-1200,6.967426482925556,0.13683198392391205,1.024844529279208,0.02360658161342144,1.2771096686117476,0.6183294039770406,11.59188502792134,0.6837588325002154,13.633462186738006,0.4090582685611656,0.07792153217664144,1.3148729474973895,0.25124722016172585,0.1518864089943265,0.6860859855297249,0.7587332946689251,0.21903326899456763
Propuesta_Novedosa,r,1,Propuesta_Novedosa|1,Athena_soldier_behind_smoke_2_meting012-1500,6.925156922361686,0.13175152242183685,1.1149030549483836,0.022394316270947456,1.313367147771764,0.8916798016120809,11.928263312362306,0.6849887652370997,11.243195094837859,0.45447313881800416,0.11907128931781871,1.4684531686740443,0.29244227080184704,0.18482253642603128,0.6697564035330311,0.7650515768035322,0.28496164807837726
Propuesta_Novedosa,r,1,Propuesta_Novedosa|1,Athena_soldier_behind_smoke_3_meting012-1700,6.906214483028048,0.11821015179157257,0.9871279603205131,0.032390519976615906,1.1881994350958898,0.26374186036190883,15.87950119338951,0.6651698974181262,13.900690471460816,0.46148743004610915,0.14616656028864916,1.4512187387618418,0.243873349397065,0.16692325195385616,0.7360923785027887,0.7636541982925573,0.2628792336953391
Propuesta_Novedosa,r,1,Propuesta_Novedosa|1,Athena_soldier_in_trench_1_meting016,6.608690561913509,0.09984361380338669,0.9636933173830284,0.02415911667048931,1.3406142008793798,0.5012010645141685,12.399980479718579,0.7417167576392516,16.76153136371571,0.5059511235120461,0.11069628012298499,1.6364423171676679,0.27932601764143095,0.18410731327994542,0.7947110694783575,0.7899551202650662,0.3976115196427503
Propuesta_Novedosa,r,1,Propuesta_Novedosa|1,Athena_soldier_in_trench_2_meting055,6.4028792599652595,0.08468557894229889,0.9695314178963766,0.028362110257148743,1.431514957059157,0.2162704504628888,14.153836725583046,0.7155982838582688,19.49890699860835,0.5917236001195944,0.11137411728824666,1.6058769009069132,0.3217249422106938,0.20668108270582672,0.8470743305591958,0.8315119291980997,0.3745191393452975
Propuesta_Novedosa,r,1,Propuesta_Novedosa|1,Triclobs_Bosnia_R,6.686365815514409,0.1893213540315628,1.122293111452355,0.021129680797457695,1.091924397725472,1.4865553192453196,13.215671401667109,0.745641108000076,15.792454412384341,0.44259589118756065,0.16727654580529078,0.8832268989168017,0.3517907634419113,0.20794531569058866,0.7097684958615372,0.7553407924371791,0.40044365781927455
Propuesta_Novedosa,r,1,Propuesta_Novedosa|1,Triclobs_Kaptein_1123,6.6303271123222265,0.1249111220240593,0.9480372595714827,0.018988946452736855,0.9406846443483261,0.7697752617360356,8.16425322028224,0.7499527101817707,16.356292211684774,0.3752263932886414,0.1324432771702133,1.5482900252276743,0.266211173499755,0.0924534109286852,0.6696192188668144,0.6772897500989091,0.42295947337645584
Propuesta_Novedosa,r,1,Propuesta_Novedosa|1,Triclobs_jeep_in_smoke_R,7.0116510386924205,0.12802398204803467,1.0264886024507043,0.04170718044042587,1.3519790437516503,1.0263730682744967,24.631135608331434,0.6411399366209092,16.746645630578783,0.4278838816198433,0.2223018340821073,1.2724028821765136,0.27469166964254554,0.1454964433211894,0.7700313468131706,0.7565242690842569,0.5799085946543775
Propuesta_Novedosa,r,3,Propuesta_Novedosa|3,APC_1_view_1_fk_06_005,6.519629511954463,0.09842240810394287,1.2114110561417308,0.02755863405764103,0.8806892366081462,0.8158290446910446,16.8998507610724,0.7387984761475004,20.052485441036293,0.4213940760784488,0.25304348259174675,1.456301622819255,0.29889383971318617,0.10261673155265262,0.7273824534882787,0.8467353991385058,0.13418566494113837
Propuesta_Novedosa,r,3,Propuesta_Novedosa|3,APC_1_view_2_fk_ref_01_005,6.738367391338046,0.1150815486907959,1.1056568623971954,0.027847126126289368,1.4309647638558558,0.8160225557236209,16.97042985749417,0.7746020830936803,21.091733269182225,0.4847922856495623,0.2775612120180856,1.1817068814317553,0.36083560611796106,0.15491320481162885,0.7592080169645028,0.8637854199697116,0.12433190761523712
Propuesta_Novedosa,r,3,Propuesta_Novedosa|3,APC_1_view_3_fk_ref_02_005,7.051572733903786,0.1436539888381958,1.0980402634665531,0.03420797735452652,1.6008113376465893,0.9409119457160734,19.997431240951123,0.7296510651378452,19.944475872553852,0.49917661430302274,0.2849291060402742,1.0859470096507426,0.33374975442978144,0.16012681131568413,0.7597142691736909,0.862708662417593,0.33832705525675605
Propuesta_Novedosa,r,3,Propuesta_Novedosa|3,APC_3_view_1_fk_bar_06_005,6.569795300060942,0.10195055603981018,1.204098493063253,0.02661787159740925,1.105866098386897,1.183671867794041,16.55062516577736,0.7936053142004033,23.591042263430815,0.45396213858470286,0.2797699770549218,1.1537753533343413,0.3633703773733603,0.14552033032789174,0.7500164284045836,0.8714811138424772,0.17126336369988576
Propuesta_Novedosa,r,3,Propuesta_Novedosa|3,APC_3_view_2_fk_NL_01_005,6.75642954355378,0.1223389282822609,1.1309206315584874,0.024778103455901146,1.245957522401428,0.9933565580355388,12.946482225677759,0.7856974190833367,20.274351961004825,0.4100942271319383,0.31584346902763905,1.16251349473528,0.34881273625877973,0.12310596299045515,0.722590160870614,0.8239345178417375,0.14353720930249425
Propuesta_Novedosa,r,3,Propuesta_Novedosa|3,APC_3_view_3_fk_NL_05_005,6.906992536119032,0.12584638595581055,1.2006732497411399,0.024893013760447502,1.3717353583858276,0.9030277843207126,11.258196823497766,0.7662009652575507,18.54599823431347,0.37604241134483185,0.2808572398550761,1.1730761629185567,0.3033592510748939,0.11334804866945505,0.7167309941268293,0.7800819772208742,0.0669924054029298
Propuesta_Novedosa,r,3,Propuesta_Novedosa|3,Athena_2_men_in_front_of_house_meting003,6.59064703021171,0.10349104553461075,0.9518464494593947,0.027454720810055733,0.7813936118346494,0.6243594403431997,13.134875245846297,0.7161059772693037,15.733389580204623,0.46373097808065655,0.21433239406929466,1.7830918782549157,0.2499515603067764,0.15129016158480815,0.7001582809621285,0.8049426887968081,0.365540004224437
Propuesta_Novedosa,r,3,Propuesta_Novedosa|3,Athena_APC_4_fennek01_005,5.765630594573009,0.053247373551130295,0.9186371398418386,0.026231784373521805,0.39772846538872186,0.1505161880063518,11.672673415419887,0.7490919018245723,22.74161308422125,0.3448894427812416,0.3054901901911635,1.7725263833760283,0.23641381138825335,0.0807643616833233,0.6985479616746209,0.7444305508197429,0.3315165222777563
Propuesta_Novedosa,r,3,Propuesta_Novedosa|3,Athena_heather_hei_vis,6.8103465596079635,0.11379309743642807,0.9491528713353341,0.03120947815477848,0.8074945955014659,0.6328825012415269,15.141768582432817,0.6594601264153304,15.993658777275899,0.4138231394678556,0.26737520957049116,1.6643774805974405,0.23729256299503448,0.1518309530191874,0.6887610188640255,0.7408802241368171,0.13431836989594112
Propuesta_Novedosa,r,3,Propuesta_Novedosa|3,Athena_helicopter_helib_011,5.154844890346845,0.04157312586903572,1.1146404182259526,0.014980997890233994,0.911528626319839,0.4805141861931628,6.517496315337655,0.810470283312963,18.515990338567278,0.3878922415088423,0.28774395490776916,1.717344233668477,0.3401698654172518,0.11543602683920177,0.7173005266673902,0.6110752083771583,0.35969942427406687
Propuesta_Novedosa,r,3,Propuesta_Novedosa|3,Athena_lake_lake,6.634212170110763,0.10541856288909912,0.9600469362651656,0.024884508922696114,1.1528254536872948,0.37932679650095547,12.632387391540961,0.720255352609307,16.855390136154796,0.47891995115367114,0.20567979351528484,1.6851341541869114,0.26321272459397654,0.16842223634619313,0.728293904645488,0.8307975199854332,0.5606659929507767
Propuesta_Novedosa,r,3,Propuesta_Novedosa|3,Athena_man_in_doorway_maninhuis,6.9105276385275785,0.12072241306304932,0.9636721762164091,0.034241363406181335,0.821940108656305,0.45585179121446706,15.73345874145801,0.6701851191532979,15.356151770826965,0.4683233845017916,0.19652978371339744,1.7225856285865733,0.2359717272227569,0.161820017099932,0.7138804306652936,0.7874705538580593,0.2460629119008229
Propuesta_Novedosa,r,3,Propuesta_Novedosa|3,Athena_soldier_behind_smoke_1_meting012-1200,7.043765041299887,0.14304892718791962,1.0360732310265057,0.030934106558561325,1.2143924477163965,0.5073854125426377,14.689670895654958,0.6501268785374479,13.570761505907608,0.46487524302393096,0.22041613385045797,1.316187004463693,0.2548148567247948,0.15459936250180584,0.7065413464051007,0.8138939362125738,0.25682653051161225
Propuesta_Novedosa,r,3,Propuesta_Novedosa|3,Athena_soldier_behind_smoke_2_meting012-1500,6.977400533221061,0.1378042995929718,1.1233139201463362,0.028624627739191055,1.2306380181507015,0.6510081038102493,15.011485984412296,0.6469045245569998,11.213264733148856,0.4993670066130412,0.25712879371439695,1.4756710542186307,0.30773734017496945,0.18765575153359254,0.68194159749637,0.8028332041070219,0.31015514497519237
Propuesta_Novedosa,r,3,Propuesta_Novedosa|3,Athena_soldier_behind_smoke_3_meting012-1700,6.983720545518941,0.1275664120912552,0.9982061568588813,0.042237669229507446,1.0960174742009232,0.20705817887788092,20.21157310071007,0.6175466992141497,13.811502502075786,0.5068593254353858,0.30361205539051933,1.454714920115655,0.259918103241025,0.18600477977216293,0.7334865940213876,0.8176084477575252,0.3065312229610767
Propuesta_Novedosa,r,3,Propuesta_Novedosa|3,Athena_soldier_in_trench_1_meting016,6.671928935016707,0.10996425151824951,0.9729148714852802,0.03149816766381264,1.1873725441691743,0.4428883991081919,16.262997334865553,0.6877741760275957,16.613739770866676,0.5628666217394989,0.24010830592507199,1.653665299019559,0.3022880498677463,0.2030750845108221,0.7939908264815981,0.8562659259909905,0.462489853332334
Propuesta_Novedosa,r,3,Propuesta_Novedosa|3,Athena_soldier_in_trench_2_meting055,6.49277390185362,0.09496478736400604,0.9831433690315886,0.03753037378191948,1.1938340244308894,0.18869686389072066,18.300286900664737,0.649644877645577,19.216004881715932,0.6385563046945534,0.23306583884550283,1.6144804227313332,0.3505593337533498,0.22577052053593918,0.8365613370094013,0.891748454109913,0.4352451140759195
Propuesta_Novedosa,r,3,Propuesta_Novedosa|3,Triclobs_Bosnia_R,6.7607501971678445,0.19098296761512756,1.1347783809444298,0.02545318938791752,1.0328075708368276,1.4125665511782264,15.027058863917114,0.7112425516193183,15.756866258821214,0.46361871840236957,0.27550821183931073,0.8927343738330424,0.37404387721403376,0.20409987392251094,0.697616399055761,0.7556933446026606,0.3962611310381443
Propuesta_Novedosa,r,3,Propuesta_Novedosa|3,Triclobs_Kaptein_1123,6.719984969431929,0.12748341262340546,0.9608569874240295,0.024239318445324898,0.8552139291667784,0.7122984328089631,10.050130405747375,0.712752255496515,16.313342127325615,0.4123970307259808,0.2742224455436179,1.5568026143409601,0.2856273094052371,0.1105801547486346,0.6679773370979659,0.6969467087328106,0.3905910738609516
Propuesta_Novedosa,r,3,Propuesta_Novedosa|3,Triclobs_jeep_in_smoke_R,7.083250229815018,0.13485532999038696,1.0369705493169223,0.05123167857527733,1.2369794315534275,0.8926855176437156,28.423221994638528,0.6018884406044885,16.58252404422833,0.4637683958348362,0.3460819045826816,1.287229178466526,0.3067038041990201,0.1690977664736787,0.7580328607492018,0.7554193771073803,0.5593743831706749
Propuesta_Novedosa,r,5,Propuesta_Novedosa|5,APC_1_view_1_fk_06_005,6.586927451662996,0.10582656413316727,1.2239156728640448,0.030518880113959312,0.7367985695680788,0.7796361557570828,18.18602732147201,0.7137518736116923,19.749840458272043,0.44120518683750554,0.322983234273004,1.4640159063865386,0.32428517434311876,0.11716038680119695,0.724417047764965,0.8415369200703232,0.12951628193376227
Propuesta_Novedosa,r,5,Propuesta_Novedosa|5,APC_1_view_2_fk_ref_01_005,6.790914166998924,0.11954399198293686,1.114278936518737,0.030455898493528366,1.3283586132866816,0.8019776557710241,17.88215424405943,0.7500674848825133,20.86742959484965,0.4843617988997154,0.3419584899128994,1.2105308949020563,0.3835271358196646,0.1633109030894257,0.7498094230875029,0.8519949313104704,0.1347203677604518
Propuesta_Novedosa,r,5,Propuesta_Novedosa|5,APC_1_view_3_fk_ref_02_005,7.090002956386661,0.14818865060806274,1.104024450712795,0.03721604123711586,1.4616541066629747,0.9133878731718403,21.10089275809929,0.706886230596845,19.709129564116797,0.5016341001298134,0.3408702777736551,1.1057431157716837,0.3544710461745125,0.16472891900249212,0.7512327912029172,0.8490968560504875,0.35535752281099703
Propuesta_Novedosa,r,5,Propuesta_Novedosa|5,APC_3_view_1_fk_bar_06_005,6.642364157723465,0.10742222517728806,1.2173987631879484,0.028926249593496323,1.0345994936587206,1.1489001875001774,17.300516813264174,0.7718252731558957,23.17173416779489,0.45879959936108194,0.34556583144829073,1.190182409816336,0.3814582325136219,0.15456141401301376,0.7437849078296315,0.8608300741662709,0.18057800003533278
Propuesta_Novedosa,r,5,Propuesta_Novedosa|5,APC_3_view_2_fk_NL_01_005,6.794906296448293,0.1259877234697342,1.137361038196828,0.02691820077598095,1.1436328317517264,0.9400513722319765,13.657465949480644,0.763502410548795,20.13456809368836,0.4080795447908537,0.37966201200501987,1.1894671286965832,0.36679145770485083,0.12938995556024852,0.7138139260406353,0.813422345212142,0.15230514305562703
Propuesta_Novedosa,r,5,Propuesta_Novedosa|5,APC_3_view_3_fk_NL_05_005,6.94474404467612,0.1296701431274414,1.2072357624736842,0.027363738045096397,1.2118282788297483,0.8529723182960673,12.01635842078792,0.7436315226675536,18.44769411945459,0.3799285946308564,0.35441917434531756,1.2032233300533823,0.3202069000883918,0.12315465927792921,0.7090256322852723,0.7728175558433363,0.0674814249697854
Propuesta_Novedosa,r,5,Propuesta_Novedosa|5,Athena_2_men_in_front_of_house_meting003,6.695941252763445,0.11086348444223404,0.9670534437689104,0.030561184510588646,0.7312945913315712,0.5565700281309074,14.27751633339433,0.6946294377771112,15.638757878736197,0.48197457012702216,0.27186921099610484,1.7945423769072102,0.26869842231966107,0.15577737298763056,0.6999118680533088,0.8160309585045307,0.38724355598704324
Propuesta_Novedosa,r,5,Propuesta_Novedosa|5,Athena_APC_4_fennek01_005,5.945205311234507,0.06047346070408821,0.9472487550669108,0.028595436364412308,0.3958948438446378,0.14462667589134798,12.50181114292414,0.72837317942602,22.49257955639914,0.3534019166574565,0.37247072418616356,1.8081375700763682,0.2541661646506445,0.08891780741981042,0.6961169416180332,0.7463716969386093,0.3435100605699912
Propuesta_Novedosa,r,5,Propuesta_Novedosa|5,Athena_heather_hei_vis,6.855211781573979,0.11712340265512466,0.955405703534022,0.03338029608130455,0.7660260560378441,0.6025392096524225,15.76944480910804,0.6416702430243271,15.943855248333536,0.42655377077472134,0.3066276523182561,1.6712555854487043,0.25412512190324826,0.1549239626335596,0.6892353962300911,0.7522338566216242,0.14566532291409673
Propuesta_Novedosa,r,5,Propuesta_Novedosa|5,Athena_helicopter_helib_011,5.235078472444888,0.04397263750433922,1.1319894549880483,0.01622077263891697,0.9008400550575099,0.4377826732701522,6.995651775605894,0.7952147101775695,18.488160230284734,0.4085130838626794,0.325352001585593,1.727884341862362,0.37570147041766105,0.13117998607710563,0.714416469649147,0.6331000714307667,0.37808636951872343
Propuesta_Novedosa,r,5,Propuesta_Novedosa|5,Athena_lake_lake,6.689152107681382,0.10932110995054245,0.9679973782152897,0.027282247319817543,1.0445850280598097,0.35676042260772234,13.381712595917097,0.6976411243607388,16.791514124341422,0.49794709595061654,0.2538503514510722,1.6936673270795617,0.2834172840326714,0.17847737705670377,0.7295364954967852,0.8343591003216879,0.5837620108548122
Propuesta_Novedosa,r,5,Propuesta_Novedosa|5,Athena_man_in_doorway_maninhuis,7.030304245026569,0.1311366707086563,0.9803750083418721,0.038669999688863754,0.7592272429748407,0.39375247285976733,17.195676195748202,0.6485393567288584,15.206051034621366,0.4869232795087217,0.2623411492524619,1.7380111983442972,0.25036310057113637,0.16743730362766365,0.7133621045250257,0.7954882387889868,0.2648489177836983
Propuesta_Novedosa,r,5,Propuesta_Novedosa|5,Athena_soldier_behind_smoke_1_meting012-1200,7.1165874734026575,0.14775970578193665,1.046784742849734,0.03432503342628479,1.1629171843155965,0.4337130318102205,15.636267995168073,0.6280794421055071,13.518507243193385,0.48314404028708824,0.2805382985813355,1.3223052791421757,0.27304418384619533,0.16384731498036031,0.7070012139225708,0.8226145462321974,0.267395155468633
Propuesta_Novedosa,r,5,Propuesta_Novedosa|5,Athena_soldier_behind_smoke_2_meting012-1500,7.026327271666286,0.14076727628707886,1.1311907914970925,0.030713992193341255,1.1779065613589477,0.5473649686456769,15.524188419172916,0.6275099024909266,11.199407256881228,0.5058957047198921,0.2948450269618426,1.4901631288125357,0.32697673173410546,0.18333674171502343,0.679722445823572,0.8051044413617139,0.3215489622600095
Propuesta_Novedosa,r,5,Propuesta_Novedosa|5,Athena_soldier_behind_smoke_3_meting012-1700,7.041566348471012,0.13172048330307007,1.0064742478110962,0.04509852081537247,1.0535890915233614,0.1901770253777994,21.137809159071054,0.5995629737462433,13.768701930756178,0.5102281372873894,0.33936875482789614,1.466034060868668,0.2771349945134422,0.19376173154073745,0.7271025909336453,0.8177938600073373,0.31016760349797406
Propuesta_Novedosa,r,5,Propuesta_Novedosa|5,Athena_soldier_in_trench_1_meting016,6.734047355619542,0.11392156779766083,0.9819731117312887,0.03391202539205551,1.1241861135353204,0.4283207840099584,17.02827020765176,0.6662392089795814,16.557503045236057,0.5734945095527414,0.2702401385716724,1.6693432394280112,0.329282039060496,0.2122201344824068,0.7869846471086055,0.8649537781872518,0.48303179919733463
Propuesta_Novedosa,r,5,Propuesta_Novedosa|5,Athena_soldier_in_trench_2_meting055,6.551707150558761,0.09946694225072861,0.992067110032859,0.040309030562639236,1.1078127574660241,0.18303442820768168,19.335590541983194,0.627213952215696,19.095455495200635,0.6403120688004253,0.25664310834663007,1.6350813042179144,0.3834200613851782,0.2343278691591347,0.8256784322710575,0.8977254460895101,0.4434477426584445
Propuesta_Novedosa,r,5,Propuesta_Novedosa|5,Triclobs_Bosnia_R,6.796629560112522,0.19533224403858185,1.140800660159647,0.027356328442692757,0.981983858010898,1.3760591594866525,16.525150389680174,0.6978595630156317,15.647554828523,0.4816136466726675,0.3070647168605433,0.9147865567283477,0.3911379611594109,0.2063847321863169,0.6927811524272759,0.8043145154544684,0.5221661855201112
Propuesta_Novedosa,r,5,Propuesta_Novedosa|5,Triclobs_Kaptein_1123,6.764370932841696,0.13021501898765564,0.9672035139832142,0.026130205020308495,0.8291626223118329,0.6896380345494213,10.815862936371172,0.6969304906577043,16.261177929188765,0.425254530549684,0.31258860019798956,1.5640105978923098,0.30179462245963107,0.11933067656362288,0.663284727804853,0.7239664760780703,0.4195879262058134
Propuesta_Novedosa,r,5,Propuesta_Novedosa|5,Triclobs_jeep_in_smoke_R,7.130731417908633,0.13983693718910217,1.0439216793917017,0.05455665662884712,1.199552202575025,0.8431304930596975,29.847449391142344,0.5845785766805084,16.477626519464803,0.47116404347806595,0.3738939426437666,1.311980451863998,0.3309764881845997,0.17741060604984116,0.7490530684891261,0.7569094067561632,0.5525000734537914
Propuesta_Novedosa,r,7,Propuesta_Novedosa|7,APC_1_view_1_fk_06_005,6.6370374597846,0.11003394424915314,1.2332266034545876,0.03169187530875206,0.6753099983043093,0.7790082316980924,18.446929920516343,0.7013912327561511,19.596832994055532,0.44705739063771327,0.34848384823946266,1.478548606068113,0.34199753723164905,0.1253788687168365,0.720073942663705,0.8364013097705936,0.13088079785332898
Propuesta_Novedosa,r,7,Propuesta_Novedosa|7,APC_1_view_2_fk_ref_01_005,6.823427137727311,0.12271324545145035,1.119613787991658,0.03154128044843674,1.262749503543624,0.7851812479637965,18.185334941516675,0.7381476617640592,20.71860715399586,0.48089928124347087,0.3676123785254634,1.2318535203992844,0.4005051802504591,0.1663773012692375,0.7440063226175948,0.8469685954118098,0.13958155290926993
Propuesta_Novedosa,r,7,Propuesta_Novedosa|7,APC_1_view_3_fk_ref_02_005,7.108146632417576,0.15123021602630615,1.1068497051008623,0.03833838552236557,1.3832630623610558,0.8904135025043437,21.440334918269194,0.6968285267303223,19.574116556772218,0.49997812616984677,0.3618505830136163,1.1249980363854484,0.3693573007088059,0.16611675649272167,0.7467029097467679,0.8443541508624735,0.3492943319630002
Propuesta_Novedosa,r,7,Propuesta_Novedosa|7,APC_3_view_1_fk_bar_06_005,6.69858368870521,0.11136925965547562,1.2277025625369502,0.029942162334918976,0.9834548999015118,1.1278074773208537,17.584454210303576,0.7608169524631505,22.900379873266683,0.45807100854875527,0.37329269427603035,1.2241312913064455,0.39554651841266825,0.15853655127320926,0.7387566736621316,0.8567026447493776,0.18336744772994598
Propuesta_Novedosa,r,7,Propuesta_Novedosa|7,APC_3_view_2_fk_NL_01_005,6.815115242667428,0.12850421667099,1.1407436997156002,0.027803117409348488,1.0870382470769338,0.9074870845563622,13.902115798678219,0.7529706900437041,20.03301454932658,0.405306612454335,0.4031838908287359,1.2061368610959207,0.38112912142423017,0.1323956081704442,0.7089150867740683,0.8079881152491528,0.15474255088506064
Propuesta_Novedosa,r,7,Propuesta_Novedosa|7,APC_3_view_3_fk_NL_05_005,6.968791327723393,0.13272902369499207,1.2114160086999293,0.028430432081222534,1.136585237685161,0.8225383569070646,12.318813344555275,0.7325128623995532,18.368143200386868,0.3785775121292942,0.38390132789775905,1.225200113806889,0.3329458630498727,0.1274987104396036,0.7040297569992615,0.7665765684190743,0.06993287853170896
Propuesta_Novedosa,r,7,Propuesta_Novedosa|7,Athena_2_men_in_front_of_house_meting003,6.759988193321162,0.11601609736680984,0.9763033478662083,0.03176864609122276,0.7119194013604668,0.5300214568076487,14.733149085285763,0.685139776432236,15.574887595851122,0.4872711427150994,0.2928526741185931,1.8047696048007613,0.28211846660698436,0.15759270738436762,0.6986382988339161,0.8187974329428467,0.3957694680509596
Propuesta_Novedosa,r,7,Propuesta_Novedosa|7,Athena_APC_4_fennek01_005,6.049842797819899,0.06491142511367798,0.9639206315980783,0.02958168461918831,0.3986034725326172,0.1414024585163164,12.819669677476922,0.7179765145960944,22.31962360001509,0.35629873507782334,0.39837819874903185,1.8263798963519844,0.26679726664356723,0.09293317564735559,0.6937173249184017,0.7445046812840049,0.34615783541978934
Propuesta_Novedosa,r,7,Propuesta_Novedosa|7,Athena_heather_hei_vis,6.893062722330406,0.12019720673561096,0.9606809606427843,0.0342307947576046,0.7470995431462495,0.5877427676097751,15.980444748179629,0.63417557994962,15.899261367592857,0.43438547760988677,0.32116836667802057,1.677567022328191,0.2682756950172619,0.1555980522922987,0.6910619028221263,0.7614618557379914,0.15399554327508094
Propuesta_Novedosa,r,7,Propuesta_Novedosa|7,Athena_helicopter_helib_011,5.285436090777882,0.0461471788585186,1.1428783639569027,0.016758088022470474,0.894622009539385,0.4267943619468203,7.206368684696892,0.7881702288463376,18.465384114803406,0.41919997473847453,0.3397714088083077,1.7338753402318154,0.3976269906847749,0.13804057383476712,0.712340878384484,0.6513221548143943,0.4036132537326138
Propuesta_Novedosa,r,7,Propuesta_Novedosa|7,Athena_lake_lake,6.7281135965263905,0.1121823787689209,0.9736355545411088,0.02837277576327324,0.977072278940897,0.34194086786507416,13.706060299185447,0.6865821325145252,16.740619473998805,0.5065023212726637,0.27318207509342546,1.698930380900966,0.3014800288380189,0.18480775137914768,0.7288972732067115,0.8356875449797769,0.5899034912398256
Propuesta_Novedosa,r,7,Propuesta_Novedosa|7,Athena_man_in_doorway_maninhuis,7.102609676353005,0.13813509047031403,0.9904579912924271,0.04048992693424225,0.7306873509315241,0.36505072753742546,17.784049235394633,0.6384992029346694,15.097094977919095,0.49264733950025247,0.2848901939289609,1.7465273463708724,0.261425240578335,0.17047010152343425,0.7112105836131115,0.7962376376246214,0.2704537964280522
Propuesta_Novedosa,r,7,Propuesta_Novedosa|7,Athena_soldier_behind_smoke_1_meting012-1200,7.165607843808991,0.151717409491539,1.0539951897137643,0.03581215441226959,1.1401986308752212,0.39514362380975077,16.061509502759293,0.6172034334651875,13.475782361193696,0.49155636969412236,0.30250890687521165,1.3278201274743833,0.28917406239149956,0.16886055977409573,0.7052664618431507,0.8254244116728011,0.2734935874280304
Propuesta_Novedosa,r,7,Propuesta_Novedosa|7,Athena_soldier_behind_smoke_2_meting012-1500,7.05855349867474,0.14304016530513763,1.1363789943557407,0.03137151896953583,1.1510676710820735,0.5069213026867742,15.623068231599476,0.619781633273577,11.189276932969968,0.506750205265538,0.30645038290169213,1.5020618964161114,0.3390020051257973,0.17963013737844286,0.6776458560468285,0.8043911140742059,0.3246363316375488
Propuesta_Novedosa,r,7,Propuesta_Novedosa|7,Athena_soldier_behind_smoke_3_meting012-1700,7.079786560031002,0.13481557369232178,1.011937188409444,0.045940153300762177,1.0371215067101973,0.1873442045563436,21.386940135828063,0.5938323637796754,13.740879685324128,0.510370617707066,0.34999430782861074,1.4798922032596566,0.28750369404950316,0.19482817441985706,0.7250450142766665,0.8188504886542158,0.31348128617870524
Propuesta_Novedosa,r,7,Propuesta_Novedosa|7,Athena_soldier_in_trench_1_meting016,6.772871990881388,0.11689801514148712,0.9876346026425594,0.034889187663793564,1.0935648500603783,0.424743203282556,17.359831122916706,0.6577651670678809,16.50984564642983,0.5782224035046301,0.28243971601112533,1.6789052586187863,0.3475727396757464,0.21671046737730923,0.7842793015144282,0.8709335669155058,0.4994007478561
Propuesta_Novedosa,r,7,Propuesta_Novedosa|7,Athena_soldier_in_trench_2_meting055,6.590184385171754,0.10290676355361938,0.9978933776097473,0.04132190719246864,1.06991955851059,0.18536761900856039,19.744412591892377,0.6196464982979036,19.006041222175497,0.6414435416411486,0.2655640168805436,1.655352882151824,0.40671398269505943,0.23900578111930862,0.8224858600285325,0.9028131901290762,0.45164447887116765
Propuesta_Novedosa,r,7,Propuesta_Novedosa|7,Triclobs_Bosnia_R,6.821255045713785,0.19694456458091736,1.1449339986007385,0.027926979586482048,0.9718143678848761,1.3585374663910548,16.814831193801567,0.6925292567381376,15.626318748624575,0.48266980827720524,0.3203981815923275,0.9322016931583397,0.3996236171146423,0.2074312825100884,0.6899521845128059,0.8045049117324125,0.5295166238583652
Propuesta_Novedosa,r,7,Propuesta_Novedosa|7,Triclobs_Kaptein_1123,6.7919421207083275,0.13349418342113495,0.9711457800200791,0.02698369137942791,0.8174744189662673,0.6798213868772712,11.245955250593497,0.6900810959947783,16.19859762961471,0.43386818163849866,0.3276827029340294,1.5744584129447254,0.31367926831612347,0.12504008069740835,0.6616410281794868,0.7406411796605682,0.440080265695391
Propuesta_Novedosa,r,7,Propuesta_Novedosa|7,Triclobs_jeep_in_smoke_R,7.167068599739846,0.14372235536575317,1.0492413541429249,0.055641770362854004,1.1822245676892815,0.8306690806106971,30.363554219456525,0.5781319278161352,16.41272413725398,0.47470172072209565,0.38218607217854444,1.3423344918690492,0.344112647909413,0.1806458706390621,0.7464745494473836,0.7645732904270733,0.5660086060490173
Propuesta_Novedosa,r,9,Propuesta_Novedosa|9,APC_1_view_1_fk_06_005,6.687436414043485,0.11356953531503677,1.2425912230691294,0.03237796574831009,0.6496670889576567,0.7906594825778479,18.62726149478501,0.6937154231315351,19.46574105579424,0.44940001407250085,0.36178198071949974,1.4904224431453454,0.3545052544963393,0.1295937543181434,0.7167956038693102,0.8339657610303267,0.13184517311156843
Propuesta_Novedosa,r,9,Propuesta_Novedosa|9,APC_1_view_2_fk_ref_01_005,6.857475703587019,0.1255471259355545,1.1252006057341812,0.03217627853155136,1.2168174780884562,0.7746862432837578,18.36870414039345,0.7308212857124019,20.596250763865278,0.4759916834702844,0.3827449589127624,1.2524042849211758,0.4111784702105268,0.16724052444210494,0.7396344584063553,0.8437269888227575,0.14222702985162478
Propuesta_Novedosa,r,9,Propuesta_Novedosa|9,APC_1_view_3_fk_ref_02_005,7.131189034766619,0.1538928896188736,1.1104377678637403,0.03901560604572296,1.3307217327522842,0.8731246323716392,21.648994258871905,0.6903390929950863,19.456511491648886,0.49788335280151386,0.37405432706862135,1.13999603504287,0.3802506246202213,0.16619635193641952,0.7431503286840546,0.8410915842287185,0.35482285594905943
Propuesta_Novedosa,r,9,Propuesta_Novedosa|9,APC_3_view_1_fk_bar_06_005,6.764083997754188,0.11633481830358505,1.2397073236929514,0.030586976557970047,0.9569085793136053,1.1241459537626164,17.914850452876568,0.7537428727914184,22.50968139023589,0.4557882786407061,0.38931812534838023,1.2495771749143596,0.40704373278449735,0.16087865519285832,0.7343240978983911,0.845791463611008,0.182500420240977
Propuesta_Novedosa,r,9,Propuesta_Novedosa|9,APC_3_view_2_fk_NL_01_005,6.832620704375298,0.13053980469703674,1.1436738402110747,0.028300685808062553,1.0488503934929736,0.8910661682313958,14.026322626794068,0.7466514404519311,19.946557384498625,0.40248055864100013,0.41688165043101766,1.2185752688728342,0.3914944375116186,0.13443889768803075,0.7055450601896607,0.8040462919706164,0.15536539985613168
Propuesta_Novedosa,r,9,Propuesta_Novedosa|9,APC_3_view_3_fk_NL_05_005,6.988585154697293,0.13525009155273438,1.214856857728401,0.02903093956410885,1.0882006453045645,0.8060794413919663,12.48944458972423,0.7259107151169508,18.299165535280693,0.3765021669660836,0.3992986410648722,1.2418611327314424,0.3423744470894008,0.12945705640351104,0.7008211117858703,0.7621946974473887,0.07099737702435518
Propuesta_Novedosa,r,9,Propuesta_Novedosa|9,Athena_2_men_in_front_of_house_meting003,6.807430716696574,0.12042935192584991,0.9831551785318888,0.03244730830192566,0.7036613007187376,0.5187000997085348,15.012178460287439,0.6797110881154804,15.520912210227264,0.48942253558529425,0.30474254503331144,1.813805535456775,0.2912395401068435,0.1584403773322402,0.6976171444739699,0.8206587417512241,0.4016510306642357
Propuesta_Novedosa,r,9,Propuesta_Novedosa|9,Athena_APC_4_fennek01_005,6.121083683021273,0.068083755671978,0.9752714321649394,0.03016691468656063,0.40193176960721394,0.14008954035274662,13.007518983399457,0.711426841707496,22.18905367490865,0.3573504213654953,0.412000468387276,1.838600389598104,0.2754392850184283,0.0950280754079788,0.6916239968610298,0.7428319998918419,0.3556916070875336
Propuesta_Novedosa,r,9,Propuesta_Novedosa|9,Athena_heather_hei_vis,6.927646988858854,0.12317297607660294,0.965500943824432,0.03474709391593933,0.7346377128059842,0.5787463759238773,16.100437502838176,0.6295935357741465,15.854420703887405,0.43801907815042374,0.3302597058565818,1.6831567379800347,0.2794059953395787,0.15518200473013252,0.6925223671026253,0.7681790915665985,0.159751992543705
Propuesta_Novedosa,r,9,Propuesta_Novedosa|9,Athena_helicopter_helib_011,5.3215103283187295,0.047681499272584915,1.150678754477869,0.01712746173143387,0.887659093908649,0.4182762874796663,7.359911722546667,0.7829801495778865,18.446833915009854,0.4260412802375447,0.34867406436622156,1.7352578346450684,0.4134593622397109,0.14321263342736273,0.7100424717968271,0.6654363097841051,0.42532413063779545
Propuesta_Novedosa,r,9,Propuesta_Novedosa|9,Athena_lake_lake,6.764015703468117,0.11490823328495026,0.9788310030572351,0.029111526906490326,0.9265031006793534,0.3310160840255311,13.926400147480118,0.6789350188412773,16.690130200369527,0.5114697070635622,0.285713770852238,1.70368761395904,0.3165395878634267,0.18944021834004707,0.7274925482415737,0.8356157337113927,0.5904228611201912
Propuesta_Novedosa,r,9,Propuesta_Novedosa|9,Athena_man_in_doorway_maninhuis,7.153664683682366,0.14346936345100403,0.9975776053933141,0.041536491364240646,0.7162013069108537,0.34608846125307785,18.11326748091925,0.632633346629265,15.012864441605995,0.49640110964485656,0.2970169206877675,1.753133886442992,0.2699837171150007,0.1726670842651861,0.7101460682492877,0.797602690172406,0.27415018105947725
Propuesta_Novedosa,r,9,Propuesta_Novedosa|9,Athena_soldier_behind_smoke_1_meting012-1200,7.203069241506069,0.15500493347644806,1.0595054177130243,0.036741506308317184,1.1208896718839099,0.37234958871236273,16.334570765352478,0.6101730281491505,13.436006111511256,0.49540209856723477,0.3152038477590241,1.3301854788178298,0.3009494071292805,0.17227066393262114,0.7029082955580124,0.8261287626495697,0.27615956510204515
Propuesta_Novedosa,r,9,Propuesta_Novedosa|9,Athena_soldier_behind_smoke_2_meting012-1500,7.084219732754518,0.14513574540615082,1.1405110830730614,0.031645361334085464,1.1311274312412594,0.4847647463511283,15.622300806104487,0.6156702853612606,11.18064467290688,0.5057809523336352,0.31215655849479734,1.5142374001255303,0.3473077062433942,0.17612852530851686,0.6759054929751068,0.8027481466275341,0.3271986838984654
Propuesta_Novedosa,r,9,Propuesta_Novedosa|9,Athena_soldier_behind_smoke_3_meting012-1700,7.114548966729591,0.13775312900543213,1.016905893581364,0.046361539512872696,1.0321349362862988,0.18911868101826657,21.505709190856855,0.5906603285266706,13.716955393102193,0.5099214898840441,0.35606882555284125,1.4965247248767546,0.2955604936753254,0.19309091231898745,0.7238437490758796,0.8202751802680013,0.31852220428378386
Propuesta_Novedosa,r,9,Propuesta_Novedosa|9,Athena_soldier_in_trench_1_meting016,6.8001184129685415,0.11902353167533875,0.9916077338766514,0.035458702594041824,1.0775566508979226,0.41856749406605565,17.56035109618943,0.6528031688155226,16.469773018913745,0.5793825647254981,0.28919361625059314,1.6807690209088486,0.3598404723908818,0.2190957891753426,0.7824454148710414,0.8731834395750702,0.5060174214967877
Propuesta_Novedosa,r,9,Propuesta_Novedosa|9,Athena_soldier_in_trench_2_meting055,6.624591202287646,0.10572536289691925,1.003103297839268,0.041930314153432846,1.0473137641474732,0.18826859493932263,20.006424549797096,0.6150859677417196,18.929951632620153,0.641216421698309,0.2717653910560442,1.6677507654175827,0.4244368849037236,0.2418284762827709,0.8206568771155865,0.9050113429827529,0.45643294170465304
Propuesta_Novedosa,r,9,Propuesta_Novedosa|9,Triclobs_Bosnia_R,6.841058451388931,0.19853703677654266,1.1482579605833367,0.02827019989490509,0.9648192826263278,1.3443608138780818,17.017796786184046,0.6894607256579117,15.601049418411758,0.4827778492387512,0.3285039275839194,0.9472803979803712,0.40608038173396244,0.20904773896491322,0.6883722118296789,0.80471962572043,0.5286907572619399
Propuesta_Novedosa,r,9,Propuesta_Novedosa|9,Triclobs_Kaptein_1123,6.812600441378624,0.13589057326316833,0.9740996098061268,0.027484850957989693,0.8068167330429608,0.6712044945582,11.48466760031239,0.6857591148485573,16.156064754625202,0.4373649053185003,0.3364696734606799,1.5818107341278727,0.3218261232515804,0.1280540709488652,0.6602341655626103,0.7453413913291178,0.4495012789175526
Propuesta_Novedosa,r,9,Propuesta_Novedosa|9,Triclobs_jeep_in_smoke_R,7.218284743609473,0.15046186745166779,1.056739272629389,0.05656910687685013,1.1623822428663653,0.8300637106309957,31.01340535257127,0.5746220766003003,16.264479260958254,0.4820929828422885,0.3876732921496089,1.3653530359694772,0.3552896209325851,0.18322429296895096,0.7449980171693993,0.7907894333852338,0.5930275030780073
Propuesta_Novedosa,r,11,Propuesta_Novedosa|11,APC_1_view_1_fk_06_005,6.724934933702682,0.11655750125646591,1.249558815509897,0.032944656908512115,0.6321759799834288,0.8092947153888037,18.74767252704078,0.6870816980337469,19.344011137239544,0.4488915822630285,0.37275932446699667,1.4963627495104992,0.36430512534838166,0.13278617169468845,0.7129328413627866,0.8295566048482023,0.13338628290943252
Propuesta_Novedosa,r,11,Propuesta_Novedosa|11,APC_1_view_2_fk_ref_01_005,6.895434026356102,0.1284753978252411,1.1314289512097744,0.0327015221118927,1.1714834036503816,0.7708698120350186,18.48927718086558,0.7244042405108767,20.469223486688914,0.47115733133718474,0.3954767350390734,1.2715682022036399,0.4194883220026574,0.16720780474550387,0.7349301376137063,0.8400838097659908,0.14390047770713849
Propuesta_Novedosa,r,11,Propuesta_Novedosa|11,APC_1_view_3_fk_ref_02_005,7.16127786218171,0.15715967118740082,1.1151230693176155,0.03961428627371788,1.2789343881493185,0.86768522323245,21.882296762287098,0.6844432032424327,19.319451952109382,0.49480142172984026,0.3846354021551213,1.160973238615186,0.3890927929911276,0.16600409612316566,0.7390051145008432,0.8378662456324344,0.35640219482353586
Propuesta_Novedosa,r,11,Propuesta_Novedosa|11,APC_3_view_1_fk_bar_06_005,6.801601248284584,0.12080162018537521,1.2465834077662417,0.031069627031683922,0.9220625772541035,1.1180919471174393,18.123827597506693,0.7476068643996856,22.16392925286733,0.45079643354471965,0.40204550922791726,1.271820000752764,0.4162216802314684,0.1625490469680873,0.7300955447949572,0.8353378913608296,0.18039564898728327
Propuesta_Novedosa,r,11,Propuesta_Novedosa|11,APC_3_view_2_fk_NL_01_005,6.851117202000735,0.13240274786949158,1.1467698646188385,0.02868514694273472,1.0173270179593321,0.880882078121461,14.106760122239491,0.7414055389881098,19.860536590353068,0.3981321730049222,0.4291494387926509,1.2272400161586772,0.39938045190094484,0.13591888434608243,0.7020782105182506,0.8005853542228123,0.155408023814941
Propuesta_Novedosa,r,11,Propuesta_Novedosa|11,APC_3_view_3_fk_NL_05_005,7.008845493858023,0.13750851154327393,1.218378802646361,0.02947470173239708,1.0496056620452274,0.7963227891909069,12.610436868026431,0.7204129900125085,18.228690803953324,0.37311752074749044,0.4119705128680012,1.2546842063134713,0.3495793043285571,0.13026619450630636,0.6973500907235407,0.7582655456629069,0.07119816156644061
Propuesta_Novedosa,r,11,Propuesta_Novedosa|11,Athena_2_men_in_front_of_house_meting003,6.856340278661728,0.12482397258281708,0.9902188845212612,0.03297955170273781,0.6986441748077086,0.503502030625862,15.240967401745243,0.6751759369027093,15.464145042875359,0.49003197378008245,0.314859017027858,1.8215961826689862,0.29880646539935113,0.1602337471810492,0.6962979695215057,0.821990685309918,0.40198978012662345
Propuesta_Novedosa,r,11,Propuesta_Novedosa|11,Athena_APC_4_fennek01_005,6.187154148950073,0.07138536870479584,0.9857984305310817,0.030649768188595772,0.4067942869161365,0.14183361307377138,13.173594363254095,0.7059176723494336,22.05136600767321,0.3572402935821957,0.42286748316213224,1.8525415266338516,0.28225282425618803,0.09647776960365428,0.6892162094335453,0.7410446657893379,0.36586121158936263
Propuesta_Novedosa,r,11,Propuesta_Novedosa|11,Athena_heather_hei_vis,6.96574476681294,0.12672245502471924,0.970810602447546,0.03518497198820114,0.7252311694648568,0.571565494106906,16.201091475737897,0.6255873725153352,15.798097899781578,0.4416527193870995,0.33768022758903754,1.6894345263691077,0.2901921195806804,0.15481675933221362,0.6936199731661914,0.7744012437828236,0.1650734548665289
Propuesta_Novedosa,r,11,Propuesta_Novedosa|11,Athena_helicopter_helib_011,5.356260651840922,0.04927023872733116,1.1581928729369517,0.017491506412625313,0.8869610142379971,0.4065441555174256,7.52249670658218,0.7780174209766906,18.42494738047302,0.430497025690298,0.35830606127782155,1.7359904441262461,0.4266751835023945,0.1461943067669249,0.706967876574251,0.677378650360904,0.44969023776519323
Propuesta_Novedosa,r,11,Propuesta_Novedosa|11,Athena_lake_lake,6.800423909127813,0.11789736151695251,0.984099689888805,0.02976452186703682,0.8800914170621954,0.3191476173509158,14.122564535626898,0.6720907663820972,16.625923283376654,0.5139150735484148,0.2965937961681973,1.705909429625991,0.32901305332305925,0.19217842186126616,0.7252688199595175,0.8343078230553849,0.596181371560237
Propuesta_Novedosa,r,11,Propuesta_Novedosa|11,Athena_man_in_doorway_maninhuis,7.207255210402975,0.1490613967180252,1.0050507973420024,0.04238051921129227,0.7039319713290663,0.33118374730010613,18.373742053463264,0.6275111199058665,14.92428905405465,0.49747079732850474,0.307626752337629,1.7618218451908048,0.2772562901846885,0.17495130666887562,0.7082513325864777,0.79812743685301,0.27443288468131266
Propuesta_Novedosa,r,11,Propuesta_Novedosa|11,Athena_soldier_behind_smoke_1_meting012-1200,7.241038615006673,0.15850567817687988,1.0650903642937473,0.0375264547765255,1.0922443314688972,0.3551159653614597,16.573650346099186,0.6038720279463569,13.391262760067935,0.49685568268215935,0.32574994409422997,1.3348945081834855,0.31128992310214776,0.1748327550320795,0.6996404792540943,0.8251202782625955,0.27430974219214793
Propuesta_Novedosa,r,11,Propuesta_Novedosa|11,Athena_soldier_behind_smoke_2_meting012-1500,7.111159815332899,0.14731654524803162,1.1448482527146924,0.0318436399102211,1.107089060444825,0.468296284265664,15.585959313666521,0.612078561004538,11.170626204494576,0.5034289288253978,0.3167137454191539,1.5262537899016309,0.3547227305094223,0.1725020172765036,0.673367089768255,0.8003372863073767,0.3255541183131024
Propuesta_Novedosa,r,11,Propuesta_Novedosa|11,Athena_soldier_behind_smoke_3_meting012-1700,7.151900879230162,0.14118731021881104,1.022244725338091,0.046607378870248795,1.0251957994662193,0.19204333164854814,21.559429886027022,0.5883148299089855,13.688441193338381,0.5084261489571572,0.3604970998356478,1.517236650134251,0.3024127084140438,0.1904874945613132,0.7222958183322032,0.8206965442355333,0.32224964540218587
Propuesta_Novedosa,r,11,Propuesta_Novedosa|11,Athena_soldier_in_trench_1_meting016,6.826810811652666,0.12098994106054306,0.9955000762394577,0.03588814288377762,1.0611705058792034,0.41057042871585525,17.715530591108493,0.6488202623622127,16.429326277897424,0.5789051784213338,0.2955090682116308,1.6799529004678022,0.36995758029156445,0.21984679849361236,0.7805420470283798,0.8739753964651578,0.5070807745409415
Propuesta_Novedosa,r,11,Propuesta_Novedosa|11,Athena_soldier_in_trench_2_meting055,6.665376246233097,0.10853508859872818,1.0092790165870262,0.04246167838573456,1.0293594330005287,0.1881490510239107,20.234209960079795,0.6109396835302423,18.848692605882164,0.6398824010737761,0.27754424633815233,1.6759420709087554,0.4402507716304905,0.24386756688655892,0.818876916106287,0.9062248169442104,0.4600375828682285
Propuesta_Novedosa,r,11,Propuesta_Novedosa|11,Triclobs_Bosnia_R,6.862258756468229,0.20001624524593353,1.1518163893333726,0.028540724888443947,0.9548121604698112,1.3304685886090604,17.17177410288389,0.6870614154065562,15.575619698649765,0.48235066866953863,0.3355369105947073,0.9602839699687163,0.41110427926072945,0.20929218553675305,0.687018377645748,0.8046148889198832,0.5331666798242048
Propuesta_Novedosa,r,11,Propuesta_Novedosa|11,Triclobs_Kaptein_1123,6.839112235741875,0.13878785073757172,0.9778903984729104,0.02794560231268406,0.7944294504910141,0.6650806980574869,11.731088489680923,0.6816510615375984,16.104504375664057,0.4398447598953947,0.34479058944771224,1.5913186364488558,0.3302677090593633,0.13049768996807645,0.6584861179294214,0.749109298311543,0.4535688247195276
Propuesta_Novedosa,r,11,Propuesta_Novedosa|11,Triclobs_jeep_in_smoke_R,7.260963522153821,0.1559324562549591,1.062987341664847,0.05727048218250275,1.157115077018945,0.8462211928651002,31.440226757194097,0.5718551980919636,16.15393249457131,0.48808332717242064,0.3937372904306866,1.395469167453904,0.3638970297357361,0.18821526886710097,0.7438153160441225,0.8065003329118356,0.6382043591915169
Propuesta_Novedosa,r,15,Propuesta_Novedosa|15,APC_1_view_1_fk_06_005,6.774645007746256,0.12004147469997406,1.2587954344293601,0.03347952663898468,0.617012209917112,0.8362542527912094,18.87853591219474,0.6806094464376484,19.204432389471123,0.4463179044361579,0.3839617108059099,1.5043711048418655,0.3742310210526417,0.13549076106574032,0.7085247683746874,0.8259315469866823,0.13321745321269385
Propuesta_Novedosa,r,15,Propuesta_Novedosa|15,APC_1_view_2_fk_ref_01_005,6.953484444138395,0.13303372263908386,1.1409540837913732,0.033151283860206604,1.1234549358540467,0.7743863266933111,18.605214864363525,0.7175863172426709,20.278069387899762,0.4643078627453164,0.4077272480803192,1.3051743901235358,0.43036800276533793,0.16661266715446688,0.7289327505578878,0.8344127346777334,0.14422920172329254
Propuesta_Novedosa,r,15,Propuesta_Novedosa|15,APC_1_view_3_fk_ref_02_005,7.207499451191494,0.16190263628959656,1.1223204943019918,0.04024869576096535,1.2238321916632637,0.8571496932563996,22.047161348523517,0.676733365872848,19.130896379531848,0.4908569351083325,0.3959143079727938,1.189209998491659,0.4004076766172181,0.16498054327966152,0.7328073569660226,0.8333922308020002,0.3619245623845089
Propuesta_Novedosa,r,15,Propuesta_Novedosa|15,APC_3_view_1_fk_bar_06_005,6.855042480965918,0.12532304227352142,1.2563780063496162,0.03146350011229515,0.8932393867644686,1.1180184276038911,18.227702274262942,0.7413080812884397,21.81064579262969,0.4450554074957954,0.41447281581553913,1.291840016298962,0.4267264259122116,0.1640574415973341,0.7254650600961715,0.8278410519441565,0.17799939083876848
Propuesta_Novedosa,r,15,Propuesta_Novedosa|15,APC_3_view_2_fk_NL_01_005,6.875148991780708,0.13469547033309937,1.150792410358456,0.028971610590815544,0.9853935944982936,0.8751281055686959,14.158125536252191,0.7365749843110889,19.735022004897864,0.393219307324583,0.4394581442145819,1.2309359805100941,0.40893777119203994,0.13816954645093746,0.6982599299373833,0.7960926231732256,0.15307310619454143
Propuesta_Novedosa,r,15,Propuesta_Novedosa|15,APC_3_view_3_fk_NL_05_005,7.034821491711629,0.14028508961200714,1.2228943259504705,0.02992481179535389,1.0077306418398604,0.7871506831787984,12.730792667698212,0.714422722677416,18.13261124765885,0.36917349447168746,0.42361200480581035,1.2658589777106528,0.3574912905434844,0.13138205633202785,0.692864350004994,0.753257076336816,0.07108292476713121
Propuesta_Novedosa,r,15,Propuesta_Novedosa|15,Athena_2_men_in_front_of_house_meting003,6.940952195342281,0.13165129721164703,1.0024388611191812,0.0335635282099247,0.6923716233584662,0.4837946198036968,15.523368594057406,0.6700349562022601,15.35738070987957,0.491333201335551,0.32567747185005214,1.8268996934587487,0.30738585325806855,0.16140552562496152,0.694324659291736,0.8261262666166673,0.4064698064638873
Propuesta_Novedosa,r,15,Propuesta_Novedosa|15,Athena_APC_4_fennek01_005,6.2629356866199135,0.07523167878389359,0.9978726926392657,0.031077153980731964,0.41137506303142196,0.1415048007281146,13.286765893940233,0.7000630415079729,21.87865612334641,0.35695929098968976,0.43299092629064195,1.8650841888327885,0.28887128546932966,0.09766554476139569,0.6858100581335693,0.7379236484876395,0.37444000017476364
Propuesta_Novedosa,r,15,Propuesta_Novedosa|15,Athena_heather_hei_vis,7.0204977022135715,0.13226237893104553,0.9784414778214622,0.035634297877550125,0.7188883660561817,0.564723513964008,16.30282281768491,0.6211324432808942,15.707641816728536,0.44476272445876636,0.3456863204877504,1.6995646330182286,0.3045078282468253,0.1533034388448785,0.6941380884143243,0.7803759877424187,0.17639664874441363
Propuesta_Novedosa,r,15,Propuesta_Novedosa|15,Athena_helicopter_helib_011,5.409529170929746,0.05222776159644127,1.1697112106674685,0.017969423905014992,0.8883285786679612,0.3962442076125116,7.7287256301122405,0.7709527321984689,18.38437544126997,0.4347969351188863,0.3684091158968244,1.7427542056346117,0.44429597743943594,0.15272729489174772,0.7020661064091087,0.6824552958263755,0.4681790923953225
Propuesta_Novedosa,r,15,Propuesta_Novedosa|15,Athena_lake_lake,6.848543503544812,0.12204392999410629,0.9910631496048652,0.03049102984368801,0.8285355142861079,0.30570567543058413,14.353468025899026,0.6639727685315999,16.529744464423327,0.5156097831908922,0.3076762409933716,1.7068068553322342,0.34457323197563305,0.1955447667511469,0.7220756166846213,0.8323896508829313,0.5965643380841759
Propuesta_Novedosa,r,15,Propuesta_Novedosa|15,Athena_man_in_doorway_maninhuis,7.284089329671083,0.15758174657821655,1.0157653052342748,0.04323022812604904,0.6990189864179455,0.30670861838038843,18.665334444406227,0.6212797706917625,14.787107488489477,0.49746152201261623,0.3174089038862676,1.775599934731519,0.28521694271796894,0.17611833463073717,0.7045746091390621,0.7996413373043914,0.275373402828431
Propuesta_Novedosa,r,15,Propuesta_Novedosa|15,Athena_soldier_behind_smoke_1_meting012-1200,7.295332953184958,0.1637914776802063,1.0730765634433486,0.03832361474633217,1.0550331722257598,0.3398207152987553,16.83284913075755,0.5968286608186738,13.325564136277322,0.49679535505778555,0.33624142910467686,1.3477834576439554,0.3230518480199737,0.17643202343677336,0.6945220839346755,0.8220637011719545,0.27447469682195136
Propuesta_Novedosa,r,15,Propuesta_Novedosa|15,Athena_soldier_behind_smoke_2_meting012-1500,7.155221783785577,0.15088394284248352,1.1519419292603175,0.03199299797415733,1.0760957475291877,0.46054514424265763,15.50745933074142,0.6080838354190579,11.153937926461378,0.4998414747345688,0.3204319287458868,1.5453958078896277,0.3650932658263596,0.1679978654964899,0.6700727927481801,0.7965779612650435,0.32163582172634514
Propuesta_Novedosa,r,15,Propuesta_Novedosa|15,Athena_soldier_behind_smoke_3_meting012-1700,7.204756704225021,0.14617884159088135,1.0297995823218198,0.04676302149891853,1.0117792464376896,0.2011233206507351,21.568353295022376,0.5863762708198922,13.644009232506928,0.50621525598067,0.36415206153256685,1.5452025032227557,0.3101339920383927,0.18794632868475386,0.7206790839491747,0.8201120870043346,0.3177425260381337
Propuesta_Novedosa,r,15,Propuesta_Novedosa|15,Athena_soldier_in_trench_1_meting016,6.876040577417061,0.1241242066025734,1.0026788654169831,0.03634283319115639,1.050387275938729,0.3977602378680687,17.898522342411102,0.6447886700864787,16.360980447618104,0.5779555300482101,0.3026317184428102,1.6776467372378852,0.38364153723367556,0.21979324409046166,0.7792771640354739,0.8750872030253862,0.511279652504999
Propuesta_Novedosa,r,15,Propuesta_Novedosa|15,Athena_soldier_in_trench_2_meting055,6.737372765437855,0.11281997710466385,1.0201808131872907,0.043090514838695526,1.0173513997398262,0.18952077323061345,20.50662010282172,0.6061658751880116,18.713394757027814,0.6379061172840523,0.28557899190506975,1.6858756754921167,0.46139306779711664,0.24710226743502317,0.8169850438938153,0.9068562815256209,0.4636626305024515
Propuesta_Novedosa,r,15,Propuesta_Novedosa|15,Triclobs_Bosnia_R,6.8995857532641445,0.21190066635608673,1.158081650991366,0.02919558249413967,0.9038701531886759,1.3177855981195647,18.208564948169617,0.6876434476645107,15.325067251863643,0.5027505305574156,0.3425769418689318,1.078648773379261,0.42908146784805656,0.2164123712249169,0.6873549895711416,0.8783813020903082,0.7319100805464838
Propuesta_Novedosa,r,15,Propuesta_Novedosa|15,Triclobs_Kaptein_1123,6.8975871997324445,0.1451818197965622,0.9862514406471545,0.028526702895760536,0.7836259516574525,0.6643442711331641,12.07728462408518,0.6761626410088045,15.990027947962268,0.4436215824588956,0.35573123018100955,1.6156160496268992,0.34390724924175087,0.13305712867184666,0.655074371061039,0.7566263737825177,0.4783157399657208
Propuesta_Novedosa,r,15,Propuesta_Novedosa|15,Triclobs_jeep_in_smoke_R,7.340655240057906,0.16790670156478882,1.0746540147047412,0.05820014327764511,1.2141795068487273,0.926144103750151,32.24596076088253,0.5694340439354935,15.824683444241668,0.4920633565590843,0.402173244770157,1.4204537996350175,0.37639102217910786,0.19737997133314183,0.7414223089626699,0.8321153621073428,0.7058525123020404
Propuesta_Novedosa,r,19,Propuesta_Novedosa|19,APC_1_view_1_fk_06_005,6.812766288955048,0.12260948866605759,1.265878742069149,0.03372538462281227,0.6021236491968254,0.8661364934699516,18.941595071129036,0.6770154170054916,19.101348357172185,0.44506234888338203,0.38919394487426856,1.5100591673278467,0.37996532899992,0.1374692685640552,0.7054200766816692,0.8239075118433262,0.13238279763422162
Propuesta_Novedosa,r,19,Propuesta_Novedosa|19,APC_1_view_2_fk_ref_01_005,6.992458081618671,0.13658080995082855,1.1473490259531853,0.03334461525082588,1.101391851297668,0.7761384010304277,18.758264627543312,0.7135924843808885,20.112417462613692,0.45893756920605566,0.41377068282005103,1.3251292647189332,0.4348867596551056,0.16499997449577145,0.7241628264416983,0.8289668259069595,0.1434214843159336
Propuesta_Novedosa,r,19,Propuesta_Novedosa|19,APC_1_view_3_fk_ref_02_005,7.24343339709079,0.1658998429775238,1.1279159722062255,0.04054513946175575,1.2040925588608686,0.8419997571109288,22.13521557407852,0.6717036181726779,18.97916101612379,0.48875213814478913,0.40074120907563304,1.208530345907718,0.4071657934966322,0.1642023740734777,0.7281888909663066,0.8286175497591426,0.36030746158659854
Propuesta_Novedosa,r,19,Propuesta_Novedosa|19,APC_3_view_1_fk_bar_06_005,6.892372727150592,0.12886524200439453,1.2632198166532385,0.03167189285159111,0.8819356259925283,1.1198018693169831,18.266622045245615,0.7372610760285536,21.554953560288062,0.4406613509681456,0.4219004965257872,1.316437513014689,0.4340457706211173,0.16496134327817863,0.721644565664189,0.8238950994021635,0.17616200575781996
Propuesta_Novedosa,r,19,Propuesta_Novedosa|19,APC_3_view_2_fk_NL_01_005,6.898369379668304,0.13662013411521912,1.1546791401120324,0.02904980443418026,0.9631840263606029,0.878872847276703,14.17850215791505,0.7342485745872647,19.62615637022626,0.38941468325799505,0.44460613027559587,1.232574094180359,0.4143811030401566,0.1398249609497611,0.6956677021044059,0.7926558995920574,0.149946620980547
Propuesta_Novedosa,r,19,Propuesta_Novedosa|19,APC_3_view_3_fk_NL_05_005,7.055569241907817,0.1421831101179123,1.226500999697779,0.03009745292365551,0.9941817427698689,0.7871549053124292,12.767792612479884,0.7115942613788455,18.068141912083107,0.3665431189134522,0.4296475342763081,1.2733324000885242,0.36144905438284736,0.13170504216978615,0.689918891252047,0.7502466244739425,0.07098730924966515
Propuesta_Novedosa,r,19,Propuesta_Novedosa|19,Athena_2_men_in_front_of_house_meting003,6.995362474883893,0.13649503886699677,1.0102970017779616,0.033798281103372574,0.6830323165751819,0.47519817902381345,15.621519386376695,0.667594771917613,15.28463577305363,0.49035952191114307,0.330889420191786,1.8341122610725091,0.3128201795014641,0.16098190437811055,0.6936056568617377,0.8264447366856719,0.40946431303012676
Propuesta_Novedosa,r,19,Propuesta_Novedosa|19,Athena_APC_4_fennek01_005,6.311966882500939,0.07775172591209412,1.0056848264220937,0.031289856880903244,0.42389276720466507,0.14020398599802258,13.341679152652231,0.6969379835417726,21.7623503596323,0.356556364323883,0.4379703179036361,1.8726637558332295,0.2927318685884203,0.09795153603369228,0.6835975575405224,0.7356360390009349,0.389642768446742
Propuesta_Novedosa,r,19,Propuesta_Novedosa|19,Athena_heather_hei_vis,7.067811082195344,0.13682681322097778,0.9850355079591684,0.035892024636268616,0.7226603177447992,0.553191537020301,16.353730019431175,0.6186411341151394,15.6195753048469,0.44816865262818173,0.3507144039486412,1.7034765317355185,0.31518116710154237,0.1527564788938616,0.694291264846414,0.7842506193319799,0.18293971043982388
Propuesta_Novedosa,r,19,Propuesta_Novedosa|19,Athena_helicopter_helib_011,5.452002910302798,0.05469149351119995,1.1788953757830969,0.018229197710752487,0.8987773402199941,0.39765697143838286,7.833700154904216,0.7667423657047561,18.36278762816191,0.4377216378220546,0.3744254253250322,1.7623932690182142,0.45459175346551767,0.1565100216745553,0.6987335985421119,0.6856680683945577,0.4756170719404229
Propuesta_Novedosa,r,19,Propuesta_Novedosa|19,Athena_lake_lake,6.878605708458162,0.12555308640003204,0.9954134970137807,0.030859144404530525,0.802277646460055,0.29586763936673766,14.467127720276476,0.6588737922590464,16.4494900064236,0.5147342677081628,0.3132512203997344,1.7082846526379354,0.3547024457197898,0.19719155810410396,0.7188920692019807,0.8300797813989796,0.5945229854502404
Propuesta_Novedosa,r,19,Propuesta_Novedosa|19,Athena_man_in_doorway_maninhuis,7.334919673038386,0.163336843252182,1.0228535899750089,0.04356580600142479,0.7019535747327306,0.29358893066514985,18.779407128411854,0.6185370839013697,14.69678378134313,0.49700864443610576,0.32173783083718066,1.7878035725889692,0.28957692558843845,0.17615465670724323,0.7028511617315841,0.8005492321667086,0.27768203371611677
Propuesta_Novedosa,r,19,Propuesta_Novedosa|19,Athena_soldier_behind_smoke_1_meting012-1200,7.346857914667001,0.16863781213760376,1.0806554126821024,0.03877700865268707,1.0369287747358966,0.32790381695403714,16.98682370303461,0.5914760618199562,13.266968001875139,0.4969795831062192,0.3420498275414634,1.363417879219447,0.33025554957687536,0.17688759791072506,0.6898193903000107,0.8191761783774166,0.27492646439756574
Propuesta_Novedosa,r,19,Propuesta_Novedosa|19,Athena_soldier_behind_smoke_2_meting012-1500,7.187159065576697,0.15349002182483673,1.1570836139087461,0.032013777643442154,1.055650718337008,0.46755650981007485,15.417395642666591,0.6059627641619392,11.140431543217229,0.4974055892326252,0.3216952699987245,1.5590468694363218,0.3712564471069063,0.16506626606283117,0.6678530882980619,0.7929072374881513,0.32170052222047013
Propuesta_Novedosa,r,19,Propuesta_Novedosa|19,Athena_soldier_behind_smoke_3_meting012-1700,7.2489186031229895,0.15043707191944122,1.0361117878419588,0.04674501717090607,1.0113350169475765,0.20964595149105836,21.52968194901362,0.5856752304915613,13.607919589356944,0.5049510275731596,0.3657439376136406,1.568536487714428,0.31448373034400146,0.1856578711343574,0.7198343879067605,0.8200916891435246,0.31793989296992103
Propuesta_Novedosa,r,19,Propuesta_Novedosa|19,Athena_soldier_in_trench_1_meting016,6.9285124713059085,0.12755273282527924,1.010330428615075,0.036477863788604736,1.0470138271022935,0.3947995559181526,17.959103335643796,0.6438186604197995,16.296815732995647,0.5778309083954073,0.3049352056085837,1.683191532500469,0.3929845846289427,0.2184456117689508,0.779326546995489,0.8755878990939834,0.5158377772651563
Propuesta_Novedosa,r,19,Propuesta_Novedosa|19,Athena_soldier_in_trench_2_meting055,6.797819602760183,0.11630231887102127,1.029333743535814,0.04343476518988609,1.014548653220192,0.19024988401849957,20.65771979335572,0.6034722757705301,18.59076005997165,0.6369231652380687,0.28930284041350274,1.691319820851815,0.4746491467328979,0.2492745014708113,0.8157035197078317,0.9061166626254915,0.4642829690808066
Propuesta_Novedosa,r,19,Propuesta_Novedosa|19,Triclobs_Bosnia_R,6.923220308058109,0.21714043617248535,1.1620486636809746,0.029445845633745193,0.8927692949069836,1.3119169762763785,18.565722349574507,0.6868102371346905,15.17678636896653,0.5014428836926448,0.3619829453380406,1.0994069235439143,0.4336587976973074,0.21319629534326573,0.6860825165368939,0.8803226947577905,0.7801137137687992
Propuesta_Novedosa,r,19,Propuesta_Novedosa|19,Triclobs_Kaptein_1123,6.931101122738379,0.1495811492204666,0.9910434286118189,0.028734376654028893,0.7832401116695834,0.6610383232507325,12.217449026786818,0.673889148585966,15.900170424547582,0.444718121920663,0.35969331089621553,1.628570901642822,0.3509512030785992,0.132944777826649,0.6534037083653728,0.7593264243647886,0.4959120920323357
Propuesta_Novedosa,r,19,Propuesta_Novedosa|19,Triclobs_jeep_in_smoke_R,7.368056638129629,0.17338429391384125,1.078665512518398,0.0585651732981205,1.237804055188358,0.9484279086523157,32.52638583012444,0.5680558260348668,15.662459142031658,0.49082326126643566,0.40949574880472034,1.4266212298480525,0.3800929610645204,0.1981638041336145,0.7401184275760623,0.832337068433448,0.7051671064901734
Propuesta_Novedosa,r,21,Propuesta_Novedosa|21,APC_1_view_1_fk_06_005,6.8316233592101225,0.12383247166872025,1.2693825705231359,0.03382077440619469,0.5963184946062008,0.8810535344049436,18.978511953523466,0.6754711037501266,19.050832583892195,0.4438184487181645,0.39117163537618127,1.5122899101477727,0.38176012205240684,0.1380397710725636,0.7037252762250072,0.8230441133388331,0.13220965342224392
Propuesta_Novedosa,r,21,Propuesta_Novedosa|21,APC_1_view_2_fk_ref_01_005,7.013292547302725,0.13833747804164886,1.1507676240527138,0.03338244557380676,1.0924424198050118,0.7803431357397463,18.75901508910577,0.7118728183008008,20.03626086458022,0.45619027677027923,0.4165814013277933,1.3371220504737804,0.43672805051774183,0.16468397840808868,0.7219189864439157,0.8272164932688474,0.14292761238831353
Propuesta_Novedosa,r,21,Propuesta_Novedosa|21,APC_1_view_3_fk_ref_02_005,7.261523382428348,0.16758939623832703,1.1307328661128366,0.04066060855984688,1.2017072747826538,0.8411915700808489,22.153035336258665,0.6694304889728442,18.904942888527042,0.4870666576280381,0.40359231091298065,1.2152684501342939,0.40934078761812476,0.1635907233352961,0.7258084204576521,0.8271838497478384,0.36030236967008245
Propuesta_Novedosa,r,21,Propuesta_Novedosa|21,APC_3_view_1_fk_bar_06_005,6.913778688361835,0.13064678013324738,1.2671430569460964,0.03179873153567314,0.8793686535482967,1.1224876856339525,18.300364645559473,0.7346822553893695,21.404370765254164,0.43802927424489074,0.4255274733412576,1.321863011897015,0.4375886570014577,0.1650941449678903,0.7190153374021503,0.8216083035276652,0.17533731809964215
Propuesta_Novedosa,r,21,Propuesta_Novedosa|21,APC_3_view_2_fk_NL_01_005,6.911877204095714,0.13748522102832794,1.1569401386518607,0.02909812331199646,0.9483857761208707,0.882846252661417,14.182471102657285,0.7328294527912551,19.572855495763783,0.3868872076787773,0.44713751598634677,1.232251601224105,0.41627452387780456,0.14023856038666743,0.6938095389756181,0.7909861989457487,0.1484305323781024
Propuesta_Novedosa,r,21,Propuesta_Novedosa|21,APC_3_view_3_fk_NL_05_005,7.062250787693137,0.14287471771240234,1.2276624825355558,0.030199147760868073,0.987544841399394,0.7843219765413807,12.79779032502857,0.7100154715779394,18.038746381787128,0.3652867056693336,0.43249120500098315,1.272942448056829,0.3631964240703549,0.1318723296880896,0.6882234553108039,0.7484789789212073,0.07087864906491002
Propuesta_Novedosa,r,21,Propuesta_Novedosa|21,Athena_2_men_in_front_of_house_meting003,7.026399048916601,0.13931499421596527,1.0147794224964426,0.03385547921061516,0.6787985892421676,0.47642453791063477,15.652981857880668,0.6667510425571621,15.23259287520493,0.489323909396416,0.3323083032281961,1.8343203190502222,0.31401119380735687,0.1599918188084931,0.6932217329219184,0.8265115118011376,0.4122589067045888
Propuesta_Novedosa,r,21,Propuesta_Novedosa|21,Athena_APC_4_fennek01_005,6.328988281539431,0.07863812893629074,1.0083968436199253,0.03132560849189758,0.42425388437857076,0.14083018985033352,13.335070306088793,0.6960928952818448,21.719602279669687,0.35550767592636695,0.4398302354813211,1.8747657040140466,0.2934014277330348,0.09742679355002404,0.6827657035395739,0.73486478864166,0.39321449444140366
Propuesta_Novedosa,r,21,Propuesta_Novedosa|21,Athena_heather_hei_vis,7.0926902393389755,0.1394803375005722,0.9885028973544946,0.0360344834625721,0.7179911487581608,0.5465632977029735,16.392637811609234,0.6170546578369618,15.568403639903131,0.4489586107709394,0.3533969523403618,1.706524287288619,0.3197276997724507,0.15214793031129958,0.6937265459498582,0.784825676399844,0.18504277419503243
Propuesta_Novedosa,r,21,Propuesta_Novedosa|21,Athena_helicopter_helib_011,5.469487387661641,0.05554503947496414,1.182676072500513,0.018291249871253967,0.9093189030468124,0.39959225619718663,7.862556475797554,0.7658089753415909,18.35516390413598,0.43865182260046226,0.3763379559482714,1.76986574216569,0.4571594625074621,0.15709433418560226,0.6980204613992628,0.6885221371152093,0.4804985372559652
Propuesta_Novedosa,r,21,Propuesta_Novedosa|21,Athena_lake_lake,6.898056510264493,0.12710262835025787,0.9982282521351499,0.031051980331540108,0.7928183517579115,0.29099197905525376,14.523944632961614,0.656559297330694,16.411274668735334,0.5139092313829898,0.31677486975058644,1.7077388333880257,0.3584608955040778,0.19782051441778611,0.7174073717456472,0.8289635298559813,0.5913192095641322
Propuesta_Novedosa,r,21,Propuesta_Novedosa|21,Athena_man_in_doorway_maninhuis,7.363300571254767,0.16681399941444397,1.026811302522843,0.04374239221215248,0.7105425515423489,0.29647725609639036,18.848739856654877,0.6168045674088652,14.640104813584095,0.496485405459626,0.3236813697710179,1.794405753725318,0.29119332348135263,0.17654493450551084,0.7015543152462866,0.8005290900376207,0.2775399813237031
Propuesta_Novedosa,r,21,Propuesta_Novedosa|21,Athena_soldier_behind_smoke_1_meting012-1200,7.3712756637306445,0.17117425799369812,1.084247039605833,0.039030808955430984,1.0257217841185506,0.3232376553259614,17.070863519481307,0.588176137787181,13.2336128201959,0.4965261884281739,0.3450401783114425,1.3699859934768062,0.3342509175484921,0.17736531218754137,0.6867713507976682,0.8173987914079842,0.27469010631050755
Propuesta_Novedosa,r,21,Propuesta_Novedosa|21,Athena_soldier_behind_smoke_2_meting012-1500,7.202566027181622,0.1548507660627365,1.1595640296961975,0.03201107308268547,1.0450641952270865,0.4695316285097466,15.374585163982433,0.6049649842561997,11.132500323305592,0.4953431383010474,0.32262881606285343,1.5653718683225297,0.3735161675449944,0.16351450057675537,0.666453186251939,0.7905584171030032,0.32090202437756415
Propuesta_Novedosa,r,21,Propuesta_Novedosa|21,Athena_soldier_behind_smoke_3_meting012-1700,7.270538654370645,0.15266822278499603,1.0392020129055692,0.046754248440265656,1.0089115351630458,0.21429474436909912,21.52851306623385,0.5850963351697994,13.587442187299839,0.5040779484635638,0.36648918282813925,1.5801641101358923,0.31641488582232297,0.1845460437979138,0.718965689354845,0.8199641017056621,0.31867005610166294
Propuesta_Novedosa,r,21,Propuesta_Novedosa|21,Athena_soldier_in_trench_1_meting016,6.9513427348517,0.1291610151529312,1.0136595862155182,0.036522600799798965,1.0364964153331653,0.3887633899815209,17.991351150507683,0.6434461267659747,16.26071388579686,0.5768872098748328,0.30604945828084323,1.6852399263258335,0.3967955747759008,0.21715459337165022,0.7790955992653745,0.8757824812556095,0.5185828896284127
Propuesta_Novedosa,r,21,Propuesta_Novedosa|21,Athena_soldier_in_trench_2_meting055,6.825154849505443,0.11809561401605606,1.0334728783624207,0.04360887408256531,1.0147026234633545,0.19097146012348212,20.737788440876656,0.6020766135070421,18.52864175434089,0.6354522726202126,0.2917910708781491,1.6929535003676883,0.47989455273721726,0.24987420242922762,0.8148052776050484,0.9055866103489771,0.4644767557593274
Propuesta_Novedosa,r,21,Propuesta_Novedosa|21,Triclobs_Bosnia_R,6.927636715490525,0.2211860716342926,1.1627899488238345,0.02960778959095478,0.8845048966969268,1.3133412812069951,18.825895612220354,0.6862339220668496,15.047842073435593,0.5011259457284467,0.3650350577583213,1.1067479797661335,0.4364092023176058,0.2133610239056558,0.6851436825961427,0.8828560285079199,0.7997528774164121
Propuesta_Novedosa,r,21,Propuesta_Novedosa|21,Triclobs_Kaptein_1123,6.947146716488754,0.15259140729904175,0.9933377076827612,0.028761960566043854,0.7934682379070893,0.6608149448091057,12.278976499618878,0.6734139212685941,15.844970034488668,0.44329565507539354,0.3613840336528839,1.639570658495061,0.3529931887190323,0.13177266590455866,0.65233553222398,0.7596006975976259,0.5017093063511159
Propuesta_Novedosa,r,21,Propuesta_Novedosa|21,Triclobs_jeep_in_smoke_R,7.377969254370487,0.1748773753643036,1.0801166953476002,0.05860999599099159,1.2438400281844664,0.9469701605798622,32.547914602310954,0.5677210859563718,15.639985702723058,0.48993470727920985,0.4104789917426756,1.4412487993634895,0.380901781255718,0.1977408093769516,0.7398503192688153,0.8316107078125232,0.7041247466300736
Propuesta_Novedosa,r,23,Propuesta_Novedosa|23,APC_1_view_1_fk_06_005,6.847037305044646,0.12464642524719238,1.2722466327169266,0.03386881574988365,0.5971075896845599,0.8916462628378976,18.988682916503713,0.6744590279404958,19.013534029587472,0.4434076332617543,0.39216093359384147,1.5123113896886304,0.38360645999263776,0.1383729292678037,0.7025664345765665,0.8224072698437122,0.13183727936045886
Propuesta_Novedosa,r,23,Propuesta_Novedosa|23,APC_1_view_2_fk_ref_01_005,7.0266829256643,0.13942858576774597,1.1529647680886121,0.033394891768693924,1.08593679758167,0.7843224715421264,18.7623233692791,0.711142254724455,19.99106585335278,0.45447115052981274,0.4181748108076541,1.3463337671756215,0.4374886369486509,0.1644925840603488,0.7208367932244489,0.8263588932492086,0.14277590027477655
Propuesta_Novedosa,r,23,Propuesta_Novedosa|23,APC_1_view_3_fk_ref_02_005,7.273299998414353,0.16866537928581238,1.132566669578813,0.04070889204740524,1.1969840376479108,0.8414153522367126,22.158618568753322,0.6680836218091653,18.86308540115252,0.4859097233979753,0.40510041139434366,1.2205363925547887,0.4098598238997424,0.16274604871779771,0.7240248263352844,0.8264630769207353,0.359457567140081
Propuesta_Novedosa,r,23,Propuesta_Novedosa|23,APC_3_view_1_fk_bar_06_005,6.926209323176489,0.13166610896587372,1.2694213179823277,0.031859077513217926,0.8807554523009946,1.125497929381467,18.31190943991448,0.7331975919138753,21.323292849122186,0.4363043955506616,0.4278422753612375,1.326898284787559,0.4392229446684629,0.16521144515666206,0.7174583350998756,0.8204879665027429,0.17500774881535344
Propuesta_Novedosa,r,23,Propuesta_Novedosa|23,APC_3_view_2_fk_NL_01_005,6.919075286916703,0.1380174607038498,1.1581449851343775,0.02912333235144615,0.93815733196586,0.8843795390991069,14.178871105979024,0.7319039719536502,19.542984692939157,0.38564371797530933,0.4487216064049503,1.2328714872815332,0.41757460929726353,0.14066126146295865,0.6927380343113173,0.7903205454316883,0.14770274511037632
Propuesta_Novedosa,r,23,Propuesta_Novedosa|23,APC_3_view_3_fk_NL_05_005,7.071070434771477,0.14360368251800537,1.2291956410359803,0.030256614089012146,0.9850273695295406,0.7834441236857637,12.80849227009604,0.7088577409595891,18.01529245723986,0.36413310807793725,0.4344086178125829,1.2757832134789298,0.3642980262764708,0.13191715966855055,0.6870522264061742,0.7473852483407497,0.07075279198989544
Propuesta_Novedosa,r,23,Propuesta_Novedosa|23,Athena_2_men_in_front_of_house_meting003,7.044356660059268,0.1412724256515503,1.0173729293749882,0.03383801877498627,0.6792245895819585,0.47941699820780664,15.654343570695847,0.6665867299822527,15.202230062762272,0.4880991620264314,0.332963458855143,1.8368126009785333,0.31457146863075547,0.1593998857111043,0.6929985583784707,0.8265660690708339,0.4133357682455963
Propuesta_Novedosa,r,23,Propuesta_Novedosa|23,Athena_APC_4_fennek01_005,6.341951187296613,0.07926482707262039,1.0104622216342618,0.031363993883132935,0.4246422463223154,0.14145597121485892,13.336830045209323,0.6953512316404078,21.689083856443236,0.3553483023112689,0.4411462883937764,1.8765213039564599,0.29403266412269013,0.09714974155885789,0.6820715154032969,0.734190735065046,0.39931885699977177
Propuesta_Novedosa,r,23,Propuesta_Novedosa|23,Athena_heather_hei_vis,7.112334255084799,0.1416255384683609,0.9912406690356436,0.03613996133208275,0.715168700060192,0.5445250524322941,16.42202679345693,0.6158263792432797,15.528062456702411,0.4491202546247418,0.35558245497937935,1.709456196838362,0.3236577887302805,0.15172404827354746,0.6931846433098323,0.7852079210678639,0.18707231702279284
Propuesta_Novedosa,r,23,Propuesta_Novedosa|23,Athena_helicopter_helib_011,5.48527414736355,0.05664927884936333,1.186089668992916,0.01832519844174385,0.9110245404490849,0.4058053573689749,7.887991925342503,0.7653030933621754,18.34712448286326,0.4398586810901293,0.37703564530960226,1.7793903114098062,0.4595184965907113,0.15712695148151726,0.6978696781505559,0.6933809996635883,0.4848618658469136
Propuesta_Novedosa,r,23,Propuesta_Novedosa|23,Athena_lake_lake,6.913591620790814,0.12829171121120453,1.0004763616141517,0.031161315739154816,0.7894763460482483,0.2877359355883633,14.54842539500362,0.6551079382244109,16.38459589317409,0.5139618722738399,0.31856270819198207,1.70800814418554,0.3612151744646589,0.19874914487114195,0.7165052590421412,0.8277466294002154,0.5886378471520383
Propuesta_Novedosa,r,23,Propuesta_Novedosa|23,Athena_man_in_doorway_maninhuis,7.379677905291231,0.16891399025917053,1.0290951196142548,0.043820448219776154,0.7184856020022299,0.2995436667046957,18.880202424362793,0.6159386102617912,14.611729964316517,0.4960660349620439,0.325233782576409,1.800408325370024,0.291956634088988,0.17643550556455004,0.7006461782534447,0.800710885280877,0.2776707173553586
Propuesta_Novedosa,r,23,Propuesta_Novedosa|23,Athena_soldier_behind_smoke_1_meting012-1200,7.3891970808682315,0.17311640083789825,1.0868831156886443,0.03919127583503723,1.0230447963589453,0.3185936851939271,17.126721506092384,0.5859267723274626,13.208606901289425,0.4967121284463464,0.34694012568691013,1.3747565246378641,0.3368675153152463,0.17783664104574806,0.6846053183054557,0.8161012464532739,0.2743091648394384
Propuesta_Novedosa,r,23,Propuesta_Novedosa|23,Athena_soldier_behind_smoke_2_meting012-1500,7.214049976959139,0.15600307285785675,1.1614128673230364,0.0319790244102478,1.0398938302280831,0.4730952375996787,15.336485884124752,0.6045365064631734,11.126572559626883,0.49426773800559654,0.32284325849818374,1.57027171384425,0.37518701371387275,0.16251172233882835,0.6656030796780819,0.7888898810717969,0.3207731886647642
Propuesta_Novedosa,r,23,Propuesta_Novedosa|23,Athena_soldier_behind_smoke_3_meting012-1700,7.2911069364078385,0.1546807885169983,1.0421419051351788,0.0467635840177536,1.014586092446504,0.21700715508005552,21.529519317129502,0.5848222433892326,13.570320650488448,0.5038211965355255,0.3673380923241761,1.5887730496926418,0.3176937171738803,0.18438751749563534,0.71861583552322,0.8205584496835951,0.3192270515522095
Propuesta_Novedosa,r,23,Propuesta_Novedosa|23,Athena_soldier_in_trench_1_meting016,6.970889280081285,0.13053548336029053,1.0165099050251527,0.03654980659484863,1.0326504341187552,0.3847902183451003,18.045224117817206,0.6433479250902773,16.22959403604922,0.5760481009096778,0.30698244357930843,1.6852144259205009,0.3989705751742248,0.21605376979023921,0.7791987732620466,0.8763331546889304,0.5211652895810795
Propuesta_Novedosa,r,23,Propuesta_Novedosa|23,Athena_soldier_in_trench_2_meting055,6.846403425845678,0.1195482611656189,1.036690362483391,0.043713245540857315,1.0180607010408627,0.1908818773995841,20.786991898338638,0.6013230439777508,18.480138696356992,0.6348133761278764,0.292967979277849,1.693924833223305,0.48416032640020684,0.25058791224476434,0.814357003149504,0.9051685816015261,0.4644446101366537
Propuesta_Novedosa,r,23,Propuesta_Novedosa|23,Triclobs_Bosnia_R,6.951651556242849,0.2223237156867981,1.1668207917499607,0.0296101626008749,0.8851961179775123,1.3169298009269053,18.83461021375086,0.6861188988007605,15.03094825297145,0.5002968978294159,0.366082803887049,1.1165522618550463,0.4376118432469509,0.21336777875596602,0.684898073050478,0.8819092498018771,0.7989576117135988
Propuesta_Novedosa,r,23,Propuesta_Novedosa|23,Triclobs_Kaptein_1123,6.955701712882329,0.15377220511436462,0.9945609437613456,0.028793975710868835,0.7935269495326867,0.6640402681005484,12.3251144500576,0.6730181716890997,15.818646117102107,0.44304955192962886,0.361820961129347,1.6414913136167848,0.3540264509713685,0.1317106725135623,0.6515638937672429,0.7600888673968591,0.5042200919244434
Propuesta_Novedosa,r,23,Propuesta_Novedosa|23,Triclobs_jeep_in_smoke_R,7.3851961395934485,0.17592200636863708,1.0811746937094202,0.05856301635503769,1.2474171141312884,0.9429546261118149,32.52477412656109,0.5680687722347502,15.62439675896522,0.48905926723161913,0.41119816786453073,1.4513110967369092,0.38055784260802644,0.19699335165399254,0.7399780364834483,0.8313210706425449,0.7036582259149047
Propuesta_Novedosa,r,25,Propuesta_Novedosa|25,APC_1_view_1_fk_06_005,6.8648702234912005,0.1258130818605423,1.275560163728132,0.03392757102847099,0.5967434737682807,0.903541410659135,19.00929378140383,0.6734005028107437,18.970181843801775,0.44230082628879536,0.393708007618682,1.516718110860099,0.38484535588579233,0.13884481393531128,0.7012503075693729,0.8217604557732526,0.13158069512919285
Propuesta_Novedosa,r,25,Propuesta_Novedosa|25,APC_1_view_2_fk_ref_01_005,7.045654748236603,0.14113368093967438,1.1560777366462798,0.033420342952013016,1.0796457514727213,0.7898605712310289,18.763704292279616,0.7099922034349521,19.92036455754878,0.4524489053858037,0.4201050022967568,1.3596087594339425,0.4388043235286617,0.1643260979250314,0.7191195484092697,0.8251997427941787,0.14253825766583422
Propuesta_Novedosa,r,25,Propuesta_Novedosa|25,APC_1_view_3_fk_ref_02_005,7.2950922812686665,0.17054900527000427,1.1359600691663743,0.04076368361711502,1.1977877959125927,0.8427039516433676,22.178588034552472,0.6656959807726595,18.795662882795973,0.4835187980332073,0.40760352221761664,1.231778518616541,0.4107837455529626,0.16081129389264376,0.7201484825342355,0.8248411808016148,0.36164414100810566
Propuesta_Novedosa,r,25,Propuesta_Novedosa|25,APC_3_view_1_fk_bar_06_005,6.941350816708336,0.13289260864257812,1.272196419596872,0.03191526606678963,0.8806219687360078,1.130160963579911,18.32845796143014,0.731685081066782,21.22568188515031,0.43456814078272016,0.4299336482391626,1.3331378924724495,0.4400556316009643,0.16510092553220912,0.7156423101941523,0.818678275617968,0.17426417784956422
Propuesta_Novedosa,r,25,Propuesta_Novedosa|25,APC_3_view_2_fk_NL_01_005,6.930555489569813,0.13881923258304596,1.1600665915022352,0.029166635125875473,0.9259136376954771,0.8871204203535651,14.190983958640212,0.7304596397391427,19.49656088250763,0.38399479762349753,0.45054188192929207,1.232812141707484,0.41962255264412046,0.14089706727984486,0.6908929936398358,0.7891746179689867,0.14683900202075975
Propuesta_Novedosa,r,25,Propuesta_Novedosa|25,APC_3_view_3_fk_NL_05_005,7.081889666065668,0.14441640675067902,1.231076396159106,0.03029405139386654,0.9785063280536243,0.7826036418034514,12.808767617712078,0.7077262698053641,17.986929726676955,0.3628005837315998,0.43613838042330055,1.2782334151022732,0.36563594784472125,0.1321920333107337,0.6856304647542663,0.7463502821749038,0.07037239324674385
Propuesta_Novedosa,r,25,Propuesta_Novedosa|25,Athena_2_men_in_front_of_house_meting003,7.067176694475968,0.1437295526266098,1.0206686860186844,0.033812109380960464,0.680038068138408,0.48919711605837546,15.654343336188823,0.666377971509875,15.169368258348626,0.48694895632046037,0.3336990387127375,1.8432346934185944,0.31482245144439064,0.1587173453997272,0.6926940873650091,0.8270674230363327,0.4148450768219291
Propuesta_Novedosa,r,25,Propuesta_Novedosa|25,Athena_APC_4_fennek01_005,6.355954683311551,0.07994130998849869,1.0126933967530871,0.031416747719049454,0.42351527096101166,0.14195588713675927,13.343127316526818,0.6944974356505285,21.653528164110245,0.3551196490433044,0.4425862494685912,1.8769219870299971,0.2945159801948836,0.09711949770627372,0.6813017188991454,0.733398930877025,0.40294545224071565
Propuesta_Novedosa,r,25,Propuesta_Novedosa|25,Athena_heather_hei_vis,7.135270214662375,0.14401936531066895,0.9944372364495552,0.03623074293136597,0.713528913984383,0.5440072474319717,16.450107676557508,0.6148205824116608,15.481118418181376,0.4498954369254667,0.35765746632862383,1.7120498873322672,0.32697501473425106,0.1514658589034009,0.6926377627470285,0.785593189744508,0.18922298267132814
Propuesta_Novedosa,r,25,Propuesta_Novedosa|25,Athena_helicopter_helib_011,5.510128313944044,0.05816175788640976,1.1914639254877752,0.01838180236518383,0.9181773185971344,0.41383205162546743,7.913039279522779,0.7645645341795684,18.334096048661795,0.44080782252928186,0.37913305431912003,1.7923073767032984,0.4613565188084026,0.15690437437512433,0.6974417482057006,0.6980025052158833,0.48818474625456193
Propuesta_Novedosa,r,25,Propuesta_Novedosa|25,Athena_lake_lake,6.928923647032306,0.12942655384540558,1.0026950824573284,0.031311627477407455,0.7833226563858467,0.2796730394517628,14.59500577043741,0.6532151884496219,16.350302761767523,0.5130617766278099,0.3212000863016021,1.7049477531649038,0.36373292543301033,0.19913257437051632,0.7151349816445957,0.8267667082060811,0.587283161271985
Propuesta_Novedosa,r,25,Propuesta_Novedosa|25,Athena_man_in_doorway_maninhuis,7.400910515771022,0.17165963351726532,1.0320560043712652,0.0439104288816452,0.7228496346429238,0.29832698025532656,18.92324443213954,0.6149931922297001,14.565457319754769,0.4957450883513982,0.3268029547094267,1.805136115212639,0.2929604130523526,0.17673235175661298,0.6998432558542056,0.801024484060793,0.2783241489114986
Propuesta_Novedosa,r,25,Propuesta_Novedosa|25,Athena_soldier_behind_smoke_1_meting012-1200,7.407545458341723,0.17539170384407043,1.089581993720718,0.03934575989842415,1.019824404316111,0.3147938181911457,17.185170696526413,0.5835241819896332,13.18021100540042,0.49594817626257093,0.34901679617245707,1.3829833983005357,0.33927881773272456,0.17813138653401278,0.6820793352481709,0.8142488352955818,0.27357826525478784
Propuesta_Novedosa,r,25,Propuesta_Novedosa|25,Athena_soldier_behind_smoke_2_meting012-1500,7.224165513018948,0.1572113186120987,1.1630413996699505,0.03191061690449715,1.032592393667393,0.47590150359693073,15.283938004337053,0.6043033650527526,11.120068166010949,0.49262093504917953,0.32245292907645906,1.5768038116245116,0.3763952165665677,0.16127919353551978,0.6645498287398879,0.7866125866763688,0.3191295073638262
Propuesta_Novedosa,r,25,Propuesta_Novedosa|25,Athena_soldier_behind_smoke_3_meting012-1700,7.313100612553313,0.15688560903072357,1.0452855336348128,0.04674225673079491,1.0199756605135495,0.21792993451166442,21.525290563796222,0.5846239310627233,13.553030696750145,0.5032956974169006,0.3681601919786713,1.600738536757782,0.3184575714775242,0.18415392669769695,0.7183641462578586,0.8208820799774363,0.3192277386800744
Propuesta_Novedosa,r,25,Propuesta_Novedosa|25,Athena_soldier_in_trench_1_meting016,6.990430185244507,0.1320783942937851,1.0193594013883112,0.036591652780771255,1.0233508247579897,0.3794921720308905,18.106961391076766,0.643122493848787,16.191705997663757,0.5755399023588103,0.3080274621197625,1.6832426189201093,0.4009681486431714,0.21497598358698145,0.778943781251804,0.8770521854653249,0.523981698624392
Propuesta_Novedosa,r,25,Propuesta_Novedosa|25,Athena_soldier_in_trench_2_meting055,6.868521870814326,0.12105569988489151,1.040039563122891,0.043833255767822266,1.017801362918095,0.1924121976606685,20.84751639698025,0.6003246154052194,18.43041378358274,0.6330161422029325,0.29496512615739984,1.695602118531135,0.4874545905749758,0.25081495414643035,0.8134638175811437,0.9045948782056414,0.46437752114390174
Propuesta_Novedosa,r,25,Propuesta_Novedosa|25,Triclobs_Bosnia_R,6.975377644275665,0.22364388406276703,1.170803168110398,0.029651813209056854,0.8874109216747802,1.3118679555211974,18.86659673282734,0.6853111894221724,15.009833248494848,0.498997236571202,0.3686318323182875,1.126968302794447,0.43839684165711734,0.21383328669494853,0.6838799447212303,0.8806154970386617,0.7962896870126391
Propuesta_Novedosa,r,25,Propuesta_Novedosa|25,Triclobs_Kaptein_1123,6.98108603043893,0.15508268773555756,0.9981905201675727,0.028837479650974274,0.7872450172223686,0.6707679309052084,12.382070350336921,0.6719257823274816,15.780239286869175,0.4430229909163926,0.36268454862496036,1.6395074475233562,0.35520077688660323,0.13109446490272864,0.650295359091355,0.7603783191016424,0.5081304644026153
Propuesta_Novedosa,r,25,Propuesta_Novedosa|25,Triclobs_jeep_in_smoke_R,7.392586683850812,0.17706547677516937,1.0822566513545209,0.05851224809885025,1.2510379145576924,0.9397657810617639,32.49410433826758,0.5681789280414975,15.603957675226106,0.4884481876362591,0.4114592833115622,1.4609613079812895,0.380351774404626,0.1959324951881769,0.7399380219699094,0.8310192548379683,0.703087237694842
