brazo,imagen,EN,SD,FE,MG,MI_vis,MI_ir,SF,SSIM,PSNR,Qabf,Nabf,SCD,VIF,FMI,Q0,QW,QE
base,APC_1_view_1_fk_06_005,6.375259601537661,0.08648954331874847,1.1845857119511718,0.013925024308264256,1.2572311504050617,1.0156268806874924,7.8370402655584614,0.79712306443977,20.419820389902345,0.3055053667492376,1.2053933007759e-06,1.4071290909960776,0.29224909344857763,0.12624309058176536,0.6814490333515573,0.7436193463273313,0.13272671143394565
desenfoque_5,APC_1_view_1_fk_06_005,6.326908696091196,0.0838472917675972,1.1756016398769977,0.008599413558840752,1.164313111700971,0.9619814045811117,3.477437473790841,0.7511383073102181,20.32756379474025,0.14216843011635152,0.0039049813673433698,1.3335248083188915,0.23586826436666508,0.10776273687031004,0.4748171818645309,0.5097545237196743,0.06285221234310168
desenfoque_11,APC_1_view_1_fk_06_005,6.293013598314878,0.08195405453443527,1.1693035985358529,0.005808930844068527,1.198017012691507,0.8838775174244318,2.09258386711682,0.7119190589239106,20.224007419694054,0.06405478901506702,0.004587842750241548,1.2697046263383795,0.18625536033046652,0.06648026803746161,0.32986472158459273,0.3150415473761951,0.02345700084900292
ruido_0.02,APC_1_view_1_fk_06_005,6.479094521216931,0.08876609057188034,1.203879257616982,0.023316090926527977,0.8482160867843231,0.7699667142971387,12.855594542723175,0.6513289131564719,20.233067972582262,0.22095588529328689,0.1653725178094442,1.3706537901766813,0.17361780380571012,0.028826088836485034,0.47728554567632253,0.6866855430892442,0.09933518669813296
ruido_0.05,APC_1_view_1_fk_06_005,6.708592611646801,0.09991437941789627,1.2465222519160268,0.047406721860170364,0.44960525652523986,0.4634145975817278,26.65291635920348,0.35167600585699976,19.365199806287084,0.14973530876223742,0.463825279421478,1.217449694356434,0.09689497355295833,0.010456796698732528,0.2357411473404626,0.5756383710459936,0.059770742748417253
ruido_0.10,APC_1_view_1_fk_06_005,7.123935771999032,0.13205210864543915,1.3236970815011984,0.09056062251329422,0.1999977601223135,0.21991788809004092,51.49088625395029,0.142708683083356,17.202751836873652,0.095345237287694,0.7000291574486821,0.9185720398766024,0.05787758783516553,0.0044035159330888165,0.09855756105307471,0.46154686489064917,0.028494997780520268
ruido_0.20,APC_1_view_1_fk_06_005,7.69830265149127,0.2129220962524414,1.4304200765460404,0.17544598877429962,0.06907838695277282,0.07739722280551306,99.85408398226608,0.04670369477102429,13.259161035970365,0.04907272476147132,0.8404126381776423,0.5571654659710141,0.03146102339752799,0.0017400757148729041,0.035875240744287655,0.3432736949366826,0.007834276202200362
PiramideLaplace,APC_1_view_1_fk_06_005,6.59625679763124,0.10543382912874222,1.2256491567731809,0.02403920702636242,1.3706207608619814,1.1041340712908352,13.841902556964802,0.7215751750441342,17.566908205642672,0.40122109730085326,0.12069609881067431,1.296224212324066,0.3800049827650066,0.1629816273612199,0.7479613162385562,0.8673111873683088,0.1385379953513114
RatioPiramide,APC_1_view_1_fk_06_005,6.707874416105128,0.10810203105211258,1.2463888041460178,0.024278702214360237,0.6706400988024054,1.008932943714813,14.842465483091617,0.7454557384181564,19.846327350195583,0.4231360392419222,0.20224156857474415,1.5517147499919148,0.30253402890408754,0.12567398542029837,0.6897288490741436,0.8785049666708619,0.13669080066114767
DWT,APC_1_view_1_fk_06_005,6.551142491772613,0.09806369990110397,1.2172664766213273,0.026172073557972908,0.8478752200208768,0.8334532497987479,15.284846954626207,0.7192616804413021,20.067185153290367,0.4335914419769354,0.24342978478164934,1.4546265988811318,0.27339965837070296,0.11608696607313852,0.7050807410030024,0.8561867528493111,0.1330597935011792
DTCWT,APC_1_view_1_fk_06_005,6.550782268432387,0.09895403683185577,1.2171995435944996,0.024307996034622192,0.7847077642249607,0.9019420016254663,14.463700378875119,0.7418350373826267,20.072291591577425,0.490535811788487,0.167851018936106,1.4712837036372095,0.3337069055662276,0.1419643728524021,0.7412896513993406,0.8859607128539063,0.1409956311863913
Curvelet,APC_1_view_1_fk_06_005,6.521920626946467,0.09655408561229706,1.2118367677603308,0.025027068331837654,0.8738526186308203,0.8372434465485245,14.823894317743594,0.7322652779006407,20.116986479218603,0.4184246111474751,0.2128095816603188,1.448734964854586,0.27043220193881323,0.11064966658575089,0.7085689738747862,0.8638036888966752,0.1381834111830906
TopHat_Clasico,APC_1_view_1_fk_06_005,6.821137751556261,0.1199457049369812,1.2674342418613673,0.043924156576395035,0.5419105503265993,0.6452307846921217,22.94585123793091,0.5854731213854552,19.008003522342896,0.30293833105616824,0.5739053228305495,1.4182297654979537,0.3129911142519565,0.11076087208821432,0.6068212579541924,0.7739256685860663,0.12434360958364479
Propuesta_Novedosa,APC_1_view_1_fk_06_005,6.8648702234912005,0.1258130818605423,1.275560163728132,0.03392757102847099,0.5967434737682807,0.903541410659135,19.00929378140383,0.6734005028107437,18.970181843801775,0.44230082628879536,0.393708007618682,1.516718110860099,0.38484535588579233,0.13884481393531128,0.7012503075693729,0.8217604557732526,0.13158069512919285
base,APC_1_view_2_fk_ref_01_005,6.592608384970783,0.10486619919538498,1.0817401721536024,0.013861769810318947,1.6425320000898351,0.8885472504335704,7.393732498757149,0.8442378623063098,21.598466311986478,0.3682898574719681,3.350596595878886e-07,1.059078501967127,0.35702133942802594,0.16381794881425216,0.7283784554584881,0.7630303325404851,0.142758639952289
desenfoque_5,APC_1_view_2_fk_ref_01_005,6.541229914819131,0.10288140922784805,1.073309798028311,0.00888377521187067,1.536234628469861,0.8635992446833036,3.43344946532865,0.8069594699551479,21.493214013132924,0.19539831652515427,0.006420621657789578,0.9633510742667311,0.300413809409834,0.10253044539538703,0.5416271028567833,0.5350139130506107,0.12456534776708107
desenfoque_11,APC_1_view_2_fk_ref_01_005,6.512509687523136,0.10128194093704224,1.0685972742736336,0.006400220096111298,1.5222894745729003,0.8313102579115563,2.219562038255892,0.7696126077245047,21.37372947300016,0.10776223997352541,0.006906241884522985,0.8778644608464649,0.25305570958221146,0.06711579369867603,0.40784218093959035,0.3550009735605321,0.06115104363452413
ruido_0.02,APC_1_view_2_fk_ref_01_005,6.687368169244909,0.10678417235612869,1.0972887167308314,0.02332034893333912,1.2977902444480425,0.7340346358134096,12.60251634086172,0.6884661217909522,21.35445838936217,0.24641458816481676,0.18934491280348925,1.024577095158897,0.21951654627995165,0.03806948245550373,0.5024382979428137,0.695575390670703,0.11086337142470283
ruido_0.05,APC_1_view_2_fk_ref_01_005,6.900841072002784,0.11621835082769394,1.132316159754122,0.04742387682199478,0.8500562085170209,0.5222663982188567,26.572361295427125,0.37132105778013896,20.260380462456354,0.15184860695343708,0.4928857251926887,0.8857079389205458,0.12371833981809746,0.011486964106238647,0.2477251626359169,0.5611579663726887,0.057090364961975434
ruido_0.10,APC_1_view_2_fk_ref_01_005,7.244497874304173,0.1445716768503189,1.1887046704581306,0.09043034166097641,0.42400674017551865,0.2958607492681562,51.40400965552903,0.15011745456420708,17.726757324985407,0.08970010699326471,0.7213660456806598,0.6389335507369375,0.07364989558341925,0.004011584637019779,0.1009393266951561,0.42939064796959214,0.025613273348825905
ruido_0.20,APC_1_view_2_fk_ref_01_005,7.631929413272553,0.21762672066688538,1.2522759058763933,0.17315447330474854,0.1511058101896517,0.11298431255383645,98.56464052131125,0.048839887107325494,13.55757706194286,0.045234640857728346,0.8552503131391614,0.3598548719243839,0.03981991558049017,0.0019084840351893256,0.03503886062278171,0.30184456184169367,0.008003161530574994
PiramideLaplace,APC_1_view_2_fk_ref_01_005,7.01095219550369,0.138235941529274,1.1503836102587564,0.023266272619366646,2.3199285388423454,0.9931608117580458,13.736827770346574,0.7791971362081844,18.63797418334588,0.4866228800653558,0.12393261766176225,1.2992002453318596,0.44578386251214674,0.20733215334054944,0.7806614087042788,0.9015132077935384,0.14547925586217397
RatioPiramide,APC_1_view_2_fk_ref_01_005,6.829758553723269,0.11749593913555145,1.1206526707266096,0.022496141493320465,1.264567678241891,0.9134266266873075,12.521077183735963,0.8010776342148915,21.160038536272175,0.4621032474747258,0.19084731846675043,1.2522216159762458,0.3776610538265264,0.1509411556047628,0.7510112561834746,0.8692095710114212,0.14098442660269767
DWT,APC_1_view_2_fk_ref_01_005,6.742167960627153,0.11312181502580643,1.1062804742116714,0.02465229108929634,1.4217974815664882,0.8024334405482557,14.259386867614367,0.7719476640314488,21.22356982369199,0.46212233013883713,0.2349963382317959,1.1636895593963081,0.3237086869588538,0.14850118006113666,0.7368826731583265,0.8602261199143058,0.13236698412679143
DTCWT,APC_1_view_2_fk_ref_01_005,6.745769838401358,0.11364366114139557,1.1068714839692702,0.02322244457900524,1.4236450679370232,0.8287624085614472,13.754241073914404,0.7938928279465244,21.235192936393833,0.5229403420251604,0.16222921927395428,1.1844177765629944,0.38482677936650017,0.18263417877096644,0.7736500466664126,0.8840527820866364,0.1413787706303898
Curvelet,APC_1_view_2_fk_ref_01_005,6.71961021347533,0.11168725788593292,1.1025791135570573,0.02364770881831646,1.4725486956019445,0.8055411251335926,13.857162040463123,0.7860943536089893,21.28882158975866,0.4612090657794164,0.19852747056486078,1.148595882915077,0.3275718865287196,0.15387429593804036,0.7438069425531223,0.8648561274132947,0.13541643420073826
TopHat_Clasico,APC_1_view_2_fk_ref_01_005,6.9459606251969515,0.13152509927749634,1.1397195470614918,0.0442679338157177,1.0288597277172196,0.6941632473849344,23.16732591235055,0.6172192981182562,19.974340077483898,0.3042029159151314,0.607579039536628,1.1710912325673142,0.36071499920614636,0.15034381925244167,0.6225153520226108,0.7807953540998359,0.19259743087472087
Propuesta_Novedosa,APC_1_view_2_fk_ref_01_005,7.045654748236603,0.14113368093967438,1.1560777366462798,0.033420342952013016,1.0796457514727213,0.7898605712310289,18.763704292279616,0.7099922034349521,19.92036455754878,0.4524489053858037,0.4201050022967568,1.3596087594339425,0.4388043235286617,0.1643260979250314,0.7191195484092697,0.8251997427941787,0.14253825766583422
base,APC_1_view_3_fk_ref_02_005,6.908715864212016,0.13303756713867188,1.0757952125036427,0.016078868880867958,1.9361633092657613,1.0347438893798815,8.497927798977065,0.8088723127554793,20.481251474012396,0.34928732147329533,3.9949529408573363e-07,0.9844248125641087,0.3336643817229913,0.1529013932202889,0.7149838829311354,0.7570397485957008,0.31977997107554407
desenfoque_5,APC_1_view_3_fk_ref_02_005,6.8728922819767,0.13106493651866913,1.070216919949578,0.009628033265471458,1.7910119086807308,1.019066039718608,3.7334170733955925,0.7631493513860383,20.371640085715015,0.15187870831643058,0.00646720761818362,0.9038159939987889,0.2644683006012018,0.09082923606975381,0.49887972429860444,0.5158634053983201,0.15366101289000392
desenfoque_11,APC_1_view_3_fk_ref_02_005,6.857319416485833,0.12962733209133148,1.0677919810073324,0.006711625028401613,1.771273177698928,0.9905886315332177,2.3557920617873687,0.7219205455979238,20.256979024083233,0.08132809547725821,0.00676998624021298,0.8352907225229066,0.21917669387676364,0.05996975862059098,0.35666908025769956,0.3336245360805997,0.055076205090116896
ruido_0.02,APC_1_view_3_fk_ref_02_005,6.983670473851877,0.13453955948352814,1.0874668186009995,0.02482466585934162,1.5264130757341872,0.8658237368951955,13.261061065691782,0.6700176792431163,20.291611941567254,0.24683147303318806,0.14493911171373142,0.961984427353388,0.21212182749899738,0.0391304442711815,0.5238241742073534,0.6996012892947033,0.23613732432236978
ruido_0.05,APC_1_view_3_fk_ref_02_005,7.168464383892792,0.14218775928020477,1.1162421232493867,0.048371341079473495,1.0474280244255414,0.6378061577082357,26.8996598532101,0.37610556351116886,19.408268810268872,0.1623321778426678,0.4235939428632402,0.8692275893493557,0.12113564243963204,0.012377602707706914,0.28075456195987497,0.5701376631864867,0.12075010624952431
ruido_0.10,APC_1_view_3_fk_ref_02_005,7.441930433799774,0.1662350445985794,1.1588250681923349,0.09115753322839737,0.5897189604659417,0.39532062777494203,51.61535664702126,0.15972219357564704,17.229597249484037,0.10219632188030735,0.6662127616537362,0.6726080389763079,0.07303826894324432,0.004343257846777641,0.1228486003774769,0.43156264286271384,0.04806763071972034
ruido_0.20,APC_1_view_3_fk_ref_02_005,7.722639836304673,0.23123931884765625,1.202535916525793,0.17263005673885345,0.23319667353664775,0.16688998451666967,98.29038894103965,0.05423424265036238,13.382068542771599,0.05394050497810221,0.8241279389941041,0.39779540946574704,0.039169811907038284,0.0019379037979001138,0.04466126060389325,0.2964721594683226,0.01186223538282059
PiramideLaplace,APC_1_view_3_fk_ref_02_005,7.279028363312885,0.1628478467464447,1.133458665668164,0.02808215655386448,2.4009883646645984,1.2536928485597088,16.014414593271628,0.7354318820803086,17.501533532255102,0.485589473265288,0.11525381253279664,1.1832178422304809,0.44242282711160985,0.22250669365454243,0.7809417104779778,0.9073317099071112,0.35708070238933914
RatioPiramide,APC_1_view_3_fk_ref_02_005,7.072155184945428,0.1460523158311844,1.1012452733015776,0.02712826430797577,1.4234503617039822,0.9500910829806013,14.829208790616965,0.759409640354116,20.07294774735692,0.48122099745796,0.18194093715049403,1.163118430155751,0.352322583067878,0.14008492932446245,0.7481133682396741,0.8638754016779692,0.32219774859274114
DWT,APC_1_view_3_fk_ref_02_005,7.038348461609159,0.14152857661247253,1.0959810372509984,0.02943417802453041,1.5995160631814187,0.9140251944992743,16.616991284264756,0.7313811886831683,20.10736315435411,0.4787675429207074,0.2275182805279404,1.0810169892963586,0.3023923982272715,0.14629607778533626,0.7393970169181601,0.8626125391180542,0.3195811271455189
DTCWT,APC_1_view_3_fk_ref_02_005,7.028657634526973,0.14204402267932892,1.0944720237693149,0.028016237542033195,1.5972336495163029,0.9438806646070856,16.057873272069166,0.7526275363359005,20.12170455175941,0.5469908069673323,0.1574660152596455,1.0987745554085007,0.3675938892630983,0.18794709213228836,0.776143992121717,0.8884287978473164,0.3464511676983536
Curvelet,APC_1_view_3_fk_ref_02_005,7.020440118612148,0.14016002416610718,1.0931924279003293,0.02846384607255459,1.6570914041329738,0.9196725407395414,16.161447249934728,0.7437772092572624,20.16433570618465,0.4857528894575915,0.19313541204652648,1.0644151833586075,0.3088083697302909,0.15441350003501617,0.7470368178550789,0.8677099483222402,0.33075991098992275
TopHat_Clasico,APC_1_view_3_fk_ref_02_005,7.220287564378461,0.1617814302444458,1.1243118037166342,0.05452753230929375,1.1174475757720104,0.78358941991636,28.33557117506356,0.5764615399862469,18.719901955157678,0.30406952803859105,0.6170547934904638,1.0624852455403133,0.3307770729075511,0.15503667483307973,0.6219829097338478,0.7660585939203731,0.36963960155918457
Propuesta_Novedosa,APC_1_view_3_fk_ref_02_005,7.2950922812686665,0.17054900527000427,1.1359600691663743,0.04076368361711502,1.1977877959125927,0.8427039516433676,22.178588034552472,0.6656959807726595,18.795662882795973,0.4835187980332073,0.40760352221761664,1.231778518616541,0.4107837455529626,0.16081129389264376,0.7201484825342355,0.8248411808016148,0.36164414100810566
base,APC_3_view_1_fk_bar_06_005,6.388863284070648,0.09042411297559738,1.1709376474279576,0.013487454503774643,1.2576928176590794,1.3572310450354264,7.373475125785143,0.8594020290405571,24.47926172085942,0.3626025529723433,3.688895192898079e-07,1.0823119396479501,0.3557399874361047,0.15976510436153915,0.7282156555712221,0.7832228162098169,0.1822808920984757
desenfoque_5,APC_3_view_1_fk_bar_06_005,6.3135155723125465,0.08814310282468796,1.1571280746726462,0.008620651438832283,1.124421754043023,1.325067634084978,3.4707137789031153,0.8176417675702252,24.283399419494963,0.2052552112337821,0.006029189727820196,0.9821639107948527,0.2960511454427997,0.12096662023046774,0.5202126845630312,0.5662125988915274,0.09958073308849588
desenfoque_11,APC_3_view_1_fk_bar_06_005,6.26408513651971,0.08620837330818176,1.148068566646717,0.006233492400497198,1.0947258497587093,1.2560423274281396,2.270508883209798,0.7826960913925309,24.0630207684522,0.10885864384670826,0.007492779883826495,0.8896225444990435,0.24542964183286564,0.07749937289284586,0.3907069197552564,0.3858812855675859,0.04572801214197844
ruido_0.02,APC_3_view_1_fk_bar_06_005,6.495165042846949,0.09256453067064285,1.1904204138927408,0.02317400462925434,0.9125950720690703,1.1186163413213934,12.589998469687988,0.6954472221981478,24.017901630343786,0.24474263357052087,0.20528017667601822,1.024377572308743,0.21898758109008631,0.03697061301364806,0.4872010466650384,0.7167633756888859,0.1372611599610415
ruido_0.05,APC_3_view_1_fk_bar_06_005,6.744458533576817,0.10324234515428543,1.2361104092135278,0.04741957038640976,0.570682462009908,0.7164021899635623,26.539821537508825,0.36997685468392716,22.173807126106382,0.15084925441504915,0.5093822961736876,0.8263549772901688,0.1253673983383211,0.01052501192522307,0.23353072495873803,0.5918177513576816,0.07428222967700238
ruido_0.10,APC_3_view_1_fk_bar_06_005,7.14832008365699,0.13439716398715973,1.310129318730117,0.09042789787054062,0.27356042073395337,0.3391018948225582,51.429138999131766,0.15025455523258718,18.688023799849574,0.08988385439629512,0.7229471345449467,0.547407224899474,0.075193333826839,0.004040416835986093,0.09903650423649298,0.45795479282496604,0.03320689926788554
ruido_0.20,APC_3_view_1_fk_bar_06_005,7.691740667611364,0.21414339542388916,1.409726319299213,0.17532089352607727,0.09554692660957904,0.11718316201441814,99.59169175678458,0.048952352256117965,13.808171767847966,0.045997687409042004,0.8500018858021609,0.2990458144753726,0.041093293781568306,0.0017738288810497604,0.03556537354596504,0.3124229456740913,0.0069287970618293416
PiramideLaplace,APC_3_view_1_fk_bar_06_005,6.665118644978261,0.10585512965917587,1.221569158544661,0.022313226014375687,1.3957596759953699,1.4926810972755113,13.476045631842462,0.8017081114053806,21.615751894017315,0.46616357944782966,0.13580786424735944,1.085864086715711,0.41489547572376057,0.19594474038356627,0.7697264473845713,0.9092937670112764,0.17782157358349185
RatioPiramide,APC_3_view_1_fk_bar_06_005,6.677224895306987,0.10635534673929214,1.2237879670632963,0.02252628654241562,0.9740034350637075,1.3231624755050355,13.278775014169042,0.8140313017874441,23.647212382249805,0.4594916154164577,0.2030200547215327,1.297829406389972,0.38086235055371687,0.1495948616967501,0.7553395543247846,0.8981973484022514,0.1770181891706601
DWT,APC_3_view_1_fk_bar_06_005,6.568424159105046,0.09955544769763947,1.2038471931850425,0.023660939186811447,1.0721182661842317,1.1948245046490407,13.926500542962607,0.7887794778847752,23.828863378750114,0.43909971021208316,0.24202429457247115,1.1507035399503176,0.3225835070863271,0.1373701004648697,0.7306533627078097,0.8738109273767447,0.15825136169240997
DTCWT,APC_3_view_1_fk_bar_06_005,6.588504200231506,0.10111367702484131,1.2075274215874092,0.02247585356235504,1.0495076954372977,1.2640044483750417,13.590533327346266,0.8119817691845637,23.79344181953167,0.48878498479618604,0.1797518257606659,1.1812689687696427,0.37590882313305113,0.16886991734434487,0.7660549953225008,0.9033202961092571,0.17554863655756342
Curvelet,APC_3_view_1_fk_bar_06_005,6.551547557667467,0.09838268905878067,1.2007540845825828,0.022888721898198128,1.1068568967172427,1.1997251998244334,13.752930704773664,0.8023334315296011,23.902176609763096,0.43213646305321174,0.20856172814483867,1.1383437598074164,0.32595590271526986,0.1396636533592293,0.7363983703025935,0.8815735943309866,0.17185494866185475
TopHat_Clasico,APC_3_view_1_fk_bar_06_005,6.852190647450598,0.12037898600101471,1.255855328201907,0.04148518294095993,0.8558320501707811,0.953975949428544,22.1486048189836,0.6373700252726704,21.824256021520814,0.3042160152103425,0.5977646259621322,1.1534155957171377,0.361377252552848,0.13659972820950672,0.6170382709184296,0.7859633978813663,0.23330039829971982
Propuesta_Novedosa,APC_3_view_1_fk_bar_06_005,6.941350816708336,0.13289260864257812,1.272196419596872,0.03191526606678963,0.8806219687360078,1.130160963579911,18.32845796143014,0.731685081066782,21.22568188515031,0.43456814078272016,0.4299336482391626,1.3331378924724495,0.4400556316009643,0.16510092553220912,0.7156423101941523,0.818678275617968,0.17426417784956422
base,APC_3_view_2_fk_NL_01_005,6.594570304188615,0.11678264290094376,1.1038279264504953,0.012647480703890324,1.489739771405362,1.1429235403967322,6.070523063447797,0.8487911757286695,20.486140497459647,0.34655178794123975,1.3243939822482672e-06,1.1186930907154709,0.3377126366931341,0.13753593795179703,0.7080578362802409,0.7633359870423397,0.1608156764804687
desenfoque_5,APC_3_view_2_fk_NL_01_005,6.540958027966643,0.1155749261379242,1.0948540699345064,0.007780806627124548,1.4108581721028581,1.1366274662163902,2.9545671670418967,0.805318832538888,20.434008718662916,0.1929727786930109,0.004242872848586238,1.0729645476802776,0.2787579911117542,0.1111679469534662,0.49462512625645466,0.5784862503451672,0.09889521031697467
desenfoque_11,APC_3_view_2_fk_NL_01_005,6.514835484437055,0.11450742930173874,1.090481564717667,0.00533689558506012,1.424350378315521,1.115451763455905,1.9238868206806343,0.7628021823717615,20.368116062101272,0.08609433119041446,0.004839315631615964,1.025339130876698,0.2219026137042407,0.07353943213780816,0.34642505638345616,0.4073646533956576,0.046371487364172154
ruido_0.02,APC_3_view_2_fk_NL_01_005,6.737104752806882,0.11845149099826813,1.1276859638371215,0.02236870862543583,1.134627114526154,0.9575650273828867,11.867778187646527,0.6842545777498289,20.295921009281148,0.22805413080910583,0.22081334882340156,1.084128454302458,0.2001341535304812,0.025124569259599983,0.46414415330442604,0.6687335330355658,0.10812437928860914
ruido_0.05,APC_3_view_2_fk_NL_01_005,6.9823857088751655,0.1268848180770874,1.1687421595626686,0.04670723155140877,0.759530885107633,0.6739885667979816,26.163212789665113,0.35830168639988236,19.41710637485649,0.13122931716845326,0.5488382823289033,0.9445826181911806,0.10890604928674993,0.005665093994106125,0.2127793205226171,0.49735252250709033,0.045973565459075716
ruido_0.10,APC_3_view_2_fk_NL_01_005,7.333005065280489,0.15391986072063446,1.2274303559578867,0.09034426510334015,0.42441050118557866,0.39213060817418344,51.39374785402454,0.13941448812924884,17.21980961044516,0.07118416120492486,0.7759178863378118,0.6966913776919907,0.06329228652355742,0.0022297503092979887,0.08309860867503509,0.34965881652670994,0.014326851572079524
ruido_0.20,APC_3_view_2_fk_NL_01_005,7.74037441374494,0.22495897114276886,1.2956176134247446,0.17436809837818146,0.1598953261673085,0.1515963394419076,99.36558095262455,0.04370040619879832,13.300554337182188,0.03462904884938049,0.8995336050181092,0.39407302554695545,0.03409491524262835,0.0014603515947446796,0.027371967319605145,0.23775392670303153,0.0038998278045704066
PiramideLaplace,APC_3_view_2_fk_NL_01_005,6.972008757697724,0.13962294161319733,1.1670052202364174,0.02045970782637596,1.8681765986236227,1.133284331320179,10.568350488143452,0.7821538563438484,17.54085779880769,0.4336270610546692,0.14622313226070657,1.2511213751363237,0.38757734884171535,0.16626993653322594,0.7390337129071072,0.8553384738289869,0.14516404613599018
RatioPiramide,APC_3_view_2_fk_NL_01_005,6.857871188941685,0.12950211763381958,1.1479003763969247,0.021219193935394287,0.9499408369468727,1.124501319062726,11.02086712743371,0.7953883715150932,20.109161323515522,0.412467370667321,0.24199666013210758,1.275640250336474,0.36333093659712423,0.13372329674020478,0.6951741763979588,0.8497480118022906,0.1325267356744432
DWT,APC_3_view_2_fk_NL_01_005,6.7508038833886115,0.12181609123945236,1.1299789840350563,0.02221428044140339,1.2241450515317434,1.0173258226926989,11.462815573559801,0.7790532340292915,20.28329072831561,0.4081938077618477,0.2643793086221089,1.1569291847794096,0.30682253275642835,0.11835307674374265,0.7045763432302903,0.8265141789738899,0.13178394414769998
DTCWT,APC_3_view_2_fk_NL_01_005,6.74883584030656,0.12230207026004791,1.1296495644043267,0.020587418228387833,1.2054897395433635,1.0421298926341116,10.683649018637471,0.8039491775516787,20.29605926399889,0.4482467277540099,0.1925153045619607,1.1750146063857136,0.35588139229197546,0.14427074094027492,0.7417529199680218,0.8608122736707643,0.14298977176966876
Curvelet,APC_3_view_2_fk_NL_01_005,6.729575960597051,0.12082288414239883,1.1264257617753777,0.021291309967637062,1.270399782151697,1.0230520486558472,10.990677859670026,0.7935963003474877,20.327816604880976,0.39570375213033543,0.2316710530641631,1.150410920385139,0.30983492024999565,0.11750202351401062,0.7124016133958371,0.8360564473444498,0.13983009729006632
TopHat_Clasico,APC_3_view_2_fk_NL_01_005,6.946209205651188,0.135447159409523,1.1626867787420883,0.03917071968317032,0.9127814162719463,0.76544632926887,18.48379107852808,0.632091991813356,19.548038829884568,0.25285594525451965,0.6365135800313234,1.1691742534349983,0.35675549471163803,0.11803776821004464,0.5901452707557571,0.730642139189299,0.2092196409986573
Propuesta_Novedosa,APC_3_view_2_fk_NL_01_005,6.930555489569813,0.13881923258304596,1.1600665915022352,0.029166635125875473,0.9259136376954771,0.8871204203535651,14.190983958640212,0.7304596397391427,19.49656088250763,0.38399479762349753,0.45054188192929207,1.232812141707484,0.41962255264412046,0.14089706727984486,0.6908929936398358,0.7891746179689867,0.14683900202075975
base,APC_3_view_3_fk_NL_05_005,6.788089880240852,0.1211714968085289,1.180003871934584,0.013265455141663551,1.7141976466351796,1.0485680826200843,5.689823889310352,0.8185424913476473,18.654155211652704,0.3155323944537714,1.0987644495668326e-06,1.1267083467977248,0.30221719675071723,0.13644098388665152,0.6902626266578128,0.7372756784508572,0.06872532056332395
desenfoque_5,APC_3_view_3_fk_NL_05_005,6.757254403263798,0.12006895244121552,1.1746436037490098,0.008717323653399944,1.6482697119382619,1.029350365183369,3.090390494392311,0.7768784111948099,18.627140215385577,0.18623407743896245,0.003653327211630078,1.0913621465418764,0.25906904117211166,0.09759016282019796,0.5063032871484562,0.6071574887483713,0.09828255349293676
desenfoque_11,APC_3_view_3_fk_NL_05_005,6.737111778503852,0.11888793855905533,1.1711421216491855,0.006138930097222328,1.6800614019910136,0.9896938334291976,2.1049705418721647,0.7319984784220117,18.58421163493466,0.0889282397835972,0.004244715932651443,1.0446123052587333,0.21336947584932303,0.06165990078628358,0.3685386448474199,0.45455975935177095,0.06711361816773152
ruido_0.02,APC_3_view_3_fk_NL_05_005,6.902692102358155,0.12287083268165588,1.1999256862028898,0.02271277643740177,1.3179864837438453,0.855013321659213,11.694753080417355,0.6715061266382567,18.528164626983003,0.22126816209761355,0.1841986170768917,1.0998735419680998,0.1913616205765855,0.026506615268933928,0.48115176323913017,0.6388912963397136,0.04984277672919152
ruido_0.05,APC_3_view_3_fk_NL_05_005,7.074998302778587,0.1311282068490982,1.2298784398112779,0.04683615639805794,0.8710173644593243,0.5649295692079439,26.09640013881891,0.3670923779478371,17.923282456270037,0.1349052455921642,0.5070687723295226,0.9829948904415746,0.10857505787175825,0.00389288461380855,0.23684474752781637,0.4448821793742607,0.023934028565738993
ruido_0.10,APC_3_view_3_fk_NL_05_005,7.36694705457253,0.15701285004615784,1.2806291905528249,0.09014918655157089,0.48017750370681334,0.3199202199259701,51.08112822144063,0.14924016736929263,16.27441273175179,0.07472216205849697,0.7597968054701262,0.749766060135924,0.06536465942369654,0.0015453280413073452,0.09563812910477036,0.2651302418324798,0.005848425980265904
ruido_0.20,APC_3_view_3_fk_NL_05_005,7.756044128478035,0.2275949865579605,1.348267666452119,0.17458409070968628,0.18202272957321422,0.12845469189060768,99.30825151634315,0.04695994697423054,12.877205434196377,0.03371281724439408,0.9055454737186904,0.44230530308272376,0.03485836934405137,0.0012192846974075065,0.030852642992131196,0.14668646773292904,0.0020626930979852983
PiramideLaplace,APC_3_view_3_fk_NL_05_005,7.1520055938699585,0.1690780073404312,1.2432649599160746,0.02145656943321228,2.142351016418145,0.938954689613962,9.450315315283245,0.7459750716536573,15.694748187248837,0.41332795481459905,0.14599170870780967,1.2967427104804974,0.3471672401276418,0.15557567939078545,0.7212940023184055,0.7861954307986456,0.0607046689288488
RatioPiramide,APC_3_view_3_fk_NL_05_005,7.032945525475138,0.13421191275119781,1.2225682183912407,0.02275523543357849,1.0254807351001372,1.0325891140870573,10.210706787760849,0.7591053411636168,18.36213153045172,0.3879271929874548,0.2493640128532415,1.2895159573163726,0.32799907785755456,0.14114840684580562,0.6752978336925203,0.7889338122886779,0.05198001935470881
DWT,APC_3_view_3_fk_NL_05_005,6.9125794654927315,0.1262868344783783,1.201644450536872,0.02366035431623459,1.3459678674549571,0.9046451792096453,10.815056116883481,0.7431708882738552,18.50760225023302,0.3787253514628608,0.2652839492415812,1.1675968638148833,0.2715106485048724,0.11665877428004016,0.6861484505616395,0.765134242835639,0.0540922149589203
DTCWT,APC_3_view_3_fk_NL_05_005,6.924289169917777,0.12643276154994965,1.2036800005670776,0.02151564136147499,1.312095077818149,0.9731429051757418,9.725987966983865,0.7708647705009575,18.528504635546966,0.4173444282433955,0.18018823927604966,1.1864683597147916,0.3190654970301272,0.14183575085346825,0.7238515354732507,0.8050325062065282,0.05453282228712773
Curvelet,APC_3_view_3_fk_NL_05_005,6.891179320003974,0.12503443658351898,1.1979243680125962,0.022696280851960182,1.4012198173863597,0.9136877412249886,10.204990362954547,0.7576929211564682,18.54075084858151,0.36162993851439307,0.23819574212371394,1.1559912620191792,0.2738190563034455,0.11510412524255875,0.6939019250681844,0.7744840371409465,0.05369694422880735
TopHat_Clasico,APC_3_view_3_fk_NL_05_005,7.069435474859102,0.14056171476840973,1.228911428678587,0.039961379021406174,0.925389426150286,0.6693899273800151,17.16421575902923,0.6188913485200207,17.97382568371767,0.24980348409815276,0.6122617504997686,1.1926760176300646,0.3072181129655639,0.11178280584851666,0.5933286941954894,0.6825939180131472,0.10291690872406065
Propuesta_Novedosa,APC_3_view_3_fk_NL_05_005,7.081889666065668,0.14441640675067902,1.231076396159106,0.03029405139386654,0.9785063280536243,0.7826036418034514,12.808767617712078,0.7077262698053641,17.986929726676955,0.3628005837315998,0.43613838042330055,1.2782334151022732,0.36563594784472125,0.1321920333107337,0.6856304647542663,0.7463502821749038,0.07037239324674385
base,Athena_2_men_in_front_of_house_meting003,6.44873089746803,0.09142424911260605,0.9313503788226486,0.014374099671840668,0.9283260249947884,0.8699548765229481,6.6329618625503866,0.7631471375551822,15.871152251713452,0.30685160892561314,1.4175627837959054e-06,1.7660544775737455,0.2558447333527258,0.1677423906825661,0.6424929549365082,0.6956719554359458,0.3691060209158642
desenfoque_5,Athena_2_men_in_front_of_house_meting003,6.402601290376442,0.08875274658203125,0.9246881645478121,0.009868709370493889,0.9116783151012688,0.7651033665817437,3.8882357992299568,0.7368134653570279,15.848105971612691,0.14243681291505011,0.005303623509153222,1.7439324566753518,0.2251094532750882,0.0981881834682549,0.5072320811700122,0.5507778740537143,0.25735013372415383
desenfoque_11,Athena_2_men_in_front_of_house_meting003,6.353566378914042,0.08608625829219818,0.9176063551046592,0.006784853059798479,0.8866077946401045,0.7057865338601392,2.5551384795603242,0.7005218586209647,15.804796451118609,0.06823042948563793,0.007376549402517056,1.7138518858362015,0.18181187282287112,0.05809446887903319,0.35763206590589325,0.37999014279188464,0.10696912545526534
ruido_0.02,Athena_2_men_in_front_of_house_meting003,6.5174127096190055,0.09359250217676163,0.9412696688011081,0.024038078263401985,0.8030924728056441,0.5553548667547739,12.165029632340758,0.6189875705716708,15.80469561451061,0.23323444916930158,0.14561739070567195,1.7522367652467463,0.15002480552856895,0.05034664123278169,0.44873337305057204,0.6548353883762752,0.2779225355736268
ruido_0.05,Athena_2_men_in_front_of_house_meting003,6.7510872718641215,0.10436202585697174,0.9750178427485827,0.04797637462615967,0.5471102691869694,0.3100140826219486,26.3784164462845,0.33341517496409273,15.470166967208234,0.16216125265667916,0.39903626609374643,1.6858906532613123,0.08493547727979772,0.012374882848771546,0.23817673271333573,0.5625827712762759,0.14926447078607874
ruido_0.10,Athena_2_men_in_front_of_house_meting003,7.154052253325541,0.13532251119613647,1.033215586475757,0.0908811092376709,0.2754646854486225,0.1281504044725703,51.38271059035357,0.14137107134526597,14.454149620875484,0.10459423692946179,0.6128633041219724,1.4967580837438152,0.05069831634412577,0.0033750055666220977,0.11636522121064387,0.43380100818133605,0.05760964374788641
ruido_0.20,Athena_2_men_in_front_of_house_meting003,7.714514127197076,0.214773491024971,1.1141596337379638,0.1756840944290161,0.09752612881001614,0.04407224279844927,99.89032716162261,0.048686358293481447,11.927426207477115,0.06120468208251822,0.780171557543457,1.10781708666938,0.028589252815828282,0.001456365428715179,0.048035220913257265,0.2674345441131204,0.015115836524245873
PiramideLaplace,Athena_2_men_in_front_of_house_meting003,6.8930340569950515,0.18154509365558624,0.9955183403203228,0.02526615373790264,1.5680920178211282,1.1242653857283909,12.518107107080207,0.6932521846361525,13.047066199753266,0.4855972488214246,0.10983509620451257,1.7517281412735324,0.3404562848537681,0.23656331387452026,0.6745365940878607,0.8496530827012496,0.4218486174450414
RatioPiramide,Athena_2_men_in_front_of_house_meting003,6.746750685595032,0.11725890636444092,0.9743915363747039,0.028096744790673256,0.6531872611797576,0.34642667491792145,12.882885372657642,0.687893548391691,15.442943397299038,0.47543441659674607,0.20933234797886413,1.7763467820698575,0.3012174902142658,0.13621928925949772,0.6727639880243473,0.8097100452747622,0.41163098642220786
DWT,Athena_2_men_in_front_of_house_meting003,6.666134511230398,0.10715682059526443,0.9627486401634178,0.028346488252282143,0.7505326594584404,0.5560894017153316,13.670144514033957,0.678722552562591,15.67766366591953,0.4587611288338862,0.24519176844914625,1.7799796008850501,0.2154610516200135,0.1560082970179632,0.6510994971224319,0.8038319660389824,0.39089416923869585
DTCWT,Athena_2_men_in_front_of_house_meting003,6.675643564275407,0.10806390643119812,0.9641219739707241,0.025618525221943855,0.7703443619467345,0.5496120132906988,12.356326649644222,0.7096972262055808,15.683682294012648,0.5181971265786447,0.14683993880298157,1.7858362502812017,0.2773294829154035,0.19521388416538615,0.69595924818432,0.8458670804495272,0.42189311401801166
Curvelet,Athena_2_men_in_front_of_house_meting003,6.599007647526343,0.10118917375802994,0.9530539217864276,0.026023484766483307,0.7639588588685147,0.5736342422788064,12.247829091915284,0.6978972885828074,15.753547539446926,0.4398863944924197,0.18777329833356635,1.7748532047498535,0.21980893766080561,0.14768093324843434,0.6568956116128662,0.79998119615378,0.3861939625169462
TopHat_Clasico,Athena_2_men_in_front_of_house_meting003,6.926865863591391,0.13151998817920685,1.0004044592157673,0.04464906081557274,0.6212818680746572,0.4118069670581435,20.5491366471556,0.581244287015847,15.158299859521202,0.3397438779771946,0.5246931485479908,1.748464369635271,0.25660583391263114,0.143859698427406,0.59755345279832,0.7522659070635114,0.2949521858623156
Propuesta_Novedosa,Athena_2_men_in_front_of_house_meting003,7.067176694475968,0.1437295526266098,1.0206686860186844,0.033812109380960464,0.680038068138408,0.48919711605837546,15.654343336188823,0.666377971509875,15.169368258348626,0.48694895632046037,0.3336990387127375,1.8432346934185944,0.31482245144439064,0.1587173453997272,0.6926940873650091,0.8270674230363327,0.4148450768219291
base,Athena_APC_4_fennek01_005,5.403287000078588,0.040950264781713486,0.8609049841259179,0.01327565312385559,0.44548535751176577,0.16141436346865495,5.437461033739424,0.8044564092131703,23.050484030791832,0.2640825972264935,4.4077460041838563e-07,1.689375501161406,0.23592350517286798,0.0806138891003588,0.6653657911510891,0.6838669352753051,0.3514782107154396
desenfoque_5,Athena_APC_4_fennek01_005,5.304033555894809,0.03811922296881676,0.8450909463396155,0.008012484759092331,0.40442918105080866,0.1545262625821533,2.667620218529216,0.7579453068306883,22.977302372549833,0.1225740471571062,0.0029933122498446807,1.6116501350074577,0.19457060985052585,0.04374327132010726,0.48721238042852977,0.5368206299170754,0.1541127643529348
desenfoque_11,Athena_APC_4_fennek01_005,5.195558159973604,0.035377953201532364,0.8278075762350404,0.005405922420322895,0.3818271262814004,0.13953580219576947,1.7594026823709965,0.7123146628726831,22.883778130138843,0.05181337982911411,0.002138969130185426,1.5293730059313466,0.1558075906296037,0.02518250559490477,0.33773374633031567,0.38789569487908376,0.06646658187826605
ruido_0.02,Athena_APC_4_fennek01_005,5.574217898853826,0.045571520924568176,0.8881393810207311,0.02239900641143322,0.3072070215015871,0.12389183246745236,11.551861080065384,0.6595215926439317,22.71347851375886,0.19630730456968834,0.17829602969059913,1.6134717458153167,0.13833724245906967,0.01466026092578871,0.4728933279675281,0.5708528375684474,0.1545248278285528
ruido_0.05,Athena_APC_4_fennek01_005,6.0927256220166734,0.0646558478474617,0.9707531461552102,0.04667263478040695,0.13309305958474857,0.061981794287314616,26.08143930241241,0.3521556571269284,21.2753102319384,0.12616196152020256,0.5220968631584105,1.335152009427611,0.0737398198367248,0.0025261557059847624,0.219534268568969,0.36269401457084877,0.030939916986097552
ruido_0.10,Athena_APC_4_fennek01_005,6.83537018905449,0.10799381881952286,1.0890786041935472,0.09008631110191345,0.04793688626461448,0.024723589125493897,51.27997375347689,0.13821633110572595,18.254961113749648,0.07074227267196546,0.774102588265839,0.9150075549283097,0.043625005762341774,0.0009982981213345291,0.08368103178471813,0.19747972743248857,0.005294255067634262
ruido_0.20,Athena_APC_4_fennek01_005,7.604692063148376,0.1996355801820755,1.2116545539431876,0.1752464473247528,0.016540053468472184,0.01044596254907474,99.95555265461175,0.04251939733199244,13.640971844913777,0.03127473215492404,0.9121116406289426,0.5217436976193743,0.023806624299213156,0.000887551908300724,0.02610852875420766,0.08665430260636525,0.0007435224038312575
PiramideLaplace,Athena_APC_4_fennek01_005,6.177993934513328,0.07002565264701843,0.9843389348085445,0.0226355642080307,1.4014323466609842,0.2845711796372071,9.772356645669142,0.7340735295279464,20.164117530625774,0.4176647121025697,0.14601080490124554,1.548134574733973,0.3162161337382334,0.14994793042030108,0.7041387493644697,0.7689794404792556,0.4285187960808689
RatioPiramide,Athena_APC_4_fennek01_005,5.970043883739293,0.06145578250288963,0.9512062814518005,0.023323148488998413,0.3447833499332422,0.18526390473501686,9.883440040434918,0.7491671821817871,22.46398764941921,0.35788182700949167,0.25052650696148965,1.8261906966986956,0.25862768776384387,0.07755459697701098,0.6830822204619421,0.7387610254905012,0.2844038338829784
DWT,Athena_APC_4_fennek01_005,5.7888382520547585,0.05382377281785011,0.922334812757535,0.025130534544587135,0.36309800163917394,0.14044224107640796,10.971250788608403,0.7207047448357973,22.634665600457136,0.34807382422995253,0.29969856340749434,1.7332839773869433,0.2092860357870999,0.07528246374316537,0.6593800528359959,0.718362878122668,0.3145590391578707
DTCWT,Athena_APC_4_fennek01_005,5.78812095339256,0.05402128025889397,0.9222205256590735,0.022489644587039948,0.41117640013336093,0.14136888166935924,9.698348650319787,0.7563499061914443,22.70385023728241,0.38667587838965073,0.19652565297145164,1.7686377274217464,0.25949555263518165,0.10152911854766897,0.7099352206679036,0.7660016262384066,0.3990958470348554
Curvelet,Athena_APC_4_fennek01_005,5.706753354873442,0.050722189247608185,0.9092562372341857,0.023622915148735046,0.3683071156661259,0.14441553619549052,10.112120374572418,0.7400049711252641,22.74748792287429,0.32369359030076417,0.2568902790753316,1.7246482140604944,0.2091923597824531,0.07009823722192882,0.6692394685021632,0.7257874689421137,0.34716909959862624
TopHat_Clasico,Athena_APC_4_fennek01_005,6.337405286641131,0.08030252903699875,1.0097379239000144,0.04199258238077164,0.3388650643867459,0.1363375615175254,18.665485901723226,0.6067372076558103,21.337324484360938,0.23788538813245225,0.6294154036940648,1.7254221814952513,0.24787220285958939,0.08763523402643224,0.5905377216329747,0.6492434158774024,0.28466898908674215
Propuesta_Novedosa,Athena_APC_4_fennek01_005,6.355954683311551,0.07994130998849869,1.0126933967530871,0.031416747719049454,0.42351527096101166,0.14195588713675927,13.343127316526818,0.6944974356505285,21.653528164110245,0.3551196490433044,0.4425862494685912,1.8769219870299971,0.2945159801948836,0.09711949770627372,0.6813017188991454,0.733398930877025,0.40294545224071565
base,Athena_heather_hei_vis,6.666135670361591,0.10379035025835037,0.9290543083021635,0.014566519297659397,0.9448702514696665,0.7481704586283462,6.769429422500548,0.7295332973037911,16.135771903893975,0.2702437247711878,7.633022553040679e-07,1.6339734660326002,0.2505032196865052,0.15690287738672973,0.6225791220990587,0.6337781943390277,0.1490621953080663
desenfoque_5,Athena_heather_hei_vis,6.632324766696571,0.10191027820110321,0.9243421081203943,0.008581091649830341,0.8681025120170941,0.7528146516568963,3.1736015955608288,0.6838628360007437,16.107463590201387,0.10462193976278046,0.004535377096917197,1.6050841050816123,0.21539464520088858,0.08085760834376052,0.41599041944924836,0.4609245288704881,0.18999902352505457
desenfoque_11,Athena_heather_hei_vis,6.6087279223225766,0.10038242489099503,0.9210534336900994,0.00589365279302001,0.8230211970217166,0.7637550937963923,2.094936500321981,0.6475911012352291,16.07433547818501,0.05101240832030774,0.004573798625753136,1.5786475030938634,0.18384900345238014,0.055002353746010244,0.27860961895879555,0.31568926437497935,0.1500969264693227
ruido_0.02,Athena_heather_hei_vis,6.7220127572791295,0.10567420721054077,0.9368418558264248,0.02362247370183468,0.7504413596957554,0.6451291625557135,12.262746677809721,0.5955189201844493,16.064854980730786,0.19896785335547307,0.13797914905621841,1.6188515078319456,0.14166012784163118,0.034022226291743334,0.454214065800425,0.5803379637859731,0.1092740368368176
ruido_0.05,Athena_heather_hei_vis,6.900777460634082,0.11517661809921265,0.9617561579104188,0.04742449149489403,0.43780696226257754,0.45686364954266956,26.371490193488714,0.322245737971821,15.712205342551995,0.13947889657089652,0.4252786485658209,1.5471942116950985,0.07812951988972569,0.008886944819852702,0.2327132536551046,0.46736882627668846,0.058563307019394606
ruido_0.10,Athena_heather_hei_vis,7.23513369898208,0.1437603086233139,1.0083551350548583,0.09052372723817825,0.18445379867898787,0.24065767949844463,51.427585795681885,0.13172398674166663,14.642213134414401,0.08856774495967175,0.6758451202841135,1.3478485436447776,0.046204171209232286,0.002968276989864747,0.10231799466337904,0.3360696953963771,0.025059363673373282
ruido_0.20,Athena_heather_hei_vis,7.704037943994035,0.2186466008424759,1.0737059665637976,0.17463800311088562,0.06044960863331031,0.08833573472686584,99.51817030947471,0.04318144606122598,12.057753247485035,0.04709499175988931,0.8411869790296927,0.964156004727995,0.026003909253005837,0.001534144803479015,0.03811989024496416,0.2068689153022953,0.007024566116401495
PiramideLaplace,Athena_heather_hei_vis,6.780314279370144,0.11114755272865295,0.9449672950550405,0.026328258216381073,0.5054787992034787,0.9935523288939934,12.809468664576388,0.6449599567837093,13.39048956269121,0.4541478178651825,0.14789862222043412,1.241746467215255,0.26491467231257293,0.18534754351948293,0.6556147105302192,0.7258873090913343,0.14713009288171172
RatioPiramide,Athena_heather_hei_vis,7.17891288466283,0.15398463606834412,1.0005196825014717,0.03398473933339119,0.9123176601470614,0.6665429083572477,15.744970378280192,0.615277307950157,15.206644845149127,0.507679127077154,0.30022720042347206,1.689688359783812,0.3894218961791654,0.14106639926398168,0.6832944451628836,0.7981886114247624,0.22612838957628503
DWT,Athena_heather_hei_vis,6.8429002280280224,0.11600054055452347,0.953689851587801,0.02953900396823883,0.8191301586069788,0.6224080489870016,14.254772247961952,0.6399689809780102,15.947982267726204,0.42083558627264855,0.2756499786579144,1.6561857174948589,0.20706504662405156,0.1523712831890714,0.6546032727357934,0.7287604233412828,0.1592010877855219
DTCWT,Athena_heather_hei_vis,6.853888066761297,0.1171618178486824,0.9552212183974303,0.02694704383611679,0.8446296589465236,0.6388285434759126,12.966256392129129,0.6710643176027418,15.949945607102233,0.46494747015014587,0.17393206716218393,1.6650207881358217,0.27439718390893986,0.17950289206420939,0.7058847167362879,0.7845749535051783,0.16785915259861592
Curvelet,Athena_heather_hei_vis,6.779873753594046,0.11073911935091019,0.9449058993093731,0.026801828294992447,0.8044705381531606,0.637979211690556,12.84175815920232,0.6681552541222441,16.035802742269738,0.39774819365002245,0.19535909294158074,1.649853368457903,0.21551884097333612,0.14522937053957843,0.67348736283647,0.7254985604980677,0.14349738046719884
TopHat_Clasico,Athena_heather_hei_vis,7.015002084015338,0.13119597733020782,0.9776755576517673,0.04971718788146973,0.5798441200489206,0.47524019846825927,22.87325821660731,0.5179070282721931,15.5798606104021,0.2823369823294097,0.5700706604518634,1.645424933368167,0.23716807314334287,0.14378397677861177,0.5796757079105626,0.6999358072393427,0.1456484067760714
Propuesta_Novedosa,Athena_heather_hei_vis,7.135270214662375,0.14401936531066895,0.9944372364495552,0.03623074293136597,0.713528913984383,0.5440072474319717,16.450107676557508,0.6148205824116608,15.481118418181376,0.4498954369254667,0.35765746632862383,1.7120498873322672,0.32697501473425106,0.1514658589034009,0.6926377627470285,0.785593189744508,0.18922298267132814
base,Athena_helicopter_helib_011,4.856442231358908,0.03787974268198013,1.0501163303650527,0.007113269530236721,1.078559974821433,0.6334286705310407,3.065738341991721,0.8593109623184658,18.549968257738193,0.2652000202727891,1.110519670999002e-06,1.684552720066063,0.2756388311511211,0.12342017363008384,0.6559539409977075,0.5588940071094505,0.3381082508386699
desenfoque_5,Athena_helicopter_helib_011,4.7749949880723515,0.03693170100450516,1.0325048616882193,0.0037243191618472338,0.9600173449509488,0.6641630584718664,1.502396533549118,0.8385018473442329,18.54164380501532,0.0854980750896656,0.0019114929538556146,1.6507217219190489,0.18017530217193933,0.07096863945749068,0.39344043083857666,0.43898445022231447,0.18097785842817699
desenfoque_11,Athena_helicopter_helib_011,4.719672144749769,0.036052241921424866,1.0205423141178727,0.00229416461661458,0.8771618616391564,0.6820518334180347,1.009800276896582,0.8212680962867012,18.53105889754542,0.035037168045971435,0.002484982063915811,1.6184796924330456,0.12689693584662406,0.05201250883745445,0.21713560192308073,0.316835126031014,0.07931532753128018
ruido_0.02,Athena_helicopter_helib_011,5.296472921119659,0.04282962903380394,1.145264875568743,0.019527148455381393,0.446896731107493,0.41463348578138615,10.663661752043714,0.6353213430283593,18.426339186237712,0.14627488465719748,0.3672044747736632,1.591335117619094,0.1059933225187785,0.010217192101914675,0.2601504941305622,0.42757207471221537,0.09097445475869903
ruido_0.05,Athena_helicopter_helib_011,6.018384252522593,0.06280665099620819,1.3013649261956548,0.04546483978629112,0.1335254271344494,0.18716767543814988,25.739327196232136,0.27834377870794713,17.8331938655241,0.08195000674058138,0.6712540926732128,1.277829592017082,0.05702888883149726,0.004013516236546548,0.08330666806183394,0.3087879966027966,0.021283894779996464
ruido_0.10,Athena_helicopter_helib_011,6.822603403619543,0.10727976262569427,1.4752625293228963,0.09007811546325684,0.047642416936169996,0.07619415042011979,51.266121022678774,0.09682516768286419,16.195605851610463,0.04678969305127641,0.8321963874762323,0.8486966386498443,0.03744078300698894,0.0033141997735758643,0.030948009027573706,0.19353389017625705,0.0025594389682981563
ruido_0.20,Athena_helicopter_helib_011,7.5614731087677995,0.19800902903079987,1.6350295164350002,0.17491187155246735,0.024303567940663334,0.03257036662443198,99.39363364777206,0.0286892776961463,12.850945532816265,0.023179219927006948,0.9300473268683396,0.4736616195060923,0.02295500473002171,0.003454688515739049,0.009914753181519353,0.09002956389810114,0.0012568413761579855
PiramideLaplace,Athena_helicopter_helib_011,5.21330774218596,0.05502961575984955,1.12728193489829,0.013068772852420807,2.4528670598080207,0.38861838599721266,5.771584491841844,0.7876215064314362,15.60525236684736,0.2831924484431809,0.08444102625195204,1.6716353129726436,0.42297933348721833,0.27233460499871137,0.7548686004440148,0.7238311270913826,0.5070398231702611
RatioPiramide,Athena_helicopter_helib_011,5.398224061705894,0.05152041092514992,1.1672666886805971,0.013030066154897213,0.7919871047511823,0.5345165793353954,6.035526360768497,0.8220209899041533,18.36653053567587,0.35516043035310646,0.2292398373678474,1.7009504049051836,0.3322749600908882,0.1152811406801657,0.6306623005968293,0.6798741099660737,0.3162198037260441
DWT,Athena_helicopter_helib_011,5.2128215270359615,0.04539576172828674,1.127176799812818,0.014352766796946526,0.9792547619265812,0.5143161059955235,6.872372877354008,0.8085597768570235,18.459713445320673,0.42050101325367145,0.2590200174779414,1.6885775494537407,0.29579800779751214,0.1400516439981992,0.7017678052719634,0.6567690570929925,0.37125038627758783
DTCWT,Athena_helicopter_helib_011,5.229570341081215,0.04578324407339096,1.130798422866336,0.0129192303866148,0.9995418124651116,0.5129270206471784,5.696484063772939,0.8209236275285512,18.464568013816372,0.48766619069325823,0.16011011854887958,1.6967438437753013,0.36767275050746473,0.18226547963107115,0.7370272891747487,0.7175339489822113,0.47672736289289463
Curvelet,Athena_helicopter_helib_011,5.140431050190934,0.042448654770851135,1.1115236903395882,0.013522851280868053,0.9428241487586306,0.5015987153557626,5.906992129162532,0.8145255480820097,18.49703292336929,0.3930153809604059,0.23070198310578116,1.693921099992672,0.29023282109565895,0.11827620536198402,0.701234469872989,0.6607068171121799,0.40734772798336233
TopHat_Clasico,Athena_helicopter_helib_011,5.541667256637127,0.05227968096733093,1.1982836418946945,0.024082966148853302,0.6873869475556722,0.33717961165334465,10.44722808437979,0.6865647978034146,18.327258096692447,0.2663445894788764,0.5747304042234277,1.68391870787389,0.39116658449991265,0.12950637631493517,0.5982008571998465,0.5864053530301377,0.3486901825449752
Propuesta_Novedosa,Athena_helicopter_helib_011,5.510128313944044,0.05816175788640976,1.1914639254877752,0.01838180236518383,0.9181773185971344,0.41383205162546743,7.913039279522779,0.7645645341795684,18.334096048661795,0.44080782252928186,0.37913305431912003,1.7923073767032984,0.4613565188084026,0.15690437437512433,0.6974417482057006,0.6980025052158833,0.48818474625456193
base,Athena_lake_lake,6.54692063515684,0.09484627842903137,0.9474148454387732,0.012359046377241611,1.378784690646993,0.46455370495001425,6.228779314052464,0.7801910317010792,17.002690142634226,0.29249692136085564,1.3688932191225684e-06,1.65780785647681,0.275140430676783,0.19362921787892087,0.6457741701565305,0.6946375293125542,0.529755816811079
desenfoque_5,Athena_lake_lake,6.519017509449552,0.09272559732198715,0.9433769416665372,0.007926210761070251,1.3190676542580961,0.4555115180296079,3.143852419571521,0.7558267604650406,16.971737551042104,0.1095911300885136,0.00655649580963372,1.6312622762501099,0.22965922378665676,0.0879961935441336,0.480527796632503,0.500985194997229,0.2549542128713051
desenfoque_11,Athena_lake_lake,6.481842080185019,0.09102275967597961,0.9379972287398761,0.005495330784469843,1.251042460033172,0.4541033981112173,1.9809017084820326,0.7288089817246877,16.92689117442481,0.05531394209551718,0.008496814538248344,1.6028353166498923,0.18904334621014052,0.04417626491620254,0.33790928457251757,0.3160460677652002,0.03471624725166363
ruido_0.02,Athena_lake_lake,6.608381772552748,0.09692806750535965,0.956308980136809,0.02251739613711834,1.0081371736145037,0.3535322685916902,11.942428254741278,0.6219543346579567,16.916703263980185,0.20331442684787537,0.17050492254514743,1.6412326700432258,0.14602208736021638,0.03477573468122341,0.4359076848886095,0.6432625791842335,0.41984525277954493
ruido_0.05,Athena_lake_lake,6.8029708063199985,0.10725061595439911,0.9844682552562734,0.04703052341938019,0.5048925448197124,0.24134273454651933,26.26353735355715,0.31762052658191864,16.489476599190226,0.13847281776495177,0.45911850087000455,1.5619023492872495,0.07956643139071679,0.010768110073526968,0.2094150854043726,0.5412305396026593,0.25846918771574084
ruido_0.10,Athena_lake_lake,7.180354321744097,0.13774044811725616,1.039079997915362,0.09050339460372925,0.2142213202344967,0.13225173258547937,51.35586142455961,0.12438333263652299,15.236845390627336,0.08893493050251912,0.6841220239690908,1.349422919488049,0.04763063382520566,0.0038322455946188743,0.09059609445770417,0.4294364011525393,0.11781730585623029
ruido_0.20,Athena_lake_lake,7.7190908290371185,0.21638764441013336,1.1170413775063055,0.17565037310123444,0.07479889104259509,0.051437454247741835,100.14254769572304,0.03946899341878091,12.341425632426049,0.04856529363828268,0.8271459654272587,0.9520311590887333,0.026556201139676806,0.0016541404945538372,0.03457293264875388,0.29927024609443165,0.04133196281216764
PiramideLaplace,Athena_lake_lake,7.091986054153812,0.16713210940361023,1.026292091471047,0.022965237498283386,2.3056814801319394,0.6078404973033344,12.017548423651682,0.7028951794494157,14.227381977569745,0.4184933732752638,0.0939340306933146,1.7401320152429571,0.3667874420789113,0.28546991083179385,0.7249111359504964,0.8436488324310853,0.6350818352855478
RatioPiramide,Athena_lake_lake,6.884448683697926,0.12450113892555237,0.9962590428500868,0.024458715692162514,1.0379395939006915,0.35980959850644906,11.953226972649665,0.7127898906299033,16.234411340446076,0.5378269565224866,0.18763323905478863,1.632736866070354,0.35603732466307647,0.17953586611508904,0.7346037253606591,0.8401570744955891,0.6094078375352887
DWT,Athena_lake_lake,6.673767248679406,0.10687731951475143,0.9657710118629648,0.025222552940249443,1.08825091721144,0.3461449623965901,12.908395362925056,0.691067532637568,16.802512150230534,0.4767944685268495,0.24091621134125904,1.6764717025589984,0.22860084666529407,0.18554058520748287,0.6797599174710373,0.8222382002876132,0.6209615996747856
DTCWT,Athena_lake_lake,6.668965465400057,0.10687249153852463,0.9650761384992944,0.022871173918247223,1.113287950832703,0.3422364575582506,11.78781316406673,0.7198304040750717,16.823186190053754,0.5497209871150065,0.13153581476245307,1.6836271850620208,0.30278437571398414,0.23560043219772175,0.7374426178180218,0.8566521057425629,0.6522793438936201
Curvelet,Athena_lake_lake,6.645410579737898,0.10203077644109726,0.9616674751592953,0.022981973364949226,1.1211190361544299,0.36335832579233723,11.847757230558875,0.7145727063713401,16.880783771578724,0.4542129105166687,0.17348400425707414,1.6666162704953729,0.23772260329533174,0.17402682745969655,0.6959202263697534,0.8178437673229444,0.6076065003108697
TopHat_Clasico,Athena_lake_lake,6.823736835861447,0.12212084233760834,0.9874733389841468,0.04018203914165497,0.7462243911576192,0.2909855925606265,18.88932064890799,0.5773235475970371,16.41734248173686,0.3425904049133112,0.5169362631005466,1.6619572547967265,0.25891115696668954,0.15571050702450084,0.6253920594530002,0.7830394166011383,0.49901559196923234
Propuesta_Novedosa,Athena_lake_lake,6.928923647032306,0.12942655384540558,1.0026950824573284,0.031311627477407455,0.7833226563858467,0.2796730394517628,14.59500577043741,0.6532151884496219,16.350302761767523,0.5130617766278099,0.3212000863016021,1.7049477531649038,0.36373292543301033,0.19913257437051632,0.7151349816445957,0.8267667082060811,0.587283161271985
base,Athena_man_in_doorway_maninhuis,6.763361344198986,0.10472436994314194,0.9431498557020299,0.01853211224079132,0.9226003477460416,0.6713145866370918,8.069037964692525,0.7145384746797209,15.542779287043052,0.31505816714247065,9.103683191762526e-07,1.6959702903678626,0.2471639516734559,0.18316021748545966,0.6540385067685869,0.6825476849060226,0.2589836972922617
desenfoque_5,Athena_man_in_doorway_maninhuis,6.711051221619171,0.10120776295661926,0.935855215943469,0.013265786692500114,0.8915844656593341,0.5813055127514629,4.912240357435698,0.6877133929547072,15.511062755997532,0.1573921914425863,0.005227717189373752,1.6655405031386648,0.2214833293173275,0.10662954182463272,0.5321798024064375,0.5433323593224589,0.20436231505930222
desenfoque_11,Athena_man_in_doorway_maninhuis,6.654456678986614,0.09746511280536652,0.9279631143683844,0.009278315119445324,0.8618518392704468,0.530345251808642,3.2803142826977405,0.6459125038860274,15.449124007122103,0.07856434192128316,0.006710349220570742,1.6223170567990848,0.1842324239776163,0.06392398824397008,0.38760252688764996,0.37984727684400565,0.08022943460165895
ruido_0.02,Athena_man_in_doorway_maninhuis,6.795737237508546,0.10660246759653091,0.9476646697935949,0.026956995949149132,0.8125231893954519,0.37361210265450073,13.001834710932295,0.6028390524576674,15.480993605379467,0.24796153891443748,0.09364984547221225,1.683369298122127,0.16090379818614342,0.06379304749401297,0.5100651761348166,0.6526841499483987,0.2098738210744642
ruido_0.05,Athena_man_in_doorway_maninhuis,6.931861571835901,0.11607717722654343,0.9666471904286187,0.04961376264691353,0.5810116000951429,0.16254963584919094,26.70278823168336,0.3615667416799712,15.170858732235871,0.17828817706845573,0.2981543715145294,1.6226255463450825,0.09432147331068158,0.016979801486445664,0.3156665236231347,0.5680754585944532,0.12397169388513245
ruido_0.10,Athena_man_in_doorway_maninhuis,7.2510593906664775,0.14475122094154358,1.0111592845559976,0.0919390544295311,0.3156183811274862,0.06059864366811889,51.63598908005132,0.17054198109586893,14.212562385491921,0.12287418550745784,0.5281476683220792,1.4475001949066715,0.05720431801805864,0.004736004089110989,0.16729296576743893,0.44014531716314176,0.05633920095457162
ruido_0.20,Athena_man_in_doorway_maninhuis,7.689265953768046,0.2187761515378952,1.0722671325214792,0.17472921311855316,0.11826603825133633,0.02341778122455134,99.27384017207115,0.06345341857398465,11.83318574444371,0.07597629113524085,0.7314107061222409,1.0804858705432903,0.03198776564607513,0.0019851912711232717,0.07089022913277232,0.2811432639688786,0.01970005616984116
PiramideLaplace,Athena_man_in_doorway_maninhuis,7.213306004413771,0.17953123152256012,1.0058945797761703,0.032613761723041534,1.9201702391386342,0.6520958860707177,15.18842995379847,0.6441825865752249,12.781979342183956,0.4930290874317833,0.10196984203329774,1.5826015449974307,0.324549877785659,0.2650171432820958,0.6889434399264297,0.8286231453061434,0.28414855203152667
RatioPiramide,Athena_man_in_doorway_maninhuis,7.1694751142902,0.14521726965904236,0.9997823678756788,0.035712484270334244,0.7700953850112002,0.21680076459611122,15.589578910837,0.6458321662745419,14.825906884754543,0.48916279753087416,0.19609132231024065,1.7372541004768411,0.28740611727115306,0.1515786203024071,0.6922838145766703,0.7874788542556503,0.30316279532778956
DWT,Athena_man_in_doorway_maninhuis,6.999559336486579,0.12618379294872284,0.9760876348633081,0.03657960519194603,0.783194116185878,0.36163039685851556,16.92897096061869,0.6292889105821224,15.252315266158444,0.4675851347325362,0.24065802471876624,1.7154580338984555,0.20025505985588593,0.1758311260475231,0.664078390313709,0.7851213890299688,0.27800554525052507
DTCWT,Athena_man_in_doorway_maninhuis,7.0078002184200106,0.12688331305980682,0.9772368247721158,0.03299371898174286,0.8029834515009082,0.34228322080574947,14.995145740464483,0.6586410963318972,15.274538226561898,0.5262568566407829,0.14532039486949772,1.7258401986354588,0.2579942460446148,0.2119916158378673,0.7077782721909947,0.8235946750027192,0.28682538645291294
Curvelet,Athena_man_in_doorway_maninhuis,6.927230020017308,0.1184401884675026,0.9660013211327058,0.03311316668987274,0.8043630603840342,0.3898909346332477,14.85462309350305,0.648833536629524,15.364673111844587,0.44543210347166295,0.1794601565993185,1.7093048869987049,0.20612213029252807,0.16667666772774678,0.6708639600238002,0.7795502746391305,0.2603472424563523
TopHat_Clasico,Athena_man_in_doorway_maninhuis,7.243181474703366,0.15752004086971283,1.0100607102043235,0.05609130859375,0.6045303959462041,0.2879186939637323,24.560380200359205,0.540912632313752,14.552841225362773,0.3401220772694007,0.5076558871979423,1.680299156514203,0.23188959661773742,0.14282198596380913,0.6111728234617418,0.7305092731891134,0.2330480104835942
Propuesta_Novedosa,Athena_man_in_doorway_maninhuis,7.400910515771022,0.17165963351726532,1.0320560043712652,0.0439104288816452,0.7228496346429238,0.29832698025532656,18.92324443213954,0.6149931922297001,14.565457319754769,0.4957450883513982,0.3268029547094267,1.805136115212639,0.2929604130523526,0.17673235175661298,0.6998432558542056,0.801024484060793,0.2783241489114986
base,Athena_soldier_behind_smoke_1_meting012-1200,6.920560047346489,0.13439665734767914,1.0179509064720313,0.01607207953929901,1.3129387411226512,0.7259907172751238,7.32698876454308,0.6996278134369014,13.65383469240983,0.3077701231242196,4.6070710677075555e-07,1.315263115704064,0.26554772015452327,0.1819541912265381,0.6363651718058772,0.701667107783866,0.25264512714967385
desenfoque_5,Athena_soldier_behind_smoke_1_meting012-1200,6.878181897221856,0.13240469992160797,1.0117174692879238,0.010777926072478294,1.2629377118700327,0.6133087374455535,3.9114540021506774,0.6658684858257922,13.635798567109266,0.13481598178965415,0.005150394660349504,1.292328270453762,0.2262574091104067,0.08898111659643851,0.4939157445578645,0.5320203030602622,0.21428921002447
desenfoque_11,Athena_soldier_behind_smoke_1_meting012-1200,6.833213929491973,0.13063260912895203,1.0051030936883087,0.007344929035753012,1.2119941837236525,0.5533797129019784,2.49781781653846,0.6226441538339533,13.606812181901118,0.06066398603005854,0.006517961058807913,1.2612196902970942,0.18059491554240026,0.044013210731111155,0.3461668379266116,0.3526408925732191,0.0905474899846121
ruido_0.02,Athena_soldier_behind_smoke_1_meting012-1200,6.98041663423257,0.13584794104099274,1.0267552613887077,0.02477141283452511,1.18514578427167,0.4097734224060178,12.575232538761398,0.5850806535078843,13.613634405742703,0.23069588939979813,0.11281773821891315,1.2996931522569684,0.15850229029961727,0.04764880671112661,0.49274704571729594,0.658696203305068,0.1954256683875144
ruido_0.05,Athena_soldier_behind_smoke_1_meting012-1200,7.157373381795196,0.14316822588443756,1.0527839758793485,0.048135604709386826,0.9006562513011203,0.24029273854857286,26.486773023188864,0.33613094532399257,13.409721402616183,0.16150433268890663,0.37119837759059454,1.226146480731667,0.08702547751601755,0.01210468986692784,0.28051896212396865,0.550550042062356,0.11728124173566216
ruido_0.10,Athena_soldier_behind_smoke_1_meting012-1200,7.4401993143069,0.16710038483142853,1.0943850764267637,0.0908883586525917,0.5341554677371678,0.1391820349282534,51.44133794575379,0.14627535011095014,12.750449796543945,0.10478752876256552,0.6257438007000117,1.040871859004299,0.05145201385878124,0.0038460773169613715,0.13350530567311206,0.41818905226994296,0.052663890236527545
ruido_0.20,Athena_soldier_behind_smoke_1_meting012-1200,7.763753820401543,0.23315075039863586,1.1419769765791852,0.17410199344158173,0.21444152112249926,0.0646450849463489,99.15193837159741,0.04956727201428873,10.932016736607192,0.05810377708847748,0.8056135605544504,0.7053369299303105,0.028470775055213594,0.001559123123776214,0.051265688020294325,0.2738478555447784,0.016938463479182764
PiramideLaplace,Athena_soldier_behind_smoke_1_meting012-1200,7.178975544137884,0.2312307059764862,1.0559614558214416,0.028478477150201797,3.5436707894203234,0.16304654760098142,14.025080597047035,0.6329500635540166,10.729197907215191,0.4162325961164493,0.07750534339317733,1.238539368465745,0.39917954790547056,0.3302491339909313,0.6984942854970677,0.8627471615567592,0.2713590175629039
RatioPiramide,Athena_soldier_behind_smoke_1_meting012-1200,7.168347378224428,0.15104961395263672,1.0543981500988235,0.030235763639211655,0.866519379251284,0.39473294355650096,13.122090871646359,0.6116721973972934,13.396901658065385,0.3925089327837378,0.22711214495985377,1.361136856959877,0.2818469832327777,0.10250363967898526,0.6086526864418005,0.7694177734855996,0.32999754889424665
DWT,Athena_soldier_behind_smoke_1_meting012-1200,7.081794612389993,0.14566731452941895,1.0416670321205024,0.031381696462631226,1.1581674997609532,0.4442425973577272,14.78911483725295,0.6159184847995011,13.535584189817376,0.4668479153121601,0.24090656636833535,1.3195443053689273,0.21666014849352355,0.15735624373299617,0.6592410347837201,0.8103472986559583,0.27611359021292003
DTCWT,Athena_soldier_behind_smoke_1_meting012-1200,7.0840917306978834,0.14671175181865692,1.0420049171540535,0.02869395725429058,1.2012047196775222,0.41780477170248453,13.588804380309785,0.6447151523887671,13.534066771091487,0.5424092635503399,0.1405325549631519,1.3193965252908728,0.2946770576826848,0.21873171888391396,0.7115934653376557,0.8532684540686519,0.28907124320097527
Curvelet,Athena_soldier_behind_smoke_1_meting012-1200,7.051188946592811,0.14201955497264862,1.0371652194018386,0.029107127338647842,1.1872087041728423,0.4691346983809055,13.748524219235131,0.6349826756461223,13.572983875937592,0.44563886272914566,0.18982409778025963,1.3191021703897596,0.22471288781824367,0.16433738986070304,0.6696652293411246,0.8124982969288351,0.25809775722224143
TopHat_Clasico,Athena_soldier_behind_smoke_1_meting012-1200,7.30639098703219,0.16286982595920563,1.074703098796207,0.050371814519166946,0.9691503555771585,0.29427625186229733,22.348804678667374,0.5162448905236221,13.241241770036343,0.3381413722641763,0.5363622204997575,1.2783194056572644,0.25196809070459536,0.14218851731578988,0.6062992716076194,0.7691602504896686,0.24295973422336453
Propuesta_Novedosa,Athena_soldier_behind_smoke_1_meting012-1200,7.407545458341723,0.17539170384407043,1.089581993720718,0.03934575989842415,1.019824404316111,0.3147938181911457,17.185170696526413,0.5835241819896332,13.18021100540042,0.49594817626257093,0.34901679617245707,1.3829833983005357,0.33927881773272456,0.17813138653401278,0.6820793352481709,0.8142488352955818,0.27357826525478784
base,Athena_soldier_behind_smoke_2_meting012-1500,6.886312457635722,0.12926681339740753,1.1086493609344663,0.013702810741961002,1.3819169862716443,1.127993548562004,6.991381069435661,0.709939100246229,11.255010131595913,0.31749660117935513,5.323584457409468e-07,1.4664179230147083,0.296106897727484,0.19178135209560698,0.6127960730601478,0.7097283248018732,0.3444283730263222
desenfoque_5,Athena_soldier_behind_smoke_2_meting012-1500,6.851333615970124,0.1273960918188095,1.1030180058808927,0.008307636715471745,1.333281529798012,0.8986341981188077,3.3399934543547785,0.6712179219704333,11.245255911253748,0.1125737056017524,0.004926911036970002,1.4461211005116104,0.23209991880320163,0.08773335057278712,0.43548402594028285,0.5174783561830583,0.2870591099488065
desenfoque_11,Athena_soldier_behind_smoke_2_meting012-1500,6.823832939923352,0.1259339451789856,1.0985905845124775,0.005626406986266375,1.315141502612923,0.7681094586382876,2.0814345366117806,0.6378151917627138,11.231311206674587,0.049279749387688185,0.006242894156567746,1.4208715198899662,0.17966460084067615,0.046633734366130636,0.29608245331839245,0.32539783566306624,0.12072236612984805
ruido_0.02,Athena_soldier_behind_smoke_2_meting012-1500,6.949088541668668,0.13075986504554749,1.1187558825123425,0.023359669372439384,1.2395305910600454,0.4505274508378613,12.352334025276043,0.5741308027552605,11.231905935916252,0.22237451810421355,0.14399511454852512,1.4527822887918773,0.15395173225700987,0.037508205944682446,0.4311614265499535,0.66171278464794,0.2574811203959345
ruido_0.05,Athena_soldier_behind_smoke_2_meting012-1500,7.119692254920094,0.1383126676082611,1.1462219173216572,0.04734443128108978,0.9087732318608678,0.1976255283383948,26.41634870210452,0.30402962443956566,11.11291517437503,0.1531725702559822,0.43514747344090604,1.3876272169891282,0.0806212928087433,0.010889841046697178,0.21632399403768524,0.5614628035503721,0.15160602240251955
ruido_0.10,Athena_soldier_behind_smoke_2_meting012-1500,7.40296884438018,0.162642240524292,1.191827517097251,0.09016475081443787,0.5224717773617185,0.0807123542764113,51.193544790518764,0.12196986231885025,10.716360186412919,0.09752248896111552,0.6767836740669376,1.212530628472708,0.047116760521438164,0.003607766475252171,0.09367535169845542,0.45711272802016334,0.0767471984443162
ruido_0.20,Athena_soldier_behind_smoke_2_meting012-1500,7.741439974160005,0.2300117015838623,1.246319061597107,0.17333251237869263,0.20663672477609846,0.027458470363473514,98.8488772735119,0.03904563386459551,9.496635890017863,0.05134472980585271,0.8264417415154742,0.8663511218917752,0.025077470188453486,0.001480045802919087,0.0346853778065347,0.32276141609649334,0.019793127563618493
PiramideLaplace,Athena_soldier_behind_smoke_2_meting012-1500,6.546220957368283,0.23467831313610077,1.0538969478323472,0.022605452686548233,2.5400235444760706,0.19195352180403802,13.161000655108653,0.637994806126531,8.361835681153448,0.4680900504005536,0.10531957949703624,1.4446579366920722,0.3330869304950592,0.2624493971991435,0.59289059838011,0.8047836786265935,0.3108397564557901
RatioPiramide,Athena_soldier_behind_smoke_2_meting012-1500,7.230450781813124,0.15535643696784973,1.1640532850984482,0.030089687556028366,0.7790475034315099,0.38869014393654333,13.145709320407684,0.5635175324084528,11.021505204781539,0.3712974776668337,0.3166909674701851,1.528333473799072,0.3923140503066601,0.11526824538061603,0.5457513339010233,0.7610221291182855,0.44941569305972523
DWT,Athena_soldier_behind_smoke_2_meting012-1500,6.991779465851675,0.13788500428199768,1.1256288302771091,0.026557203382253647,1.1782323969496717,0.5907642286608009,13.834650285474892,0.6322560674552701,11.206860870620508,0.4813647389875531,0.23222546654326046,1.4814151858640954,0.2550004372773368,0.16522800416658226,0.6432707499303333,0.8158747885178635,0.352866344780126
DTCWT,Athena_soldier_behind_smoke_2_meting012-1500,6.995668431163021,0.13793110847473145,1.1262549271807343,0.02475462667644024,1.1740967714036552,0.566144844995074,13.031468310328064,0.6584585081769494,11.210984305693474,0.5288367333138716,0.1587132394520863,1.4912635789293074,0.3146349363399152,0.19793100247947099,0.686710386151317,0.8466157889743001,0.37835830063991793
Curvelet,Athena_soldier_behind_smoke_2_meting012-1500,6.97635659767093,0.1350438892841339,1.1231458536393877,0.02527528628706932,1.2339514860185008,0.6222881444415557,13.239248238415906,0.650525909615888,11.220405393765201,0.47102170975893715,0.19341016222097257,1.47331325546156,0.2674722082087292,0.17209295864889662,0.656721807952271,0.826154699986323,0.3482564372671799
TopHat_Clasico,Athena_soldier_behind_smoke_2_meting012-1500,7.165126168858375,0.15199093520641327,1.153536467737762,0.045485492795705795,0.9658942009096508,0.33751294015971484,22.372299648092593,0.5098914418123672,11.091772802973736,0.32943767492330284,0.5609375195210551,1.4706566979896614,0.30437672674191896,0.166141847611337,0.5713045398396092,0.7536685647609265,0.27775034151552375
Propuesta_Novedosa,Athena_soldier_behind_smoke_2_meting012-1500,7.224165513018948,0.1572113186120987,1.1630413996699505,0.03191061690449715,1.032592393667393,0.47590150359693073,15.283938004337053,0.6043033650527526,11.120068166010949,0.49262093504917953,0.32245292907645906,1.5768038116245116,0.3763952165665677,0.16127919353551978,0.6645498287398879,0.7866125866763688,0.3191295073638262
base,Athena_soldier_behind_smoke_3_meting012-1700,6.82520805356124,0.11416485905647278,0.9755494448126428,0.01835170015692711,1.2833939209765202,0.3608465360205924,8.602111798513281,0.7097766386131765,13.936508185179493,0.3094871048597975,4.6202752284658865e-07,1.448715189759965,0.25361872604758323,0.17715324599652035,0.6625843048480135,0.7118333504268562,0.3175069769787351
desenfoque_5,Athena_soldier_behind_smoke_3_meting012-1700,6.776583363367469,0.11163279414176941,0.9685993578481922,0.010076969861984253,1.1985129916221462,0.2940935986217909,3.7264916337396596,0.6494346617420181,13.91109743267182,0.09811756940952192,0.005081042006854822,1.4144922109095286,0.19666976744019254,0.05479413337458658,0.42065721417083457,0.5055973685872435,0.23462003488653965
desenfoque_11,Athena_soldier_behind_smoke_3_meting012-1700,6.733959360983959,0.10968459397554398,0.9625069689371714,0.006559231784194708,1.1538107376021716,0.27215160150591666,2.3307479541593095,0.5989307448676299,13.881873729229335,0.046024704576790004,0.005212544987843558,1.3782974922246,0.16070123742688852,0.029204529316413694,0.2695330228557554,0.32592450456064764,0.12077935382837354
ruido_0.02,Athena_soldier_behind_smoke_3_meting012-1700,6.870129367343313,0.11592978239059448,0.9819701960009513,0.02608454041182995,1.1442302941295166,0.20504398983550465,13.350391052684664,0.6033345304345747,13.893784975879012,0.2333181397714795,0.09874303678258115,1.431147579370791,0.1548806517295202,0.041109260053498846,0.5389899971669143,0.6614781197658731,0.23255946353660528
ruido_0.05,Athena_soldier_behind_smoke_3_meting012-1700,7.0162333268967085,0.12450531125068665,1.0028533156815118,0.04870372638106346,0.8101395515573806,0.1280834922575001,26.885617901746155,0.3527036766812809,13.675763405043481,0.161291860110031,0.36582800429597084,1.3476885955897604,0.08378280141082986,0.00939147588037538,0.304633362438513,0.5342799929231622,0.11917974361734841
ruido_0.10,Athena_soldier_behind_smoke_3_meting012-1700,7.323275976189092,0.15198399126529694,1.0467399318403696,0.0912814810872078,0.4355692457443877,0.07559983123605223,51.75485674278582,0.15204133961586191,12.976716906611738,0.1057914962494505,0.6357800987906698,1.1424429633960838,0.04975988490415971,0.002714948675763095,0.1359479676625583,0.4014350348589087,0.04787301427473064
ruido_0.20,Athena_soldier_behind_smoke_3_meting012-1700,7.7486026986380425,0.22445137798786163,1.1075332797783208,0.17538881301879883,0.16181330759570883,0.033082413421150356,99.75471555372462,0.05007193971277983,11.056369183433535,0.056310559753082745,0.8239255251703863,0.7770869582940316,0.02709787219434643,0.001104635832408621,0.0492165135705064,0.2673762555573329,0.010737606814815967
PiramideLaplace,Athena_soldier_behind_smoke_3_meting012-1700,7.369294371606546,0.20009255409240723,1.053317492516669,0.03343934938311577,3.0455653483510625,0.1502791271256806,16.54316286207655,0.6371770293880076,10.996605556756283,0.5054577989678463,0.11048563726240614,1.5280534463482813,0.35370942002185485,0.29136342912285823,0.7599069646584701,0.8681536173588127,0.3490916205857356
RatioPiramide,Athena_soldier_behind_smoke_3_meting012-1700,7.119002760203327,0.13968290388584137,1.0175424889373614,0.032082218676805496,0.8606602215590688,0.30888343390203665,14.835628965117914,0.6405660080230124,13.67703992587524,0.40188875818461395,0.21189401278470876,1.5499400644011125,0.28740243101467244,0.1012272889461805,0.6569682215449558,0.7936101123683048,0.35989689573388695
DWT,Athena_soldier_behind_smoke_3_meting012-1700,6.985989386105007,0.1267872452735901,0.9985304497092581,0.03577244281768799,1.1015003419302885,0.21644025565800318,17.194717039476632,0.624877258529705,13.819857829322714,0.4814127578549909,0.2387274522115135,1.4673256118971163,0.2243084344178991,0.16192198972303742,0.7115458989323286,0.8193913603274582,0.3331771882743827
DTCWT,Athena_soldier_behind_smoke_3_meting012-1700,6.990191707950633,0.12724663317203522,0.9991311013980055,0.03395155072212219,1.1137434038807008,0.21942961774547076,16.395194187057744,0.6501093728980678,13.828192186098057,0.5384586441772107,0.16744125272466456,1.4829749459585808,0.270629318550836,0.2161335155549312,0.7506496387969195,0.8547877248711486,0.35732234836905025
Curvelet,Athena_soldier_behind_smoke_3_meting012-1700,6.967591340164778,0.12282831221818924,0.9959007564659491,0.03441688418388367,1.1407211813810885,0.218178684691134,16.522973784671027,0.6403789327595665,13.854309441932068,0.4769179111240601,0.20516393098807928,1.4584995024106235,0.23268497095866997,0.1741084537521673,0.7246262204955694,0.8200288806012976,0.32458175384762983
TopHat_Clasico,Athena_soldier_behind_smoke_3_meting012-1700,7.241811742469827,0.15054914355278015,1.0350959808643332,0.06810265779495239,0.8060543822419044,0.13158560155148039,31.50251286221972,0.46877144924309394,13.427526294679488,0.2892691888070697,0.6364038503534445,1.4024601428015506,0.26211907468589574,0.18116533566275153,0.5969238074718658,0.7421432290949211,0.2550356179030609
Propuesta_Novedosa,Athena_soldier_behind_smoke_3_meting012-1700,7.313100612553313,0.15688560903072357,1.0452855336348128,0.04674225673079491,1.0199756605135495,0.21792993451166442,21.525290563796222,0.5846239310627233,13.553030696750145,0.5032956974169006,0.3681601919786713,1.600738536757782,0.3184575714775242,0.18415392669769695,0.7183641462578586,0.8208820799774363,0.3192277386800744
base,Athena_soldier_in_trench_1_meting016,6.539643379059718,0.09584657847881317,0.953624710285005,0.013709045015275478,1.5499403245895012,0.5947872428747742,7.26441359837994,0.7931305952794706,16.808725146862024,0.3285124481357516,9.835342897603656e-07,1.6277756989013603,0.293980793084908,0.2361183018477937,0.6961365887098334,0.7212681531467586,0.45899547980011546
desenfoque_5,Athena_soldier_in_trench_1_meting016,6.50188468462363,0.09315389394760132,0.9481186571326798,0.007422043941915035,1.3961126391310452,0.5876210124511352,3.3148759364877662,0.754338334552336,16.769604319632087,0.0845630893164524,0.00562357755247709,1.595875565467505,0.21291889826619664,0.08977617724055678,0.4090527466181746,0.49994013210964205,0.28090244400239167
desenfoque_11,Athena_soldier_in_trench_1_meting016,6.462414244204953,0.09122512489557266,0.9423629935395231,0.004753398708999157,1.3062987604564689,0.5836602335391281,1.9386106970939931,0.7234161763635851,16.716046002969534,0.043176999756119196,0.00695291875371465,1.561833065740235,0.17164209510019557,0.055245783832559396,0.24809160529385874,0.29393299275870227,0.10207581389243092
ruido_0.02,Athena_soldier_in_trench_1_meting016,6.634587201180748,0.09797175228595734,0.9674696204147278,0.023343773558735847,1.1640276397081053,0.43037101852097226,12.526626048461926,0.62977852032156,16.726151906446464,0.21803539753557447,0.15183033743633267,1.6097476949723615,0.14284860445064518,0.037079811310172954,0.4749940349729839,0.6736100009304398,0.35755832305976004
ruido_0.05,Athena_soldier_in_trench_1_meting016,6.824135549721117,0.10819496959447861,0.9951099638531188,0.047504670917987823,0.6944902357275013,0.2645668855377883,26.516408086031287,0.3186629826886871,16.31624452368421,0.15134922538855,0.43232666023576827,1.5232460719172822,0.07473476198959808,0.012017264322627735,0.22384764947164829,0.5801410691330049,0.22054190940962615
ruido_0.10,Athena_soldier_in_trench_1_meting016,7.190655591154926,0.1384635716676712,1.0485566960472863,0.09055586159229279,0.3354257876145389,0.13254666501924223,51.417798735947756,0.12432388893959195,15.114083509642738,0.1004509595581306,0.6556519269171066,1.3011961886211596,0.04465701286954411,0.004197435573205062,0.09589712635273787,0.4838402296007097,0.10757119476578587
ruido_0.20,Athena_soldier_in_trench_1_meting016,7.676652896167627,0.2154279351234436,1.1194258569981799,0.1744111031293869,0.11656902879195982,0.049051384281268234,99.17881332189354,0.039849917761365955,12.32240339977607,0.05806111026307031,0.8019847700485162,0.9070384435619889,0.025094231847158865,0.0016852999528210353,0.0372146568217064,0.35129055208233523,0.029891769261972873
PiramideLaplace,Athena_soldier_in_trench_1_meting016,7.148477095246591,0.173185795545578,1.0424061380413805,0.02635515108704567,2.8878152953360927,0.7384696942095199,14.310448446421633,0.7135986104628051,13.88338161197278,0.41986447427405443,0.08208432199697073,1.7870332174718147,0.4246420895084233,0.32122359433264525,0.8219147003483009,0.9122810355383433,0.5775766923834735
RatioPiramide,Athena_soldier_in_trench_1_meting016,6.772014261638596,0.11812759190797806,0.9875095267396011,0.025417080149054527,1.2917788596619726,0.45328258495336743,13.22119620160922,0.7364460940194213,16.48981660685145,0.6272803030478428,0.13016342588593563,1.6964054616079862,0.365978781979564,0.2074715516997752,0.8108380902546417,0.8988212552538767,0.5727366864932466
DWT,Athena_soldier_in_trench_1_meting016,6.70022853969686,0.11031009256839752,0.9770415800456744,0.027645491063594818,1.2438821955224744,0.46290481007029793,14.88436624507781,0.7048142005486338,16.587829822858474,0.5723324398379086,0.1988461904785795,1.6516789051567558,0.2726675718802867,0.21887061296779103,0.777500118890506,0.8752512845169408,0.554486336148161
DTCWT,Athena_soldier_in_trench_1_meting016,6.7095953959645165,0.11111647635698318,0.9784074749541227,0.026225248351693153,1.2174689533715708,0.4731289881767452,14.182325316570417,0.7240009027358044,16.5864313555043,0.6272458691515601,0.13058886478051898,1.6643147114329744,0.33852519679761717,0.2635939416699729,0.8170242092621597,0.9059437662266819,0.5772926004130885
Curvelet,Athena_soldier_in_trench_1_meting016,6.6772469077481515,0.10459358990192413,0.9736903495826894,0.02626226842403412,1.2612072588847814,0.4671424989756557,13.979587309689663,0.718393487323091,16.6702975774306,0.5587539533436754,0.15565935626054633,1.6350061332239747,0.2790115539628597,0.21257235180188538,0.7872152227194205,0.8613944306882508,0.5109477747650535
TopHat_Clasico,Athena_soldier_in_trench_1_meting016,6.930551191099202,0.12857955694198608,1.010627719072603,0.05074641853570938,0.8454366983530536,0.32572695817541,24.300662154775175,0.5243953636734167,16.16213423202352,0.33477501241224294,0.5743714197970669,1.6397835712343047,0.3116218461772115,0.19915997129804977,0.6443438917159212,0.8166791038617065,0.37446483342078674
Propuesta_Novedosa,Athena_soldier_in_trench_1_meting016,6.990430185244507,0.1320783942937851,1.0193594013883112,0.036591652780771255,1.0233508247579897,0.3794921720308905,18.106961391076766,0.643122493848787,16.191705997663757,0.5755399023588103,0.3080274621197625,1.6832426189201093,0.4009681486431714,0.21497598358698145,0.778943781251804,0.8770521854653249,0.523981698624392
base,Athena_soldier_in_trench_2_meting055,6.318606093603877,0.07882490009069443,0.9567706771177957,0.015133015811443329,1.766083737682655,0.28323834634888767,7.636647888872243,0.7875559863126889,19.619040102123737,0.37091629053257513,3.721370716186152e-07,1.596646764959071,0.3485288074675627,0.28558370392876187,0.7254947427333849,0.7477982377262579,0.4083104077567639
desenfoque_5,Athena_soldier_in_trench_2_meting055,6.26686265155186,0.07580192387104034,0.948935624994729,0.007354045286774635,1.5343582517885759,0.31799589655592475,3.054044005834495,0.7470765930437594,19.53417458123375,0.06578897291092006,0.005857386204865834,1.5483295552892105,0.2362264527106453,0.07118195412437439,0.38253282601730876,0.47558032663494,0.23410093190250741
desenfoque_11,Athena_soldier_in_trench_2_meting055,6.223304686146436,0.07401254773139954,0.9423400272572775,0.004413160029798746,1.4166728999205893,0.32806605009998313,1.7501152225365346,0.7155565491572271,19.445641205183527,0.03523987033250691,0.005699474470251677,1.5055243146558548,0.1895950067350696,0.03759272974586403,0.21169058889468104,0.2714110552408223,0.09752521495708551
ruido_0.02,Athena_soldier_in_trench_2_meting055,6.378411898360924,0.08128634840250015,0.9658265415703841,0.023990631103515625,1.2948019854882125,0.2027686470103594,12.759939632549953,0.6343753477811933,19.462421670713002,0.22981931158269128,0.12828478796567577,1.5670367664598297,0.16541183602935555,0.04019505872026572,0.5397727066179174,0.6873125447135751,0.3153584237552349
ruido_0.05,Athena_soldier_in_trench_2_meting055,6.611715623716152,0.09330861270427704,1.0011536627701345,0.047773655503988266,0.683793312117893,0.1133250636045031,26.606117191129837,0.32905142352664474,18.722229371571135,0.15455090046314224,0.4196630819290117,1.437145820118991,0.0854305150763454,0.011695401049776904,0.2659254033366639,0.5628036303663293,0.18766852401110515
ruido_0.10,Athena_soldier_in_trench_2_meting055,7.070873985294879,0.1272527277469635,1.0706799554372268,0.09071187674999237,0.28641552702222883,0.05295664230620573,51.58359671111398,0.12908811810419485,16.7984877550922,0.10006295725233584,0.6654010152641231,1.1512104972000818,0.050936282366927786,0.004021632085622742,0.11066143804056472,0.44409361002155145,0.08748574069272498
ruido_0.20,Athena_soldier_in_trench_2_meting055,7.707541162864154,0.21102000772953033,1.1670848392925837,0.1764845848083496,0.09196480501358742,0.021784069056875237,100.54356288429848,0.04020920701970082,13.050983751870627,0.053213124243665685,0.8232374194114451,0.7376433892856576,0.02920168216134361,0.00169146028052611,0.039643324930531146,0.3151891711360103,0.03347795934035214
PiramideLaplace,Athena_soldier_in_trench_2_meting055,6.731574832180937,0.12279364466667175,1.0193028833961424,0.02950754575431347,2.15668454743286,0.5426116991752283,15.115273212094765,0.699687483381513,16.70199303362738,0.49513946104552875,0.08024291625892636,1.6466431662519825,0.4636793720434793,0.3157273705518342,0.8662621481426607,0.9406407121893292,0.5251219385049055
RatioPiramide,Athena_soldier_in_trench_2_meting055,6.636212650977352,0.10288689285516739,1.0048630311043618,0.030490664765238762,1.3786749906950417,0.21375053752257842,14.94544491526704,0.6988014753646661,19.112126159662743,0.7350132675772749,0.12410331680191669,1.6916777094439905,0.4501245051423177,0.22818309473511655,0.8709918564098714,0.9289832981248037,0.4749800316182339
DWT,Athena_soldier_in_trench_2_meting055,6.480792726480671,0.09334567934274673,0.9813291655341041,0.030103206634521484,1.342703878838498,0.2018932365032739,15.22198653162436,0.6950134962153751,19.29143800998983,0.661211924289011,0.152657017140565,1.6296839078669256,0.3348905472647353,0.25170547835063695,0.8455098789169627,0.9072459107159075,0.48954224100455546
DTCWT,Athena_soldier_in_trench_2_meting055,6.484357432366938,0.09447846561670303,0.9818689374417059,0.029392484575510025,1.3257585679909578,0.21248704307237565,14.841905161488596,0.7092717828194111,19.276569816515984,0.7188546472997359,0.10526762861403324,1.6497378869770758,0.4094586602632905,0.3056191224152063,0.8765284771176994,0.9374860820529596,0.5168678389678913
Curvelet,Athena_soldier_in_trench_2_meting055,6.447782072527382,0.08895736187696457,0.9763306539530512,0.02929355949163437,1.3428054264432983,0.19762000711300187,14.837365517759677,0.7050365661346596,19.379281764692216,0.6573891631228506,0.1262370807938785,1.6115391731645676,0.342277301490965,0.25931584307613004,0.8518950897205078,0.8984687892660324,0.46810930359573855
TopHat_Clasico,Athena_soldier_in_trench_2_meting055,6.799826675023262,0.11783209443092346,1.0296376567501724,0.06114858016371727,0.7386503289717294,0.1357510309581045,28.384155418820637,0.47753215428723805,18.250960626916,0.30884611649318877,0.6287175039581862,1.563453782000471,0.3557267862242525,0.21158718712406874,0.6655223521029939,0.8300120285343182,0.3904467907228759
Propuesta_Novedosa,Athena_soldier_in_trench_2_meting055,6.868521870814326,0.12105569988489151,1.040039563122891,0.043833255767822266,1.017801362918095,0.1924121976606685,20.84751639698025,0.6003246154052194,18.43041378358274,0.6330161422029325,0.29496512615739984,1.695602118531135,0.4874545905749758,0.25081495414643035,0.8134638175811437,0.9045948782056414,0.46437752114390174
base,Triclobs_Bosnia_R,6.537808000148141,0.18822501599788666,1.0973579796575736,0.012134885415434837,1.2994454330908032,1.6939136154677146,7.826491692573107,0.8002643460426744,15.825295298114526,0.3469865262336464,3.010807055601103e-07,0.8836600944615661,0.35069185134143244,0.28544496689128446,0.6574886962945272,0.7376124349901758,0.4279042759108877
desenfoque_5,Triclobs_Bosnia_R,6.509582236812048,0.18705715239048004,1.0926203418089115,0.006821706425398588,1.0280693057499215,1.6718610809363463,3.6367057628401946,0.7498567088369636,15.793823779114597,0.10569498856880602,0.011447575488161414,0.8412882579442399,0.21859865573607,0.108369457057062,0.34089455876824154,0.564081449956235,0.3027755720225194
desenfoque_11,Triclobs_Bosnia_R,6.514708019843082,0.18593661487102509,1.0934806942253439,0.005037983879446983,0.9736964618640708,1.613990421305439,2.688895904253421,0.7212783903428222,15.766386610089802,0.05596594263383324,0.016182827426754042,0.8024127490109577,0.16784840731828737,0.06741019473074535,0.21167473430587191,0.44218003447724386,0.16712512599647703
ruido_0.02,Triclobs_Bosnia_R,6.755371275168959,0.1892315298318863,1.133875539659201,0.022766420617699623,0.9190671963919501,1.3076584738670292,12.850145210461326,0.6271907410661304,15.759474678726965,0.23597883147036414,0.21473129847872255,0.8629023157187945,0.18740228888747268,0.06862749470462733,0.39441699983788925,0.6937015274995184,0.3846631195942621
ruido_0.05,Triclobs_Bosnia_R,7.087602290312631,0.1943148821592331,1.1896398501971344,0.047136686742305756,0.6988815903013976,0.9149123802170689,26.559710540366332,0.31613319818813107,15.431878666866684,0.15955319281768002,0.4811611873041843,0.7725105698004389,0.10859567686054801,0.015819135982709592,0.18434652717272101,0.6128539096987005,0.3509063058883315
ruido_0.10,Triclobs_Bosnia_R,7.464812331428401,0.20999805629253387,1.2529538001656824,0.08928670734167099,0.538046115322288,0.6224960441478551,50.87568238496301,0.13118859508858832,14.450814410722408,0.1012284483860963,0.6634414778773362,0.5692740060898474,0.06730325256046597,0.0035000845972957173,0.08735176704962587,0.5077078531772886,0.1216752230141265
ruido_0.20,Triclobs_Bosnia_R,7.678979602603547,0.25684091448783875,1.288901347722938,0.1682298183441162,0.3226245442740302,0.34381955187439406,96.10210305181153,0.048140907162296444,12.09266873318061,0.05910057499162867,0.7877916980269554,0.27635623796214587,0.03899938706992456,0.0012498259913527828,0.038444377260559805,0.3455082359909307,0.03774052043345235
PiramideLaplace,Triclobs_Bosnia_R,6.660796872603119,0.2084837704896927,1.118001415591223,0.02039499022066593,0.5946902923023214,2.2332581881229103,14.333266435285402,0.7113660949697738,12.864599970103816,0.5363489085029421,0.11663073136321861,0.8117104145481231,0.3876716770851209,0.22921634812671143,0.6409829629646712,0.9095205960677368,0.8562737072122333
RatioPiramide,Triclobs_Bosnia_R,6.84209315287189,0.1980980932712555,1.1484316331550706,0.027992285788059235,1.0151611983281308,1.1896566903314425,16.304182109658388,0.6685151388827988,15.651906048408804,0.5276315224165253,0.27964031358889546,0.9689395322984374,0.47543899286525837,0.199102880532176,0.646504710798405,0.8064951975788481,0.3386648294569823
DWT,Triclobs_Bosnia_R,6.82622861376365,0.19538454711437225,1.1457688020374204,0.023242933675646782,1.0208071912948777,1.473855106731944,15.472376214510717,0.7248344305959518,15.675827793921023,0.49126561688427683,0.22352875803368785,0.9368289054169952,0.3208405479515464,0.20061373046614864,0.6894408306433015,0.8272033002084775,0.6867873162144479
DTCWT,Triclobs_Bosnia_R,6.852734828223253,0.19516731798648834,1.1502178170508777,0.021773040294647217,0.9830560596035451,1.3887063639661954,14.451437692845543,0.736332597361066,15.69059411551849,0.5299541180048157,0.16089618582963214,0.9423429838819357,0.3652795455125634,0.23160779533475695,0.703553182991321,0.8632736473817351,0.7583380962808703
Curvelet,Triclobs_Bosnia_R,6.786895742082542,0.19204354286193848,1.1391668582970822,0.02258068323135376,1.003490653627624,1.408619814318491,14.492273243392376,0.7296893246720113,15.741574171618563,0.4778027755780335,0.2071492960469927,0.9083481952568815,0.32253618345103996,0.19485867065547074,0.6827774311621249,0.8284779435203192,0.6839406417274378
TopHat_Clasico,Triclobs_Bosnia_R,6.958708951566296,0.20357267558574677,1.1680053614212644,0.04012708365917206,0.8969083137079009,1.1056524245911163,24.002999327106767,0.5721813072496669,15.33262500913067,0.29279663280373913,0.5760236833362217,0.886471878740534,0.3717023500057183,0.1752862287296105,0.5652514370148696,0.7511387605158758,0.45995044719624545
Propuesta_Novedosa,Triclobs_Bosnia_R,6.975377644275665,0.22364388406276703,1.170803168110398,0.029651813209056854,0.8874109216747802,1.3118679555211974,18.86659673282734,0.6853111894221724,15.009833248494848,0.498997236571202,0.3686318323182875,1.126968302794447,0.43839684165711734,0.21383328669494853,0.6838799447212303,0.8806154970386617,0.7962896870126391
base,Triclobs_Kaptein_1123,6.529831773449298,0.1236594170331955,0.9336679344913164,0.012106012552976608,1.066768879595295,0.8658592312483486,5.228725520855896,0.7714331458217485,16.370784585039516,0.2962305058118814,5.448809157675936e-07,1.5413419090020015,0.2699140238070602,0.12237422571279946,0.6267912946677223,0.6556364229388392,0.4728654832454103
desenfoque_5,Triclobs_Kaptein_1123,6.470200277444418,0.12265681475400925,0.9251415255979225,0.006850249599665403,1.1293167535109858,0.8450179103150018,3.025724038441636,0.7318900443364383,16.357275058919896,0.11351888524926931,0.0028522821623214634,1.5269648124297108,0.20722822142780156,0.08650175130929846,0.40654849318851877,0.5557667979014155,0.367353353812788
desenfoque_11,Triclobs_Kaptein_1123,6.43521947964132,0.12155396491289139,0.9201397965542316,0.004453717730939388,1.1394925682647936,0.8179626485199645,2.0778801050482576,0.69376006175324,16.332956572826426,0.049642374258644754,0.004959607330825886,1.5081949280326603,0.15575030500495365,0.05997904006115436,0.23411381471769954,0.42073006682226916,0.20593763532076828
ruido_0.02,Triclobs_Kaptein_1123,6.69292717642131,0.1252497434616089,0.9569881291458057,0.022138303145766258,0.868193423635651,0.6206586197755704,11.458624281972664,0.6062762475511464,16.296193395904485,0.20778309405307197,0.19527161679548144,1.5281383152010097,0.14069291450078797,0.026100507351162525,0.38087179952926453,0.5940178857608076,0.31444707899526975
ruido_0.05,Triclobs_Kaptein_1123,6.983353776745156,0.1333298683166504,0.9985147738517631,0.046653833240270615,0.6166800798266944,0.38772668938463334,25.984928456311646,0.30169588200922004,15.924809542146361,0.13704525201700074,0.49841566021643324,1.4639021677191946,0.0785751131696624,0.005871082015363505,0.16323300528820606,0.49532723311297244,0.1375775415675598
ruido_0.10,Triclobs_Kaptein_1123,7.319181195066183,0.15845434367656708,1.0465330540905073,0.08977783471345901,0.36802547176074896,0.203850305359202,50.99019333169158,0.11810845078315248,14.820370284248236,0.08168159911012439,0.7089900130316572,1.287007378814765,0.04707060876059243,0.0020985987821622405,0.06990885511031758,0.378233945405545,0.03804822223912754
ruido_0.20,Triclobs_Kaptein_1123,7.426418079304931,0.21993309259414673,1.0618663189711717,0.16650038957595825,0.15491243107012553,0.08629464703711172,95.04096596566282,0.04221191894542062,12.386145609513724,0.04590493363443054,0.846420216057017,0.942418231180697,0.02742432662430072,0.0016544318798417804,0.028614323390654096,0.2352330046251277,0.00826976166117981
PiramideLaplace,Triclobs_Kaptein_1123,7.188661644789878,0.20125797390937805,1.027870717426229,0.02131705731153488,1.1812192287606922,1.9868603174131578,9.284413845473772,0.7003240962998557,13.427663764205754,0.4458418685281666,0.11535029028344794,1.6772920195544216,0.37488120001620573,0.20295256964010883,0.6812089759527115,0.8213961442755127,0.6325802371390035
RatioPiramide,Triclobs_Kaptein_1123,6.714001960403802,0.13217169046401978,0.9600015069346167,0.024939488619565964,0.6390779036106308,0.45759487006901745,11.3385366553359,0.6787878330966466,15.947680317412097,0.359769993040054,0.2741922586036558,1.502804004405276,0.3091315265708434,0.07611048425532645,0.554782184860442,0.6571336056560468,0.3702381735176994
DWT,Triclobs_Kaptein_1123,6.716053529559716,0.13070017099380493,0.9602948505310102,0.023397020995616913,0.8466706764422671,0.709660232878207,10.768035387523561,0.7015151017938324,16.238095716680927,0.42361079099513327,0.25508468925708283,1.55535101700033,0.23996790491809536,0.11858149872398975,0.636059141203653,0.7117190476892032,0.4583004420506574
DTCWT,Triclobs_Kaptein_1123,6.724000892392191,0.13192763924598694,0.9614312041305961,0.020935598760843277,0.8519640398333187,0.7038623407851496,9.120018571177745,0.7248874735235769,16.232782319211395,0.47409668147660333,0.15967570645079404,1.561440027451532,0.29135166669335344,0.14236003658142315,0.6743508356658029,0.7802558979636539,0.5776667157989472
Curvelet,Triclobs_Kaptein_1123,6.688417816602353,0.12784330546855927,0.9563433583746562,0.021826718002557755,0.859023499198247,0.7168559875477136,9.41304249268535,0.7144041935680256,16.296288804005187,0.4131436327652755,0.2123882197171043,1.551821602785737,0.24787522314505378,0.1076655444664412,0.6481324883730756,0.7324295989610773,0.49553556963514006
TopHat_Clasico,Triclobs_Kaptein_1123,6.926605617050715,0.13895951211452484,0.9904006387735015,0.03861993923783302,0.6987349954943606,0.5360815573580213,15.954726449277253,0.5772534274976697,15.98544317250844,0.28056847019907966,0.5708997811147334,1.5452324295994941,0.29803770025055143,0.12101046079330535,0.5546389007503602,0.6772929183070013,0.32813904989193937
Propuesta_Novedosa,Triclobs_Kaptein_1123,6.98108603043893,0.15508268773555756,0.9981905201675727,0.028837479650974274,0.7872450172223686,0.6707679309052084,12.382070350336921,0.6719257823274816,15.780239286869175,0.4430229909163926,0.36268454862496036,1.6395074475233562,0.35520077688660323,0.13109446490272864,0.650295359091355,0.7603783191016424,0.5081304644026153
base,Triclobs_jeep_in_smoke_R,6.90501499917955,0.11989907920360565,1.0108773464759835,0.021915022283792496,1.5835810341109522,1.3857738087075298,11.851893486643341,0.7128728225293504,16.922925267724086,0.30402606260086396,4.817730491711564e-07,1.248729315540864,0.2833920455419485,0.161021320269456,0.6900674583948851,0.7105909562075995,0.5975217661917832
desenfoque_5,Triclobs_jeep_in_smoke_R,6.840037454173923,0.11640900373458862,1.001364792443354,0.009956146590411663,1.1291919946423827,1.397692527239502,4.061689466430278,0.6019165474140602,16.821282187738955,0.06554774437341057,0.00645596834691426,1.131468914040569,0.16317708272865258,0.06556919071065839,0.3067204788014112,0.4386033706820555,0.21344765538559288
desenfoque_11,Triclobs_jeep_in_smoke_R,6.799222784239025,0.1145235076546669,0.9953896243595795,0.005951479077339172,1.0335800287327712,1.3386872916206158,2.5765446533545835,0.5400979414854924,16.759181191410004,0.022772584175726737,0.008235115216592917,1.065933987306848,0.11765479559394253,0.03985208758354909,0.15570349798091623,0.2960957625571874,0.07339085155735403
ruido_0.02,Triclobs_jeep_in_smoke_R,6.946056775638457,0.12155156582593918,1.0168857624006946,0.028893399983644485,1.2097387868928702,1.175801437119453,15.658880984950969,0.6186748947198651,16.83827226442095,0.2383243875231542,0.08588804090883305,1.2223553702252925,0.17714457892034302,0.05372410116886165,0.5843875792578732,0.6693907688624616,0.4439883829230576
ruido_0.05,Triclobs_jeep_in_smoke_R,7.0725569733556055,0.12997691333293915,1.0354050826646177,0.05049014091491699,0.7390416854094759,0.8414714283252032,28.107302584844486,0.3840570748812216,16.418238119392075,0.16868786102122438,0.32306088882092765,1.1079329168344954,0.09319456945570309,0.013287329255507834,0.3648987611441398,0.5536958098823013,0.21504027882689622
ruido_0.10,Triclobs_jeep_in_smoke_R,7.341729206516337,0.15561611950397491,1.074811240773596,0.09191072732210159,0.3788554963533762,0.4700268013631025,52.14577500758446,0.17970459375309483,15.194508688415551,0.11240607640776763,0.5810797002392185,0.8615989215902347,0.0518543832892308,0.00337810222695377,0.17904638082754168,0.4077138659696107,0.08189753961119116
ruido_0.20,Triclobs_jeep_in_smoke_R,7.715148565819638,0.2250765860080719,1.1294789237692353,0.17432060837745667,0.144429042868176,0.1820875402774899,99.36072675460457,0.06477991701175055,12.382940254394608,0.06282631159936918,0.7794447208552209,0.5188356190523794,0.02664296577388541,0.0013507223658036675,0.06855959840861532,0.2545290634644933,0.018405159264842166
PiramideLaplace,Triclobs_jeep_in_smoke_R,6.930673597545432,0.14345164597034454,1.014633702665431,0.038879577070474625,0.8821013554324885,1.382362572080195,22.47201841493314,0.6108966222287638,14.061836608876204,0.6051051291240364,0.11658635107243369,0.9889017507126407,0.3864890895948858,0.2661880179177574,0.7479145116064199,0.8536800861823728,0.7414228664271603
RatioPiramide,Triclobs_jeep_in_smoke_R,7.187400750962231,0.14957138895988464,1.0522179314679958,0.04905838146805763,1.3214311813046133,0.9394702863053149,26.71207794866021,0.5965296287556314,16.34186142237868,0.568703709891647,0.2767972083006772,1.392388344979575,0.39978453121970764,0.2047270840172477,0.7652144963180989,0.826759754954655,0.6629473647273096
DWT,Triclobs_jeep_in_smoke_R,7.100917079109858,0.135853111743927,1.0395569329435879,0.04219106584787369,1.3403068841364747,1.0088869504298206,23.639651766544127,0.6262154009154295,16.62357261413331,0.48502492294958116,0.23253282880574014,1.3273760186044226,0.2743458208290344,0.1617709534342543,0.7627368275116978,0.8183586114580341,0.6425733491494963
DTCWT,Triclobs_jeep_in_smoke_R,7.103516973169219,0.13673542439937592,1.0399375510896973,0.04012056067585945,1.3808131763390028,0.9929101598206482,22.591666279866526,0.6383835353962315,16.640900744586546,0.5383894099829117,0.16935753251129407,1.3547320879206715,0.3304300881961182,0.20461008945432735,0.7854274981838427,0.8453120040022234,0.7030928157566179
Curvelet,Triclobs_jeep_in_smoke_R,7.061227097893432,0.13242530822753906,1.0337464165437669,0.04160092771053314,1.3072321661699198,0.980187801779771,22.923621330603567,0.6307101456256528,16.691414104374807,0.46515875521295447,0.2303112031005904,1.3109342554187027,0.2694779808743226,0.15161111453815154,0.7609482579240204,0.8218629082004699,0.6672190908043083
TopHat_Clasico,Triclobs_jeep_in_smoke_R,7.367403435196135,0.16592174768447876,1.07856988520286,0.08151665329933167,0.8535210302044214,0.5374825226145585,44.903125556733116,0.4563558112355669,15.54350633490053,0.24427083082028883,0.661953454079181,1.2265200358940072,0.3233735547744793,0.1738560502044008,0.6095219843758208,0.6703873438234258,0.40613389645160947
Propuesta_Novedosa,Triclobs_jeep_in_smoke_R,7.392586683850812,0.17706547677516937,1.0822566513545209,0.05851224809885025,1.2510379145576924,0.9397657810617639,32.49410433826758,0.5681789280414975,15.603957675226106,0.4884481876362591,0.4114592833115622,1.4609613079812895,0.380351774404626,0.1959324951881769,0.7399380219699094,0.8310192548379683,0.703087237694842
