metric,chi2,p_value,sig_05
n_det,18.070643980185313,0.20358226478672856,False
conf_mean,11.295428848328177,0.6626876369315878,False
has_det,14.830039525691634,0.3898708186017984,False
