r,m,clave,detectado
5,0.05,63|People|0,1
5,0.05,63|People|1,1
5,0.05,63|People|2,1
5,0.05,63|People|3,1
5,0.05,63|People|4,0
5,0.05,63|Lamp|0,0
5,0.05,64|People|0,0
5,0.05,64|People|1,0
5,0.05,64|People|2,0
5,0.05,64|People|3,1
5,0.05,64|People|4,1
5,0.05,64|People|5,1
5,0.05,64|Lamp|0,0
5,0.05,71|People|0,0
5,0.05,71|People|1,0
5,0.05,71|Lamp|0,0
5,0.05,73|People|0,0
5,0.05,73|People|1,1
5,0.05,73|Lamp|0,0
5,0.05,78|People|0,0
5,0.05,78|People|1,1
5,0.05,78|People|2,1
5,0.05,78|People|3,1
5,0.05,78|People|4,0
5,0.05,78|People|5,0
5,0.05,78|Lamp|0,0
5,0.05,111|People|0,1
5,0.05,111|People|1,1
5,0.05,111|People|2,1
5,0.05,111|People|3,1
5,0.05,111|People|4,0
5,0.05,111|People|5,1
5,0.05,111|People|6,1
5,0.05,111|Lamp|0,1
5,0.05,111|Lamp|1,1
5,0.05,111|Lamp|2,0
5,0.05,111|Lamp|3,1
5,0.05,114|People|0,1
5,0.05,114|People|1,1
5,0.05,114|People|2,1
5,0.05,114|People|3,1
5,0.05,114|People|4,1
5,0.05,114|People|5,1
5,0.05,114|People|6,0
5,0.05,114|Lamp|0,0
5,0.05,114|Lamp|1,1
5,0.05,114|Lamp|2,1
5,0.05,116|People|0,1
5,0.05,116|People|1,1
5,0.05,116|People|2,1
5,0.05,116|People|3,1
5,0.05,116|People|4,1
5,0.05,116|People|5,1
5,0.05,116|People|6,1
5,0.05,116|People|7,0
5,0.05,116|Lamp|0,0
5,0.05,116|Lamp|1,1
5,0.05,116|Lamp|2,1
5,0.05,116|Lamp|3,1
5,0.05,118|People|0,1
5,0.05,118|People|1,1
5,0.05,118|People|2,1
5,0.05,118|People|3,1
5,0.05,118|People|4,1
5,0.05,118|People|5,1
5,0.05,118|People|6,1
5,0.05,118|People|7,1
5,0.05,118|Lamp|0,1
5,0.05,118|Lamp|1,1
5,0.05,118|Lamp|2,1
5,0.05,118|Lamp|3,1
5,0.05,123|People|0,1
5,0.05,123|People|1,1
5,0.05,123|People|2,0
5,0.05,123|People|3,1
5,0.05,123|People|4,1
5,0.05,123|People|5,1
5,0.05,123|People|6,1
5,0.05,123|Lamp|0,1
5,0.05,123|Lamp|1,1
5,0.05,123|Lamp|2,0
5,0.05,123|Lamp|3,0
5,0.05,123|Lamp|4,1
5,0.05,125|People|0,0
5,0.05,125|People|1,1
5,0.05,125|People|2,1
5,0.05,125|People|3,1
5,0.05,125|People|4,1
5,0.05,125|People|5,1
5,0.05,125|People|6,0
5,0.05,125|People|7,0
5,0.05,125|Lamp|0,1
5,0.05,125|Lamp|1,1
5,0.05,125|Lamp|2,1
5,0.05,125|Lamp|3,1
5,0.05,125|Lamp|4,1
5,0.05,126|People|0,0
5,0.05,126|People|1,1
5,0.05,126|People|2,1
5,0.05,126|People|3,0
5,0.05,126|People|4,0
5,0.05,126|People|5,1
5,0.05,126|People|6,0
5,0.05,126|People|7,1
5,0.05,126|People|8,0
5,0.05,126|Lamp|0,1
5,0.05,126|Lamp|1,1
5,0.05,126|Lamp|2,1
5,0.05,126|Lamp|3,1
5,0.05,126|Lamp|4,1
5,0.05,127|People|0,0
5,0.05,127|People|1,0
5,0.05,127|People|2,1
5,0.05,127|People|3,1
5,0.05,127|People|4,0
5,0.05,127|People|5,1
5,0.05,127|People|6,1
5,0.05,127|People|7,1
5,0.05,127|People|8,0
5,0.05,127|People|9,1
5,0.05,127|Lamp|0,1
5,0.05,127|Lamp|1,0
5,0.05,127|Lamp|2,1
5,0.05,127|Lamp|3,1
5,0.05,127|Lamp|4,1
5,0.05,129|People|0,0
5,0.05,129|People|1,1
5,0.05,129|People|2,1
5,0.05,129|People|3,0
5,0.05,129|People|4,0
5,0.05,129|People|5,0
5,0.05,129|People|6,0
5,0.05,129|People|7,1
5,0.05,129|Lamp|0,1
5,0.05,129|Lamp|1,0
5,0.05,129|Lamp|2,1
5,0.05,129|Lamp|3,1
5,0.05,129|Lamp|4,0
5,0.05,130|People|0,0
5,0.05,130|People|1,0
5,0.05,130|People|2,0
5,0.05,130|People|3,1
5,0.05,130|People|4,0
5,0.05,130|People|5,0
5,0.05,130|Lamp|0,1
5,0.05,130|Lamp|1,0
5,0.05,130|Lamp|2,1
5,0.05,130|Lamp|3,0
5,0.05,132|People|0,0
5,0.05,132|People|1,1
5,0.05,132|People|2,0
5,0.05,132|People|3,1
5,0.05,132|People|4,1
5,0.05,132|People|5,1
5,0.05,132|Lamp|0,1
5,0.05,132|Lamp|1,0
5,0.05,132|Lamp|2,0
5,0.05,132|Lamp|3,0
5,0.05,135|People|0,0
5,0.05,135|People|1,0
5,0.05,135|People|2,1
5,0.05,135|People|3,1
5,0.05,135|People|4,0
5,0.05,135|People|5,0
5,0.05,135|People|6,0
5,0.05,135|People|7,0
5,0.05,135|People|8,1
5,0.05,135|People|9,1
5,0.05,135|People|10,0
5,0.05,135|Lamp|0,0
5,0.05,135|Lamp|1,1
5,0.05,135|Lamp|2,0
5,0.05,136|People|0,0
5,0.05,136|People|1,0
5,0.05,136|People|2,1
5,0.05,136|People|3,0
5,0.05,136|People|4,1
5,0.05,136|People|5,1
5,0.05,136|People|6,1
5,0.05,136|People|7,0
5,0.05,136|Lamp|0,1
5,0.05,136|Lamp|1,0
5,0.05,136|Lamp|2,0
5,0.05,138|People|0,0
5,0.05,138|People|1,0
5,0.05,138|People|2,0
5,0.05,138|People|3,0
5,0.05,138|People|4,0
5,0.05,138|People|5,0
5,0.05,138|People|6,0
5,0.05,138|People|7,0
5,0.05,138|People|8,1
5,0.05,138|People|9,0
5,0.05,138|People|10,0
5,0.05,138|Lamp|0,1
5,0.05,138|Lamp|1,0
5,0.05,138|Lamp|2,0
5,0.05,143|People|0,0
5,0.05,143|People|1,0
5,0.05,143|People|2,1
5,0.05,143|People|3,0
5,0.05,143|People|4,0
5,0.05,143|People|5,0
5,0.05,143|People|6,0
5,0.05,143|Lamp|0,0
5,0.05,143|Lamp|1,0
5,0.05,144|People|0,0
5,0.05,144|People|1,1
5,0.05,144|People|2,1
5,0.05,144|People|3,0
5,0.05,144|People|4,0
5,0.05,144|People|5,0
5,0.05,144|People|6,0
5,0.05,144|Lamp|0,0
5,0.05,144|Lamp|1,0
5,0.05,147|People|0,1
5,0.05,147|People|1,0
5,0.05,147|People|2,1
5,0.05,147|People|3,1
5,0.05,147|People|4,0
5,0.05,147|People|5,0
5,0.05,147|People|6,1
5,0.05,147|People|7,0
5,0.05,147|People|8,0
5,0.05,147|People|9,1
5,0.05,147|People|10,0
5,0.05,147|People|11,1
5,0.05,147|Lamp|0,0
5,0.05,186|People|0,0
5,0.05,186|People|1,1
5,0.05,186|People|2,0
5,0.05,186|People|3,0
5,0.05,186|People|4,0
5,0.05,186|People|5,1
5,0.05,186|Lamp|0,1
5,0.05,187|People|0,1
5,0.05,187|People|1,1
5,0.05,187|People|2,1
5,0.05,187|People|3,1
5,0.05,187|People|4,1
5,0.05,187|People|5,0
5,0.05,187|Lamp|0,1
5,0.05,188|People|0,1
5,0.05,188|People|1,1
5,0.05,188|People|2,1
5,0.05,188|People|3,1
5,0.05,188|People|4,0
5,0.05,188|People|5,0
5,0.05,188|Lamp|0,1
5,0.05,191|People|0,1
5,0.05,191|People|1,1
5,0.05,191|People|2,1
5,0.05,191|People|3,1
5,0.05,191|People|4,1
5,0.05,191|People|5,1
5,0.05,191|Lamp|0,1
5,0.05,193|People|0,1
5,0.05,193|People|1,1
5,0.05,193|People|2,1
5,0.05,193|People|3,1
5,0.05,193|People|4,1
5,0.05,193|People|5,1
5,0.05,193|Lamp|0,1
5,0.05,196|People|0,1
5,0.05,196|People|1,1
5,0.05,196|People|2,1
5,0.05,196|People|3,1
5,0.05,196|People|4,1
5,0.05,196|People|5,0
5,0.05,196|People|6,1
5,0.05,196|People|7,1
5,0.05,196|People|8,1
5,0.05,196|Lamp|0,1
5,0.05,196|Lamp|1,1
5,0.05,196|Lamp|2,0
5,0.05,199|People|0,1
5,0.05,199|People|1,1
5,0.05,199|People|2,1
5,0.05,199|People|3,1
5,0.05,199|People|4,1
5,0.05,199|People|5,1
5,0.05,199|People|6,1
5,0.05,199|Lamp|0,1
5,0.05,199|Lamp|1,1
5,0.05,204|People|0,1
5,0.05,204|People|1,1
5,0.05,204|People|2,1
5,0.05,204|People|3,1
5,0.05,204|People|4,1
5,0.05,204|People|5,1
5,0.05,204|People|6,1
5,0.05,204|People|7,1
5,0.05,204|Lamp|0,1
5,0.05,204|Lamp|1,1
5,0.05,204|Lamp|2,1
5,0.05,205|People|0,0
5,0.05,205|People|1,1
5,0.05,205|People|2,1
5,0.05,205|People|3,1
5,0.05,205|People|4,1
5,0.05,205|People|5,1
5,0.05,205|People|6,1
5,0.05,205|People|7,0
5,0.05,205|People|8,1
5,0.05,205|Lamp|0,1
5,0.05,205|Lamp|1,1
5,0.05,205|Lamp|2,0
5,0.05,206|People|0,1
5,0.05,206|People|1,1
5,0.05,206|People|2,1
5,0.05,206|People|3,1
5,0.05,206|People|4,1
5,0.05,206|People|5,1
5,0.05,206|People|6,0
5,0.05,206|People|7,0
5,0.05,206|Lamp|0,1
5,0.05,209|People|0,1
5,0.05,209|Lamp|0,1
5,0.05,210|People|0,1
5,0.05,210|People|1,1
5,0.05,210|People|2,0
5,0.05,210|Lamp|0,1
5,0.05,213|People|0,1
5,0.05,213|People|1,1
5,0.05,213|People|2,1
5,0.05,213|People|3,0
5,0.05,213|People|4,0
5,0.05,213|People|5,0
5,0.05,213|People|6,0
5,0.05,213|People|7,0
5,0.05,213|Lamp|0,1
5,0.05,213|Lamp|1,1
5,0.05,213|Lamp|2,0
5,0.05,217|People|0,0
5,0.05,217|People|1,0
5,0.05,217|Lamp|0,0
5,0.05,222|People|0,1
5,0.05,222|People|1,1
5,0.05,222|People|2,0
5,0.05,222|People|3,1
5,0.05,222|People|4,1
5,0.05,222|People|5,1
5,0.05,222|People|6,1
5,0.05,222|People|7,0
5,0.05,222|People|8,1
5,0.05,222|Lamp|0,0
5,0.05,222|Lamp|1,0
5,0.05,222|Lamp|2,1
5,0.05,222|Lamp|3,1
5,0.05,222|Lamp|4,0
5,0.05,222|Lamp|5,1
5,0.05,222|Lamp|6,0
5,0.05,231|People|0,0
5,0.05,231|People|1,1
5,0.05,231|People|2,1
5,0.05,231|People|3,1
5,0.05,231|People|4,1
5,0.05,231|People|5,1
5,0.05,231|People|6,1
5,0.05,231|People|7,1
5,0.05,231|People|8,1
5,0.05,231|People|9,1
5,0.05,231|People|10,0
5,0.05,231|People|11,0
5,0.05,231|Lamp|0,0
5,0.05,231|Lamp|1,1
5,0.05,231|Lamp|2,1
5,0.05,231|Lamp|3,0
5,0.05,231|Lamp|4,1
5,0.05,232|People|0,0
5,0.05,232|People|1,0
5,0.05,232|People|2,0
5,0.05,232|People|3,0
5,0.05,232|People|4,0
5,0.05,232|People|5,1
5,0.05,232|People|6,1
5,0.05,232|People|7,1
5,0.05,232|People|8,1
5,0.05,232|People|9,0
5,0.05,232|People|10,0
5,0.05,232|People|11,0
5,0.05,232|Lamp|0,1
5,0.05,232|Lamp|1,0
5,0.05,232|Lamp|2,1
5,0.05,232|Lamp|3,1
5,0.05,232|Lamp|4,0
5,0.05,232|Lamp|5,0
5,0.05,240|People|0,1
5,0.05,240|People|1,0
5,0.05,240|People|2,1
5,0.05,240|People|3,1
5,0.05,240|People|4,1
5,0.05,240|People|5,1
5,0.05,240|People|6,0
5,0.05,240|Lamp|0,0
5,0.05,240|Lamp|1,0
5,0.05,240|Lamp|2,1
5,0.05,240|Lamp|3,0
5,0.05,240|Lamp|4,0
5,0.05,388|People|0,1
5,0.05,388|People|1,1
5,0.05,388|People|2,1
5,0.05,388|People|3,1
5,0.05,388|People|4,1
5,0.05,388|People|5,1
5,0.05,388|People|6,1
5,0.05,388|People|7,1
5,0.05,388|People|8,1
5,0.05,388|People|9,1
5,0.05,388|Lamp|0,1
5,0.05,389|People|0,1
5,0.05,389|People|1,1
5,0.05,389|People|2,0
5,0.05,389|People|3,1
5,0.05,389|People|4,1
5,0.05,389|People|5,1
5,0.05,389|People|6,1
5,0.05,389|People|7,1
5,0.05,389|People|8,1
5,0.05,389|People|9,1
5,0.05,389|Lamp|0,0
5,0.05,389|Lamp|1,1
5,0.05,392|People|0,1
5,0.05,392|People|1,1
5,0.05,392|People|2,0
5,0.05,392|People|3,1
5,0.05,392|Lamp|0,1
5,0.05,392|Lamp|1,1
5,0.05,394|People|0,1
5,0.05,394|People|1,1
5,0.05,394|People|2,1
5,0.05,394|People|3,1
5,0.05,394|People|4,1
5,0.05,394|People|5,1
5,0.05,394|Lamp|0,1
5,0.05,394|Lamp|1,1
5,0.05,395|People|0,0
5,0.05,395|People|1,0
5,0.05,395|People|2,1
5,0.05,395|People|3,1
5,0.05,395|People|4,1
5,0.05,395|People|5,1
5,0.05,395|People|6,1
5,0.05,395|Lamp|0,1
5,0.05,395|Lamp|1,1
5,0.05,396|People|0,0
5,0.05,396|People|1,0
5,0.05,396|People|2,1
5,0.05,396|People|3,0
5,0.05,396|People|4,1
5,0.05,396|People|5,1
5,0.05,396|Lamp|0,1
5,0.05,396|Lamp|1,1
5,0.05,409|People|0,1
5,0.05,409|People|1,1
5,0.05,409|People|2,0
5,0.05,409|People|3,1
5,0.05,409|People|4,1
5,0.05,409|Lamp|0,0
5,0.05,410|People|0,1
5,0.05,410|People|1,0
5,0.05,410|People|2,0
5,0.05,410|People|3,0
5,0.05,410|People|4,0
5,0.05,410|People|5,1
5,0.05,410|Lamp|0,1
5,0.05,413|People|0,1
5,0.05,413|People|1,1
5,0.05,413|People|2,1
5,0.05,413|People|3,0
5,0.05,413|People|4,0
5,0.05,413|People|5,0
5,0.05,413|Lamp|0,0
5,0.05,419|People|0,0
5,0.05,419|People|1,0
5,0.05,419|Lamp|0,1
5,0.05,419|Lamp|1,1
5,0.05,422|People|0,1
5,0.05,422|People|1,1
5,0.05,422|People|2,1
5,0.05,422|People|3,1
5,0.05,422|People|4,1
5,0.05,422|Lamp|0,0
5,0.05,425|People|0,0
5,0.05,425|People|1,1
5,0.05,425|People|2,1
5,0.05,425|People|3,1
5,0.05,425|People|4,0
5,0.05,425|People|5,1
5,0.05,425|People|6,1
5,0.05,425|People|7,0
5,0.05,425|Lamp|0,0
5,0.05,427|People|0,0
5,0.05,427|People|1,0
5,0.05,427|People|2,0
5,0.05,427|People|3,1
5,0.05,427|People|4,1
5,0.05,427|People|5,0
5,0.05,427|People|6,1
5,0.05,427|People|7,1
5,0.05,427|Lamp|0,0
5,0.05,428|People|0,0
5,0.05,428|People|1,0
5,0.05,428|People|2,1
5,0.05,428|People|3,1
5,0.05,428|People|4,1
5,0.05,428|People|5,1
5,0.05,428|People|6,1
5,0.05,428|Lamp|0,0
5,0.05,438|People|0,1
5,0.05,438|People|1,1
5,0.05,438|People|2,0
5,0.05,438|People|3,0
5,0.05,438|People|4,0
5,0.05,438|Lamp|0,1
5,0.05,438|Lamp|1,1
5,0.05,438|Lamp|2,1
5,0.05,438|Lamp|3,1
5,0.05,440|People|0,1
5,0.05,440|People|1,1
5,0.05,440|People|2,0
5,0.05,440|People|3,0
5,0.05,440|People|4,0
5,0.05,440|People|5,0
5,0.05,440|People|6,0
5,0.05,440|Lamp|0,1
5,0.05,440|Lamp|1,1
5,0.05,440|Lamp|2,1
5,0.05,440|Lamp|3,1
5,0.05,442|People|0,1
5,0.05,442|People|1,1
5,0.05,442|People|2,0
5,0.05,442|People|3,0
5,0.05,442|People|4,0
5,0.05,442|People|5,1
5,0.05,442|People|6,1
5,0.05,442|People|7,1
5,0.05,442|Lamp|0,1
5,0.05,442|Lamp|1,1
5,0.05,442|Lamp|2,1
5,0.05,442|Lamp|3,1
5,0.05,444|People|0,1
5,0.05,444|People|1,1
5,0.05,444|People|2,0
5,0.05,444|People|3,0
5,0.05,444|People|4,0
5,0.05,444|People|5,0
5,0.05,444|Lamp|0,1
5,0.05,444|Lamp|1,1
5,0.05,444|Lamp|2,1
5,0.05,444|Lamp|3,0
5,0.05,448|People|0,1
5,0.05,448|People|1,1
5,0.05,448|People|2,1
5,0.05,448|People|3,0
5,0.05,448|People|4,0
5,0.05,448|People|5,0
5,0.05,448|People|6,0
5,0.05,448|Lamp|0,1
5,0.05,448|Lamp|1,1
5,0.05,448|Lamp|2,0
5,0.05,448|Lamp|3,1
5,0.05,448|Lamp|4,0
5,0.05,448|Lamp|5,0
5,0.05,449|People|0,1
5,0.05,449|People|1,1
5,0.05,449|People|2,1
5,0.05,449|People|3,0
5,0.05,449|People|4,0
5,0.05,449|People|5,0
5,0.05,449|Lamp|0,0
5,0.05,449|Lamp|1,1
5,0.05,449|Lamp|2,1
5,0.05,449|Lamp|3,0
5,0.05,449|Lamp|4,1
5,0.05,452|People|0,1
5,0.05,452|People|1,1
5,0.05,452|Lamp|0,1
5,0.05,452|Lamp|1,0
5,0.05,452|Lamp|2,1
5,0.05,453|People|0,1
5,0.05,453|Lamp|0,1
5,0.05,453|Lamp|1,1
5,0.05,453|Lamp|2,0
5,0.05,453|Lamp|3,1
5,0.05,459|People|0,0
5,0.05,459|People|1,0
5,0.05,459|People|2,1
5,0.05,459|People|3,1
5,0.05,459|People|4,1
5,0.05,459|People|5,1
5,0.05,459|Lamp|0,0
5,0.05,459|Lamp|1,0
5,0.05,459|Lamp|2,0
5,0.05,462|People|0,1
5,0.05,462|People|1,1
5,0.05,462|People|2,1
5,0.05,462|People|3,1
5,0.05,462|People|4,1
5,0.05,462|People|5,1
5,0.05,462|People|6,1
5,0.05,462|Lamp|0,1
5,0.05,462|Lamp|1,0
5,0.05,466|People|0,1
5,0.05,466|People|1,1
5,0.05,466|People|2,1
5,0.05,466|People|3,1
5,0.05,466|People|4,1
5,0.05,466|People|5,1
5,0.05,466|Lamp|0,1
5,0.05,466|Lamp|1,0
5,0.05,468|People|0,1
5,0.05,468|People|1,1
5,0.05,468|People|2,1
5,0.05,468|People|3,1
5,0.05,468|People|4,1
5,0.05,468|People|5,1
5,0.05,468|People|6,1
5,0.05,468|Lamp|0,1
5,0.05,468|Lamp|1,0
5,0.05,470|People|0,1
5,0.05,470|People|1,0
5,0.05,470|Lamp|0,1
5,0.05,476|People|0,0
5,0.05,476|People|1,1
5,0.05,476|Lamp|0,0
5,0.05,478|People|0,0
5,0.05,478|Lamp|0,0
5,0.05,479|People|0,1
5,0.05,479|Lamp|0,1
5,0.05,480|People|0,1
5,0.05,480|People|1,0
5,0.05,480|People|2,0
5,0.05,480|Lamp|0,0
5,0.05,486|People|0,1
5,0.05,486|People|1,0
5,0.05,486|People|2,1
5,0.05,486|People|3,0
5,0.05,486|People|4,1
5,0.05,486|People|5,1
5,0.05,486|People|6,0
5,0.05,486|Lamp|0,0
5,0.05,489|People|0,1
5,0.05,489|People|1,0
5,0.05,489|People|2,1
5,0.05,489|People|3,1
5,0.05,489|People|4,0
5,0.05,489|People|5,1
5,0.05,489|People|6,0
5,0.05,489|People|7,0
5,0.05,489|People|8,0
5,0.05,489|People|9,0
5,0.05,489|Lamp|0,1
5,0.05,489|Lamp|1,0
5,0.05,493|People|0,0
5,0.05,493|People|1,1
5,0.05,493|People|2,1
5,0.05,493|People|3,1
5,0.05,493|People|4,1
5,0.05,493|People|5,1
5,0.05,493|People|6,1
5,0.05,493|People|7,0
5,0.05,493|Lamp|0,0
5,0.05,494|People|0,1
5,0.05,494|People|1,0
5,0.05,494|People|2,0
5,0.05,494|People|3,0
5,0.05,494|People|4,0
5,0.05,494|Lamp|0,1
5,0.05,494|Lamp|1,1
5,0.05,494|Lamp|2,1
5,0.05,503|People|0,0
5,0.05,503|People|1,0
5,0.05,503|Lamp|0,1
5,0.05,503|Lamp|1,1
5,0.05,505|People|0,0
5,0.05,505|People|1,0
5,0.05,505|People|2,0
5,0.05,505|People|3,0
5,0.05,505|People|4,1
5,0.05,505|Lamp|0,1
5,0.05,507|People|0,1
5,0.05,507|People|1,0
5,0.05,507|People|2,0
5,0.05,507|People|3,0
5,0.05,507|People|4,0
5,0.05,507|People|5,1
5,0.05,507|People|6,1
5,0.05,507|Lamp|0,0
5,0.05,1190|People|0,0
5,0.05,1190|People|1,0
5,0.05,1190|People|2,0
5,0.05,1190|People|3,0
5,0.05,1190|People|4,0
5,0.05,1190|People|5,0
5,0.05,1190|People|6,1
5,0.05,1190|People|7,0
5,0.05,1190|Lamp|0,1
5,0.05,1196|People|0,1
5,0.05,1196|People|1,0
5,0.05,1196|Lamp|0,1
5,0.05,1199|People|0,0
5,0.05,1199|People|1,0
5,0.05,1199|People|2,0
5,0.05,1199|Lamp|0,1
5,0.05,1200|People|0,0
5,0.05,1200|People|1,1
5,0.05,1200|Lamp|0,1
5,0.05,1204|People|0,1
5,0.05,1204|People|1,1
5,0.05,1204|People|2,0
5,0.05,1204|People|3,0
5,0.05,1204|Lamp|0,0
5,0.05,1206|People|0,1
5,0.05,1206|People|1,1
5,0.05,1206|People|2,0
5,0.05,1206|Lamp|0,0
5,0.05,1207|People|0,1
5,0.05,1207|People|1,1
5,0.05,1207|People|2,0
5,0.05,1207|Lamp|0,0
5,0.05,1211|People|0,1
5,0.05,1211|People|1,1
5,0.05,1211|People|2,0
5,0.05,1211|People|3,0
5,0.05,1211|Lamp|0,0
5,0.05,1213|People|0,1
5,0.05,1213|People|1,1
5,0.05,1213|Lamp|0,1
5,0.05,1216|People|0,1
5,0.05,1216|People|1,1
5,0.05,1216|Lamp|0,0
5,0.05,1218|People|0,1
5,0.05,1218|People|1,1
5,0.05,1218|Lamp|0,0
5,0.05,1219|People|0,0
5,0.05,1219|People|1,0
5,0.05,1219|People|2,0
5,0.05,1219|People|3,0
5,0.05,1219|Lamp|0,1
5,0.05,1219|Lamp|1,1
5,0.05,1221|People|0,1
5,0.05,1221|People|1,1
5,0.05,1221|People|2,0
5,0.05,1221|Lamp|0,0
5,0.05,1222|People|0,1
5,0.05,1222|People|1,1
5,0.05,1222|People|2,0
5,0.05,1222|Lamp|0,0
5,0.05,1225|People|0,0
5,0.05,1225|People|1,0
5,0.05,1225|People|2,0
5,0.05,1225|People|3,0
5,0.05,1225|People|4,0
5,0.05,1225|People|5,0
5,0.05,1225|People|6,0
5,0.05,1225|Lamp|0,1
5,0.05,1225|Lamp|1,0
5,0.05,1226|People|0,0
5,0.05,1226|People|1,0
5,0.05,1226|People|2,0
5,0.05,1226|People|3,0
5,0.05,1226|People|4,0
5,0.05,1226|Lamp|0,0
5,0.05,1226|Lamp|1,1
5,0.05,1226|Lamp|2,0
5,0.05,1228|People|0,0
5,0.05,1228|Lamp|0,1
5,0.05,1266|People|0,0
5,0.05,1266|People|1,0
5,0.05,1266|Lamp|0,1
5,0.05,1266|Lamp|1,0
5,0.05,1268|People|0,1
5,0.05,1268|Lamp|0,1
5,0.05,1268|Lamp|1,0
5,0.05,1268|Lamp|2,0
5,0.05,1268|Lamp|3,0
5,0.05,1273|People|0,0
5,0.05,1273|Lamp|0,0
5,0.05,1273|Lamp|1,0
5,0.05,1274|People|0,0
5,0.05,1274|Lamp|0,0
5,0.05,1274|Lamp|1,1
5,0.05,1274|Lamp|2,0
5,0.05,1285|People|0,1
5,0.05,1285|Lamp|0,1
5,0.05,1285|Lamp|1,1
5,0.05,1285|Lamp|2,1
5,0.05,1291|People|0,0
5,0.05,1291|Lamp|0,0
5,0.05,1291|Lamp|1,1
5,0.05,1295|People|0,0
5,0.05,1295|People|1,0
5,0.05,1295|People|2,0
5,0.05,1295|Lamp|0,1
5,0.05,1299|People|0,1
5,0.05,1299|People|1,0
5,0.05,1299|People|2,0
5,0.05,1299|Lamp|0,0
5,0.05,2046|People|0,1
5,0.05,2046|People|1,1
5,0.05,2046|Lamp|0,1
5,0.05,2046|Lamp|1,1
5,0.05,2046|Lamp|2,1
5,0.05,2046|Lamp|3,0
5,0.05,2050|People|0,1
5,0.05,2050|People|1,1
5,0.05,2050|Lamp|0,1
5,0.05,2050|Lamp|1,0
5,0.05,2050|Lamp|2,1
5,0.05,2050|Lamp|3,0
5,0.05,2051|People|0,1
5,0.05,2051|People|1,0
5,0.05,2051|Lamp|0,0
5,0.05,2051|Lamp|1,0
5,0.05,2051|Lamp|2,1
5,0.05,2051|Lamp|3,0
5,0.05,2052|People|0,1
5,0.05,2052|People|1,0
5,0.05,2052|Lamp|0,1
5,0.05,2052|Lamp|1,1
5,0.05,2052|Lamp|2,0
5,0.05,2052|Lamp|3,0
5,0.05,2056|People|0,1
5,0.05,2056|People|1,1
5,0.05,2056|Lamp|0,1
5,0.05,2056|Lamp|1,0
5,0.05,2056|Lamp|2,1
5,0.05,2056|Lamp|3,0
5,0.05,2057|People|0,1
5,0.05,2057|People|1,0
5,0.05,2057|Lamp|0,1
5,0.05,2057|Lamp|1,0
5,0.05,2057|Lamp|2,0
5,0.05,2057|Lamp|3,1
5,0.05,2058|People|0,1
5,0.05,2058|People|1,1
5,0.05,2058|Lamp|0,1
5,0.05,2058|Lamp|1,0
5,0.05,2058|Lamp|2,1
5,0.05,2058|Lamp|3,0
5,0.05,2058|Lamp|4,0
5,0.05,2058|Lamp|5,0
5,0.05,2059|People|0,1
5,0.05,2059|People|1,0
5,0.05,2059|Lamp|0,1
5,0.05,2059|Lamp|1,0
5,0.05,2059|Lamp|2,0
5,0.05,2059|Lamp|3,0
5,0.05,2061|People|0,1
5,0.05,2061|People|1,1
5,0.05,2061|Lamp|0,1
5,0.05,2061|Lamp|1,0
5,0.05,2061|Lamp|2,0
5,0.05,2061|Lamp|3,1
5,0.05,2061|Lamp|4,0
5,0.05,2061|Lamp|5,0
5,0.05,2065|People|0,1
5,0.05,2065|People|1,1
5,0.05,2065|Lamp|0,1
5,0.05,2065|Lamp|1,0
5,0.05,2065|Lamp|2,1
5,0.05,2065|Lamp|3,0
5,0.05,2065|Lamp|4,0
5,0.05,2065|Lamp|5,1
5,0.05,2067|People|0,1
5,0.05,2067|People|1,0
5,0.05,2067|Lamp|0,1
5,0.05,2067|Lamp|1,0
5,0.05,2067|Lamp|2,1
5,0.05,2067|Lamp|3,1
5,0.05,2068|People|0,1
5,0.05,2068|People|1,0
5,0.05,2068|Lamp|0,1
5,0.05,2068|Lamp|1,1
5,0.05,2068|Lamp|2,0
5,0.05,2068|Lamp|3,0
5,0.05,2069|People|0,1
5,0.05,2069|People|1,1
5,0.05,2069|Lamp|0,0
5,0.05,2069|Lamp|1,1
5,0.05,2069|Lamp|2,0
5,0.05,2069|Lamp|3,0
5,0.05,2069|Lamp|4,0
5,0.05,2069|Lamp|5,0
5,0.05,2070|People|0,1
5,0.05,2070|People|1,0
5,0.05,2070|Lamp|0,1
5,0.05,2070|Lamp|1,0
5,0.05,2070|Lamp|2,1
5,0.05,2070|Lamp|3,1
5,0.05,2072|People|0,1
5,0.05,2072|People|1,1
5,0.05,2072|Lamp|0,1
5,0.05,2072|Lamp|1,0
5,0.05,2072|Lamp|2,1
5,0.05,2072|Lamp|3,0
5,0.05,2072|Lamp|4,0
5,0.05,2072|Lamp|5,1
5,0.05,2073|People|0,1
5,0.05,2073|People|1,1
5,0.05,2073|Lamp|0,1
5,0.05,2073|Lamp|1,0
5,0.05,2073|Lamp|2,1
5,0.05,2073|Lamp|3,0
5,0.05,2073|Lamp|4,0
5,0.05,2073|Lamp|5,1
5,0.05,2074|People|0,1
5,0.05,2074|People|1,0
5,0.05,2074|Lamp|0,1
5,0.05,2074|Lamp|1,0
5,0.05,2074|Lamp|2,0
5,0.05,2074|Lamp|3,0
5,0.05,2074|Lamp|4,1
5,0.05,2074|Lamp|5,1
5,0.05,2074|Lamp|6,0
5,0.05,2074|Lamp|7,1
5,0.05,2076|People|0,1
5,0.05,2076|People|1,1
5,0.05,2076|Lamp|0,1
5,0.05,2076|Lamp|1,0
5,0.05,2076|Lamp|2,0
5,0.05,2076|Lamp|3,0
5,0.05,2076|Lamp|4,1
5,0.05,2076|Lamp|5,1
5,0.05,2076|Lamp|6,1
5,0.05,2076|Lamp|7,0
5,0.05,2082|People|0,1
5,0.05,2082|People|1,1
5,0.05,2082|Lamp|0,0
5,0.05,2082|Lamp|1,0
5,0.05,2082|Lamp|2,1
5,0.05,2082|Lamp|3,0
5,0.05,2082|Lamp|4,1
5,0.05,2082|Lamp|5,0
5,0.05,2084|People|0,1
5,0.05,2084|People|1,1
5,0.05,2084|Lamp|0,1
5,0.05,2084|Lamp|1,1
5,0.05,2084|Lamp|2,0
5,0.05,2084|Lamp|3,0
5,0.05,2084|Lamp|4,0
5,0.05,2084|Lamp|5,0
5,0.05,2087|People|0,1
5,0.05,2087|People|1,1
5,0.05,2087|Lamp|0,0
5,0.05,2087|Lamp|1,1
5,0.05,2087|Lamp|2,1
5,0.05,2090|People|0,1
5,0.05,2090|People|1,1
5,0.05,2090|Lamp|0,0
5,0.05,2090|Lamp|1,0
5,0.05,2090|Lamp|2,1
5,0.05,2090|Lamp|3,1
5,0.05,2091|People|0,1
5,0.05,2091|People|1,1
5,0.05,2091|Lamp|0,0
5,0.05,2091|Lamp|1,0
5,0.05,2091|Lamp|2,1
5,0.05,2091|Lamp|3,0
5,0.05,2091|Lamp|4,1
5,0.05,2091|Lamp|5,1
5,0.05,2092|People|0,1
5,0.05,2092|People|1,1
5,0.05,2092|Lamp|0,0
5,0.05,2092|Lamp|1,0
5,0.05,2092|Lamp|2,1
5,0.05,2092|Lamp|3,0
5,0.05,2092|Lamp|4,0
5,0.05,2092|Lamp|5,1
5,0.05,2093|People|0,1
5,0.05,2093|People|1,0
5,0.05,2093|Lamp|0,0
5,0.05,2093|Lamp|1,0
5,0.05,2093|Lamp|2,0
5,0.05,2093|Lamp|3,0
5,0.05,2093|Lamp|4,1
5,0.05,2093|Lamp|5,1
5,0.05,2120|People|0,0
5,0.05,2120|People|1,1
5,0.05,2120|People|2,0
5,0.05,2120|Lamp|0,0
5,0.05,2127|People|0,0
5,0.05,2127|People|1,0
5,0.05,2127|People|2,1
5,0.05,2127|Lamp|0,1
5,0.05,2127|Lamp|1,0
5,0.05,2127|Lamp|2,0
5,0.05,2127|Lamp|3,0
5,0.05,2129|People|0,0
5,0.05,2129|People|1,1
5,0.05,2129|People|2,0
5,0.05,2129|Lamp|0,0
5,0.05,2129|Lamp|1,1
5,0.05,2139|People|0,1
5,0.05,2139|Lamp|0,1
5,0.05,2139|Lamp|1,1
5,0.05,2139|Lamp|2,0
5,0.05,2140|People|0,0
5,0.05,2140|Lamp|0,1
5,0.05,2140|Lamp|1,1
5,0.05,2140|Lamp|2,0
5,0.05,2149|People|0,1
5,0.05,2149|Lamp|0,1
5,0.05,2149|Lamp|1,1
5,0.05,2150|People|0,1
5,0.05,2150|Lamp|0,1
5,0.05,2150|Lamp|1,1
5,0.05,2151|People|0,1
5,0.05,2151|Lamp|0,1
5,0.05,2151|Lamp|1,1
5,0.05,2158|People|0,0
5,0.05,2158|Lamp|0,1
5,0.05,2158|Lamp|1,1
5,0.05,2160|People|0,1
5,0.05,2160|Lamp|0,1
5,0.05,2160|Lamp|1,1
5,0.05,2190|People|0,1
5,0.05,2190|People|1,1
5,0.05,2190|People|2,0
5,0.05,2190|Lamp|0,0
5,0.05,2190|Lamp|1,1
5,0.05,2191|People|0,1
5,0.05,2191|People|1,0
5,0.05,2191|People|2,1
5,0.05,2191|Lamp|0,0
5,0.05,2191|Lamp|1,1
5,0.05,2193|People|0,1
5,0.05,2193|People|1,1
5,0.05,2193|People|2,0
5,0.05,2193|Lamp|0,1
5,0.05,2193|Lamp|1,0
5,0.05,2195|People|0,1
5,0.05,2195|People|1,1
5,0.05,2195|People|2,1
5,0.05,2195|Lamp|0,1
5,0.05,2195|Lamp|1,1
5,0.05,2200|People|0,0
5,0.05,2200|Lamp|0,1
5,0.05,2200|Lamp|1,1
5,0.05,2217|People|0,0
5,0.05,2217|Lamp|0,0
5,0.05,2217|Lamp|1,0
5,0.05,2218|People|0,0
5,0.05,2218|Lamp|0,0
5,0.05,2218|Lamp|1,0
5,0.05,2226|People|0,0
5,0.05,2226|Lamp|0,1
5,0.05,2226|Lamp|1,0
5,0.05,2226|Lamp|2,1
5,0.05,2226|Lamp|3,0
5,0.05,2226|Lamp|4,1
5,0.05,2292|People|0,0
5,0.05,2292|Lamp|0,0
5,0.05,2292|Lamp|1,0
5,0.05,2292|Lamp|2,0
5,0.05,2292|Lamp|3,0
5,0.05,2293|People|0,0
5,0.05,2293|Lamp|0,0
5,0.05,2293|Lamp|1,0
5,0.05,2293|Lamp|2,0
5,0.05,2293|Lamp|3,0
5,0.05,2295|People|0,0
5,0.05,2295|Lamp|0,0
5,0.05,2295|Lamp|1,0
5,0.05,2295|Lamp|2,0
5,0.05,2295|Lamp|3,0
5,0.05,2295|Lamp|4,0
5,0.05,2295|Lamp|5,0
5,0.05,2295|Lamp|6,0
5,0.05,2295|Lamp|7,0
5,0.05,2297|People|0,0
5,0.05,2297|Lamp|0,0
5,0.05,2297|Lamp|1,0
5,0.05,2297|Lamp|2,0
5,0.05,2297|Lamp|3,0
5,0.05,2297|Lamp|4,0
5,0.05,2298|People|0,0
5,0.05,2298|Lamp|0,0
5,0.05,2298|Lamp|1,0
5,0.05,2298|Lamp|2,0
5,0.05,2298|Lamp|3,0
5,0.05,2298|Lamp|4,1
5,0.05,2299|People|0,0
5,0.05,2299|Lamp|0,0
5,0.05,2299|Lamp|1,0
5,0.05,2299|Lamp|2,0
5,0.05,2299|Lamp|3,0
5,0.05,2299|Lamp|4,0
5,0.05,2299|Lamp|5,1
5,0.05,2328|People|0,1
5,0.05,2328|People|1,0
5,0.05,2328|People|2,0
5,0.05,2328|Lamp|0,0
5,0.05,2332|People|0,1
5,0.05,2332|People|1,1
5,0.05,2332|People|2,0
5,0.05,2332|People|3,0
5,0.05,2332|Lamp|0,0
5,0.05,2335|People|0,1
5,0.05,2335|People|1,1
5,0.05,2335|People|2,0
5,0.05,2335|People|3,0
5,0.05,2335|Lamp|0,0
5,0.05,2337|People|0,0
5,0.05,2337|People|1,0
5,0.05,2337|Lamp|0,0
5,0.05,2453|People|0,0
5,0.05,2453|People|1,0
5,0.05,2453|Lamp|0,0
5,0.05,2456|People|0,1
5,0.05,2456|Lamp|0,0
5,0.05,2456|Lamp|1,0
5,0.05,2456|Lamp|2,0
5,0.05,2457|People|0,1
5,0.05,2457|Lamp|0,0
5,0.05,2457|Lamp|1,0
5,0.05,2457|Lamp|2,0
5,0.05,2457|Lamp|3,0
5,0.05,2465|People|0,0
5,0.05,2465|Lamp|0,0
5,0.05,2465|Lamp|1,0
5,0.05,2465|Lamp|2,0
5,0.05,2467|People|0,0
5,0.05,2467|Lamp|0,0
5,0.05,2467|Lamp|1,0
5,0.05,2468|People|0,0
5,0.05,2468|People|1,0
5,0.05,2468|Lamp|0,0
5,0.05,2468|Lamp|1,0
5,0.05,2478|People|0,1
5,0.05,2478|People|1,1
5,0.05,2478|People|2,0
5,0.05,2478|People|3,0
5,0.05,2478|Lamp|0,1
5,0.05,2478|Lamp|1,1
5,0.05,2489|People|0,1
5,0.05,2489|People|1,1
5,0.05,2489|People|2,0
5,0.05,2489|People|3,1
5,0.05,2489|People|4,0
5,0.05,2489|People|5,1
5,0.05,2489|Lamp|0,0
5,0.05,2489|Lamp|1,0
5,0.05,2490|People|0,1
5,0.05,2490|People|1,1
5,0.05,2490|People|2,0
5,0.05,2490|People|3,0
5,0.05,2490|People|4,0
5,0.05,2490|Lamp|0,0
5,0.05,2490|Lamp|1,0
5,0.05,2491|People|0,1
5,0.05,2491|People|1,1
5,0.05,2491|People|2,1
5,0.05,2491|People|3,0
5,0.05,2491|People|4,0
5,0.05,2491|Lamp|0,0
5,0.05,2491|Lamp|1,0
5,0.05,2602|People|0,0
5,0.05,2602|Lamp|0,0
5,0.05,2602|Lamp|1,0
5,0.05,2602|Lamp|2,0
5,0.05,2606|People|0,0
5,0.05,2606|Lamp|0,0
5,0.05,2606|Lamp|1,0
5,0.05,2607|People|0,0
5,0.05,2607|Lamp|0,0
5,0.05,2607|Lamp|1,0
5,0.05,2622|People|0,1
5,0.05,2622|People|1,0
5,0.05,2622|People|2,0
5,0.05,2622|Lamp|0,1
5,0.05,2622|Lamp|1,1
5,0.05,2622|Lamp|2,1
5,0.05,2717|People|0,0
5,0.05,2717|People|1,0
5,0.05,2717|People|2,0
5,0.05,2717|Lamp|0,0
5,0.05,2720|People|0,0
5,0.05,2720|People|1,0
5,0.05,2720|People|2,0
5,0.05,2720|Lamp|0,0
5,0.05,2721|People|0,0
5,0.05,2721|People|1,0
5,0.05,2721|Lamp|0,0
5,0.05,2727|People|0,1
5,0.05,2727|People|1,0
5,0.05,2727|People|2,0
5,0.05,2727|People|3,0
5,0.05,2727|Lamp|0,0
5,0.05,2732|People|0,0
5,0.05,2732|People|1,0
5,0.05,2732|Lamp|0,0
5,0.05,2735|People|0,0
5,0.05,2735|People|1,0
5,0.05,2735|Lamp|0,0
5,0.05,2736|People|0,0
5,0.05,2736|People|1,0
5,0.05,2736|Lamp|0,0
5,0.05,2738|People|0,0
5,0.05,2738|People|1,0
5,0.05,2738|People|2,0
5,0.05,2738|Lamp|0,0
5,0.05,2940|People|0,1
5,0.05,2940|Lamp|0,0
5,0.05,2940|Lamp|1,0
5,0.05,2942|People|0,1
5,0.05,2942|Lamp|0,0
5,0.05,2942|Lamp|1,0
5,0.05,2942|Lamp|2,0
5,0.05,2942|Lamp|3,0
5,0.05,2942|Lamp|4,0
5,0.05,2945|People|0,1
5,0.05,2945|Lamp|0,0
5,0.05,2945|Lamp|1,0
5,0.05,2945|Lamp|2,0
5,0.05,2947|People|0,1
5,0.05,2947|Lamp|0,1
5,0.05,2947|Lamp|1,1
5,0.05,2947|Lamp|2,0
5,0.05,2947|Lamp|3,0
5,0.05,2947|Lamp|4,0
5,0.05,2949|People|0,0
5,0.05,2949|Lamp|0,1
5,0.05,2949|Lamp|1,0
5,0.05,2949|Lamp|2,0
5,0.05,2949|Lamp|3,0
5,0.05,2949|Lamp|4,0
5,0.05,2949|Lamp|5,0
5,0.05,2950|People|0,0
5,0.05,2950|People|1,0
5,0.05,2950|Lamp|0,1
5,0.05,2950|Lamp|1,0
5,0.05,2950|Lamp|2,0
5,0.05,2950|Lamp|3,0
5,0.05,2950|Lamp|4,0
5,0.05,2951|People|0,0
5,0.05,2951|Lamp|0,1
5,0.05,2951|Lamp|1,0
5,0.05,2951|Lamp|2,0
5,0.05,2951|Lamp|3,0
5,0.05,2951|Lamp|4,0
5,0.05,2953|People|0,0
5,0.05,2953|Lamp|0,0
5,0.05,2953|Lamp|1,1
5,0.05,2953|Lamp|2,0
5,0.05,2953|Lamp|3,0
5,0.05,2957|People|0,0
5,0.05,2957|Lamp|0,1
5,0.05,2957|Lamp|1,0
5,0.05,2957|Lamp|2,1
5,0.05,2957|Lamp|3,0
5,0.05,2957|Lamp|4,0
5,0.05,2957|Lamp|5,0
5,0.05,3024|People|0,0
5,0.05,3024|Lamp|0,0
5,0.05,3024|Lamp|1,0
5,0.05,3052|People|0,0
5,0.05,3052|Lamp|0,0
5,0.05,3053|People|0,0
5,0.05,3053|People|1,0
5,0.05,3053|Lamp|0,0
5,0.05,3053|Lamp|1,0
5,0.05,3054|People|0,0
5,0.05,3054|People|1,0
5,0.05,3054|People|2,0
5,0.05,3054|Lamp|0,0
5,0.05,3054|Lamp|1,0
5,0.05,3057|People|0,0
5,0.05,3057|People|1,0
5,0.05,3057|Lamp|0,0
5,0.05,3057|Lamp|1,0
5,0.05,3059|People|0,1
5,0.05,3059|People|1,0
5,0.05,3059|People|2,0
5,0.05,3059|Lamp|0,0
5,0.05,3059|Lamp|1,0
5,0.05,3060|People|0,1
5,0.05,3060|People|1,1
5,0.05,3060|People|2,0
5,0.05,3060|People|3,0
5,0.05,3060|Lamp|0,0
5,0.05,3060|Lamp|1,0
5,0.05,3061|People|0,0
5,0.05,3061|People|1,1
5,0.05,3061|People|2,1
5,0.05,3061|People|3,0
5,0.05,3061|Lamp|0,0
5,0.05,3061|Lamp|1,0
5,0.05,3063|People|0,1
5,0.05,3063|People|1,0
5,0.05,3063|Lamp|0,0
5,0.05,3063|Lamp|1,0
5,0.05,3063|Lamp|2,0
5,0.05,3063|Lamp|3,0
5,0.05,3066|People|0,0
5,0.05,3066|Lamp|0,0
5,0.05,3066|Lamp|1,0
5,0.05,3066|Lamp|2,0
5,0.05,3066|Lamp|3,0
5,0.05,3066|Lamp|4,0
5,0.05,3066|Lamp|5,0
5,0.05,3072|People|0,1
5,0.05,3072|People|1,0
5,0.05,3072|People|2,0
5,0.05,3072|People|3,0
5,0.05,3072|People|4,0
5,0.05,3072|People|5,0
5,0.05,3072|People|6,1
5,0.05,3072|People|7,1
5,0.05,3072|Lamp|0,0
5,0.05,3072|Lamp|1,1
5,0.05,3072|Lamp|2,0
5,0.05,3072|Lamp|3,0
5,0.05,3072|Lamp|4,0
5,0.05,3072|Lamp|5,0
5,0.05,3072|Lamp|6,0
5,0.05,3072|Lamp|7,0
5,0.05,3078|People|0,1
5,0.05,3078|People|1,1
5,0.05,3078|People|2,1
5,0.05,3078|People|3,0
5,0.05,3078|People|4,0
5,0.05,3078|People|5,0
5,0.05,3078|People|6,0
5,0.05,3078|Lamp|0,1
5,0.05,3078|Lamp|1,1
5,0.05,3078|Lamp|2,0
5,0.05,3078|Lamp|3,0
5,0.05,3079|People|0,1
5,0.05,3079|People|1,1
5,0.05,3079|People|2,0
5,0.05,3079|People|3,0
5,0.05,3079|Lamp|0,1
5,0.05,3079|Lamp|1,0
5,0.05,3079|Lamp|2,0
5,0.05,3116|People|0,1
5,0.05,3116|Lamp|0,0
5,0.05,3116|Lamp|1,0
5,0.05,3118|People|0,1
5,0.05,3118|Lamp|0,1
5,0.05,3118|Lamp|1,0
5,0.05,3119|People|0,1
5,0.05,3119|Lamp|0,1
5,0.05,3119|Lamp|1,0
5,0.05,3121|People|0,1
5,0.05,3121|Lamp|0,1
5,0.05,3121|Lamp|1,0
5,0.05,3124|People|0,1
5,0.05,3124|Lamp|0,0
5,0.05,3124|Lamp|1,0
5,0.05,3125|People|0,1
5,0.05,3125|Lamp|0,0
5,0.05,3125|Lamp|1,0
5,0.05,3302|People|0,1
5,0.05,3302|Lamp|0,1
5,0.05,3302|Lamp|1,0
5,0.05,3302|Lamp|2,1
5,0.05,3302|Lamp|3,0
5,0.05,3313|People|0,1
5,0.05,3313|People|1,0
5,0.05,3313|Lamp|0,0
5,0.05,3313|Lamp|1,0
5,0.05,3347|People|0,1
5,0.05,3347|People|1,0
5,0.05,3347|People|2,0
5,0.05,3347|Lamp|0,0
5,0.05,3347|Lamp|1,0
5,0.05,3349|People|0,0
5,0.05,3349|People|1,0
5,0.05,3349|People|2,0
5,0.05,3349|Lamp|0,0
5,0.05,3349|Lamp|1,0
5,0.05,3350|People|0,1
5,0.05,3350|People|1,1
5,0.05,3350|People|2,0
5,0.05,3350|People|3,0
5,0.05,3350|People|4,0
5,0.05,3350|Lamp|0,0
5,0.05,3350|Lamp|1,0
5,0.05,3378|People|0,0
5,0.05,3378|People|1,0
5,0.05,3378|People|2,1
5,0.05,3378|People|3,1
5,0.05,3378|Lamp|0,0
5,0.05,3378|Lamp|1,1
5,0.05,3378|Lamp|2,1
5,0.05,3378|Lamp|3,1
5,0.05,3378|Lamp|4,0
5,0.05,3381|People|0,0
5,0.05,3381|People|1,1
5,0.05,3381|People|2,1
5,0.05,3381|People|3,0
5,0.05,3381|People|4,0
5,0.05,3381|Lamp|0,1
5,0.05,3381|Lamp|1,1
5,0.05,3381|Lamp|2,1
5,0.05,3381|Lamp|3,0
5,0.05,3381|Lamp|4,0
5,0.05,3382|People|0,0
5,0.05,3382|People|1,1
5,0.05,3382|People|2,1
5,0.05,3382|Lamp|0,1
5,0.05,3382|Lamp|1,0
5,0.05,3382|Lamp|2,1
5,0.05,3382|Lamp|3,0
5,0.05,3382|Lamp|4,0
5,0.05,3383|People|0,0
5,0.05,3383|People|1,1
5,0.05,3383|People|2,1
5,0.05,3383|Lamp|0,1
5,0.05,3383|Lamp|1,1
5,0.05,3383|Lamp|2,1
5,0.05,3383|Lamp|3,0
5,0.05,3383|Lamp|4,0
5,0.05,3384|People|0,0
5,0.05,3384|People|1,0
5,0.05,3384|People|2,1
5,0.05,3384|People|3,1
5,0.05,3384|Lamp|0,1
5,0.05,3384|Lamp|1,1
5,0.05,3384|Lamp|2,1
5,0.05,3384|Lamp|3,0
5,0.05,3384|Lamp|4,0
5,0.05,3389|People|0,0
5,0.05,3389|People|1,1
5,0.05,3389|People|2,0
5,0.05,3389|People|3,1
5,0.05,3389|Lamp|0,1
5,0.05,3389|Lamp|1,0
5,0.05,3389|Lamp|2,1
5,0.05,3389|Lamp|3,0
5,0.05,3389|Lamp|4,0
5,0.05,3390|People|0,1
5,0.05,3390|People|1,0
5,0.05,3390|People|2,1
5,0.05,3390|People|3,1
5,0.05,3390|Lamp|0,1
5,0.05,3390|Lamp|1,0
5,0.05,3390|Lamp|2,0
5,0.05,3390|Lamp|3,0
5,0.05,3390|Lamp|4,0
5,0.05,3392|People|0,0
5,0.05,3392|People|1,1
5,0.05,3392|People|2,1
5,0.05,3392|People|3,0
5,0.05,3392|People|4,0
5,0.05,3392|People|5,1
5,0.05,3392|Lamp|0,1
5,0.05,3392|Lamp|1,1
5,0.05,3392|Lamp|2,1
5,0.05,3392|Lamp|3,0
5,0.05,3392|Lamp|4,0
5,0.05,3395|People|0,1
5,0.05,3395|People|1,1
5,0.05,3395|People|2,0
5,0.05,3395|People|3,1
5,0.05,3395|People|4,0
5,0.05,3395|People|5,0
5,0.05,3395|People|6,0
5,0.05,3395|People|7,0
5,0.05,3395|Lamp|0,1
5,0.05,3395|Lamp|1,0
5,0.05,3395|Lamp|2,1
5,0.05,3395|Lamp|3,1
5,0.05,3395|Lamp|4,0
5,0.05,3397|People|0,1
5,0.05,3397|People|1,1
5,0.05,3397|People|2,0
5,0.05,3397|People|3,1
5,0.05,3397|People|4,0
5,0.05,3397|People|5,0
5,0.05,3397|People|6,0
5,0.05,3397|Lamp|0,1
5,0.05,3397|Lamp|1,0
5,0.05,3397|Lamp|2,1
5,0.05,3397|Lamp|3,0
5,0.05,3397|Lamp|4,0
5,0.05,3398|People|0,1
5,0.05,3398|People|1,1
5,0.05,3398|People|2,0
5,0.05,3398|People|3,0
5,0.05,3398|People|4,0
5,0.05,3398|People|5,1
5,0.05,3398|Lamp|0,1
5,0.05,3398|Lamp|1,1
5,0.05,3398|Lamp|2,1
5,0.05,3398|Lamp|3,0
5,0.05,3398|Lamp|4,0
5,0.05,3405|People|0,1
5,0.05,3405|People|1,0
5,0.05,3405|People|2,0
5,0.05,3405|Lamp|0,1
5,0.05,3405|Lamp|1,1
5,0.05,3405|Lamp|2,1
5,0.05,3405|Lamp|3,1
5,0.05,3408|People|0,1
5,0.05,3408|People|1,1
5,0.05,3408|People|2,0
5,0.05,3408|People|3,0
5,0.05,3408|Lamp|0,0
5,0.05,3408|Lamp|1,1
5,0.05,3408|Lamp|2,1
5,0.05,3408|Lamp|3,1
5,0.05,3409|People|0,0
5,0.05,3409|People|1,0
5,0.05,3409|Lamp|0,1
5,0.05,3409|Lamp|1,1
5,0.05,3409|Lamp|2,1
5,0.05,3409|Lamp|3,1
5,0.05,3566|People|0,0
5,0.05,3566|Lamp|0,1
5,0.05,3681|People|0,0
5,0.05,3681|Lamp|0,1
5,0.05,3681|Lamp|1,1
5,0.05,3681|Lamp|2,1
5,0.05,3681|Lamp|3,1
5,0.05,3682|People|0,0
5,0.05,3682|Lamp|0,1
5,0.05,3682|Lamp|1,1
5,0.05,3682|Lamp|2,1
5,0.05,3682|Lamp|3,1
5,0.05,3683|People|0,0
5,0.05,3683|Lamp|0,1
5,0.05,3683|Lamp|1,1
5,0.05,3683|Lamp|2,1
5,0.05,3683|Lamp|3,1
5,0.05,3687|People|0,0
5,0.05,3687|People|1,0
5,0.05,3687|People|2,0
5,0.05,3687|Lamp|0,1
5,0.05,3687|Lamp|1,1
5,0.05,3687|Lamp|2,1
5,0.05,3687|Lamp|3,1
5,0.05,3688|People|0,0
5,0.05,3688|People|1,0
5,0.05,3688|People|2,0
5,0.05,3688|Lamp|0,1
5,0.05,3688|Lamp|1,1
5,0.05,3688|Lamp|2,1
5,0.05,3688|Lamp|3,1
5,0.05,3689|People|0,0
5,0.05,3689|Lamp|0,0
5,0.05,3689|Lamp|1,0
5,0.05,3689|Lamp|2,0
5,0.05,3689|Lamp|3,0
5,0.1,63|People|0,1
5,0.1,63|People|1,1
5,0.1,63|People|2,1
5,0.1,63|People|3,1
5,0.1,63|People|4,0
5,0.1,63|Lamp|0,0
5,0.1,64|People|0,0
5,0.1,64|People|1,0
5,0.1,64|People|2,0
5,0.1,64|People|3,1
5,0.1,64|People|4,1
5,0.1,64|People|5,1
5,0.1,64|Lamp|0,0
5,0.1,71|People|0,0
5,0.1,71|People|1,0
5,0.1,71|Lamp|0,0
5,0.1,73|People|0,0
5,0.1,73|People|1,1
5,0.1,73|Lamp|0,0
5,0.1,78|People|0,0
5,0.1,78|People|1,1
5,0.1,78|People|2,1
5,0.1,78|People|3,1
5,0.1,78|People|4,0
5,0.1,78|People|5,0
5,0.1,78|Lamp|0,0
5,0.1,111|People|0,1
5,0.1,111|People|1,1
5,0.1,111|People|2,1
5,0.1,111|People|3,1
5,0.1,111|People|4,0
5,0.1,111|People|5,1
5,0.1,111|People|6,1
5,0.1,111|Lamp|0,1
5,0.1,111|Lamp|1,1
5,0.1,111|Lamp|2,0
5,0.1,111|Lamp|3,1
5,0.1,114|People|0,1
5,0.1,114|People|1,1
5,0.1,114|People|2,1
5,0.1,114|People|3,1
5,0.1,114|People|4,1
5,0.1,114|People|5,0
5,0.1,114|People|6,0
5,0.1,114|Lamp|0,0
5,0.1,114|Lamp|1,1
5,0.1,114|Lamp|2,1
5,0.1,116|People|0,1
5,0.1,116|People|1,1
5,0.1,116|People|2,1
5,0.1,116|People|3,1
5,0.1,116|People|4,1
5,0.1,116|People|5,1
5,0.1,116|People|6,1
5,0.1,116|People|7,0
5,0.1,116|Lamp|0,0
5,0.1,116|Lamp|1,1
5,0.1,116|Lamp|2,1
5,0.1,116|Lamp|3,1
5,0.1,118|People|0,1
5,0.1,118|People|1,1
5,0.1,118|People|2,1
5,0.1,118|People|3,1
5,0.1,118|People|4,1
5,0.1,118|People|5,1
5,0.1,118|People|6,1
5,0.1,118|People|7,1
5,0.1,118|Lamp|0,1
5,0.1,118|Lamp|1,1
5,0.1,118|Lamp|2,1
5,0.1,118|Lamp|3,1
5,0.1,123|People|0,1
5,0.1,123|People|1,1
5,0.1,123|People|2,0
5,0.1,123|People|3,1
5,0.1,123|People|4,1
5,0.1,123|People|5,1
5,0.1,123|People|6,1
5,0.1,123|Lamp|0,1
5,0.1,123|Lamp|1,1
5,0.1,123|Lamp|2,0
5,0.1,123|Lamp|3,0
5,0.1,123|Lamp|4,1
5,0.1,125|People|0,0
5,0.1,125|People|1,1
5,0.1,125|People|2,1
5,0.1,125|People|3,1
5,0.1,125|People|4,1
5,0.1,125|People|5,1
5,0.1,125|People|6,0
5,0.1,125|People|7,0
5,0.1,125|Lamp|0,1
5,0.1,125|Lamp|1,1
5,0.1,125|Lamp|2,1
5,0.1,125|Lamp|3,1
5,0.1,125|Lamp|4,1
5,0.1,126|People|0,0
5,0.1,126|People|1,1
5,0.1,126|People|2,1
5,0.1,126|People|3,0
5,0.1,126|People|4,0
5,0.1,126|People|5,1
5,0.1,126|People|6,0
5,0.1,126|People|7,1
5,0.1,126|People|8,0
5,0.1,126|Lamp|0,1
5,0.1,126|Lamp|1,1
5,0.1,126|Lamp|2,1
5,0.1,126|Lamp|3,1
5,0.1,126|Lamp|4,1
5,0.1,127|People|0,0
5,0.1,127|People|1,0
5,0.1,127|People|2,1
5,0.1,127|People|3,1
5,0.1,127|People|4,0
5,0.1,127|People|5,1
5,0.1,127|People|6,1
5,0.1,127|People|7,1
5,0.1,127|People|8,0
5,0.1,127|People|9,1
5,0.1,127|Lamp|0,1
5,0.1,127|Lamp|1,0
5,0.1,127|Lamp|2,1
5,0.1,127|Lamp|3,1
5,0.1,127|Lamp|4,1
5,0.1,129|People|0,0
5,0.1,129|People|1,1
5,0.1,129|People|2,1
5,0.1,129|People|3,0
5,0.1,129|People|4,0
5,0.1,129|People|5,0
5,0.1,129|People|6,0
5,0.1,129|People|7,1
5,0.1,129|Lamp|0,1
5,0.1,129|Lamp|1,0
5,0.1,129|Lamp|2,1
5,0.1,129|Lamp|3,1
5,0.1,129|Lamp|4,0
5,0.1,130|People|0,0
5,0.1,130|People|1,0
5,0.1,130|People|2,0
5,0.1,130|People|3,1
5,0.1,130|People|4,0
5,0.1,130|People|5,0
5,0.1,130|Lamp|0,0
5,0.1,130|Lamp|1,0
5,0.1,130|Lamp|2,1
5,0.1,130|Lamp|3,0
5,0.1,132|People|0,0
5,0.1,132|People|1,1
5,0.1,132|People|2,0
5,0.1,132|People|3,1
5,0.1,132|People|4,1
5,0.1,132|People|5,1
5,0.1,132|Lamp|0,1
5,0.1,132|Lamp|1,0
5,0.1,132|Lamp|2,0
5,0.1,132|Lamp|3,0
5,0.1,135|People|0,0
5,0.1,135|People|1,0
5,0.1,135|People|2,1
5,0.1,135|People|3,1
5,0.1,135|People|4,0
5,0.1,135|People|5,0
5,0.1,135|People|6,0
5,0.1,135|People|7,0
5,0.1,135|People|8,1
5,0.1,135|People|9,1
5,0.1,135|People|10,0
5,0.1,135|Lamp|0,0
5,0.1,135|Lamp|1,1
5,0.1,135|Lamp|2,0
5,0.1,136|People|0,0
5,0.1,136|People|1,0
5,0.1,136|People|2,1
5,0.1,136|People|3,0
5,0.1,136|People|4,1
5,0.1,136|People|5,1
5,0.1,136|People|6,1
5,0.1,136|People|7,0
5,0.1,136|Lamp|0,1
5,0.1,136|Lamp|1,0
5,0.1,136|Lamp|2,0
5,0.1,138|People|0,0
5,0.1,138|People|1,0
5,0.1,138|People|2,0
5,0.1,138|People|3,0
5,0.1,138|People|4,0
5,0.1,138|People|5,0
5,0.1,138|People|6,0
5,0.1,138|People|7,0
5,0.1,138|People|8,1
5,0.1,138|People|9,0
5,0.1,138|People|10,0
5,0.1,138|Lamp|0,1
5,0.1,138|Lamp|1,0
5,0.1,138|Lamp|2,0
5,0.1,143|People|0,0
5,0.1,143|People|1,0
5,0.1,143|People|2,1
5,0.1,143|People|3,0
5,0.1,143|People|4,0
5,0.1,143|People|5,0
5,0.1,143|People|6,0
5,0.1,143|Lamp|0,1
5,0.1,143|Lamp|1,0
5,0.1,144|People|0,0
5,0.1,144|People|1,1
5,0.1,144|People|2,1
5,0.1,144|People|3,0
5,0.1,144|People|4,0
5,0.1,144|People|5,0
5,0.1,144|People|6,0
5,0.1,144|Lamp|0,1
5,0.1,144|Lamp|1,0
5,0.1,147|People|0,1
5,0.1,147|People|1,0
5,0.1,147|People|2,1
5,0.1,147|People|3,1
5,0.1,147|People|4,0
5,0.1,147|People|5,0
5,0.1,147|People|6,1
5,0.1,147|People|7,0
5,0.1,147|People|8,0
5,0.1,147|People|9,1
5,0.1,147|People|10,0
5,0.1,147|People|11,1
5,0.1,147|Lamp|0,0
5,0.1,186|People|0,0
5,0.1,186|People|1,1
5,0.1,186|People|2,0
5,0.1,186|People|3,0
5,0.1,186|People|4,0
5,0.1,186|People|5,1
5,0.1,186|Lamp|0,1
5,0.1,187|People|0,1
5,0.1,187|People|1,1
5,0.1,187|People|2,0
5,0.1,187|People|3,1
5,0.1,187|People|4,1
5,0.1,187|People|5,0
5,0.1,187|Lamp|0,1
5,0.1,188|People|0,1
5,0.1,188|People|1,1
5,0.1,188|People|2,1
5,0.1,188|People|3,1
5,0.1,188|People|4,0
5,0.1,188|People|5,0
5,0.1,188|Lamp|0,1
5,0.1,191|People|0,1
5,0.1,191|People|1,1
5,0.1,191|People|2,1
5,0.1,191|People|3,1
5,0.1,191|People|4,1
5,0.1,191|People|5,1
5,0.1,191|Lamp|0,1
5,0.1,193|People|0,1
5,0.1,193|People|1,1
5,0.1,193|People|2,1
5,0.1,193|People|3,1
5,0.1,193|People|4,1
5,0.1,193|People|5,1
5,0.1,193|Lamp|0,1
5,0.1,196|People|0,1
5,0.1,196|People|1,0
5,0.1,196|People|2,1
5,0.1,196|People|3,1
5,0.1,196|People|4,1
5,0.1,196|People|5,0
5,0.1,196|People|6,1
5,0.1,196|People|7,1
5,0.1,196|People|8,1
5,0.1,196|Lamp|0,1
5,0.1,196|Lamp|1,1
5,0.1,196|Lamp|2,0
5,0.1,199|People|0,1
5,0.1,199|People|1,1
5,0.1,199|People|2,1
5,0.1,199|People|3,1
5,0.1,199|People|4,1
5,0.1,199|People|5,1
5,0.1,199|People|6,1
5,0.1,199|Lamp|0,1
5,0.1,199|Lamp|1,1
5,0.1,204|People|0,1
5,0.1,204|People|1,1
5,0.1,204|People|2,1
5,0.1,204|People|3,1
5,0.1,204|People|4,1
5,0.1,204|People|5,1
5,0.1,204|People|6,1
5,0.1,204|People|7,1
5,0.1,204|Lamp|0,1
5,0.1,204|Lamp|1,1
5,0.1,204|Lamp|2,1
5,0.1,205|People|0,0
5,0.1,205|People|1,1
5,0.1,205|People|2,1
5,0.1,205|People|3,1
5,0.1,205|People|4,1
5,0.1,205|People|5,1
5,0.1,205|People|6,1
5,0.1,205|People|7,0
5,0.1,205|People|8,1
5,0.1,205|Lamp|0,1
5,0.1,205|Lamp|1,1
5,0.1,205|Lamp|2,0
5,0.1,206|People|0,1
5,0.1,206|People|1,1
5,0.1,206|People|2,1
5,0.1,206|People|3,1
5,0.1,206|People|4,1
5,0.1,206|People|5,0
5,0.1,206|People|6,0
5,0.1,206|People|7,0
5,0.1,206|Lamp|0,1
5,0.1,209|People|0,1
5,0.1,209|Lamp|0,1
5,0.1,210|People|0,1
5,0.1,210|People|1,1
5,0.1,210|People|2,0
5,0.1,210|Lamp|0,1
5,0.1,213|People|0,1
5,0.1,213|People|1,1
5,0.1,213|People|2,1
5,0.1,213|People|3,0
5,0.1,213|People|4,0
5,0.1,213|People|5,0
5,0.1,213|People|6,0
5,0.1,213|People|7,0
5,0.1,213|Lamp|0,1
5,0.1,213|Lamp|1,1
5,0.1,213|Lamp|2,0
5,0.1,217|People|0,0
5,0.1,217|People|1,0
5,0.1,217|Lamp|0,0
5,0.1,222|People|0,1
5,0.1,222|People|1,1
5,0.1,222|People|2,0
5,0.1,222|People|3,1
5,0.1,222|People|4,1
5,0.1,222|People|5,1
5,0.1,222|People|6,1
5,0.1,222|People|7,0
5,0.1,222|People|8,1
5,0.1,222|Lamp|0,0
5,0.1,222|Lamp|1,0
5,0.1,222|Lamp|2,1
5,0.1,222|Lamp|3,1
5,0.1,222|Lamp|4,1
5,0.1,222|Lamp|5,1
5,0.1,222|Lamp|6,0
5,0.1,231|People|0,0
5,0.1,231|People|1,1
5,0.1,231|People|2,1
5,0.1,231|People|3,1
5,0.1,231|People|4,1
5,0.1,231|People|5,1
5,0.1,231|People|6,1
5,0.1,231|People|7,1
5,0.1,231|People|8,1
5,0.1,231|People|9,1
5,0.1,231|People|10,0
5,0.1,231|People|11,0
5,0.1,231|Lamp|0,0
5,0.1,231|Lamp|1,1
5,0.1,231|Lamp|2,1
5,0.1,231|Lamp|3,1
5,0.1,231|Lamp|4,1
5,0.1,232|People|0,0
5,0.1,232|People|1,0
5,0.1,232|People|2,0
5,0.1,232|People|3,0
5,0.1,232|People|4,0
5,0.1,232|People|5,1
5,0.1,232|People|6,1
5,0.1,232|People|7,1
5,0.1,232|People|8,1
5,0.1,232|People|9,0
5,0.1,232|People|10,0
5,0.1,232|People|11,0
5,0.1,232|Lamp|0,1
5,0.1,232|Lamp|1,0
5,0.1,232|Lamp|2,1
5,0.1,232|Lamp|3,1
5,0.1,232|Lamp|4,0
5,0.1,232|Lamp|5,0
5,0.1,240|People|0,1
5,0.1,240|People|1,0
5,0.1,240|People|2,1
5,0.1,240|People|3,1
5,0.1,240|People|4,1
5,0.1,240|People|5,1
5,0.1,240|People|6,0
5,0.1,240|Lamp|0,0
5,0.1,240|Lamp|1,0
5,0.1,240|Lamp|2,1
5,0.1,240|Lamp|3,0
5,0.1,240|Lamp|4,0
5,0.1,388|People|0,1
5,0.1,388|People|1,1
5,0.1,388|People|2,1
5,0.1,388|People|3,1
5,0.1,388|People|4,1
5,0.1,388|People|5,1
5,0.1,388|People|6,1
5,0.1,388|People|7,1
5,0.1,388|People|8,1
5,0.1,388|People|9,1
5,0.1,388|Lamp|0,1
5,0.1,389|People|0,1
5,0.1,389|People|1,1
5,0.1,389|People|2,0
5,0.1,389|People|3,1
5,0.1,389|People|4,1
5,0.1,389|People|5,1
5,0.1,389|People|6,1
5,0.1,389|People|7,1
5,0.1,389|People|8,1
5,0.1,389|People|9,1
5,0.1,389|Lamp|0,0
5,0.1,389|Lamp|1,1
5,0.1,392|People|0,1
5,0.1,392|People|1,0
5,0.1,392|People|2,0
5,0.1,392|People|3,1
5,0.1,392|Lamp|0,1
5,0.1,392|Lamp|1,1
5,0.1,394|People|0,1
5,0.1,394|People|1,1
5,0.1,394|People|2,1
5,0.1,394|People|3,1
5,0.1,394|People|4,1
5,0.1,394|People|5,1
5,0.1,394|Lamp|0,1
5,0.1,394|Lamp|1,1
5,0.1,395|People|0,0
5,0.1,395|People|1,0
5,0.1,395|People|2,1
5,0.1,395|People|3,1
5,0.1,395|People|4,1
5,0.1,395|People|5,1
5,0.1,395|People|6,1
5,0.1,395|Lamp|0,1
5,0.1,395|Lamp|1,1
5,0.1,396|People|0,0
5,0.1,396|People|1,0
5,0.1,396|People|2,1
5,0.1,396|People|3,0
5,0.1,396|People|4,1
5,0.1,396|People|5,1
5,0.1,396|Lamp|0,1
5,0.1,396|Lamp|1,1
5,0.1,409|People|0,1
5,0.1,409|People|1,1
5,0.1,409|People|2,0
5,0.1,409|People|3,1
5,0.1,409|People|4,0
5,0.1,409|Lamp|0,0
5,0.1,410|People|0,1
5,0.1,410|People|1,0
5,0.1,410|People|2,0
5,0.1,410|People|3,1
5,0.1,410|People|4,0
5,0.1,410|People|5,1
5,0.1,410|Lamp|0,1
5,0.1,413|People|0,1
5,0.1,413|People|1,1
5,0.1,413|People|2,1
5,0.1,413|People|3,0
5,0.1,413|People|4,1
5,0.1,413|People|5,0
5,0.1,413|Lamp|0,0
5,0.1,419|People|0,0
5,0.1,419|People|1,0
5,0.1,419|Lamp|0,1
5,0.1,419|Lamp|1,1
5,0.1,422|People|0,1
5,0.1,422|People|1,1
5,0.1,422|People|2,1
5,0.1,422|People|3,1
5,0.1,422|People|4,1
5,0.1,422|Lamp|0,0
5,0.1,425|People|0,0
5,0.1,425|People|1,1
5,0.1,425|People|2,1
5,0.1,425|People|3,1
5,0.1,425|People|4,0
5,0.1,425|People|5,1
5,0.1,425|People|6,1
5,0.1,425|People|7,0
5,0.1,425|Lamp|0,0
5,0.1,427|People|0,0
5,0.1,427|People|1,0
5,0.1,427|People|2,0
5,0.1,427|People|3,1
5,0.1,427|People|4,1
5,0.1,427|People|5,0
5,0.1,427|People|6,1
5,0.1,427|People|7,1
5,0.1,427|Lamp|0,0
5,0.1,428|People|0,0
5,0.1,428|People|1,0
5,0.1,428|People|2,1
5,0.1,428|People|3,1
5,0.1,428|People|4,1
5,0.1,428|People|5,1
5,0.1,428|People|6,1
5,0.1,428|Lamp|0,0
5,0.1,438|People|0,1
5,0.1,438|People|1,1
5,0.1,438|People|2,0
5,0.1,438|People|3,0
5,0.1,438|People|4,0
5,0.1,438|Lamp|0,1
5,0.1,438|Lamp|1,1
5,0.1,438|Lamp|2,1
5,0.1,438|Lamp|3,1
5,0.1,440|People|0,1
5,0.1,440|People|1,1
5,0.1,440|People|2,0
5,0.1,440|People|3,0
5,0.1,440|People|4,0
5,0.1,440|People|5,0
5,0.1,440|People|6,0
5,0.1,440|Lamp|0,1
5,0.1,440|Lamp|1,1
5,0.1,440|Lamp|2,1
5,0.1,440|Lamp|3,1
5,0.1,442|People|0,1
5,0.1,442|People|1,1
5,0.1,442|People|2,0
5,0.1,442|People|3,0
5,0.1,442|People|4,0
5,0.1,442|People|5,1
5,0.1,442|People|6,1
5,0.1,442|People|7,1
5,0.1,442|Lamp|0,1
5,0.1,442|Lamp|1,1
5,0.1,442|Lamp|2,1
5,0.1,442|Lamp|3,1
5,0.1,444|People|0,1
5,0.1,444|People|1,1
5,0.1,444|People|2,0
5,0.1,444|People|3,0
5,0.1,444|People|4,0
5,0.1,444|People|5,0
5,0.1,444|Lamp|0,1
5,0.1,444|Lamp|1,1
5,0.1,444|Lamp|2,1
5,0.1,444|Lamp|3,1
5,0.1,448|People|0,1
5,0.1,448|People|1,1
5,0.1,448|People|2,1
5,0.1,448|People|3,0
5,0.1,448|People|4,0
5,0.1,448|People|5,0
5,0.1,448|People|6,0
5,0.1,448|Lamp|0,1
5,0.1,448|Lamp|1,1
5,0.1,448|Lamp|2,0
5,0.1,448|Lamp|3,1
5,0.1,448|Lamp|4,0
5,0.1,448|Lamp|5,0
5,0.1,449|People|0,1
5,0.1,449|People|1,1
5,0.1,449|People|2,1
5,0.1,449|People|3,0
5,0.1,449|People|4,0
5,0.1,449|People|5,0
5,0.1,449|Lamp|0,0
5,0.1,449|Lamp|1,1
5,0.1,449|Lamp|2,1
5,0.1,449|Lamp|3,0
5,0.1,449|Lamp|4,1
5,0.1,452|People|0,1
5,0.1,452|People|1,1
5,0.1,452|Lamp|0,1
5,0.1,452|Lamp|1,0
5,0.1,452|Lamp|2,1
5,0.1,453|People|0,1
5,0.1,453|Lamp|0,1
5,0.1,453|Lamp|1,1
5,0.1,453|Lamp|2,0
5,0.1,453|Lamp|3,1
5,0.1,459|People|0,0
5,0.1,459|People|1,0
5,0.1,459|People|2,1
5,0.1,459|People|3,1
5,0.1,459|People|4,1
5,0.1,459|People|5,1
5,0.1,459|Lamp|0,0
5,0.1,459|Lamp|1,0
5,0.1,459|Lamp|2,0
5,0.1,462|People|0,1
5,0.1,462|People|1,1
5,0.1,462|People|2,1
5,0.1,462|People|3,1
5,0.1,462|People|4,1
5,0.1,462|People|5,1
5,0.1,462|People|6,1
5,0.1,462|Lamp|0,1
5,0.1,462|Lamp|1,0
5,0.1,466|People|0,1
5,0.1,466|People|1,1
5,0.1,466|People|2,1
5,0.1,466|People|3,1
5,0.1,466|People|4,1
5,0.1,466|People|5,1
5,0.1,466|Lamp|0,1
5,0.1,466|Lamp|1,0
5,0.1,468|People|0,1
5,0.1,468|People|1,1
5,0.1,468|People|2,1
5,0.1,468|People|3,1
5,0.1,468|People|4,1
5,0.1,468|People|5,1
5,0.1,468|People|6,1
5,0.1,468|Lamp|0,1
5,0.1,468|Lamp|1,0
5,0.1,470|People|0,1
5,0.1,470|People|1,0
5,0.1,470|Lamp|0,1
5,0.1,476|People|0,0
5,0.1,476|People|1,1
5,0.1,476|Lamp|0,0
5,0.1,478|People|0,0
5,0.1,478|Lamp|0,0
5,0.1,479|People|0,1
5,0.1,479|Lamp|0,1
5,0.1,480|People|0,1
5,0.1,480|People|1,0
5,0.1,480|People|2,0
5,0.1,480|Lamp|0,0
5,0.1,486|People|0,1
5,0.1,486|People|1,0
5,0.1,486|People|2,1
5,0.1,486|People|3,0
5,0.1,486|People|4,1
5,0.1,486|People|5,1
5,0.1,486|People|6,0
5,0.1,486|Lamp|0,0
5,0.1,489|People|0,1
5,0.1,489|People|1,0
5,0.1,489|People|2,1
5,0.1,489|People|3,1
5,0.1,489|People|4,0
5,0.1,489|People|5,0
5,0.1,489|People|6,0
5,0.1,489|People|7,0
5,0.1,489|People|8,0
5,0.1,489|People|9,0
5,0.1,489|Lamp|0,1
5,0.1,489|Lamp|1,0
5,0.1,493|People|0,0
5,0.1,493|People|1,1
5,0.1,493|People|2,1
5,0.1,493|People|3,1
5,0.1,493|People|4,1
5,0.1,493|People|5,1
5,0.1,493|People|6,1
5,0.1,493|People|7,0
5,0.1,493|Lamp|0,0
5,0.1,494|People|0,1
5,0.1,494|People|1,0
5,0.1,494|People|2,0
5,0.1,494|People|3,0
5,0.1,494|People|4,0
5,0.1,494|Lamp|0,1
5,0.1,494|Lamp|1,1
5,0.1,494|Lamp|2,1
5,0.1,503|People|0,0
5,0.1,503|People|1,0
5,0.1,503|Lamp|0,1
5,0.1,503|Lamp|1,1
5,0.1,505|People|0,0
5,0.1,505|People|1,0
5,0.1,505|People|2,0
5,0.1,505|People|3,0
5,0.1,505|People|4,1
5,0.1,505|Lamp|0,1
5,0.1,507|People|0,1
5,0.1,507|People|1,0
5,0.1,507|People|2,0
5,0.1,507|People|3,0
5,0.1,507|People|4,0
5,0.1,507|People|5,1
5,0.1,507|People|6,1
5,0.1,507|Lamp|0,1
5,0.1,1190|People|0,0
5,0.1,1190|People|1,0
5,0.1,1190|People|2,0
5,0.1,1190|People|3,0
5,0.1,1190|People|4,0
5,0.1,1190|People|5,0
5,0.1,1190|People|6,1
5,0.1,1190|People|7,0
5,0.1,1190|Lamp|0,1
5,0.1,1196|People|0,1
5,0.1,1196|People|1,0
5,0.1,1196|Lamp|0,1
5,0.1,1199|People|0,0
5,0.1,1199|People|1,0
5,0.1,1199|People|2,0
5,0.1,1199|Lamp|0,1
5,0.1,1200|People|0,0
5,0.1,1200|People|1,1
5,0.1,1200|Lamp|0,1
5,0.1,1204|People|0,1
5,0.1,1204|People|1,1
5,0.1,1204|People|2,0
5,0.1,1204|People|3,0
5,0.1,1204|Lamp|0,0
5,0.1,1206|People|0,1
5,0.1,1206|People|1,1
5,0.1,1206|People|2,0
5,0.1,1206|Lamp|0,0
5,0.1,1207|People|0,1
5,0.1,1207|People|1,1
5,0.1,1207|People|2,0
5,0.1,1207|Lamp|0,0
5,0.1,1211|People|0,1
5,0.1,1211|People|1,1
5,0.1,1211|People|2,0
5,0.1,1211|People|3,0
5,0.1,1211|Lamp|0,0
5,0.1,1213|People|0,1
5,0.1,1213|People|1,1
5,0.1,1213|Lamp|0,0
5,0.1,1216|People|0,1
5,0.1,1216|People|1,1
5,0.1,1216|Lamp|0,0
5,0.1,1218|People|0,1
5,0.1,1218|People|1,1
5,0.1,1218|Lamp|0,0
5,0.1,1219|People|0,0
5,0.1,1219|People|1,0
5,0.1,1219|People|2,0
5,0.1,1219|People|3,0
5,0.1,1219|Lamp|0,1
5,0.1,1219|Lamp|1,1
5,0.1,1221|People|0,1
5,0.1,1221|People|1,1
5,0.1,1221|People|2,0
5,0.1,1221|Lamp|0,0
5,0.1,1222|People|0,1
5,0.1,1222|People|1,1
5,0.1,1222|People|2,0
5,0.1,1222|Lamp|0,0
5,0.1,1225|People|0,0
5,0.1,1225|People|1,0
5,0.1,1225|People|2,0
5,0.1,1225|People|3,0
5,0.1,1225|People|4,0
5,0.1,1225|People|5,0
5,0.1,1225|People|6,0
5,0.1,1225|Lamp|0,1
5,0.1,1225|Lamp|1,1
5,0.1,1226|People|0,0
5,0.1,1226|People|1,0
5,0.1,1226|People|2,0
5,0.1,1226|People|3,0
5,0.1,1226|People|4,0
5,0.1,1226|Lamp|0,0
5,0.1,1226|Lamp|1,1
5,0.1,1226|Lamp|2,0
5,0.1,1228|People|0,0
5,0.1,1228|Lamp|0,1
5,0.1,1266|People|0,0
5,0.1,1266|People|1,0
5,0.1,1266|Lamp|0,1
5,0.1,1266|Lamp|1,0
5,0.1,1268|People|0,1
5,0.1,1268|Lamp|0,1
5,0.1,1268|Lamp|1,0
5,0.1,1268|Lamp|2,0
5,0.1,1268|Lamp|3,0
5,0.1,1273|People|0,0
5,0.1,1273|Lamp|0,1
5,0.1,1273|Lamp|1,0
5,0.1,1274|People|0,0
5,0.1,1274|Lamp|0,0
5,0.1,1274|Lamp|1,1
5,0.1,1274|Lamp|2,0
5,0.1,1285|People|0,1
5,0.1,1285|Lamp|0,1
5,0.1,1285|Lamp|1,1
5,0.1,1285|Lamp|2,1
5,0.1,1291|People|0,0
5,0.1,1291|Lamp|0,0
5,0.1,1291|Lamp|1,1
5,0.1,1295|People|0,0
5,0.1,1295|People|1,0
5,0.1,1295|People|2,0
5,0.1,1295|Lamp|0,1
5,0.1,1299|People|0,1
5,0.1,1299|People|1,0
5,0.1,1299|People|2,0
5,0.1,1299|Lamp|0,0
5,0.1,2046|People|0,1
5,0.1,2046|People|1,1
5,0.1,2046|Lamp|0,1
5,0.1,2046|Lamp|1,1
5,0.1,2046|Lamp|2,1
5,0.1,2046|Lamp|3,0
5,0.1,2050|People|0,1
5,0.1,2050|People|1,0
5,0.1,2050|Lamp|0,1
5,0.1,2050|Lamp|1,0
5,0.1,2050|Lamp|2,1
5,0.1,2050|Lamp|3,0
5,0.1,2051|People|0,1
5,0.1,2051|People|1,0
5,0.1,2051|Lamp|0,0
5,0.1,2051|Lamp|1,0
5,0.1,2051|Lamp|2,1
5,0.1,2051|Lamp|3,0
5,0.1,2052|People|0,1
5,0.1,2052|People|1,0
5,0.1,2052|Lamp|0,1
5,0.1,2052|Lamp|1,1
5,0.1,2052|Lamp|2,0
5,0.1,2052|Lamp|3,0
5,0.1,2056|People|0,1
5,0.1,2056|People|1,1
5,0.1,2056|Lamp|0,1
5,0.1,2056|Lamp|1,0
5,0.1,2056|Lamp|2,1
5,0.1,2056|Lamp|3,0
5,0.1,2057|People|0,1
5,0.1,2057|People|1,0
5,0.1,2057|Lamp|0,1
5,0.1,2057|Lamp|1,0
5,0.1,2057|Lamp|2,0
5,0.1,2057|Lamp|3,1
5,0.1,2058|People|0,1
5,0.1,2058|People|1,1
5,0.1,2058|Lamp|0,1
5,0.1,2058|Lamp|1,0
5,0.1,2058|Lamp|2,1
5,0.1,2058|Lamp|3,0
5,0.1,2058|Lamp|4,0
5,0.1,2058|Lamp|5,0
5,0.1,2059|People|0,1
5,0.1,2059|People|1,0
5,0.1,2059|Lamp|0,1
5,0.1,2059|Lamp|1,0
5,0.1,2059|Lamp|2,0
5,0.1,2059|Lamp|3,0
5,0.1,2061|People|0,1
5,0.1,2061|People|1,1
5,0.1,2061|Lamp|0,1
5,0.1,2061|Lamp|1,0
5,0.1,2061|Lamp|2,0
5,0.1,2061|Lamp|3,1
5,0.1,2061|Lamp|4,0
5,0.1,2061|Lamp|5,0
5,0.1,2065|People|0,1
5,0.1,2065|People|1,1
5,0.1,2065|Lamp|0,1
5,0.1,2065|Lamp|1,0
5,0.1,2065|Lamp|2,1
5,0.1,2065|Lamp|3,0
5,0.1,2065|Lamp|4,0
5,0.1,2065|Lamp|5,1
5,0.1,2067|People|0,1
5,0.1,2067|People|1,0
5,0.1,2067|Lamp|0,1
5,0.1,2067|Lamp|1,0
5,0.1,2067|Lamp|2,0
5,0.1,2067|Lamp|3,1
5,0.1,2068|People|0,1
5,0.1,2068|People|1,0
5,0.1,2068|Lamp|0,1
5,0.1,2068|Lamp|1,1
5,0.1,2068|Lamp|2,0
5,0.1,2068|Lamp|3,0
5,0.1,2069|People|0,1
5,0.1,2069|People|1,1
5,0.1,2069|Lamp|0,1
5,0.1,2069|Lamp|1,1
5,0.1,2069|Lamp|2,0
5,0.1,2069|Lamp|3,0
5,0.1,2069|Lamp|4,0
5,0.1,2069|Lamp|5,0
5,0.1,2070|People|0,1
5,0.1,2070|People|1,0
5,0.1,2070|Lamp|0,1
5,0.1,2070|Lamp|1,0
5,0.1,2070|Lamp|2,1
5,0.1,2070|Lamp|3,1
5,0.1,2072|People|0,1
5,0.1,2072|People|1,1
5,0.1,2072|Lamp|0,1
5,0.1,2072|Lamp|1,0
5,0.1,2072|Lamp|2,1
5,0.1,2072|Lamp|3,0
5,0.1,2072|Lamp|4,0
5,0.1,2072|Lamp|5,1
5,0.1,2073|People|0,1
5,0.1,2073|People|1,0
5,0.1,2073|Lamp|0,1
5,0.1,2073|Lamp|1,0
5,0.1,2073|Lamp|2,1
5,0.1,2073|Lamp|3,0
5,0.1,2073|Lamp|4,0
5,0.1,2073|Lamp|5,1
5,0.1,2074|People|0,1
5,0.1,2074|People|1,0
5,0.1,2074|Lamp|0,1
5,0.1,2074|Lamp|1,0
5,0.1,2074|Lamp|2,0
5,0.1,2074|Lamp|3,0
5,0.1,2074|Lamp|4,1
5,0.1,2074|Lamp|5,1
5,0.1,2074|Lamp|6,0
5,0.1,2074|Lamp|7,1
5,0.1,2076|People|0,1
5,0.1,2076|People|1,1
5,0.1,2076|Lamp|0,1
5,0.1,2076|Lamp|1,0
5,0.1,2076|Lamp|2,0
5,0.1,2076|Lamp|3,0
5,0.1,2076|Lamp|4,1
5,0.1,2076|Lamp|5,1
5,0.1,2076|Lamp|6,1
5,0.1,2076|Lamp|7,0
5,0.1,2082|People|0,1
5,0.1,2082|People|1,1
5,0.1,2082|Lamp|0,0
5,0.1,2082|Lamp|1,0
5,0.1,2082|Lamp|2,1
5,0.1,2082|Lamp|3,0
5,0.1,2082|Lamp|4,1
5,0.1,2082|Lamp|5,0
5,0.1,2084|People|0,1
5,0.1,2084|People|1,1
5,0.1,2084|Lamp|0,1
5,0.1,2084|Lamp|1,1
5,0.1,2084|Lamp|2,0
5,0.1,2084|Lamp|3,0
5,0.1,2084|Lamp|4,0
5,0.1,2084|Lamp|5,0
5,0.1,2087|People|0,1
5,0.1,2087|People|1,1
5,0.1,2087|Lamp|0,0
5,0.1,2087|Lamp|1,1
5,0.1,2087|Lamp|2,1
5,0.1,2090|People|0,1
5,0.1,2090|People|1,1
5,0.1,2090|Lamp|0,0
5,0.1,2090|Lamp|1,0
5,0.1,2090|Lamp|2,1
5,0.1,2090|Lamp|3,1
5,0.1,2091|People|0,1
5,0.1,2091|People|1,1
5,0.1,2091|Lamp|0,0
5,0.1,2091|Lamp|1,0
5,0.1,2091|Lamp|2,1
5,0.1,2091|Lamp|3,0
5,0.1,2091|Lamp|4,0
5,0.1,2091|Lamp|5,1
5,0.1,2092|People|0,1
5,0.1,2092|People|1,1
5,0.1,2092|Lamp|0,0
5,0.1,2092|Lamp|1,0
5,0.1,2092|Lamp|2,1
5,0.1,2092|Lamp|3,0
5,0.1,2092|Lamp|4,0
5,0.1,2092|Lamp|5,1
5,0.1,2093|People|0,1
5,0.1,2093|People|1,0
5,0.1,2093|Lamp|0,0
5,0.1,2093|Lamp|1,0
5,0.1,2093|Lamp|2,0
5,0.1,2093|Lamp|3,0
5,0.1,2093|Lamp|4,1
5,0.1,2093|Lamp|5,1
5,0.1,2120|People|0,0
5,0.1,2120|People|1,1
5,0.1,2120|People|2,0
5,0.1,2120|Lamp|0,0
5,0.1,2127|People|0,0
5,0.1,2127|People|1,0
5,0.1,2127|People|2,1
5,0.1,2127|Lamp|0,1
5,0.1,2127|Lamp|1,0
5,0.1,2127|Lamp|2,0
5,0.1,2127|Lamp|3,0
5,0.1,2129|People|0,0
5,0.1,2129|People|1,1
5,0.1,2129|People|2,0
5,0.1,2129|Lamp|0,0
5,0.1,2129|Lamp|1,1
5,0.1,2139|People|0,1
5,0.1,2139|Lamp|0,1
5,0.1,2139|Lamp|1,1
5,0.1,2139|Lamp|2,0
5,0.1,2140|People|0,0
5,0.1,2140|Lamp|0,1
5,0.1,2140|Lamp|1,1
5,0.1,2140|Lamp|2,0
5,0.1,2149|People|0,1
5,0.1,2149|Lamp|0,1
5,0.1,2149|Lamp|1,1
5,0.1,2150|People|0,1
5,0.1,2150|Lamp|0,1
5,0.1,2150|Lamp|1,1
5,0.1,2151|People|0,1
5,0.1,2151|Lamp|0,1
5,0.1,2151|Lamp|1,1
5,0.1,2158|People|0,0
5,0.1,2158|Lamp|0,1
5,0.1,2158|Lamp|1,1
5,0.1,2160|People|0,1
5,0.1,2160|Lamp|0,1
5,0.1,2160|Lamp|1,1
5,0.1,2190|People|0,1
5,0.1,2190|People|1,0
5,0.1,2190|People|2,0
5,0.1,2190|Lamp|0,0
5,0.1,2190|Lamp|1,1
5,0.1,2191|People|0,1
5,0.1,2191|People|1,0
5,0.1,2191|People|2,1
5,0.1,2191|Lamp|0,0
5,0.1,2191|Lamp|1,1
5,0.1,2193|People|0,1
5,0.1,2193|People|1,1
5,0.1,2193|People|2,0
5,0.1,2193|Lamp|0,1
5,0.1,2193|Lamp|1,1
5,0.1,2195|People|0,1
5,0.1,2195|People|1,1
5,0.1,2195|People|2,1
5,0.1,2195|Lamp|0,1
5,0.1,2195|Lamp|1,1
5,0.1,2200|People|0,0
5,0.1,2200|Lamp|0,1
5,0.1,2200|Lamp|1,1
5,0.1,2217|People|0,0
5,0.1,2217|Lamp|0,0
5,0.1,2217|Lamp|1,0
5,0.1,2218|People|0,0
5,0.1,2218|Lamp|0,0
5,0.1,2218|Lamp|1,0
5,0.1,2226|People|0,0
5,0.1,2226|Lamp|0,1
5,0.1,2226|Lamp|1,0
5,0.1,2226|Lamp|2,1
5,0.1,2226|Lamp|3,0
5,0.1,2226|Lamp|4,1
5,0.1,2292|People|0,0
5,0.1,2292|Lamp|0,0
5,0.1,2292|Lamp|1,0
5,0.1,2292|Lamp|2,0
5,0.1,2292|Lamp|3,0
5,0.1,2293|People|0,0
5,0.1,2293|Lamp|0,0
5,0.1,2293|Lamp|1,0
5,0.1,2293|Lamp|2,0
5,0.1,2293|Lamp|3,0
5,0.1,2295|People|0,0
5,0.1,2295|Lamp|0,0
5,0.1,2295|Lamp|1,0
5,0.1,2295|Lamp|2,0
5,0.1,2295|Lamp|3,0
5,0.1,2295|Lamp|4,0
5,0.1,2295|Lamp|5,0
5,0.1,2295|Lamp|6,0
5,0.1,2295|Lamp|7,0
5,0.1,2297|People|0,0
5,0.1,2297|Lamp|0,0
5,0.1,2297|Lamp|1,0
5,0.1,2297|Lamp|2,0
5,0.1,2297|Lamp|3,0
5,0.1,2297|Lamp|4,0
5,0.1,2298|People|0,0
5,0.1,2298|Lamp|0,0
5,0.1,2298|Lamp|1,0
5,0.1,2298|Lamp|2,0
5,0.1,2298|Lamp|3,0
5,0.1,2298|Lamp|4,1
5,0.1,2299|People|0,0
5,0.1,2299|Lamp|0,0
5,0.1,2299|Lamp|1,0
5,0.1,2299|Lamp|2,0
5,0.1,2299|Lamp|3,0
5,0.1,2299|Lamp|4,0
5,0.1,2299|Lamp|5,1
5,0.1,2328|People|0,1
5,0.1,2328|People|1,0
5,0.1,2328|People|2,0
5,0.1,2328|Lamp|0,0
5,0.1,2332|People|0,1
5,0.1,2332|People|1,1
5,0.1,2332|People|2,0
5,0.1,2332|People|3,0
5,0.1,2332|Lamp|0,0
5,0.1,2335|People|0,1
5,0.1,2335|People|1,1
5,0.1,2335|People|2,0
5,0.1,2335|People|3,0
5,0.1,2335|Lamp|0,0
5,0.1,2337|People|0,0
5,0.1,2337|People|1,0
5,0.1,2337|Lamp|0,0
5,0.1,2453|People|0,0
5,0.1,2453|People|1,0
5,0.1,2453|Lamp|0,0
5,0.1,2456|People|0,1
5,0.1,2456|Lamp|0,0
5,0.1,2456|Lamp|1,0
5,0.1,2456|Lamp|2,0
5,0.1,2457|People|0,1
5,0.1,2457|Lamp|0,0
5,0.1,2457|Lamp|1,0
5,0.1,2457|Lamp|2,0
5,0.1,2457|Lamp|3,0
5,0.1,2465|People|0,0
5,0.1,2465|Lamp|0,0
5,0.1,2465|Lamp|1,0
5,0.1,2465|Lamp|2,0
5,0.1,2467|People|0,0
5,0.1,2467|Lamp|0,0
5,0.1,2467|Lamp|1,0
5,0.1,2468|People|0,0
5,0.1,2468|People|1,0
5,0.1,2468|Lamp|0,0
5,0.1,2468|Lamp|1,0
5,0.1,2478|People|0,1
5,0.1,2478|People|1,1
5,0.1,2478|People|2,0
5,0.1,2478|People|3,0
5,0.1,2478|Lamp|0,1
5,0.1,2478|Lamp|1,1
5,0.1,2489|People|0,0
5,0.1,2489|People|1,1
5,0.1,2489|People|2,0
5,0.1,2489|People|3,1
5,0.1,2489|People|4,0
5,0.1,2489|People|5,1
5,0.1,2489|Lamp|0,0
5,0.1,2489|Lamp|1,0
5,0.1,2490|People|0,0
5,0.1,2490|People|1,1
5,0.1,2490|People|2,0
5,0.1,2490|People|3,0
5,0.1,2490|People|4,0
5,0.1,2490|Lamp|0,0
5,0.1,2490|Lamp|1,0
5,0.1,2491|People|0,1
5,0.1,2491|People|1,1
5,0.1,2491|People|2,1
5,0.1,2491|People|3,0
5,0.1,2491|People|4,0
5,0.1,2491|Lamp|0,0
5,0.1,2491|Lamp|1,0
5,0.1,2602|People|0,0
5,0.1,2602|Lamp|0,0
5,0.1,2602|Lamp|1,0
5,0.1,2602|Lamp|2,0
5,0.1,2606|People|0,0
5,0.1,2606|Lamp|0,0
5,0.1,2606|Lamp|1,0
5,0.1,2607|People|0,0
5,0.1,2607|Lamp|0,0
5,0.1,2607|Lamp|1,0
5,0.1,2622|People|0,1
5,0.1,2622|People|1,0
5,0.1,2622|People|2,0
5,0.1,2622|Lamp|0,1
5,0.1,2622|Lamp|1,1
5,0.1,2622|Lamp|2,1
5,0.1,2717|People|0,0
5,0.1,2717|People|1,0
5,0.1,2717|People|2,0
5,0.1,2717|Lamp|0,0
5,0.1,2720|People|0,0
5,0.1,2720|People|1,0
5,0.1,2720|People|2,0
5,0.1,2720|Lamp|0,0
5,0.1,2721|People|0,0
5,0.1,2721|People|1,0
5,0.1,2721|Lamp|0,0
5,0.1,2727|People|0,1
5,0.1,2727|People|1,0
5,0.1,2727|People|2,0
5,0.1,2727|People|3,0
5,0.1,2727|Lamp|0,0
5,0.1,2732|People|0,0
5,0.1,2732|People|1,0
5,0.1,2732|Lamp|0,0
5,0.1,2735|People|0,0
5,0.1,2735|People|1,0
5,0.1,2735|Lamp|0,0
5,0.1,2736|People|0,0
5,0.1,2736|People|1,0
5,0.1,2736|Lamp|0,0
5,0.1,2738|People|0,0
5,0.1,2738|People|1,0
5,0.1,2738|People|2,0
5,0.1,2738|Lamp|0,0
5,0.1,2940|People|0,1
5,0.1,2940|Lamp|0,0
5,0.1,2940|Lamp|1,0
5,0.1,2942|People|0,1
5,0.1,2942|Lamp|0,0
5,0.1,2942|Lamp|1,0
5,0.1,2942|Lamp|2,0
5,0.1,2942|Lamp|3,0
5,0.1,2942|Lamp|4,0
5,0.1,2945|People|0,1
5,0.1,2945|Lamp|0,0
5,0.1,2945|Lamp|1,0
5,0.1,2945|Lamp|2,0
5,0.1,2947|People|0,1
5,0.1,2947|Lamp|0,1
5,0.1,2947|Lamp|1,1
5,0.1,2947|Lamp|2,0
5,0.1,2947|Lamp|3,0
5,0.1,2947|Lamp|4,0
5,0.1,2949|People|0,0
5,0.1,2949|Lamp|0,1
5,0.1,2949|Lamp|1,0
5,0.1,2949|Lamp|2,0
5,0.1,2949|Lamp|3,0
5,0.1,2949|Lamp|4,0
5,0.1,2949|Lamp|5,0
5,0.1,2950|People|0,0
5,0.1,2950|People|1,0
5,0.1,2950|Lamp|0,1
5,0.1,2950|Lamp|1,0
5,0.1,2950|Lamp|2,0
5,0.1,2950|Lamp|3,0
5,0.1,2950|Lamp|4,0
5,0.1,2951|People|0,0
5,0.1,2951|Lamp|0,1
5,0.1,2951|Lamp|1,0
5,0.1,2951|Lamp|2,0
5,0.1,2951|Lamp|3,0
5,0.1,2951|Lamp|4,0
5,0.1,2953|People|0,0
5,0.1,2953|Lamp|0,0
5,0.1,2953|Lamp|1,1
5,0.1,2953|Lamp|2,0
5,0.1,2953|Lamp|3,0
5,0.1,2957|People|0,0
5,0.1,2957|Lamp|0,1
5,0.1,2957|Lamp|1,0
5,0.1,2957|Lamp|2,1
5,0.1,2957|Lamp|3,0
5,0.1,2957|Lamp|4,0
5,0.1,2957|Lamp|5,0
5,0.1,3024|People|0,0
5,0.1,3024|Lamp|0,0
5,0.1,3024|Lamp|1,0
5,0.1,3052|People|0,0
5,0.1,3052|Lamp|0,0
5,0.1,3053|People|0,0
5,0.1,3053|People|1,0
5,0.1,3053|Lamp|0,0
5,0.1,3053|Lamp|1,0
5,0.1,3054|People|0,0
5,0.1,3054|People|1,0
5,0.1,3054|People|2,0
5,0.1,3054|Lamp|0,0
5,0.1,3054|Lamp|1,0
5,0.1,3057|People|0,0
5,0.1,3057|People|1,0
5,0.1,3057|Lamp|0,0
5,0.1,3057|Lamp|1,0
5,0.1,3059|People|0,1
5,0.1,3059|People|1,0
5,0.1,3059|People|2,0
5,0.1,3059|Lamp|0,0
5,0.1,3059|Lamp|1,0
5,0.1,3060|People|0,1
5,0.1,3060|People|1,1
5,0.1,3060|People|2,0
5,0.1,3060|People|3,0
5,0.1,3060|Lamp|0,0
5,0.1,3060|Lamp|1,0
5,0.1,3061|People|0,0
5,0.1,3061|People|1,1
5,0.1,3061|People|2,1
5,0.1,3061|People|3,0
5,0.1,3061|Lamp|0,0
5,0.1,3061|Lamp|1,0
5,0.1,3063|People|0,1
5,0.1,3063|People|1,0
5,0.1,3063|Lamp|0,0
5,0.1,3063|Lamp|1,0
5,0.1,3063|Lamp|2,0
5,0.1,3063|Lamp|3,0
5,0.1,3066|People|0,0
5,0.1,3066|Lamp|0,0
5,0.1,3066|Lamp|1,0
5,0.1,3066|Lamp|2,0
5,0.1,3066|Lamp|3,0
5,0.1,3066|Lamp|4,0
5,0.1,3066|Lamp|5,0
5,0.1,3072|People|0,1
5,0.1,3072|People|1,0
5,0.1,3072|People|2,0
5,0.1,3072|People|3,0
5,0.1,3072|People|4,0
5,0.1,3072|People|5,0
5,0.1,3072|People|6,1
5,0.1,3072|People|7,1
5,0.1,3072|Lamp|0,0
5,0.1,3072|Lamp|1,1
5,0.1,3072|Lamp|2,0
5,0.1,3072|Lamp|3,0
5,0.1,3072|Lamp|4,0
5,0.1,3072|Lamp|5,0
5,0.1,3072|Lamp|6,0
5,0.1,3072|Lamp|7,0
5,0.1,3078|People|0,1
5,0.1,3078|People|1,1
5,0.1,3078|People|2,1
5,0.1,3078|People|3,1
5,0.1,3078|People|4,0
5,0.1,3078|People|5,0
5,0.1,3078|People|6,0
5,0.1,3078|Lamp|0,1
5,0.1,3078|Lamp|1,1
5,0.1,3078|Lamp|2,0
5,0.1,3078|Lamp|3,0
5,0.1,3079|People|0,1
5,0.1,3079|People|1,1
5,0.1,3079|People|2,0
5,0.1,3079|People|3,0
5,0.1,3079|Lamp|0,1
5,0.1,3079|Lamp|1,0
5,0.1,3079|Lamp|2,0
5,0.1,3116|People|0,1
5,0.1,3116|Lamp|0,0
5,0.1,3116|Lamp|1,0
5,0.1,3118|People|0,1
5,0.1,3118|Lamp|0,1
5,0.1,3118|Lamp|1,0
5,0.1,3119|People|0,1
5,0.1,3119|Lamp|0,1
5,0.1,3119|Lamp|1,0
5,0.1,3121|People|0,1
5,0.1,3121|Lamp|0,1
5,0.1,3121|Lamp|1,0
5,0.1,3124|People|0,1
5,0.1,3124|Lamp|0,0
5,0.1,3124|Lamp|1,0
5,0.1,3125|People|0,1
5,0.1,3125|Lamp|0,0
5,0.1,3125|Lamp|1,0
5,0.1,3302|People|0,1
5,0.1,3302|Lamp|0,1
5,0.1,3302|Lamp|1,0
5,0.1,3302|Lamp|2,1
5,0.1,3302|Lamp|3,0
5,0.1,3313|People|0,1
5,0.1,3313|People|1,0
5,0.1,3313|Lamp|0,0
5,0.1,3313|Lamp|1,0
5,0.1,3347|People|0,1
5,0.1,3347|People|1,0
5,0.1,3347|People|2,0
5,0.1,3347|Lamp|0,0
5,0.1,3347|Lamp|1,0
5,0.1,3349|People|0,0
5,0.1,3349|People|1,0
5,0.1,3349|People|2,0
5,0.1,3349|Lamp|0,0
5,0.1,3349|Lamp|1,0
5,0.1,3350|People|0,1
5,0.1,3350|People|1,1
5,0.1,3350|People|2,0
5,0.1,3350|People|3,0
5,0.1,3350|People|4,0
5,0.1,3350|Lamp|0,0
5,0.1,3350|Lamp|1,0
5,0.1,3378|People|0,0
5,0.1,3378|People|1,0
5,0.1,3378|People|2,1
5,0.1,3378|People|3,0
5,0.1,3378|Lamp|0,0
5,0.1,3378|Lamp|1,1
5,0.1,3378|Lamp|2,1
5,0.1,3378|Lamp|3,1
5,0.1,3378|Lamp|4,0
5,0.1,3381|People|0,0
5,0.1,3381|People|1,1
5,0.1,3381|People|2,1
5,0.1,3381|People|3,0
5,0.1,3381|People|4,0
5,0.1,3381|Lamp|0,1
5,0.1,3381|Lamp|1,1
5,0.1,3381|Lamp|2,1
5,0.1,3381|Lamp|3,0
5,0.1,3381|Lamp|4,0
5,0.1,3382|People|0,0
5,0.1,3382|People|1,1
5,0.1,3382|People|2,1
5,0.1,3382|Lamp|0,1
5,0.1,3382|Lamp|1,0
5,0.1,3382|Lamp|2,1
5,0.1,3382|Lamp|3,0
5,0.1,3382|Lamp|4,0
5,0.1,3383|People|0,0
5,0.1,3383|People|1,1
5,0.1,3383|People|2,1
5,0.1,3383|Lamp|0,1
5,0.1,3383|Lamp|1,1
5,0.1,3383|Lamp|2,1
5,0.1,3383|Lamp|3,0
5,0.1,3383|Lamp|4,0
5,0.1,3384|People|0,0
5,0.1,3384|People|1,0
5,0.1,3384|People|2,1
5,0.1,3384|People|3,1
5,0.1,3384|Lamp|0,1
5,0.1,3384|Lamp|1,1
5,0.1,3384|Lamp|2,1
5,0.1,3384|Lamp|3,0
5,0.1,3384|Lamp|4,0
5,0.1,3389|People|0,0
5,0.1,3389|People|1,1
5,0.1,3389|People|2,0
5,0.1,3389|People|3,1
5,0.1,3389|Lamp|0,1
5,0.1,3389|Lamp|1,1
5,0.1,3389|Lamp|2,1
5,0.1,3389|Lamp|3,0
5,0.1,3389|Lamp|4,0
5,0.1,3390|People|0,1
5,0.1,3390|People|1,0
5,0.1,3390|People|2,1
5,0.1,3390|People|3,1
5,0.1,3390|Lamp|0,1
5,0.1,3390|Lamp|1,0
5,0.1,3390|Lamp|2,0
5,0.1,3390|Lamp|3,0
5,0.1,3390|Lamp|4,0
5,0.1,3392|People|0,0
5,0.1,3392|People|1,1
5,0.1,3392|People|2,1
5,0.1,3392|People|3,0
5,0.1,3392|People|4,0
5,0.1,3392|People|5,1
5,0.1,3392|Lamp|0,1
5,0.1,3392|Lamp|1,0
5,0.1,3392|Lamp|2,1
5,0.1,3392|Lamp|3,0
5,0.1,3392|Lamp|4,0
5,0.1,3395|People|0,1
5,0.1,3395|People|1,1
5,0.1,3395|People|2,0
5,0.1,3395|People|3,1
5,0.1,3395|People|4,0
5,0.1,3395|People|5,0
5,0.1,3395|People|6,0
5,0.1,3395|People|7,0
5,0.1,3395|Lamp|0,1
5,0.1,3395|Lamp|1,0
5,0.1,3395|Lamp|2,1
5,0.1,3395|Lamp|3,1
5,0.1,3395|Lamp|4,0
5,0.1,3397|People|0,1
5,0.1,3397|People|1,1
5,0.1,3397|People|2,0
5,0.1,3397|People|3,1
5,0.1,3397|People|4,0
5,0.1,3397|People|5,0
5,0.1,3397|People|6,0
5,0.1,3397|Lamp|0,1
5,0.1,3397|Lamp|1,1
5,0.1,3397|Lamp|2,1
5,0.1,3397|Lamp|3,0
5,0.1,3397|Lamp|4,0
5,0.1,3398|People|0,1
5,0.1,3398|People|1,1
5,0.1,3398|People|2,0
5,0.1,3398|People|3,0
5,0.1,3398|People|4,0
5,0.1,3398|People|5,1
5,0.1,3398|Lamp|0,1
5,0.1,3398|Lamp|1,1
5,0.1,3398|Lamp|2,1
5,0.1,3398|Lamp|3,0
5,0.1,3398|Lamp|4,0
5,0.1,3405|People|0,1
5,0.1,3405|People|1,0
5,0.1,3405|People|2,0
5,0.1,3405|Lamp|0,1
5,0.1,3405|Lamp|1,1
5,0.1,3405|Lamp|2,1
5,0.1,3405|Lamp|3,1
5,0.1,3408|People|0,1
5,0.1,3408|People|1,1
5,0.1,3408|People|2,0
5,0.1,3408|People|3,0
5,0.1,3408|Lamp|0,0
5,0.1,3408|Lamp|1,1
5,0.1,3408|Lamp|2,1
5,0.1,3408|Lamp|3,1
5,0.1,3409|People|0,0
5,0.1,3409|People|1,0
5,0.1,3409|Lamp|0,1
5,0.1,3409|Lamp|1,1
5,0.1,3409|Lamp|2,1
5,0.1,3409|Lamp|3,1
5,0.1,3566|People|0,0
5,0.1,3566|Lamp|0,1
5,0.1,3681|People|0,0
5,0.1,3681|Lamp|0,1
5,0.1,3681|Lamp|1,1
5,0.1,3681|Lamp|2,1
5,0.1,3681|Lamp|3,1
5,0.1,3682|People|0,0
5,0.1,3682|Lamp|0,1
5,0.1,3682|Lamp|1,1
5,0.1,3682|Lamp|2,1
5,0.1,3682|Lamp|3,1
5,0.1,3683|People|0,0
5,0.1,3683|Lamp|0,1
5,0.1,3683|Lamp|1,1
5,0.1,3683|Lamp|2,1
5,0.1,3683|Lamp|3,1
5,0.1,3687|People|0,0
5,0.1,3687|People|1,0
5,0.1,3687|People|2,0
5,0.1,3687|Lamp|0,1
5,0.1,3687|Lamp|1,1
5,0.1,3687|Lamp|2,1
5,0.1,3687|Lamp|3,1
5,0.1,3688|People|0,0
5,0.1,3688|People|1,0
5,0.1,3688|People|2,0
5,0.1,3688|Lamp|0,1
5,0.1,3688|Lamp|1,1
5,0.1,3688|Lamp|2,1
5,0.1,3688|Lamp|3,1
5,0.1,3689|People|0,0
5,0.1,3689|Lamp|0,0
5,0.1,3689|Lamp|1,0
5,0.1,3689|Lamp|2,0
5,0.1,3689|Lamp|3,0
5,0.15,63|People|0,1
5,0.15,63|People|1,1
5,0.15,63|People|2,1
5,0.15,63|People|3,1
5,0.15,63|People|4,0
5,0.15,63|Lamp|0,0
5,0.15,64|People|0,0
5,0.15,64|People|1,0
5,0.15,64|People|2,0
5,0.15,64|People|3,1
5,0.15,64|People|4,1
5,0.15,64|People|5,1
5,0.15,64|Lamp|0,0
5,0.15,71|People|0,0
5,0.15,71|People|1,0
5,0.15,71|Lamp|0,0
5,0.15,73|People|0,0
5,0.15,73|People|1,0
5,0.15,73|Lamp|0,0
5,0.15,78|People|0,0
5,0.15,78|People|1,1
5,0.15,78|People|2,1
5,0.15,78|People|3,1
5,0.15,78|People|4,0
5,0.15,78|People|5,0
5,0.15,78|Lamp|0,0
5,0.15,111|People|0,1
5,0.15,111|People|1,1
5,0.15,111|People|2,1
5,0.15,111|People|3,1
5,0.15,111|People|4,0
5,0.15,111|People|5,1
5,0.15,111|People|6,1
5,0.15,111|Lamp|0,1
5,0.15,111|Lamp|1,1
5,0.15,111|Lamp|2,0
5,0.15,111|Lamp|3,1
5,0.15,114|People|0,1
5,0.15,114|People|1,1
5,0.15,114|People|2,1
5,0.15,114|People|3,1
5,0.15,114|People|4,1
5,0.15,114|People|5,0
5,0.15,114|People|6,0
5,0.15,114|Lamp|0,0
5,0.15,114|Lamp|1,1
5,0.15,114|Lamp|2,1
5,0.15,116|People|0,1
5,0.15,116|People|1,1
5,0.15,116|People|2,1
5,0.15,116|People|3,1
5,0.15,116|People|4,1
5,0.15,116|People|5,1
5,0.15,116|People|6,1
5,0.15,116|People|7,0
5,0.15,116|Lamp|0,0
5,0.15,116|Lamp|1,1
5,0.15,116|Lamp|2,1
5,0.15,116|Lamp|3,1
5,0.15,118|People|0,1
5,0.15,118|People|1,1
5,0.15,118|People|2,1
5,0.15,118|People|3,1
5,0.15,118|People|4,1
5,0.15,118|People|5,0
5,0.15,118|People|6,1
5,0.15,118|People|7,1
5,0.15,118|Lamp|0,1
5,0.15,118|Lamp|1,1
5,0.15,118|Lamp|2,1
5,0.15,118|Lamp|3,1
5,0.15,123|People|0,1
5,0.15,123|People|1,1
5,0.15,123|People|2,0
5,0.15,123|People|3,1
5,0.15,123|People|4,1
5,0.15,123|People|5,1
5,0.15,123|People|6,1
5,0.15,123|Lamp|0,1
5,0.15,123|Lamp|1,1
5,0.15,123|Lamp|2,0
5,0.15,123|Lamp|3,0
5,0.15,123|Lamp|4,1
5,0.15,125|People|0,0
5,0.15,125|People|1,1
5,0.15,125|People|2,1
5,0.15,125|People|3,1
5,0.15,125|People|4,1
5,0.15,125|People|5,1
5,0.15,125|People|6,0
5,0.15,125|People|7,0
5,0.15,125|Lamp|0,1
5,0.15,125|Lamp|1,1
5,0.15,125|Lamp|2,1
5,0.15,125|Lamp|3,1
5,0.15,125|Lamp|4,1
5,0.15,126|People|0,0
5,0.15,126|People|1,0
5,0.15,126|People|2,1
5,0.15,126|People|3,0
5,0.15,126|People|4,0
5,0.15,126|People|5,1
5,0.15,126|People|6,0
5,0.15,126|People|7,1
5,0.15,126|People|8,0
5,0.15,126|Lamp|0,1
5,0.15,126|Lamp|1,1
5,0.15,126|Lamp|2,1
5,0.15,126|Lamp|3,1
5,0.15,126|Lamp|4,1
5,0.15,127|People|0,0
5,0.15,127|People|1,0
5,0.15,127|People|2,1
5,0.15,127|People|3,1
5,0.15,127|People|4,0
5,0.15,127|People|5,1
5,0.15,127|People|6,1
5,0.15,127|People|7,1
5,0.15,127|People|8,0
5,0.15,127|People|9,1
5,0.15,127|Lamp|0,1
5,0.15,127|Lamp|1,0
5,0.15,127|Lamp|2,1
5,0.15,127|Lamp|3,1
5,0.15,127|Lamp|4,1
5,0.15,129|People|0,0
5,0.15,129|People|1,1
5,0.15,129|People|2,1
5,0.15,129|People|3,0
5,0.15,129|People|4,0
5,0.15,129|People|5,0
5,0.15,129|People|6,0
5,0.15,129|People|7,1
5,0.15,129|Lamp|0,1
5,0.15,129|Lamp|1,0
5,0.15,129|Lamp|2,1
5,0.15,129|Lamp|3,1
5,0.15,129|Lamp|4,1
5,0.15,130|People|0,0
5,0.15,130|People|1,0
5,0.15,130|People|2,0
5,0.15,130|People|3,1
5,0.15,130|People|4,0
5,0.15,130|People|5,0
5,0.15,130|Lamp|0,0
5,0.15,130|Lamp|1,1
5,0.15,130|Lamp|2,0
5,0.15,130|Lamp|3,0
5,0.15,132|People|0,0
5,0.15,132|People|1,1
5,0.15,132|People|2,0
5,0.15,132|People|3,1
5,0.15,132|People|4,1
5,0.15,132|People|5,1
5,0.15,132|Lamp|0,1
5,0.15,132|Lamp|1,0
5,0.15,132|Lamp|2,0
5,0.15,132|Lamp|3,0
5,0.15,135|People|0,0
5,0.15,135|People|1,0
5,0.15,135|People|2,1
5,0.15,135|People|3,1
5,0.15,135|People|4,0
5,0.15,135|People|5,0
5,0.15,135|People|6,0
5,0.15,135|People|7,0
5,0.15,135|People|8,1
5,0.15,135|People|9,1
5,0.15,135|People|10,0
5,0.15,135|Lamp|0,0
5,0.15,135|Lamp|1,1
5,0.15,135|Lamp|2,0
5,0.15,136|People|0,0
5,0.15,136|People|1,0
5,0.15,136|People|2,1
5,0.15,136|People|3,0
5,0.15,136|People|4,1
5,0.15,136|People|5,1
5,0.15,136|People|6,1
5,0.15,136|People|7,0
5,0.15,136|Lamp|0,1
5,0.15,136|Lamp|1,0
5,0.15,136|Lamp|2,0
5,0.15,138|People|0,0
5,0.15,138|People|1,0
5,0.15,138|People|2,0
5,0.15,138|People|3,0
5,0.15,138|People|4,0
5,0.15,138|People|5,0
5,0.15,138|People|6,0
5,0.15,138|People|7,0
5,0.15,138|People|8,1
5,0.15,138|People|9,1
5,0.15,138|People|10,0
5,0.15,138|Lamp|0,1
5,0.15,138|Lamp|1,0
5,0.15,138|Lamp|2,0
5,0.15,143|People|0,0
5,0.15,143|People|1,0
5,0.15,143|People|2,1
5,0.15,143|People|3,0
5,0.15,143|People|4,0
5,0.15,143|People|5,0
5,0.15,143|People|6,0
5,0.15,143|Lamp|0,1
5,0.15,143|Lamp|1,0
5,0.15,144|People|0,0
5,0.15,144|People|1,1
5,0.15,144|People|2,1
5,0.15,144|People|3,0
5,0.15,144|People|4,0
5,0.15,144|People|5,0
5,0.15,144|People|6,0
5,0.15,144|Lamp|0,1
5,0.15,144|Lamp|1,0
5,0.15,147|People|0,1
5,0.15,147|People|1,0
5,0.15,147|People|2,1
5,0.15,147|People|3,1
5,0.15,147|People|4,0
5,0.15,147|People|5,0
5,0.15,147|People|6,1
5,0.15,147|People|7,0
5,0.15,147|People|8,0
5,0.15,147|People|9,1
5,0.15,147|People|10,0
5,0.15,147|People|11,0
5,0.15,147|Lamp|0,0
5,0.15,186|People|0,0
5,0.15,186|People|1,1
5,0.15,186|People|2,0
5,0.15,186|People|3,0
5,0.15,186|People|4,0
5,0.15,186|People|5,1
5,0.15,186|Lamp|0,1
5,0.15,187|People|0,0
5,0.15,187|People|1,1
5,0.15,187|People|2,0
5,0.15,187|People|3,1
5,0.15,187|People|4,1
5,0.15,187|People|5,0
5,0.15,187|Lamp|0,1
5,0.15,188|People|0,1
5,0.15,188|People|1,1
5,0.15,188|People|2,1
5,0.15,188|People|3,1
5,0.15,188|People|4,0
5,0.15,188|People|5,0
5,0.15,188|Lamp|0,1
5,0.15,191|People|0,1
5,0.15,191|People|1,1
5,0.15,191|People|2,1
5,0.15,191|People|3,1
5,0.15,191|People|4,1
5,0.15,191|People|5,1
5,0.15,191|Lamp|0,1
5,0.15,193|People|0,1
5,0.15,193|People|1,1
5,0.15,193|People|2,1
5,0.15,193|People|3,1
5,0.15,193|People|4,1
5,0.15,193|People|5,1
5,0.15,193|Lamp|0,1
5,0.15,196|People|0,1
5,0.15,196|People|1,0
5,0.15,196|People|2,1
5,0.15,196|People|3,1
5,0.15,196|People|4,1
5,0.15,196|People|5,0
5,0.15,196|People|6,1
5,0.15,196|People|7,1
5,0.15,196|People|8,1
5,0.15,196|Lamp|0,1
5,0.15,196|Lamp|1,1
5,0.15,196|Lamp|2,0
5,0.15,199|People|0,1
5,0.15,199|People|1,1
5,0.15,199|People|2,1
5,0.15,199|People|3,1
5,0.15,199|People|4,1
5,0.15,199|People|5,1
5,0.15,199|People|6,1
5,0.15,199|Lamp|0,1
5,0.15,199|Lamp|1,1
5,0.15,204|People|0,1
5,0.15,204|People|1,1
5,0.15,204|People|2,1
5,0.15,204|People|3,1
5,0.15,204|People|4,1
5,0.15,204|People|5,1
5,0.15,204|People|6,1
5,0.15,204|People|7,1
5,0.15,204|Lamp|0,1
5,0.15,204|Lamp|1,1
5,0.15,204|Lamp|2,0
5,0.15,205|People|0,0
5,0.15,205|People|1,1
5,0.15,205|People|2,1
5,0.15,205|People|3,1
5,0.15,205|People|4,1
5,0.15,205|People|5,1
5,0.15,205|People|6,1
5,0.15,205|People|7,0
5,0.15,205|People|8,1
5,0.15,205|Lamp|0,1
5,0.15,205|Lamp|1,1
5,0.15,205|Lamp|2,0
5,0.15,206|People|0,1
5,0.15,206|People|1,1
5,0.15,206|People|2,1
5,0.15,206|People|3,1
5,0.15,206|People|4,0
5,0.15,206|People|5,0
5,0.15,206|People|6,0
5,0.15,206|People|7,0
5,0.15,206|Lamp|0,1
5,0.15,209|People|0,1
5,0.15,209|Lamp|0,1
5,0.15,210|People|0,1
5,0.15,210|People|1,1
5,0.15,210|People|2,0
5,0.15,210|Lamp|0,1
5,0.15,213|People|0,1
5,0.15,213|People|1,1
5,0.15,213|People|2,1
5,0.15,213|People|3,0
5,0.15,213|People|4,0
5,0.15,213|People|5,0
5,0.15,213|People|6,0
5,0.15,213|People|7,0
5,0.15,213|Lamp|0,1
5,0.15,213|Lamp|1,1
5,0.15,213|Lamp|2,0
5,0.15,217|People|0,0
5,0.15,217|People|1,0
5,0.15,217|Lamp|0,0
5,0.15,222|People|0,1
5,0.15,222|People|1,1
5,0.15,222|People|2,0
5,0.15,222|People|3,1
5,0.15,222|People|4,1
5,0.15,222|People|5,1
5,0.15,222|People|6,1
5,0.15,222|People|7,0
5,0.15,222|People|8,1
5,0.15,222|Lamp|0,0
5,0.15,222|Lamp|1,0
5,0.15,222|Lamp|2,1
5,0.15,222|Lamp|3,1
5,0.15,222|Lamp|4,0
5,0.15,222|Lamp|5,1
5,0.15,222|Lamp|6,0
5,0.15,231|People|0,0
5,0.15,231|People|1,1
5,0.15,231|People|2,1
5,0.15,231|People|3,1
5,0.15,231|People|4,1
5,0.15,231|People|5,0
5,0.15,231|People|6,1
5,0.15,231|People|7,1
5,0.15,231|People|8,1
5,0.15,231|People|9,1
5,0.15,231|People|10,0
5,0.15,231|People|11,0
5,0.15,231|Lamp|0,0
5,0.15,231|Lamp|1,0
5,0.15,231|Lamp|2,1
5,0.15,231|Lamp|3,1
5,0.15,231|Lamp|4,1
5,0.15,232|People|0,0
5,0.15,232|People|1,0
5,0.15,232|People|2,0
5,0.15,232|People|3,0
5,0.15,232|People|4,0
5,0.15,232|People|5,1
5,0.15,232|People|6,1
5,0.15,232|People|7,1
5,0.15,232|People|8,1
5,0.15,232|People|9,0
5,0.15,232|People|10,0
5,0.15,232|People|11,0
5,0.15,232|Lamp|0,1
5,0.15,232|Lamp|1,0
5,0.15,232|Lamp|2,1
5,0.15,232|Lamp|3,1
5,0.15,232|Lamp|4,0
5,0.15,232|Lamp|5,0
5,0.15,240|People|0,1
5,0.15,240|People|1,0
5,0.15,240|People|2,1
5,0.15,240|People|3,1
5,0.15,240|People|4,1
5,0.15,240|People|5,1
5,0.15,240|People|6,0
5,0.15,240|Lamp|0,0
5,0.15,240|Lamp|1,0
5,0.15,240|Lamp|2,1
5,0.15,240|Lamp|3,0
5,0.15,240|Lamp|4,0
5,0.15,388|People|0,1
5,0.15,388|People|1,1
5,0.15,388|People|2,1
5,0.15,388|People|3,1
5,0.15,388|People|4,1
5,0.15,388|People|5,1
5,0.15,388|People|6,1
5,0.15,388|People|7,1
5,0.15,388|People|8,1
5,0.15,388|People|9,1
5,0.15,388|Lamp|0,1
5,0.15,389|People|0,1
5,0.15,389|People|1,1
5,0.15,389|People|2,0
5,0.15,389|People|3,1
5,0.15,389|People|4,1
5,0.15,389|People|5,1
5,0.15,389|People|6,1
5,0.15,389|People|7,1
5,0.15,389|People|8,1
5,0.15,389|People|9,1
5,0.15,389|Lamp|0,0
5,0.15,389|Lamp|1,1
5,0.15,392|People|0,1
5,0.15,392|People|1,0
5,0.15,392|People|2,0
5,0.15,392|People|3,1
5,0.15,392|Lamp|0,1
5,0.15,392|Lamp|1,1
5,0.15,394|People|0,1
5,0.15,394|People|1,1
5,0.15,394|People|2,1
5,0.15,394|People|3,1
5,0.15,394|People|4,1
5,0.15,394|People|5,1
5,0.15,394|Lamp|0,1
5,0.15,394|Lamp|1,1
5,0.15,395|People|0,0
5,0.15,395|People|1,0
5,0.15,395|People|2,1
5,0.15,395|People|3,1
5,0.15,395|People|4,1
5,0.15,395|People|5,1
5,0.15,395|People|6,1
5,0.15,395|Lamp|0,1
5,0.15,395|Lamp|1,1
5,0.15,396|People|0,0
5,0.15,396|People|1,0
5,0.15,396|People|2,1
5,0.15,396|People|3,0
5,0.15,396|People|4,1
5,0.15,396|People|5,1
5,0.15,396|Lamp|0,1
5,0.15,396|Lamp|1,1
5,0.15,409|People|0,1
5,0.15,409|People|1,1
5,0.15,409|People|2,0
5,0.15,409|People|3,1
5,0.15,409|People|4,0
5,0.15,409|Lamp|0,0
5,0.15,410|People|0,1
5,0.15,410|People|1,0
5,0.15,410|People|2,0
5,0.15,410|People|3,0
5,0.15,410|People|4,0
5,0.15,410|People|5,1
5,0.15,410|Lamp|0,1
5,0.15,413|People|0,1
5,0.15,413|People|1,1
5,0.15,413|People|2,1
5,0.15,413|People|3,0
5,0.15,413|People|4,1
5,0.15,413|People|5,0
5,0.15,413|Lamp|0,0
5,0.15,419|People|0,0
5,0.15,419|People|1,0
5,0.15,419|Lamp|0,1
5,0.15,419|Lamp|1,1
5,0.15,422|People|0,1
5,0.15,422|People|1,1
5,0.15,422|People|2,1
5,0.15,422|People|3,1
5,0.15,422|People|4,1
5,0.15,422|Lamp|0,0
5,0.15,425|People|0,0
5,0.15,425|People|1,1
5,0.15,425|People|2,1
5,0.15,425|People|3,1
5,0.15,425|People|4,0
5,0.15,425|People|5,1
5,0.15,425|People|6,1
5,0.15,425|People|7,0
5,0.15,425|Lamp|0,0
5,0.15,427|People|0,0
5,0.15,427|People|1,0
5,0.15,427|People|2,0
5,0.15,427|People|3,1
5,0.15,427|People|4,1
5,0.15,427|People|5,0
5,0.15,427|People|6,1
5,0.15,427|People|7,1
5,0.15,427|Lamp|0,0
5,0.15,428|People|0,0
5,0.15,428|People|1,0
5,0.15,428|People|2,1
5,0.15,428|People|3,1
5,0.15,428|People|4,1
5,0.15,428|People|5,1
5,0.15,428|People|6,1
5,0.15,428|Lamp|0,0
5,0.15,438|People|0,1
5,0.15,438|People|1,1
5,0.15,438|People|2,0
5,0.15,438|People|3,0
5,0.15,438|People|4,0
5,0.15,438|Lamp|0,1
5,0.15,438|Lamp|1,1
5,0.15,438|Lamp|2,1
5,0.15,438|Lamp|3,1
5,0.15,440|People|0,1
5,0.15,440|People|1,1
5,0.15,440|People|2,0
5,0.15,440|People|3,0
5,0.15,440|People|4,0
5,0.15,440|People|5,0
5,0.15,440|People|6,0
5,0.15,440|Lamp|0,1
5,0.15,440|Lamp|1,1
5,0.15,440|Lamp|2,1
5,0.15,440|Lamp|3,1
5,0.15,442|People|0,1
5,0.15,442|People|1,1
5,0.15,442|People|2,0
5,0.15,442|People|3,0
5,0.15,442|People|4,0
5,0.15,442|People|5,1
5,0.15,442|People|6,1
5,0.15,442|People|7,1
5,0.15,442|Lamp|0,1
5,0.15,442|Lamp|1,1
5,0.15,442|Lamp|2,1
5,0.15,442|Lamp|3,1
5,0.15,444|People|0,1
5,0.15,444|People|1,1
5,0.15,444|People|2,0
5,0.15,444|People|3,0
5,0.15,444|People|4,0
5,0.15,444|People|5,0
5,0.15,444|Lamp|0,1
5,0.15,444|Lamp|1,1
5,0.15,444|Lamp|2,1
5,0.15,444|Lamp|3,1
5,0.15,448|People|0,1
5,0.15,448|People|1,1
5,0.15,448|People|2,1
5,0.15,448|People|3,0
5,0.15,448|People|4,0
5,0.15,448|People|5,0
5,0.15,448|People|6,0
5,0.15,448|Lamp|0,1
5,0.15,448|Lamp|1,1
5,0.15,448|Lamp|2,0
5,0.15,448|Lamp|3,1
5,0.15,448|Lamp|4,0
5,0.15,448|Lamp|5,0
5,0.15,449|People|0,1
5,0.15,449|People|1,1
5,0.15,449|People|2,1
5,0.15,449|People|3,0
5,0.15,449|People|4,0
5,0.15,449|People|5,0
5,0.15,449|Lamp|0,0
5,0.15,449|Lamp|1,1
5,0.15,449|Lamp|2,1
5,0.15,449|Lamp|3,0
5,0.15,449|Lamp|4,1
5,0.15,452|People|0,1
5,0.15,452|People|1,1
5,0.15,452|Lamp|0,1
5,0.15,452|Lamp|1,0
5,0.15,452|Lamp|2,1
5,0.15,453|People|0,1
5,0.15,453|Lamp|0,1
5,0.15,453|Lamp|1,1
5,0.15,453|Lamp|2,0
5,0.15,453|Lamp|3,1
5,0.15,459|People|0,0
5,0.15,459|People|1,0
5,0.15,459|People|2,1
5,0.15,459|People|3,1
5,0.15,459|People|4,1
5,0.15,459|People|5,1
5,0.15,459|Lamp|0,0
5,0.15,459|Lamp|1,0
5,0.15,459|Lamp|2,0
5,0.15,462|People|0,1
5,0.15,462|People|1,1
5,0.15,462|People|2,1
5,0.15,462|People|3,1
5,0.15,462|People|4,1
5,0.15,462|People|5,1
5,0.15,462|People|6,1
5,0.15,462|Lamp|0,1
5,0.15,462|Lamp|1,0
5,0.15,466|People|0,1
5,0.15,466|People|1,1
5,0.15,466|People|2,1
5,0.15,466|People|3,1
5,0.15,466|People|4,1
5,0.15,466|People|5,1
5,0.15,466|Lamp|0,1
5,0.15,466|Lamp|1,0
5,0.15,468|People|0,1
5,0.15,468|People|1,1
5,0.15,468|People|2,1
5,0.15,468|People|3,1
5,0.15,468|People|4,1
5,0.15,468|People|5,1
5,0.15,468|People|6,1
5,0.15,468|Lamp|0,1
5,0.15,468|Lamp|1,0
5,0.15,470|People|0,1
5,0.15,470|People|1,0
5,0.15,470|Lamp|0,1
5,0.15,476|People|0,0
5,0.15,476|People|1,1
5,0.15,476|Lamp|0,0
5,0.15,478|People|0,0
5,0.15,478|Lamp|0,0
5,0.15,479|People|0,1
5,0.15,479|Lamp|0,1
5,0.15,480|People|0,1
5,0.15,480|People|1,0
5,0.15,480|People|2,0
5,0.15,480|Lamp|0,0
5,0.15,486|People|0,1
5,0.15,486|People|1,0
5,0.15,486|People|2,1
5,0.15,486|People|3,0
5,0.15,486|People|4,1
5,0.15,486|People|5,1
5,0.15,486|People|6,0
5,0.15,486|Lamp|0,0
5,0.15,489|People|0,1
5,0.15,489|People|1,0
5,0.15,489|People|2,1
5,0.15,489|People|3,1
5,0.15,489|People|4,0
5,0.15,489|People|5,0
5,0.15,489|People|6,0
5,0.15,489|People|7,0
5,0.15,489|People|8,0
5,0.15,489|People|9,0
5,0.15,489|Lamp|0,1
5,0.15,489|Lamp|1,0
5,0.15,493|People|0,0
5,0.15,493|People|1,1
5,0.15,493|People|2,1
5,0.15,493|People|3,1
5,0.15,493|People|4,1
5,0.15,493|People|5,1
5,0.15,493|People|6,1
5,0.15,493|People|7,0
5,0.15,493|Lamp|0,0
5,0.15,494|People|0,1
5,0.15,494|People|1,0
5,0.15,494|People|2,0
5,0.15,494|People|3,0
5,0.15,494|People|4,0
5,0.15,494|Lamp|0,1
5,0.15,494|Lamp|1,1
5,0.15,494|Lamp|2,1
5,0.15,503|People|0,0
5,0.15,503|People|1,0
5,0.15,503|Lamp|0,1
5,0.15,503|Lamp|1,1
5,0.15,505|People|0,0
5,0.15,505|People|1,0
5,0.15,505|People|2,0
5,0.15,505|People|3,0
5,0.15,505|People|4,1
5,0.15,505|Lamp|0,1
5,0.15,507|People|0,1
5,0.15,507|People|1,0
5,0.15,507|People|2,0
5,0.15,507|People|3,0
5,0.15,507|People|4,0
5,0.15,507|People|5,1
5,0.15,507|People|6,1
5,0.15,507|Lamp|0,1
5,0.15,1190|People|0,0
5,0.15,1190|People|1,0
5,0.15,1190|People|2,0
5,0.15,1190|People|3,0
5,0.15,1190|People|4,0
5,0.15,1190|People|5,0
5,0.15,1190|People|6,1
5,0.15,1190|People|7,0
5,0.15,1190|Lamp|0,1
5,0.15,1196|People|0,1
5,0.15,1196|People|1,0
5,0.15,1196|Lamp|0,1
5,0.15,1199|People|0,0
5,0.15,1199|People|1,0
5,0.15,1199|People|2,0
5,0.15,1199|Lamp|0,1
5,0.15,1200|People|0,0
5,0.15,1200|People|1,1
5,0.15,1200|Lamp|0,1
5,0.15,1204|People|0,1
5,0.15,1204|People|1,1
5,0.15,1204|People|2,0
5,0.15,1204|People|3,0
5,0.15,1204|Lamp|0,0
5,0.15,1206|People|0,1
5,0.15,1206|People|1,1
5,0.15,1206|People|2,0
5,0.15,1206|Lamp|0,0
5,0.15,1207|People|0,1
5,0.15,1207|People|1,1
5,0.15,1207|People|2,0
5,0.15,1207|Lamp|0,0
5,0.15,1211|People|0,1
5,0.15,1211|People|1,1
5,0.15,1211|People|2,0
5,0.15,1211|People|3,0
5,0.15,1211|Lamp|0,0
5,0.15,1213|People|0,1
5,0.15,1213|People|1,1
5,0.15,1213|Lamp|0,1
5,0.15,1216|People|0,1
5,0.15,1216|People|1,1
5,0.15,1216|Lamp|0,0
5,0.15,1218|People|0,1
5,0.15,1218|People|1,1
5,0.15,1218|Lamp|0,0
5,0.15,1219|People|0,0
5,0.15,1219|People|1,0
5,0.15,1219|People|2,0
5,0.15,1219|People|3,0
5,0.15,1219|Lamp|0,1
5,0.15,1219|Lamp|1,1
5,0.15,1221|People|0,1
5,0.15,1221|People|1,0
5,0.15,1221|People|2,0
5,0.15,1221|Lamp|0,0
5,0.15,1222|People|0,1
5,0.15,1222|People|1,1
5,0.15,1222|People|2,0
5,0.15,1222|Lamp|0,0
5,0.15,1225|People|0,0
5,0.15,1225|People|1,0
5,0.15,1225|People|2,0
5,0.15,1225|People|3,0
5,0.15,1225|People|4,0
5,0.15,1225|People|5,0
5,0.15,1225|People|6,0
5,0.15,1225|Lamp|0,1
5,0.15,1225|Lamp|1,1
5,0.15,1226|People|0,0
5,0.15,1226|People|1,0
5,0.15,1226|People|2,0
5,0.15,1226|People|3,0
5,0.15,1226|People|4,0
5,0.15,1226|Lamp|0,0
5,0.15,1226|Lamp|1,1
5,0.15,1226|Lamp|2,0
5,0.15,1228|People|0,0
5,0.15,1228|Lamp|0,1
5,0.15,1266|People|0,0
5,0.15,1266|People|1,0
5,0.15,1266|Lamp|0,1
5,0.15,1266|Lamp|1,1
5,0.15,1268|People|0,1
5,0.15,1268|Lamp|0,1
5,0.15,1268|Lamp|1,0
5,0.15,1268|Lamp|2,0
5,0.15,1268|Lamp|3,0
5,0.15,1273|People|0,0
5,0.15,1273|Lamp|0,1
5,0.15,1273|Lamp|1,0
5,0.15,1274|People|0,0
5,0.15,1274|Lamp|0,0
5,0.15,1274|Lamp|1,1
5,0.15,1274|Lamp|2,0
5,0.15,1285|People|0,1
5,0.15,1285|Lamp|0,1
5,0.15,1285|Lamp|1,1
5,0.15,1285|Lamp|2,1
5,0.15,1291|People|0,0
5,0.15,1291|Lamp|0,0
5,0.15,1291|Lamp|1,1
5,0.15,1295|People|0,0
5,0.15,1295|People|1,0
5,0.15,1295|People|2,0
5,0.15,1295|Lamp|0,1
5,0.15,1299|People|0,1
5,0.15,1299|People|1,0
5,0.15,1299|People|2,0
5,0.15,1299|Lamp|0,0
5,0.15,2046|People|0,1
5,0.15,2046|People|1,1
5,0.15,2046|Lamp|0,1
5,0.15,2046|Lamp|1,1
5,0.15,2046|Lamp|2,1
5,0.15,2046|Lamp|3,0
5,0.15,2050|People|0,1
5,0.15,2050|People|1,0
5,0.15,2050|Lamp|0,1
5,0.15,2050|Lamp|1,0
5,0.15,2050|Lamp|2,1
5,0.15,2050|Lamp|3,0
5,0.15,2051|People|0,1
5,0.15,2051|People|1,0
5,0.15,2051|Lamp|0,0
5,0.15,2051|Lamp|1,0
5,0.15,2051|Lamp|2,1
5,0.15,2051|Lamp|3,0
5,0.15,2052|People|0,1
5,0.15,2052|People|1,0
5,0.15,2052|Lamp|0,1
5,0.15,2052|Lamp|1,1
5,0.15,2052|Lamp|2,0
5,0.15,2052|Lamp|3,0
5,0.15,2056|People|0,1
5,0.15,2056|People|1,1
5,0.15,2056|Lamp|0,1
5,0.15,2056|Lamp|1,0
5,0.15,2056|Lamp|2,1
5,0.15,2056|Lamp|3,0
5,0.15,2057|People|0,1
5,0.15,2057|People|1,0
5,0.15,2057|Lamp|0,1
5,0.15,2057|Lamp|1,0
5,0.15,2057|Lamp|2,0
5,0.15,2057|Lamp|3,1
5,0.15,2058|People|0,1
5,0.15,2058|People|1,1
5,0.15,2058|Lamp|0,0
5,0.15,2058|Lamp|1,0
5,0.15,2058|Lamp|2,1
5,0.15,2058|Lamp|3,0
5,0.15,2058|Lamp|4,0
5,0.15,2058|Lamp|5,0
5,0.15,2059|People|0,1
5,0.15,2059|People|1,0
5,0.15,2059|Lamp|0,1
5,0.15,2059|Lamp|1,0
5,0.15,2059|Lamp|2,0
5,0.15,2059|Lamp|3,0
5,0.15,2061|People|0,1
5,0.15,2061|People|1,1
5,0.15,2061|Lamp|0,1
5,0.15,2061|Lamp|1,0
5,0.15,2061|Lamp|2,0
5,0.15,2061|Lamp|3,1
5,0.15,2061|Lamp|4,0
5,0.15,2061|Lamp|5,0
5,0.15,2065|People|0,1
5,0.15,2065|People|1,1
5,0.15,2065|Lamp|0,1
5,0.15,2065|Lamp|1,0
5,0.15,2065|Lamp|2,1
5,0.15,2065|Lamp|3,0
5,0.15,2065|Lamp|4,0
5,0.15,2065|Lamp|5,1
5,0.15,2067|People|0,1
5,0.15,2067|People|1,0
5,0.15,2067|Lamp|0,1
5,0.15,2067|Lamp|1,0
5,0.15,2067|Lamp|2,0
5,0.15,2067|Lamp|3,1
5,0.15,2068|People|0,1
5,0.15,2068|People|1,0
5,0.15,2068|Lamp|0,1
5,0.15,2068|Lamp|1,1
5,0.15,2068|Lamp|2,0
5,0.15,2068|Lamp|3,0
5,0.15,2069|People|0,1
5,0.15,2069|People|1,0
5,0.15,2069|Lamp|0,1
5,0.15,2069|Lamp|1,1
5,0.15,2069|Lamp|2,0
5,0.15,2069|Lamp|3,0
5,0.15,2069|Lamp|4,0
5,0.15,2069|Lamp|5,0
5,0.15,2070|People|0,1
5,0.15,2070|People|1,0
5,0.15,2070|Lamp|0,1
5,0.15,2070|Lamp|1,0
5,0.15,2070|Lamp|2,1
5,0.15,2070|Lamp|3,1
5,0.15,2072|People|0,1
5,0.15,2072|People|1,1
5,0.15,2072|Lamp|0,1
5,0.15,2072|Lamp|1,0
5,0.15,2072|Lamp|2,1
5,0.15,2072|Lamp|3,0
5,0.15,2072|Lamp|4,0
5,0.15,2072|Lamp|5,1
5,0.15,2073|People|0,1
5,0.15,2073|People|1,0
5,0.15,2073|Lamp|0,1
5,0.15,2073|Lamp|1,0
5,0.15,2073|Lamp|2,1
5,0.15,2073|Lamp|3,0
5,0.15,2073|Lamp|4,0
5,0.15,2073|Lamp|5,1
5,0.15,2074|People|0,1
5,0.15,2074|People|1,0
5,0.15,2074|Lamp|0,1
5,0.15,2074|Lamp|1,0
5,0.15,2074|Lamp|2,0
5,0.15,2074|Lamp|3,0
5,0.15,2074|Lamp|4,1
5,0.15,2074|Lamp|5,1
5,0.15,2074|Lamp|6,0
5,0.15,2074|Lamp|7,1
5,0.15,2076|People|0,1
5,0.15,2076|People|1,1
5,0.15,2076|Lamp|0,1
5,0.15,2076|Lamp|1,0
5,0.15,2076|Lamp|2,0
5,0.15,2076|Lamp|3,0
5,0.15,2076|Lamp|4,1
5,0.15,2076|Lamp|5,1
5,0.15,2076|Lamp|6,1
5,0.15,2076|Lamp|7,0
5,0.15,2082|People|0,1
5,0.15,2082|People|1,1
5,0.15,2082|Lamp|0,0
5,0.15,2082|Lamp|1,0
5,0.15,2082|Lamp|2,1
5,0.15,2082|Lamp|3,0
5,0.15,2082|Lamp|4,1
5,0.15,2082|Lamp|5,0
5,0.15,2084|People|0,1
5,0.15,2084|People|1,1
5,0.15,2084|Lamp|0,1
5,0.15,2084|Lamp|1,1
5,0.15,2084|Lamp|2,0
5,0.15,2084|Lamp|3,0
5,0.15,2084|Lamp|4,0
5,0.15,2084|Lamp|5,0
5,0.15,2087|People|0,1
5,0.15,2087|People|1,1
5,0.15,2087|Lamp|0,0
5,0.15,2087|Lamp|1,1
5,0.15,2087|Lamp|2,1
5,0.15,2090|People|0,1
5,0.15,2090|People|1,1
5,0.15,2090|Lamp|0,0
5,0.15,2090|Lamp|1,0
5,0.15,2090|Lamp|2,1
5,0.15,2090|Lamp|3,1
5,0.15,2091|People|0,1
5,0.15,2091|People|1,1
5,0.15,2091|Lamp|0,0
5,0.15,2091|Lamp|1,0
5,0.15,2091|Lamp|2,1
5,0.15,2091|Lamp|3,0
5,0.15,2091|Lamp|4,0
5,0.15,2091|Lamp|5,1
5,0.15,2092|People|0,1
5,0.15,2092|People|1,1
5,0.15,2092|Lamp|0,0
5,0.15,2092|Lamp|1,0
5,0.15,2092|Lamp|2,1
5,0.15,2092|Lamp|3,0
5,0.15,2092|Lamp|4,0
5,0.15,2092|Lamp|5,1
5,0.15,2093|People|0,1
5,0.15,2093|People|1,0
5,0.15,2093|Lamp|0,0
5,0.15,2093|Lamp|1,0
5,0.15,2093|Lamp|2,0
5,0.15,2093|Lamp|3,0
5,0.15,2093|Lamp|4,0
5,0.15,2093|Lamp|5,1
5,0.15,2120|People|0,0
5,0.15,2120|People|1,1
5,0.15,2120|People|2,0
5,0.15,2120|Lamp|0,0
5,0.15,2127|People|0,0
5,0.15,2127|People|1,0
5,0.15,2127|People|2,1
5,0.15,2127|Lamp|0,1
5,0.15,2127|Lamp|1,0
5,0.15,2127|Lamp|2,0
5,0.15,2127|Lamp|3,0
5,0.15,2129|People|0,0
5,0.15,2129|People|1,1
5,0.15,2129|People|2,0
5,0.15,2129|Lamp|0,0
5,0.15,2129|Lamp|1,1
5,0.15,2139|People|0,1
5,0.15,2139|Lamp|0,1
5,0.15,2139|Lamp|1,1
5,0.15,2139|Lamp|2,0
5,0.15,2140|People|0,0
5,0.15,2140|Lamp|0,1
5,0.15,2140|Lamp|1,1
5,0.15,2140|Lamp|2,0
5,0.15,2149|People|0,1
5,0.15,2149|Lamp|0,1
5,0.15,2149|Lamp|1,1
5,0.15,2150|People|0,1
5,0.15,2150|Lamp|0,1
5,0.15,2150|Lamp|1,1
5,0.15,2151|People|0,1
5,0.15,2151|Lamp|0,1
5,0.15,2151|Lamp|1,1
5,0.15,2158|People|0,0
5,0.15,2158|Lamp|0,1
5,0.15,2158|Lamp|1,1
5,0.15,2160|People|0,1
5,0.15,2160|Lamp|0,1
5,0.15,2160|Lamp|1,1
5,0.15,2190|People|0,1
5,0.15,2190|People|1,0
5,0.15,2190|People|2,0
5,0.15,2190|Lamp|0,0
5,0.15,2190|Lamp|1,1
5,0.15,2191|People|0,1
5,0.15,2191|People|1,0
5,0.15,2191|People|2,1
5,0.15,2191|Lamp|0,1
5,0.15,2191|Lamp|1,1
5,0.15,2193|People|0,1
5,0.15,2193|People|1,1
5,0.15,2193|People|2,0
5,0.15,2193|Lamp|0,1
5,0.15,2193|Lamp|1,1
5,0.15,2195|People|0,1
5,0.15,2195|People|1,1
5,0.15,2195|People|2,0
5,0.15,2195|Lamp|0,1
5,0.15,2195|Lamp|1,1
5,0.15,2200|People|0,0
5,0.15,2200|Lamp|0,1
5,0.15,2200|Lamp|1,1
5,0.15,2217|People|0,0
5,0.15,2217|Lamp|0,0
5,0.15,2217|Lamp|1,0
5,0.15,2218|People|0,0
5,0.15,2218|Lamp|0,0
5,0.15,2218|Lamp|1,0
5,0.15,2226|People|0,0
5,0.15,2226|Lamp|0,1
5,0.15,2226|Lamp|1,0
5,0.15,2226|Lamp|2,1
5,0.15,2226|Lamp|3,0
5,0.15,2226|Lamp|4,1
5,0.15,2292|People|0,0
5,0.15,2292|Lamp|0,0
5,0.15,2292|Lamp|1,0
5,0.15,2292|Lamp|2,0
5,0.15,2292|Lamp|3,0
5,0.15,2293|People|0,0
5,0.15,2293|Lamp|0,0
5,0.15,2293|Lamp|1,0
5,0.15,2293|Lamp|2,0
5,0.15,2293|Lamp|3,0
5,0.15,2295|People|0,0
5,0.15,2295|Lamp|0,0
5,0.15,2295|Lamp|1,0
5,0.15,2295|Lamp|2,0
5,0.15,2295|Lamp|3,0
5,0.15,2295|Lamp|4,0
5,0.15,2295|Lamp|5,0
5,0.15,2295|Lamp|6,0
5,0.15,2295|Lamp|7,0
5,0.15,2297|People|0,0
5,0.15,2297|Lamp|0,0
5,0.15,2297|Lamp|1,0
5,0.15,2297|Lamp|2,0
5,0.15,2297|Lamp|3,0
5,0.15,2297|Lamp|4,0
5,0.15,2298|People|0,0
5,0.15,2298|Lamp|0,0
5,0.15,2298|Lamp|1,0
5,0.15,2298|Lamp|2,0
5,0.15,2298|Lamp|3,0
5,0.15,2298|Lamp|4,1
5,0.15,2299|People|0,0
5,0.15,2299|Lamp|0,0
5,0.15,2299|Lamp|1,0
5,0.15,2299|Lamp|2,0
5,0.15,2299|Lamp|3,0
5,0.15,2299|Lamp|4,0
5,0.15,2299|Lamp|5,1
5,0.15,2328|People|0,1
5,0.15,2328|People|1,0
5,0.15,2328|People|2,0
5,0.15,2328|Lamp|0,0
5,0.15,2332|People|0,1
5,0.15,2332|People|1,1
5,0.15,2332|People|2,0
5,0.15,2332|People|3,0
5,0.15,2332|Lamp|0,0
5,0.15,2335|People|0,1
5,0.15,2335|People|1,1
5,0.15,2335|People|2,0
5,0.15,2335|People|3,0
5,0.15,2335|Lamp|0,0
5,0.15,2337|People|0,0
5,0.15,2337|People|1,0
5,0.15,2337|Lamp|0,0
5,0.15,2453|People|0,0
5,0.15,2453|People|1,0
5,0.15,2453|Lamp|0,0
5,0.15,2456|People|0,1
5,0.15,2456|Lamp|0,0
5,0.15,2456|Lamp|1,0
5,0.15,2456|Lamp|2,0
5,0.15,2457|People|0,1
5,0.15,2457|Lamp|0,0
5,0.15,2457|Lamp|1,0
5,0.15,2457|Lamp|2,0
5,0.15,2457|Lamp|3,0
5,0.15,2465|People|0,0
5,0.15,2465|Lamp|0,0
5,0.15,2465|Lamp|1,0
5,0.15,2465|Lamp|2,0
5,0.15,2467|People|0,0
5,0.15,2467|Lamp|0,0
5,0.15,2467|Lamp|1,0
5,0.15,2468|People|0,0
5,0.15,2468|People|1,0
5,0.15,2468|Lamp|0,0
5,0.15,2468|Lamp|1,0
5,0.15,2478|People|0,1
5,0.15,2478|People|1,1
5,0.15,2478|People|2,0
5,0.15,2478|People|3,0
5,0.15,2478|Lamp|0,1
5,0.15,2478|Lamp|1,1
5,0.15,2489|People|0,0
5,0.15,2489|People|1,1
5,0.15,2489|People|2,0
5,0.15,2489|People|3,1
5,0.15,2489|People|4,0
5,0.15,2489|People|5,1
5,0.15,2489|Lamp|0,0
5,0.15,2489|Lamp|1,0
5,0.15,2490|People|0,0
5,0.15,2490|People|1,1
5,0.15,2490|People|2,0
5,0.15,2490|People|3,0
5,0.15,2490|People|4,0
5,0.15,2490|Lamp|0,0
5,0.15,2490|Lamp|1,0
5,0.15,2491|People|0,0
5,0.15,2491|People|1,1
5,0.15,2491|People|2,1
5,0.15,2491|People|3,0
5,0.15,2491|People|4,0
5,0.15,2491|Lamp|0,0
5,0.15,2491|Lamp|1,0
5,0.15,2602|People|0,0
5,0.15,2602|Lamp|0,0
5,0.15,2602|Lamp|1,0
5,0.15,2602|Lamp|2,0
5,0.15,2606|People|0,0
5,0.15,2606|Lamp|0,0
5,0.15,2606|Lamp|1,0
5,0.15,2607|People|0,0
5,0.15,2607|Lamp|0,0
5,0.15,2607|Lamp|1,0
5,0.15,2622|People|0,1
5,0.15,2622|People|1,0
5,0.15,2622|People|2,0
5,0.15,2622|Lamp|0,1
5,0.15,2622|Lamp|1,1
5,0.15,2622|Lamp|2,1
5,0.15,2717|People|0,0
5,0.15,2717|People|1,0
5,0.15,2717|People|2,0
5,0.15,2717|Lamp|0,0
5,0.15,2720|People|0,0
5,0.15,2720|People|1,0
5,0.15,2720|People|2,0
5,0.15,2720|Lamp|0,0
5,0.15,2721|People|0,0
5,0.15,2721|People|1,0
5,0.15,2721|Lamp|0,0
5,0.15,2727|People|0,1
5,0.15,2727|People|1,0
5,0.15,2727|People|2,0
5,0.15,2727|People|3,0
5,0.15,2727|Lamp|0,0
5,0.15,2732|People|0,0
5,0.15,2732|People|1,0
5,0.15,2732|Lamp|0,0
5,0.15,2735|People|0,0
5,0.15,2735|People|1,0
5,0.15,2735|Lamp|0,0
5,0.15,2736|People|0,0
5,0.15,2736|People|1,0
5,0.15,2736|Lamp|0,0
5,0.15,2738|People|0,0
5,0.15,2738|People|1,0
5,0.15,2738|People|2,0
5,0.15,2738|Lamp|0,0
5,0.15,2940|People|0,1
5,0.15,2940|Lamp|0,0
5,0.15,2940|Lamp|1,0
5,0.15,2942|People|0,1
5,0.15,2942|Lamp|0,0
5,0.15,2942|Lamp|1,0
5,0.15,2942|Lamp|2,0
5,0.15,2942|Lamp|3,0
5,0.15,2942|Lamp|4,0
5,0.15,2945|People|0,1
5,0.15,2945|Lamp|0,0
5,0.15,2945|Lamp|1,0
5,0.15,2945|Lamp|2,0
5,0.15,2947|People|0,1
5,0.15,2947|Lamp|0,1
5,0.15,2947|Lamp|1,1
5,0.15,2947|Lamp|2,0
5,0.15,2947|Lamp|3,0
5,0.15,2947|Lamp|4,0
5,0.15,2949|People|0,0
5,0.15,2949|Lamp|0,1
5,0.15,2949|Lamp|1,0
5,0.15,2949|Lamp|2,0
5,0.15,2949|Lamp|3,0
5,0.15,2949|Lamp|4,0
5,0.15,2949|Lamp|5,0
5,0.15,2950|People|0,0
5,0.15,2950|People|1,0
5,0.15,2950|Lamp|0,1
5,0.15,2950|Lamp|1,0
5,0.15,2950|Lamp|2,0
5,0.15,2950|Lamp|3,0
5,0.15,2950|Lamp|4,0
5,0.15,2951|People|0,0
5,0.15,2951|Lamp|0,1
5,0.15,2951|Lamp|1,0
5,0.15,2951|Lamp|2,0
5,0.15,2951|Lamp|3,0
5,0.15,2951|Lamp|4,0
5,0.15,2953|People|0,0
5,0.15,2953|Lamp|0,0
5,0.15,2953|Lamp|1,1
5,0.15,2953|Lamp|2,0
5,0.15,2953|Lamp|3,0
5,0.15,2957|People|0,0
5,0.15,2957|Lamp|0,1
5,0.15,2957|Lamp|1,0
5,0.15,2957|Lamp|2,1
5,0.15,2957|Lamp|3,0
5,0.15,2957|Lamp|4,0
5,0.15,2957|Lamp|5,0
5,0.15,3024|People|0,0
5,0.15,3024|Lamp|0,0
5,0.15,3024|Lamp|1,0
5,0.15,3052|People|0,0
5,0.15,3052|Lamp|0,0
5,0.15,3053|People|0,0
5,0.15,3053|People|1,0
5,0.15,3053|Lamp|0,0
5,0.15,3053|Lamp|1,0
5,0.15,3054|People|0,0
5,0.15,3054|People|1,0
5,0.15,3054|People|2,0
5,0.15,3054|Lamp|0,0
5,0.15,3054|Lamp|1,0
5,0.15,3057|People|0,0
5,0.15,3057|People|1,0
5,0.15,3057|Lamp|0,0
5,0.15,3057|Lamp|1,0
5,0.15,3059|People|0,1
5,0.15,3059|People|1,0
5,0.15,3059|People|2,0
5,0.15,3059|Lamp|0,0
5,0.15,3059|Lamp|1,0
5,0.15,3060|People|0,1
5,0.15,3060|People|1,1
5,0.15,3060|People|2,0
5,0.15,3060|People|3,0
5,0.15,3060|Lamp|0,0
5,0.15,3060|Lamp|1,0
5,0.15,3061|People|0,0
5,0.15,3061|People|1,1
5,0.15,3061|People|2,1
5,0.15,3061|People|3,0
5,0.15,3061|Lamp|0,0
5,0.15,3061|Lamp|1,0
5,0.15,3063|People|0,1
5,0.15,3063|People|1,0
5,0.15,3063|Lamp|0,0
5,0.15,3063|Lamp|1,0
5,0.15,3063|Lamp|2,0
5,0.15,3063|Lamp|3,0
5,0.15,3066|People|0,0
5,0.15,3066|Lamp|0,0
5,0.15,3066|Lamp|1,0
5,0.15,3066|Lamp|2,1
5,0.15,3066|Lamp|3,0
5,0.15,3066|Lamp|4,0
5,0.15,3066|Lamp|5,0
5,0.15,3072|People|0,1
5,0.15,3072|People|1,0
5,0.15,3072|People|2,0
5,0.15,3072|People|3,0
5,0.15,3072|People|4,0
5,0.15,3072|People|5,0
5,0.15,3072|People|6,1
5,0.15,3072|People|7,1
5,0.15,3072|Lamp|0,0
5,0.15,3072|Lamp|1,1
5,0.15,3072|Lamp|2,0
5,0.15,3072|Lamp|3,0
5,0.15,3072|Lamp|4,0
5,0.15,3072|Lamp|5,0
5,0.15,3072|Lamp|6,0
5,0.15,3072|Lamp|7,0
5,0.15,3078|People|0,1
5,0.15,3078|People|1,1
5,0.15,3078|People|2,0
5,0.15,3078|People|3,1
5,0.15,3078|People|4,0
5,0.15,3078|People|5,0
5,0.15,3078|People|6,0
5,0.15,3078|Lamp|0,1
5,0.15,3078|Lamp|1,1
5,0.15,3078|Lamp|2,0
5,0.15,3078|Lamp|3,0
5,0.15,3079|People|0,1
5,0.15,3079|People|1,1
5,0.15,3079|People|2,0
5,0.15,3079|People|3,0
5,0.15,3079|Lamp|0,1
5,0.15,3079|Lamp|1,0
5,0.15,3079|Lamp|2,0
5,0.15,3116|People|0,1
5,0.15,3116|Lamp|0,0
5,0.15,3116|Lamp|1,0
5,0.15,3118|People|0,1
5,0.15,3118|Lamp|0,1
5,0.15,3118|Lamp|1,0
5,0.15,3119|People|0,1
5,0.15,3119|Lamp|0,1
5,0.15,3119|Lamp|1,0
5,0.15,3121|People|0,1
5,0.15,3121|Lamp|0,1
5,0.15,3121|Lamp|1,0
5,0.15,3124|People|0,1
5,0.15,3124|Lamp|0,0
5,0.15,3124|Lamp|1,0
5,0.15,3125|People|0,1
5,0.15,3125|Lamp|0,1
5,0.15,3125|Lamp|1,0
5,0.15,3302|People|0,1
5,0.15,3302|Lamp|0,1
5,0.15,3302|Lamp|1,0
5,0.15,3302|Lamp|2,1
5,0.15,3302|Lamp|3,0
5,0.15,3313|People|0,1
5,0.15,3313|People|1,0
5,0.15,3313|Lamp|0,0
5,0.15,3313|Lamp|1,0
5,0.15,3347|People|0,1
5,0.15,3347|People|1,0
5,0.15,3347|People|2,0
5,0.15,3347|Lamp|0,0
5,0.15,3347|Lamp|1,0
5,0.15,3349|People|0,0
5,0.15,3349|People|1,0
5,0.15,3349|People|2,0
5,0.15,3349|Lamp|0,0
5,0.15,3349|Lamp|1,0
5,0.15,3350|People|0,1
5,0.15,3350|People|1,0
5,0.15,3350|People|2,0
5,0.15,3350|People|3,0
5,0.15,3350|People|4,0
5,0.15,3350|Lamp|0,0
5,0.15,3350|Lamp|1,0
5,0.15,3378|People|0,0
5,0.15,3378|People|1,0
5,0.15,3378|People|2,1
5,0.15,3378|People|3,0
5,0.15,3378|Lamp|0,0
5,0.15,3378|Lamp|1,1
5,0.15,3378|Lamp|2,0
5,0.15,3378|Lamp|3,1
5,0.15,3378|Lamp|4,0
5,0.15,3381|People|0,0
5,0.15,3381|People|1,1
5,0.15,3381|People|2,1
5,0.15,3381|People|3,0
5,0.15,3381|People|4,0
5,0.15,3381|Lamp|0,1
5,0.15,3381|Lamp|1,1
5,0.15,3381|Lamp|2,1
5,0.15,3381|Lamp|3,0
5,0.15,3381|Lamp|4,0
5,0.15,3382|People|0,0
5,0.15,3382|People|1,1
5,0.15,3382|People|2,1
5,0.15,3382|Lamp|0,1
5,0.15,3382|Lamp|1,1
5,0.15,3382|Lamp|2,1
5,0.15,3382|Lamp|3,0
5,0.15,3382|Lamp|4,0
5,0.15,3383|People|0,0
5,0.15,3383|People|1,1
5,0.15,3383|People|2,1
5,0.15,3383|Lamp|0,1
5,0.15,3383|Lamp|1,1
5,0.15,3383|Lamp|2,1
5,0.15,3383|Lamp|3,0
5,0.15,3383|Lamp|4,0
5,0.15,3384|People|0,0
5,0.15,3384|People|1,0
5,0.15,3384|People|2,1
5,0.15,3384|People|3,1
5,0.15,3384|Lamp|0,1
5,0.15,3384|Lamp|1,1
5,0.15,3384|Lamp|2,1
5,0.15,3384|Lamp|3,0
5,0.15,3384|Lamp|4,0
5,0.15,3389|People|0,0
5,0.15,3389|People|1,1
5,0.15,3389|People|2,0
5,0.15,3389|People|3,1
5,0.15,3389|Lamp|0,1
5,0.15,3389|Lamp|1,1
5,0.15,3389|Lamp|2,1
5,0.15,3389|Lamp|3,0
5,0.15,3389|Lamp|4,0
5,0.15,3390|People|0,1
5,0.15,3390|People|1,0
5,0.15,3390|People|2,1
5,0.15,3390|People|3,1
5,0.15,3390|Lamp|0,1
5,0.15,3390|Lamp|1,0
5,0.15,3390|Lamp|2,0
5,0.15,3390|Lamp|3,0
5,0.15,3390|Lamp|4,0
5,0.15,3392|People|0,0
5,0.15,3392|People|1,1
5,0.15,3392|People|2,1
5,0.15,3392|People|3,0
5,0.15,3392|People|4,0
5,0.15,3392|People|5,1
5,0.15,3392|Lamp|0,1
5,0.15,3392|Lamp|1,0
5,0.15,3392|Lamp|2,1
5,0.15,3392|Lamp|3,0
5,0.15,3392|Lamp|4,0
5,0.15,3395|People|0,1
5,0.15,3395|People|1,1
5,0.15,3395|People|2,0
5,0.15,3395|People|3,1
5,0.15,3395|People|4,0
5,0.15,3395|People|5,0
5,0.15,3395|People|6,0
5,0.15,3395|People|7,0
5,0.15,3395|Lamp|0,1
5,0.15,3395|Lamp|1,1
5,0.15,3395|Lamp|2,1
5,0.15,3395|Lamp|3,0
5,0.15,3395|Lamp|4,0
5,0.15,3397|People|0,1
5,0.15,3397|People|1,1
5,0.15,3397|People|2,0
5,0.15,3397|People|3,1
5,0.15,3397|People|4,0
5,0.15,3397|People|5,0
5,0.15,3397|People|6,0
5,0.15,3397|Lamp|0,1
5,0.15,3397|Lamp|1,1
5,0.15,3397|Lamp|2,1
5,0.15,3397|Lamp|3,0
5,0.15,3397|Lamp|4,0
5,0.15,3398|People|0,1
5,0.15,3398|People|1,1
5,0.15,3398|People|2,0
5,0.15,3398|People|3,0
5,0.15,3398|People|4,0
5,0.15,3398|People|5,1
5,0.15,3398|Lamp|0,1
5,0.15,3398|Lamp|1,1
5,0.15,3398|Lamp|2,1
5,0.15,3398|Lamp|3,0
5,0.15,3398|Lamp|4,0
5,0.15,3405|People|0,1
5,0.15,3405|People|1,0
5,0.15,3405|People|2,0
5,0.15,3405|Lamp|0,1
5,0.15,3405|Lamp|1,1
5,0.15,3405|Lamp|2,1
5,0.15,3405|Lamp|3,1
5,0.15,3408|People|0,1
5,0.15,3408|People|1,0
5,0.15,3408|People|2,0
5,0.15,3408|People|3,0
5,0.15,3408|Lamp|0,0
5,0.15,3408|Lamp|1,1
5,0.15,3408|Lamp|2,1
5,0.15,3408|Lamp|3,1
5,0.15,3409|People|0,0
5,0.15,3409|People|1,0
5,0.15,3409|Lamp|0,1
5,0.15,3409|Lamp|1,1
5,0.15,3409|Lamp|2,1
5,0.15,3409|Lamp|3,1
5,0.15,3566|People|0,0
5,0.15,3566|Lamp|0,1
5,0.15,3681|People|0,0
5,0.15,3681|Lamp|0,1
5,0.15,3681|Lamp|1,1
5,0.15,3681|Lamp|2,1
5,0.15,3681|Lamp|3,1
5,0.15,3682|People|0,0
5,0.15,3682|Lamp|0,1
5,0.15,3682|Lamp|1,1
5,0.15,3682|Lamp|2,1
5,0.15,3682|Lamp|3,1
5,0.15,3683|People|0,0
5,0.15,3683|Lamp|0,1
5,0.15,3683|Lamp|1,1
5,0.15,3683|Lamp|2,1
5,0.15,3683|Lamp|3,1
5,0.15,3687|People|0,0
5,0.15,3687|People|1,0
5,0.15,3687|People|2,0
5,0.15,3687|Lamp|0,1
5,0.15,3687|Lamp|1,1
5,0.15,3687|Lamp|2,1
5,0.15,3687|Lamp|3,1
5,0.15,3688|People|0,0
5,0.15,3688|People|1,0
5,0.15,3688|People|2,0
5,0.15,3688|Lamp|0,1
5,0.15,3688|Lamp|1,1
5,0.15,3688|Lamp|2,1
5,0.15,3688|Lamp|3,1
5,0.15,3689|People|0,0
5,0.15,3689|Lamp|0,0
5,0.15,3689|Lamp|1,0
5,0.15,3689|Lamp|2,0
5,0.15,3689|Lamp|3,0
5,0.2,63|People|0,1
5,0.2,63|People|1,1
5,0.2,63|People|2,1
5,0.2,63|People|3,1
5,0.2,63|People|4,0
5,0.2,63|Lamp|0,0
5,0.2,64|People|0,0
5,0.2,64|People|1,0
5,0.2,64|People|2,0
5,0.2,64|People|3,1
5,0.2,64|People|4,1
5,0.2,64|People|5,1
5,0.2,64|Lamp|0,0
5,0.2,71|People|0,0
5,0.2,71|People|1,0
5,0.2,71|Lamp|0,0
5,0.2,73|People|0,0
5,0.2,73|People|1,0
5,0.2,73|Lamp|0,0
5,0.2,78|People|0,0
5,0.2,78|People|1,1
5,0.2,78|People|2,1
5,0.2,78|People|3,1
5,0.2,78|People|4,0
5,0.2,78|People|5,0
5,0.2,78|Lamp|0,0
5,0.2,111|People|0,1
5,0.2,111|People|1,1
5,0.2,111|People|2,1
5,0.2,111|People|3,1
5,0.2,111|People|4,0
5,0.2,111|People|5,1
5,0.2,111|People|6,1
5,0.2,111|Lamp|0,1
5,0.2,111|Lamp|1,1
5,0.2,111|Lamp|2,0
5,0.2,111|Lamp|3,1
5,0.2,114|People|0,1
5,0.2,114|People|1,1
5,0.2,114|People|2,1
5,0.2,114|People|3,1
5,0.2,114|People|4,1
5,0.2,114|People|5,0
5,0.2,114|People|6,0
5,0.2,114|Lamp|0,0
5,0.2,114|Lamp|1,1
5,0.2,114|Lamp|2,1
5,0.2,116|People|0,1
5,0.2,116|People|1,1
5,0.2,116|People|2,1
5,0.2,116|People|3,1
5,0.2,116|People|4,1
5,0.2,116|People|5,1
5,0.2,116|People|6,1
5,0.2,116|People|7,0
5,0.2,116|Lamp|0,0
5,0.2,116|Lamp|1,1
5,0.2,116|Lamp|2,1
5,0.2,116|Lamp|3,1
5,0.2,118|People|0,1
5,0.2,118|People|1,1
5,0.2,118|People|2,1
5,0.2,118|People|3,1
5,0.2,118|People|4,1
5,0.2,118|People|5,0
5,0.2,118|People|6,1
5,0.2,118|People|7,1
5,0.2,118|Lamp|0,1
5,0.2,118|Lamp|1,1
5,0.2,118|Lamp|2,1
5,0.2,118|Lamp|3,1
5,0.2,123|People|0,1
5,0.2,123|People|1,1
5,0.2,123|People|2,0
5,0.2,123|People|3,1
5,0.2,123|People|4,1
5,0.2,123|People|5,0
5,0.2,123|People|6,1
5,0.2,123|Lamp|0,1
5,0.2,123|Lamp|1,1
5,0.2,123|Lamp|2,0
5,0.2,123|Lamp|3,0
5,0.2,123|Lamp|4,1
5,0.2,125|People|0,0
5,0.2,125|People|1,1
5,0.2,125|People|2,1
5,0.2,125|People|3,1
5,0.2,125|People|4,1
5,0.2,125|People|5,1
5,0.2,125|People|6,0
5,0.2,125|People|7,0
5,0.2,125|Lamp|0,1
5,0.2,125|Lamp|1,1
5,0.2,125|Lamp|2,1
5,0.2,125|Lamp|3,1
5,0.2,125|Lamp|4,1
5,0.2,126|People|0,0
5,0.2,126|People|1,0
5,0.2,126|People|2,1
5,0.2,126|People|3,0
5,0.2,126|People|4,0
5,0.2,126|People|5,1
5,0.2,126|People|6,0
5,0.2,126|People|7,1
5,0.2,126|People|8,0
5,0.2,126|Lamp|0,1
5,0.2,126|Lamp|1,1
5,0.2,126|Lamp|2,1
5,0.2,126|Lamp|3,1
5,0.2,126|Lamp|4,1
5,0.2,127|People|0,0
5,0.2,127|People|1,0
5,0.2,127|People|2,1
5,0.2,127|People|3,1
5,0.2,127|People|4,0
5,0.2,127|People|5,1
5,0.2,127|People|6,1
5,0.2,127|People|7,1
5,0.2,127|People|8,0
5,0.2,127|People|9,1
5,0.2,127|Lamp|0,1
5,0.2,127|Lamp|1,0
5,0.2,127|Lamp|2,1
5,0.2,127|Lamp|3,1
5,0.2,127|Lamp|4,1
5,0.2,129|People|0,0
5,0.2,129|People|1,1
5,0.2,129|People|2,1
5,0.2,129|People|3,0
5,0.2,129|People|4,0
5,0.2,129|People|5,0
5,0.2,129|People|6,0
5,0.2,129|People|7,1
5,0.2,129|Lamp|0,1
5,0.2,129|Lamp|1,0
5,0.2,129|Lamp|2,1
5,0.2,129|Lamp|3,1
5,0.2,129|Lamp|4,1
5,0.2,130|People|0,0
5,0.2,130|People|1,0
5,0.2,130|People|2,0
5,0.2,130|People|3,1
5,0.2,130|People|4,0
5,0.2,130|People|5,0
5,0.2,130|Lamp|0,0
5,0.2,130|Lamp|1,0
5,0.2,130|Lamp|2,0
5,0.2,130|Lamp|3,0
5,0.2,132|People|0,0
5,0.2,132|People|1,1
5,0.2,132|People|2,0
5,0.2,132|People|3,1
5,0.2,132|People|4,1
5,0.2,132|People|5,1
5,0.2,132|Lamp|0,1
5,0.2,132|Lamp|1,0
5,0.2,132|Lamp|2,0
5,0.2,132|Lamp|3,0
5,0.2,135|People|0,0
5,0.2,135|People|1,0
5,0.2,135|People|2,1
5,0.2,135|People|3,1
5,0.2,135|People|4,0
5,0.2,135|People|5,0
5,0.2,135|People|6,0
5,0.2,135|People|7,0
5,0.2,135|People|8,1
5,0.2,135|People|9,1
5,0.2,135|People|10,0
5,0.2,135|Lamp|0,0
5,0.2,135|Lamp|1,1
5,0.2,135|Lamp|2,0
5,0.2,136|People|0,0
5,0.2,136|People|1,0
5,0.2,136|People|2,1
5,0.2,136|People|3,0
5,0.2,136|People|4,1
5,0.2,136|People|5,1
5,0.2,136|People|6,1
5,0.2,136|People|7,0
5,0.2,136|Lamp|0,1
5,0.2,136|Lamp|1,0
5,0.2,136|Lamp|2,0
5,0.2,138|People|0,0
5,0.2,138|People|1,0
5,0.2,138|People|2,0
5,0.2,138|People|3,0
5,0.2,138|People|4,0
5,0.2,138|People|5,0
5,0.2,138|People|6,0
5,0.2,138|People|7,0
5,0.2,138|People|8,1
5,0.2,138|People|9,1
5,0.2,138|People|10,0
5,0.2,138|Lamp|0,1
5,0.2,138|Lamp|1,0
5,0.2,138|Lamp|2,0
5,0.2,143|People|0,0
5,0.2,143|People|1,0
5,0.2,143|People|2,1
5,0.2,143|People|3,0
5,0.2,143|People|4,0
5,0.2,143|People|5,0
5,0.2,143|People|6,0
5,0.2,143|Lamp|0,1
5,0.2,143|Lamp|1,0
5,0.2,144|People|0,0
5,0.2,144|People|1,1
5,0.2,144|People|2,1
5,0.2,144|People|3,0
5,0.2,144|People|4,0
5,0.2,144|People|5,0
5,0.2,144|People|6,0
5,0.2,144|Lamp|0,1
5,0.2,144|Lamp|1,0
5,0.2,147|People|0,1
5,0.2,147|People|1,0
5,0.2,147|People|2,1
5,0.2,147|People|3,1
5,0.2,147|People|4,0
5,0.2,147|People|5,0
5,0.2,147|People|6,1
5,0.2,147|People|7,0
5,0.2,147|People|8,0
5,0.2,147|People|9,1
5,0.2,147|People|10,0
5,0.2,147|People|11,0
5,0.2,147|Lamp|0,0
5,0.2,186|People|0,0
5,0.2,186|People|1,1
5,0.2,186|People|2,0
5,0.2,186|People|3,0
5,0.2,186|People|4,0
5,0.2,186|People|5,1
5,0.2,186|Lamp|0,1
5,0.2,187|People|0,0
5,0.2,187|People|1,1
5,0.2,187|People|2,0
5,0.2,187|People|3,1
5,0.2,187|People|4,1
5,0.2,187|People|5,0
5,0.2,187|Lamp|0,1
5,0.2,188|People|0,1
5,0.2,188|People|1,1
5,0.2,188|People|2,1
5,0.2,188|People|3,1
5,0.2,188|People|4,0
5,0.2,188|People|5,0
5,0.2,188|Lamp|0,1
5,0.2,191|People|0,1
5,0.2,191|People|1,1
5,0.2,191|People|2,1
5,0.2,191|People|3,1
5,0.2,191|People|4,1
5,0.2,191|People|5,1
5,0.2,191|Lamp|0,1
5,0.2,193|People|0,1
5,0.2,193|People|1,1
5,0.2,193|People|2,1
5,0.2,193|People|3,1
5,0.2,193|People|4,1
5,0.2,193|People|5,1
5,0.2,193|Lamp|0,1
5,0.2,196|People|0,1
5,0.2,196|People|1,0
5,0.2,196|People|2,1
5,0.2,196|People|3,1
5,0.2,196|People|4,1
5,0.2,196|People|5,0
5,0.2,196|People|6,1
5,0.2,196|People|7,1
5,0.2,196|People|8,1
5,0.2,196|Lamp|0,1
5,0.2,196|Lamp|1,1
5,0.2,196|Lamp|2,0
5,0.2,199|People|0,1
5,0.2,199|People|1,1
5,0.2,199|People|2,1
5,0.2,199|People|3,1
5,0.2,199|People|4,1
5,0.2,199|People|5,1
5,0.2,199|People|6,1
5,0.2,199|Lamp|0,1
5,0.2,199|Lamp|1,0
5,0.2,204|People|0,1
5,0.2,204|People|1,1
5,0.2,204|People|2,1
5,0.2,204|People|3,1
5,0.2,204|People|4,1
5,0.2,204|People|5,1
5,0.2,204|People|6,1
5,0.2,204|People|7,1
5,0.2,204|Lamp|0,1
5,0.2,204|Lamp|1,1
5,0.2,204|Lamp|2,0
5,0.2,205|People|0,0
5,0.2,205|People|1,1
5,0.2,205|People|2,1
5,0.2,205|People|3,1
5,0.2,205|People|4,1
5,0.2,205|People|5,1
5,0.2,205|People|6,1
5,0.2,205|People|7,0
5,0.2,205|People|8,1
5,0.2,205|Lamp|0,1
5,0.2,205|Lamp|1,1
5,0.2,205|Lamp|2,0
5,0.2,206|People|0,1
5,0.2,206|People|1,1
5,0.2,206|People|2,1
5,0.2,206|People|3,1
5,0.2,206|People|4,1
5,0.2,206|People|5,0
5,0.2,206|People|6,0
5,0.2,206|People|7,0
5,0.2,206|Lamp|0,1
5,0.2,209|People|0,1
5,0.2,209|Lamp|0,1
5,0.2,210|People|0,1
5,0.2,210|People|1,1
5,0.2,210|People|2,0
5,0.2,210|Lamp|0,1
5,0.2,213|People|0,1
5,0.2,213|People|1,1
5,0.2,213|People|2,1
5,0.2,213|People|3,0
5,0.2,213|People|4,0
5,0.2,213|People|5,0
5,0.2,213|People|6,0
5,0.2,213|People|7,0
5,0.2,213|Lamp|0,1
5,0.2,213|Lamp|1,1
5,0.2,213|Lamp|2,0
5,0.2,217|People|0,0
5,0.2,217|People|1,0
5,0.2,217|Lamp|0,0
5,0.2,222|People|0,1
5,0.2,222|People|1,0
5,0.2,222|People|2,0
5,0.2,222|People|3,1
5,0.2,222|People|4,1
5,0.2,222|People|5,1
5,0.2,222|People|6,1
5,0.2,222|People|7,0
5,0.2,222|People|8,1
5,0.2,222|Lamp|0,0
5,0.2,222|Lamp|1,0
5,0.2,222|Lamp|2,1
5,0.2,222|Lamp|3,1
5,0.2,222|Lamp|4,0
5,0.2,222|Lamp|5,1
5,0.2,222|Lamp|6,0
5,0.2,231|People|0,0
5,0.2,231|People|1,1
5,0.2,231|People|2,1
5,0.2,231|People|3,1
5,0.2,231|People|4,1
5,0.2,231|People|5,0
5,0.2,231|People|6,1
5,0.2,231|People|7,1
5,0.2,231|People|8,1
5,0.2,231|People|9,1
5,0.2,231|People|10,0
5,0.2,231|People|11,0
5,0.2,231|Lamp|0,1
5,0.2,231|Lamp|1,0
5,0.2,231|Lamp|2,1
5,0.2,231|Lamp|3,1
5,0.2,231|Lamp|4,1
5,0.2,232|People|0,0
5,0.2,232|People|1,0
5,0.2,232|People|2,0
5,0.2,232|People|3,1
5,0.2,232|People|4,0
5,0.2,232|People|5,1
5,0.2,232|People|6,1
5,0.2,232|People|7,1
5,0.2,232|People|8,1
5,0.2,232|People|9,0
5,0.2,232|People|10,0
5,0.2,232|People|11,0
5,0.2,232|Lamp|0,1
5,0.2,232|Lamp|1,0
5,0.2,232|Lamp|2,1
5,0.2,232|Lamp|3,1
5,0.2,232|Lamp|4,0
5,0.2,232|Lamp|5,0
5,0.2,240|People|0,1
5,0.2,240|People|1,0
5,0.2,240|People|2,1
5,0.2,240|People|3,1
5,0.2,240|People|4,1
5,0.2,240|People|5,1
5,0.2,240|People|6,0
5,0.2,240|Lamp|0,0
5,0.2,240|Lamp|1,0
5,0.2,240|Lamp|2,1
5,0.2,240|Lamp|3,0
5,0.2,240|Lamp|4,0
5,0.2,388|People|0,1
5,0.2,388|People|1,1
5,0.2,388|People|2,1
5,0.2,388|People|3,1
5,0.2,388|People|4,1
5,0.2,388|People|5,1
5,0.2,388|People|6,1
5,0.2,388|People|7,1
5,0.2,388|People|8,1
5,0.2,388|People|9,1
5,0.2,388|Lamp|0,1
5,0.2,389|People|0,1
5,0.2,389|People|1,1
5,0.2,389|People|2,0
5,0.2,389|People|3,1
5,0.2,389|People|4,1
5,0.2,389|People|5,1
5,0.2,389|People|6,1
5,0.2,389|People|7,1
5,0.2,389|People|8,1
5,0.2,389|People|9,1
5,0.2,389|Lamp|0,0
5,0.2,389|Lamp|1,1
5,0.2,392|People|0,1
5,0.2,392|People|1,0
5,0.2,392|People|2,0
5,0.2,392|People|3,1
5,0.2,392|Lamp|0,1
5,0.2,392|Lamp|1,1
5,0.2,394|People|0,1
5,0.2,394|People|1,1
5,0.2,394|People|2,1
5,0.2,394|People|3,1
5,0.2,394|People|4,1
5,0.2,394|People|5,1
5,0.2,394|Lamp|0,1
5,0.2,394|Lamp|1,1
5,0.2,395|People|0,0
5,0.2,395|People|1,0
5,0.2,395|People|2,1
5,0.2,395|People|3,1
5,0.2,395|People|4,1
5,0.2,395|People|5,1
5,0.2,395|People|6,1
5,0.2,395|Lamp|0,1
5,0.2,395|Lamp|1,1
5,0.2,396|People|0,0
5,0.2,396|People|1,0
5,0.2,396|People|2,1
5,0.2,396|People|3,0
5,0.2,396|People|4,1
5,0.2,396|People|5,1
5,0.2,396|Lamp|0,1
5,0.2,396|Lamp|1,1
5,0.2,409|People|0,1
5,0.2,409|People|1,1
5,0.2,409|People|2,0
5,0.2,409|People|3,1
5,0.2,409|People|4,0
5,0.2,409|Lamp|0,0
5,0.2,410|People|0,1
5,0.2,410|People|1,0
5,0.2,410|People|2,0
5,0.2,410|People|3,0
5,0.2,410|People|4,0
5,0.2,410|People|5,1
5,0.2,410|Lamp|0,1
5,0.2,413|People|0,1
5,0.2,413|People|1,1
5,0.2,413|People|2,1
5,0.2,413|People|3,0
5,0.2,413|People|4,1
5,0.2,413|People|5,0
5,0.2,413|Lamp|0,0
5,0.2,419|People|0,0
5,0.2,419|People|1,0
5,0.2,419|Lamp|0,0
5,0.2,419|Lamp|1,1
5,0.2,422|People|0,1
5,0.2,422|People|1,1
5,0.2,422|People|2,1
5,0.2,422|People|3,1
5,0.2,422|People|4,1
5,0.2,422|Lamp|0,0
5,0.2,425|People|0,0
5,0.2,425|People|1,1
5,0.2,425|People|2,1
5,0.2,425|People|3,1
5,0.2,425|People|4,0
5,0.2,425|People|5,1
5,0.2,425|People|6,1
5,0.2,425|People|7,0
5,0.2,425|Lamp|0,0
5,0.2,427|People|0,0
5,0.2,427|People|1,0
5,0.2,427|People|2,0
5,0.2,427|People|3,1
5,0.2,427|People|4,1
5,0.2,427|People|5,0
5,0.2,427|People|6,1
5,0.2,427|People|7,1
5,0.2,427|Lamp|0,0
5,0.2,428|People|0,0
5,0.2,428|People|1,0
5,0.2,428|People|2,1
5,0.2,428|People|3,1
5,0.2,428|People|4,1
5,0.2,428|People|5,1
5,0.2,428|People|6,1
5,0.2,428|Lamp|0,0
5,0.2,438|People|0,1
5,0.2,438|People|1,1
5,0.2,438|People|2,0
5,0.2,438|People|3,0
5,0.2,438|People|4,0
5,0.2,438|Lamp|0,1
5,0.2,438|Lamp|1,0
5,0.2,438|Lamp|2,1
5,0.2,438|Lamp|3,1
5,0.2,440|People|0,1
5,0.2,440|People|1,1
5,0.2,440|People|2,0
5,0.2,440|People|3,0
5,0.2,440|People|4,0
5,0.2,440|People|5,0
5,0.2,440|People|6,0
5,0.2,440|Lamp|0,1
5,0.2,440|Lamp|1,1
5,0.2,440|Lamp|2,1
5,0.2,440|Lamp|3,1
5,0.2,442|People|0,1
5,0.2,442|People|1,1
5,0.2,442|People|2,0
5,0.2,442|People|3,0
5,0.2,442|People|4,0
5,0.2,442|People|5,1
5,0.2,442|People|6,1
5,0.2,442|People|7,1
5,0.2,442|Lamp|0,1
5,0.2,442|Lamp|1,1
5,0.2,442|Lamp|2,1
5,0.2,442|Lamp|3,1
5,0.2,444|People|0,1
5,0.2,444|People|1,1
5,0.2,444|People|2,0
5,0.2,444|People|3,0
5,0.2,444|People|4,0
5,0.2,444|People|5,0
5,0.2,444|Lamp|0,1
5,0.2,444|Lamp|1,1
5,0.2,444|Lamp|2,1
5,0.2,444|Lamp|3,0
5,0.2,448|People|0,1
5,0.2,448|People|1,1
5,0.2,448|People|2,1
5,0.2,448|People|3,0
5,0.2,448|People|4,0
5,0.2,448|People|5,0
5,0.2,448|People|6,0
5,0.2,448|Lamp|0,1
5,0.2,448|Lamp|1,1
5,0.2,448|Lamp|2,0
5,0.2,448|Lamp|3,1
5,0.2,448|Lamp|4,0
5,0.2,448|Lamp|5,0
5,0.2,449|People|0,1
5,0.2,449|People|1,1
5,0.2,449|People|2,1
5,0.2,449|People|3,0
5,0.2,449|People|4,0
5,0.2,449|People|5,0
5,0.2,449|Lamp|0,0
5,0.2,449|Lamp|1,1
5,0.2,449|Lamp|2,1
5,0.2,449|Lamp|3,0
5,0.2,449|Lamp|4,1
5,0.2,452|People|0,1
5,0.2,452|People|1,1
5,0.2,452|Lamp|0,1
5,0.2,452|Lamp|1,0
5,0.2,452|Lamp|2,1
5,0.2,453|People|0,1
5,0.2,453|Lamp|0,1
5,0.2,453|Lamp|1,1
5,0.2,453|Lamp|2,1
5,0.2,453|Lamp|3,1
5,0.2,459|People|0,0
5,0.2,459|People|1,0
5,0.2,459|People|2,1
5,0.2,459|People|3,1
5,0.2,459|People|4,1
5,0.2,459|People|5,1
5,0.2,459|Lamp|0,0
5,0.2,459|Lamp|1,0
5,0.2,459|Lamp|2,0
5,0.2,462|People|0,1
5,0.2,462|People|1,1
5,0.2,462|People|2,1
5,0.2,462|People|3,1
5,0.2,462|People|4,1
5,0.2,462|People|5,1
5,0.2,462|People|6,1
5,0.2,462|Lamp|0,1
5,0.2,462|Lamp|1,0
5,0.2,466|People|0,1
5,0.2,466|People|1,1
5,0.2,466|People|2,1
5,0.2,466|People|3,1
5,0.2,466|People|4,1
5,0.2,466|People|5,1
5,0.2,466|Lamp|0,1
5,0.2,466|Lamp|1,0
5,0.2,468|People|0,1
5,0.2,468|People|1,1
5,0.2,468|People|2,1
5,0.2,468|People|3,1
5,0.2,468|People|4,1
5,0.2,468|People|5,1
5,0.2,468|People|6,1
5,0.2,468|Lamp|0,1
5,0.2,468|Lamp|1,0
5,0.2,470|People|0,1
5,0.2,470|People|1,0
5,0.2,470|Lamp|0,1
5,0.2,476|People|0,0
5,0.2,476|People|1,1
5,0.2,476|Lamp|0,0
5,0.2,478|People|0,0
5,0.2,478|Lamp|0,0
5,0.2,479|People|0,1
5,0.2,479|Lamp|0,1
5,0.2,480|People|0,1
5,0.2,480|People|1,0
5,0.2,480|People|2,0
5,0.2,480|Lamp|0,0
5,0.2,486|People|0,1
5,0.2,486|People|1,0
5,0.2,486|People|2,1
5,0.2,486|People|3,0
5,0.2,486|People|4,1
5,0.2,486|People|5,1
5,0.2,486|People|6,0
5,0.2,486|Lamp|0,0
5,0.2,489|People|0,1
5,0.2,489|People|1,0
5,0.2,489|People|2,1
5,0.2,489|People|3,1
5,0.2,489|People|4,0
5,0.2,489|People|5,0
5,0.2,489|People|6,0
5,0.2,489|People|7,0
5,0.2,489|People|8,0
5,0.2,489|People|9,0
5,0.2,489|Lamp|0,1
5,0.2,489|Lamp|1,0
5,0.2,493|People|0,0
5,0.2,493|People|1,1
5,0.2,493|People|2,1
5,0.2,493|People|3,1
5,0.2,493|People|4,1
5,0.2,493|People|5,0
5,0.2,493|People|6,1
5,0.2,493|People|7,0
5,0.2,493|Lamp|0,0
5,0.2,494|People|0,1
5,0.2,494|People|1,0
5,0.2,494|People|2,0
5,0.2,494|People|3,0
5,0.2,494|People|4,0
5,0.2,494|Lamp|0,1
5,0.2,494|Lamp|1,0
5,0.2,494|Lamp|2,1
5,0.2,503|People|0,0
5,0.2,503|People|1,0
5,0.2,503|Lamp|0,1
5,0.2,503|Lamp|1,1
5,0.2,505|People|0,0
5,0.2,505|People|1,0
5,0.2,505|People|2,0
5,0.2,505|People|3,0
5,0.2,505|People|4,0
5,0.2,505|Lamp|0,1
5,0.2,507|People|0,1
5,0.2,507|People|1,0
5,0.2,507|People|2,0
5,0.2,507|People|3,0
5,0.2,507|People|4,0
5,0.2,507|People|5,1
5,0.2,507|People|6,1
5,0.2,507|Lamp|0,1
5,0.2,1190|People|0,0
5,0.2,1190|People|1,0
5,0.2,1190|People|2,0
5,0.2,1190|People|3,0
5,0.2,1190|People|4,0
5,0.2,1190|People|5,0
5,0.2,1190|People|6,0
5,0.2,1190|People|7,0
5,0.2,1190|Lamp|0,0
5,0.2,1196|People|0,0
5,0.2,1196|People|1,0
5,0.2,1196|Lamp|0,1
5,0.2,1199|People|0,0
5,0.2,1199|People|1,0
5,0.2,1199|People|2,0
5,0.2,1199|Lamp|0,1
5,0.2,1200|People|0,0
5,0.2,1200|People|1,1
5,0.2,1200|Lamp|0,1
5,0.2,1204|People|0,1
5,0.2,1204|People|1,1
5,0.2,1204|People|2,0
5,0.2,1204|People|3,0
5,0.2,1204|Lamp|0,0
5,0.2,1206|People|0,1
5,0.2,1206|People|1,1
5,0.2,1206|People|2,0
5,0.2,1206|Lamp|0,0
5,0.2,1207|People|0,1
5,0.2,1207|People|1,1
5,0.2,1207|People|2,0
5,0.2,1207|Lamp|0,0
5,0.2,1211|People|0,1
5,0.2,1211|People|1,1
5,0.2,1211|People|2,0
5,0.2,1211|People|3,0
5,0.2,1211|Lamp|0,0
5,0.2,1213|People|0,1
5,0.2,1213|People|1,1
5,0.2,1213|Lamp|0,0
5,0.2,1216|People|0,1
5,0.2,1216|People|1,1
5,0.2,1216|Lamp|0,0
5,0.2,1218|People|0,1
5,0.2,1218|People|1,1
5,0.2,1218|Lamp|0,0
5,0.2,1219|People|0,1
5,0.2,1219|People|1,0
5,0.2,1219|People|2,0
5,0.2,1219|People|3,0
5,0.2,1219|Lamp|0,1
5,0.2,1219|Lamp|1,1
5,0.2,1221|People|0,1
5,0.2,1221|People|1,0
5,0.2,1221|People|2,0
5,0.2,1221|Lamp|0,0
5,0.2,1222|People|0,1
5,0.2,1222|People|1,1
5,0.2,1222|People|2,0
5,0.2,1222|Lamp|0,0
5,0.2,1225|People|0,0
5,0.2,1225|People|1,0
5,0.2,1225|People|2,0
5,0.2,1225|People|3,0
5,0.2,1225|People|4,0
5,0.2,1225|People|5,0
5,0.2,1225|People|6,0
5,0.2,1225|Lamp|0,1
5,0.2,1225|Lamp|1,1
5,0.2,1226|People|0,0
5,0.2,1226|People|1,0
5,0.2,1226|People|2,0
5,0.2,1226|People|3,0
5,0.2,1226|People|4,0
5,0.2,1226|Lamp|0,0
5,0.2,1226|Lamp|1,1
5,0.2,1226|Lamp|2,0
5,0.2,1228|People|0,0
5,0.2,1228|Lamp|0,1
5,0.2,1266|People|0,0
5,0.2,1266|People|1,0
5,0.2,1266|Lamp|0,1
5,0.2,1266|Lamp|1,1
5,0.2,1268|People|0,1
5,0.2,1268|Lamp|0,1
5,0.2,1268|Lamp|1,0
5,0.2,1268|Lamp|2,0
5,0.2,1268|Lamp|3,0
5,0.2,1273|People|0,0
5,0.2,1273|Lamp|0,1
5,0.2,1273|Lamp|1,0
5,0.2,1274|People|0,0
5,0.2,1274|Lamp|0,0
5,0.2,1274|Lamp|1,1
5,0.2,1274|Lamp|2,0
5,0.2,1285|People|0,1
5,0.2,1285|Lamp|0,1
5,0.2,1285|Lamp|1,1
5,0.2,1285|Lamp|2,1
5,0.2,1291|People|0,0
5,0.2,1291|Lamp|0,0
5,0.2,1291|Lamp|1,1
5,0.2,1295|People|0,0
5,0.2,1295|People|1,0
5,0.2,1295|People|2,0
5,0.2,1295|Lamp|0,1
5,0.2,1299|People|0,1
5,0.2,1299|People|1,0
5,0.2,1299|People|2,0
5,0.2,1299|Lamp|0,0
5,0.2,2046|People|0,1
5,0.2,2046|People|1,1
5,0.2,2046|Lamp|0,1
5,0.2,2046|Lamp|1,1
5,0.2,2046|Lamp|2,1
5,0.2,2046|Lamp|3,0
5,0.2,2050|People|0,1
5,0.2,2050|People|1,0
5,0.2,2050|Lamp|0,1
5,0.2,2050|Lamp|1,0
5,0.2,2050|Lamp|2,1
5,0.2,2050|Lamp|3,0
5,0.2,2051|People|0,1
5,0.2,2051|People|1,0
5,0.2,2051|Lamp|0,0
5,0.2,2051|Lamp|1,0
5,0.2,2051|Lamp|2,1
5,0.2,2051|Lamp|3,0
5,0.2,2052|People|0,1
5,0.2,2052|People|1,0
5,0.2,2052|Lamp|0,1
5,0.2,2052|Lamp|1,1
5,0.2,2052|Lamp|2,0
5,0.2,2052|Lamp|3,0
5,0.2,2056|People|0,1
5,0.2,2056|People|1,1
5,0.2,2056|Lamp|0,1
5,0.2,2056|Lamp|1,0
5,0.2,2056|Lamp|2,1
5,0.2,2056|Lamp|3,0
5,0.2,2057|People|0,1
5,0.2,2057|People|1,1
5,0.2,2057|Lamp|0,1
5,0.2,2057|Lamp|1,0
5,0.2,2057|Lamp|2,0
5,0.2,2057|Lamp|3,1
5,0.2,2058|People|0,1
5,0.2,2058|People|1,1
5,0.2,2058|Lamp|0,0
5,0.2,2058|Lamp|1,0
5,0.2,2058|Lamp|2,1
5,0.2,2058|Lamp|3,0
5,0.2,2058|Lamp|4,0
5,0.2,2058|Lamp|5,0
5,0.2,2059|People|0,1
5,0.2,2059|People|1,0
5,0.2,2059|Lamp|0,1
5,0.2,2059|Lamp|1,0
5,0.2,2059|Lamp|2,0
5,0.2,2059|Lamp|3,0
5,0.2,2061|People|0,1
5,0.2,2061|People|1,1
5,0.2,2061|Lamp|0,1
5,0.2,2061|Lamp|1,0
5,0.2,2061|Lamp|2,0
5,0.2,2061|Lamp|3,1
5,0.2,2061|Lamp|4,0
5,0.2,2061|Lamp|5,0
5,0.2,2065|People|0,1
5,0.2,2065|People|1,1
5,0.2,2065|Lamp|0,0
5,0.2,2065|Lamp|1,0
5,0.2,2065|Lamp|2,1
5,0.2,2065|Lamp|3,0
5,0.2,2065|Lamp|4,0
5,0.2,2065|Lamp|5,1
5,0.2,2067|People|0,1
5,0.2,2067|People|1,0
5,0.2,2067|Lamp|0,1
5,0.2,2067|Lamp|1,0
5,0.2,2067|Lamp|2,0
5,0.2,2067|Lamp|3,1
5,0.2,2068|People|0,1
5,0.2,2068|People|1,0
5,0.2,2068|Lamp|0,1
5,0.2,2068|Lamp|1,1
5,0.2,2068|Lamp|2,0
5,0.2,2068|Lamp|3,0
5,0.2,2069|People|0,1
5,0.2,2069|People|1,0
5,0.2,2069|Lamp|0,1
5,0.2,2069|Lamp|1,1
5,0.2,2069|Lamp|2,0
5,0.2,2069|Lamp|3,0
5,0.2,2069|Lamp|4,0
5,0.2,2069|Lamp|5,0
5,0.2,2070|People|0,1
5,0.2,2070|People|1,0
5,0.2,2070|Lamp|0,1
5,0.2,2070|Lamp|1,0
5,0.2,2070|Lamp|2,1
5,0.2,2070|Lamp|3,1
5,0.2,2072|People|0,1
5,0.2,2072|People|1,1
5,0.2,2072|Lamp|0,1
5,0.2,2072|Lamp|1,0
5,0.2,2072|Lamp|2,0
5,0.2,2072|Lamp|3,0
5,0.2,2072|Lamp|4,0
5,0.2,2072|Lamp|5,1
5,0.2,2073|People|0,1
5,0.2,2073|People|1,0
5,0.2,2073|Lamp|0,1
5,0.2,2073|Lamp|1,0
5,0.2,2073|Lamp|2,1
5,0.2,2073|Lamp|3,0
5,0.2,2073|Lamp|4,0
5,0.2,2073|Lamp|5,1
5,0.2,2074|People|0,1
5,0.2,2074|People|1,0
5,0.2,2074|Lamp|0,1
5,0.2,2074|Lamp|1,0
5,0.2,2074|Lamp|2,0
5,0.2,2074|Lamp|3,0
5,0.2,2074|Lamp|4,1
5,0.2,2074|Lamp|5,1
5,0.2,2074|Lamp|6,0
5,0.2,2074|Lamp|7,1
5,0.2,2076|People|0,1
5,0.2,2076|People|1,1
5,0.2,2076|Lamp|0,1
5,0.2,2076|Lamp|1,0
5,0.2,2076|Lamp|2,0
5,0.2,2076|Lamp|3,0
5,0.2,2076|Lamp|4,1
5,0.2,2076|Lamp|5,1
5,0.2,2076|Lamp|6,1
5,0.2,2076|Lamp|7,0
5,0.2,2082|People|0,1
5,0.2,2082|People|1,1
5,0.2,2082|Lamp|0,0
5,0.2,2082|Lamp|1,0
5,0.2,2082|Lamp|2,1
5,0.2,2082|Lamp|3,0
5,0.2,2082|Lamp|4,1
5,0.2,2082|Lamp|5,0
5,0.2,2084|People|0,1
5,0.2,2084|People|1,1
5,0.2,2084|Lamp|0,1
5,0.2,2084|Lamp|1,1
5,0.2,2084|Lamp|2,0
5,0.2,2084|Lamp|3,0
5,0.2,2084|Lamp|4,0
5,0.2,2084|Lamp|5,0
5,0.2,2087|People|0,1
5,0.2,2087|People|1,1
5,0.2,2087|Lamp|0,0
5,0.2,2087|Lamp|1,1
5,0.2,2087|Lamp|2,1
5,0.2,2090|People|0,1
5,0.2,2090|People|1,1
5,0.2,2090|Lamp|0,0
5,0.2,2090|Lamp|1,0
5,0.2,2090|Lamp|2,1
5,0.2,2090|Lamp|3,1
5,0.2,2091|People|0,1
5,0.2,2091|People|1,1
5,0.2,2091|Lamp|0,0
5,0.2,2091|Lamp|1,0
5,0.2,2091|Lamp|2,1
5,0.2,2091|Lamp|3,0
5,0.2,2091|Lamp|4,0
5,0.2,2091|Lamp|5,1
5,0.2,2092|People|0,1
5,0.2,2092|People|1,1
5,0.2,2092|Lamp|0,0
5,0.2,2092|Lamp|1,0
5,0.2,2092|Lamp|2,1
5,0.2,2092|Lamp|3,0
5,0.2,2092|Lamp|4,0
5,0.2,2092|Lamp|5,1
5,0.2,2093|People|0,1
5,0.2,2093|People|1,0
5,0.2,2093|Lamp|0,0
5,0.2,2093|Lamp|1,0
5,0.2,2093|Lamp|2,0
5,0.2,2093|Lamp|3,0
5,0.2,2093|Lamp|4,0
5,0.2,2093|Lamp|5,1
5,0.2,2120|People|0,0
5,0.2,2120|People|1,1
5,0.2,2120|People|2,0
5,0.2,2120|Lamp|0,0
5,0.2,2127|People|0,0
5,0.2,2127|People|1,0
5,0.2,2127|People|2,1
5,0.2,2127|Lamp|0,1
5,0.2,2127|Lamp|1,0
5,0.2,2127|Lamp|2,0
5,0.2,2127|Lamp|3,0
5,0.2,2129|People|0,1
5,0.2,2129|People|1,1
5,0.2,2129|People|2,0
5,0.2,2129|Lamp|0,0
5,0.2,2129|Lamp|1,1
5,0.2,2139|People|0,1
5,0.2,2139|Lamp|0,1
5,0.2,2139|Lamp|1,1
5,0.2,2139|Lamp|2,1
5,0.2,2140|People|0,0
5,0.2,2140|Lamp|0,1
5,0.2,2140|Lamp|1,1
5,0.2,2140|Lamp|2,0
5,0.2,2149|People|0,1
5,0.2,2149|Lamp|0,1
5,0.2,2149|Lamp|1,1
5,0.2,2150|People|0,1
5,0.2,2150|Lamp|0,1
5,0.2,2150|Lamp|1,1
5,0.2,2151|People|0,1
5,0.2,2151|Lamp|0,1
5,0.2,2151|Lamp|1,1
5,0.2,2158|People|0,0
5,0.2,2158|Lamp|0,1
5,0.2,2158|Lamp|1,1
5,0.2,2160|People|0,1
5,0.2,2160|Lamp|0,1
5,0.2,2160|Lamp|1,1
5,0.2,2190|People|0,1
5,0.2,2190|People|1,0
5,0.2,2190|People|2,0
5,0.2,2190|Lamp|0,0
5,0.2,2190|Lamp|1,1
5,0.2,2191|People|0,1
5,0.2,2191|People|1,0
5,0.2,2191|People|2,1
5,0.2,2191|Lamp|0,1
5,0.2,2191|Lamp|1,1
5,0.2,2193|People|0,1
5,0.2,2193|People|1,1
5,0.2,2193|People|2,0
5,0.2,2193|Lamp|0,1
5,0.2,2193|Lamp|1,1
5,0.2,2195|People|0,1
5,0.2,2195|People|1,1
5,0.2,2195|People|2,0
5,0.2,2195|Lamp|0,1
5,0.2,2195|Lamp|1,1
5,0.2,2200|People|0,0
5,0.2,2200|Lamp|0,1
5,0.2,2200|Lamp|1,1
5,0.2,2217|People|0,0
5,0.2,2217|Lamp|0,0
5,0.2,2217|Lamp|1,0
5,0.2,2218|People|0,0
5,0.2,2218|Lamp|0,0
5,0.2,2218|Lamp|1,0
5,0.2,2226|People|0,0
5,0.2,2226|Lamp|0,1
5,0.2,2226|Lamp|1,1
5,0.2,2226|Lamp|2,1
5,0.2,2226|Lamp|3,0
5,0.2,2226|Lamp|4,1
5,0.2,2292|People|0,0
5,0.2,2292|Lamp|0,0
5,0.2,2292|Lamp|1,0
5,0.2,2292|Lamp|2,0
5,0.2,2292|Lamp|3,0
5,0.2,2293|People|0,0
5,0.2,2293|Lamp|0,0
5,0.2,2293|Lamp|1,0
5,0.2,2293|Lamp|2,0
5,0.2,2293|Lamp|3,0
5,0.2,2295|People|0,0
5,0.2,2295|Lamp|0,0
5,0.2,2295|Lamp|1,0
5,0.2,2295|Lamp|2,0
5,0.2,2295|Lamp|3,0
5,0.2,2295|Lamp|4,0
5,0.2,2295|Lamp|5,0
5,0.2,2295|Lamp|6,0
5,0.2,2295|Lamp|7,0
5,0.2,2297|People|0,0
5,0.2,2297|Lamp|0,1
5,0.2,2297|Lamp|1,0
5,0.2,2297|Lamp|2,0
5,0.2,2297|Lamp|3,0
5,0.2,2297|Lamp|4,0
5,0.2,2298|People|0,0
5,0.2,2298|Lamp|0,0
5,0.2,2298|Lamp|1,0
5,0.2,2298|Lamp|2,0
5,0.2,2298|Lamp|3,0
5,0.2,2298|Lamp|4,1
5,0.2,2299|People|0,0
5,0.2,2299|Lamp|0,0
5,0.2,2299|Lamp|1,0
5,0.2,2299|Lamp|2,0
5,0.2,2299|Lamp|3,0
5,0.2,2299|Lamp|4,0
5,0.2,2299|Lamp|5,1
5,0.2,2328|People|0,1
5,0.2,2328|People|1,0
5,0.2,2328|People|2,0
5,0.2,2328|Lamp|0,0
5,0.2,2332|People|0,1
5,0.2,2332|People|1,1
5,0.2,2332|People|2,0
5,0.2,2332|People|3,0
5,0.2,2332|Lamp|0,0
5,0.2,2335|People|0,1
5,0.2,2335|People|1,1
5,0.2,2335|People|2,0
5,0.2,2335|People|3,0
5,0.2,2335|Lamp|0,0
5,0.2,2337|People|0,0
5,0.2,2337|People|1,0
5,0.2,2337|Lamp|0,0
5,0.2,2453|People|0,0
5,0.2,2453|People|1,0
5,0.2,2453|Lamp|0,0
5,0.2,2456|People|0,1
5,0.2,2456|Lamp|0,0
5,0.2,2456|Lamp|1,0
5,0.2,2456|Lamp|2,0
5,0.2,2457|People|0,1
5,0.2,2457|Lamp|0,0
5,0.2,2457|Lamp|1,0
5,0.2,2457|Lamp|2,0
5,0.2,2457|Lamp|3,0
5,0.2,2465|People|0,0
5,0.2,2465|Lamp|0,0
5,0.2,2465|Lamp|1,0
5,0.2,2465|Lamp|2,0
5,0.2,2467|People|0,0
5,0.2,2467|Lamp|0,0
5,0.2,2467|Lamp|1,0
5,0.2,2468|People|0,0
5,0.2,2468|People|1,0
5,0.2,2468|Lamp|0,0
5,0.2,2468|Lamp|1,0
5,0.2,2478|People|0,1
5,0.2,2478|People|1,1
5,0.2,2478|People|2,0
5,0.2,2478|People|3,0
5,0.2,2478|Lamp|0,1
5,0.2,2478|Lamp|1,1
5,0.2,2489|People|0,0
5,0.2,2489|People|1,1
5,0.2,2489|People|2,0
5,0.2,2489|People|3,1
5,0.2,2489|People|4,0
5,0.2,2489|People|5,1
5,0.2,2489|Lamp|0,0
5,0.2,2489|Lamp|1,0
5,0.2,2490|People|0,0
5,0.2,2490|People|1,1
5,0.2,2490|People|2,0
5,0.2,2490|People|3,0
5,0.2,2490|People|4,0
5,0.2,2490|Lamp|0,0
5,0.2,2490|Lamp|1,0
5,0.2,2491|People|0,0
5,0.2,2491|People|1,1
5,0.2,2491|People|2,1
5,0.2,2491|People|3,0
5,0.2,2491|People|4,0
5,0.2,2491|Lamp|0,0
5,0.2,2491|Lamp|1,0
5,0.2,2602|People|0,0
5,0.2,2602|Lamp|0,0
5,0.2,2602|Lamp|1,0
5,0.2,2602|Lamp|2,0
5,0.2,2606|People|0,0
5,0.2,2606|Lamp|0,0
5,0.2,2606|Lamp|1,0
5,0.2,2607|People|0,0
5,0.2,2607|Lamp|0,0
5,0.2,2607|Lamp|1,0
5,0.2,2622|People|0,1
5,0.2,2622|People|1,0
5,0.2,2622|People|2,0
5,0.2,2622|Lamp|0,1
5,0.2,2622|Lamp|1,1
5,0.2,2622|Lamp|2,1
5,0.2,2717|People|0,0
5,0.2,2717|People|1,0
5,0.2,2717|People|2,0
5,0.2,2717|Lamp|0,0
5,0.2,2720|People|0,0
5,0.2,2720|People|1,0
5,0.2,2720|People|2,0
5,0.2,2720|Lamp|0,0
5,0.2,2721|People|0,0
5,0.2,2721|People|1,0
5,0.2,2721|Lamp|0,0
5,0.2,2727|People|0,1
5,0.2,2727|People|1,0
5,0.2,2727|People|2,0
5,0.2,2727|People|3,0
5,0.2,2727|Lamp|0,0
5,0.2,2732|People|0,0
5,0.2,2732|People|1,0
5,0.2,2732|Lamp|0,0
5,0.2,2735|People|0,0
5,0.2,2735|People|1,0
5,0.2,2735|Lamp|0,0
5,0.2,2736|People|0,0
5,0.2,2736|People|1,0
5,0.2,2736|Lamp|0,0
5,0.2,2738|People|0,0
5,0.2,2738|People|1,0
5,0.2,2738|People|2,0
5,0.2,2738|Lamp|0,0
5,0.2,2940|People|0,1
5,0.2,2940|Lamp|0,0
5,0.2,2940|Lamp|1,0
5,0.2,2942|People|0,1
5,0.2,2942|Lamp|0,0
5,0.2,2942|Lamp|1,0
5,0.2,2942|Lamp|2,0
5,0.2,2942|Lamp|3,0
5,0.2,2942|Lamp|4,0
5,0.2,2945|People|0,1
5,0.2,2945|Lamp|0,0
5,0.2,2945|Lamp|1,0
5,0.2,2945|Lamp|2,0
5,0.2,2947|People|0,1
5,0.2,2947|Lamp|0,1
5,0.2,2947|Lamp|1,1
5,0.2,2947|Lamp|2,0
5,0.2,2947|Lamp|3,0
5,0.2,2947|Lamp|4,0
5,0.2,2949|People|0,0
5,0.2,2949|Lamp|0,1
5,0.2,2949|Lamp|1,0
5,0.2,2949|Lamp|2,0
5,0.2,2949|Lamp|3,0
5,0.2,2949|Lamp|4,0
5,0.2,2949|Lamp|5,0
5,0.2,2950|People|0,0
5,0.2,2950|People|1,0
5,0.2,2950|Lamp|0,1
5,0.2,2950|Lamp|1,0
5,0.2,2950|Lamp|2,0
5,0.2,2950|Lamp|3,0
5,0.2,2950|Lamp|4,0
5,0.2,2951|People|0,0
5,0.2,2951|Lamp|0,1
5,0.2,2951|Lamp|1,0
5,0.2,2951|Lamp|2,0
5,0.2,2951|Lamp|3,0
5,0.2,2951|Lamp|4,0
5,0.2,2953|People|0,0
5,0.2,2953|Lamp|0,0
5,0.2,2953|Lamp|1,1
5,0.2,2953|Lamp|2,0
5,0.2,2953|Lamp|3,0
5,0.2,2957|People|0,0
5,0.2,2957|Lamp|0,1
5,0.2,2957|Lamp|1,0
5,0.2,2957|Lamp|2,1
5,0.2,2957|Lamp|3,0
5,0.2,2957|Lamp|4,0
5,0.2,2957|Lamp|5,0
5,0.2,3024|People|0,0
5,0.2,3024|Lamp|0,0
5,0.2,3024|Lamp|1,0
5,0.2,3052|People|0,0
5,0.2,3052|Lamp|0,0
5,0.2,3053|People|0,0
5,0.2,3053|People|1,0
5,0.2,3053|Lamp|0,0
5,0.2,3053|Lamp|1,0
5,0.2,3054|People|0,0
5,0.2,3054|People|1,0
5,0.2,3054|People|2,0
5,0.2,3054|Lamp|0,0
5,0.2,3054|Lamp|1,0
5,0.2,3057|People|0,0
5,0.2,3057|People|1,0
5,0.2,3057|Lamp|0,0
5,0.2,3057|Lamp|1,0
5,0.2,3059|People|0,1
5,0.2,3059|People|1,0
5,0.2,3059|People|2,0
5,0.2,3059|Lamp|0,0
5,0.2,3059|Lamp|1,0
5,0.2,3060|People|0,1
5,0.2,3060|People|1,1
5,0.2,3060|People|2,0
5,0.2,3060|People|3,0
5,0.2,3060|Lamp|0,0
5,0.2,3060|Lamp|1,0
5,0.2,3061|People|0,0
5,0.2,3061|People|1,1
5,0.2,3061|People|2,1
5,0.2,3061|People|3,0
5,0.2,3061|Lamp|0,0
5,0.2,3061|Lamp|1,0
5,0.2,3063|People|0,1
5,0.2,3063|People|1,0
5,0.2,3063|Lamp|0,0
5,0.2,3063|Lamp|1,0
5,0.2,3063|Lamp|2,0
5,0.2,3063|Lamp|3,0
5,0.2,3066|People|0,0
5,0.2,3066|Lamp|0,0
5,0.2,3066|Lamp|1,0
5,0.2,3066|Lamp|2,1
5,0.2,3066|Lamp|3,0
5,0.2,3066|Lamp|4,0
5,0.2,3066|Lamp|5,0
5,0.2,3072|People|0,1
5,0.2,3072|People|1,0
5,0.2,3072|People|2,0
5,0.2,3072|People|3,0
5,0.2,3072|People|4,0
5,0.2,3072|People|5,0
5,0.2,3072|People|6,1
5,0.2,3072|People|7,1
5,0.2,3072|Lamp|0,0
5,0.2,3072|Lamp|1,1
5,0.2,3072|Lamp|2,0
5,0.2,3072|Lamp|3,0
5,0.2,3072|Lamp|4,0
5,0.2,3072|Lamp|5,0
5,0.2,3072|Lamp|6,0
5,0.2,3072|Lamp|7,0
5,0.2,3078|People|0,1
5,0.2,3078|People|1,1
5,0.2,3078|People|2,0
5,0.2,3078|People|3,1
5,0.2,3078|People|4,0
5,0.2,3078|People|5,0
5,0.2,3078|People|6,0
5,0.2,3078|Lamp|0,1
5,0.2,3078|Lamp|1,1
5,0.2,3078|Lamp|2,0
5,0.2,3078|Lamp|3,0
5,0.2,3079|People|0,1
5,0.2,3079|People|1,1
5,0.2,3079|People|2,0
5,0.2,3079|People|3,0
5,0.2,3079|Lamp|0,1
5,0.2,3079|Lamp|1,0
5,0.2,3079|Lamp|2,0
5,0.2,3116|People|0,1
5,0.2,3116|Lamp|0,1
5,0.2,3116|Lamp|1,0
5,0.2,3118|People|0,1
5,0.2,3118|Lamp|0,1
5,0.2,3118|Lamp|1,0
5,0.2,3119|People|0,1
5,0.2,3119|Lamp|0,1
5,0.2,3119|Lamp|1,0
5,0.2,3121|People|0,1
5,0.2,3121|Lamp|0,1
5,0.2,3121|Lamp|1,0
5,0.2,3124|People|0,1
5,0.2,3124|Lamp|0,1
5,0.2,3124|Lamp|1,0
5,0.2,3125|People|0,1
5,0.2,3125|Lamp|0,1
5,0.2,3125|Lamp|1,0
5,0.2,3302|People|0,1
5,0.2,3302|Lamp|0,1
5,0.2,3302|Lamp|1,0
5,0.2,3302|Lamp|2,1
5,0.2,3302|Lamp|3,0
5,0.2,3313|People|0,1
5,0.2,3313|People|1,0
5,0.2,3313|Lamp|0,0
5,0.2,3313|Lamp|1,0
5,0.2,3347|People|0,1
5,0.2,3347|People|1,0
5,0.2,3347|People|2,0
5,0.2,3347|Lamp|0,0
5,0.2,3347|Lamp|1,0
5,0.2,3349|People|0,0
5,0.2,3349|People|1,0
5,0.2,3349|People|2,0
5,0.2,3349|Lamp|0,0
5,0.2,3349|Lamp|1,0
5,0.2,3350|People|0,1
5,0.2,3350|People|1,0
5,0.2,3350|People|2,0
5,0.2,3350|People|3,0
5,0.2,3350|People|4,0
5,0.2,3350|Lamp|0,0
5,0.2,3350|Lamp|1,0
5,0.2,3378|People|0,0
5,0.2,3378|People|1,0
5,0.2,3378|People|2,1
5,0.2,3378|People|3,1
5,0.2,3378|Lamp|0,0
5,0.2,3378|Lamp|1,1
5,0.2,3378|Lamp|2,0
5,0.2,3378|Lamp|3,0
5,0.2,3378|Lamp|4,0
5,0.2,3381|People|0,0
5,0.2,3381|People|1,1
5,0.2,3381|People|2,1
5,0.2,3381|People|3,0
5,0.2,3381|People|4,0
5,0.2,3381|Lamp|0,1
5,0.2,3381|Lamp|1,1
5,0.2,3381|Lamp|2,1
5,0.2,3381|Lamp|3,0
5,0.2,3381|Lamp|4,0
5,0.2,3382|People|0,0
5,0.2,3382|People|1,1
5,0.2,3382|People|2,1
5,0.2,3382|Lamp|0,1
5,0.2,3382|Lamp|1,1
5,0.2,3382|Lamp|2,1
5,0.2,3382|Lamp|3,0
5,0.2,3382|Lamp|4,0
5,0.2,3383|People|0,0
5,0.2,3383|People|1,1
5,0.2,3383|People|2,1
5,0.2,3383|Lamp|0,1
5,0.2,3383|Lamp|1,0
5,0.2,3383|Lamp|2,1
5,0.2,3383|Lamp|3,0
5,0.2,3383|Lamp|4,0
5,0.2,3384|People|0,0
5,0.2,3384|People|1,0
5,0.2,3384|People|2,1
5,0.2,3384|People|3,1
5,0.2,3384|Lamp|0,1
5,0.2,3384|Lamp|1,1
5,0.2,3384|Lamp|2,1
5,0.2,3384|Lamp|3,0
5,0.2,3384|Lamp|4,0
5,0.2,3389|People|0,0
5,0.2,3389|People|1,1
5,0.2,3389|People|2,0
5,0.2,3389|People|3,1
5,0.2,3389|Lamp|0,1
5,0.2,3389|Lamp|1,0
5,0.2,3389|Lamp|2,0
5,0.2,3389|Lamp|3,0
5,0.2,3389|Lamp|4,0
5,0.2,3390|People|0,1
5,0.2,3390|People|1,0
5,0.2,3390|People|2,1
5,0.2,3390|People|3,1
5,0.2,3390|Lamp|0,1
5,0.2,3390|Lamp|1,0
5,0.2,3390|Lamp|2,0
5,0.2,3390|Lamp|3,0
5,0.2,3390|Lamp|4,0
5,0.2,3392|People|0,0
5,0.2,3392|People|1,1
5,0.2,3392|People|2,1
5,0.2,3392|People|3,0
5,0.2,3392|People|4,0
5,0.2,3392|People|5,1
5,0.2,3392|Lamp|0,1
5,0.2,3392|Lamp|1,0
5,0.2,3392|Lamp|2,1
5,0.2,3392|Lamp|3,0
5,0.2,3392|Lamp|4,0
5,0.2,3395|People|0,1
5,0.2,3395|People|1,1
5,0.2,3395|People|2,0
5,0.2,3395|People|3,1
5,0.2,3395|People|4,0
5,0.2,3395|People|5,0
5,0.2,3395|People|6,0
5,0.2,3395|People|7,0
5,0.2,3395|Lamp|0,1
5,0.2,3395|Lamp|1,1
5,0.2,3395|Lamp|2,1
5,0.2,3395|Lamp|3,0
5,0.2,3395|Lamp|4,0
5,0.2,3397|People|0,1
5,0.2,3397|People|1,1
5,0.2,3397|People|2,0
5,0.2,3397|People|3,1
5,0.2,3397|People|4,0
5,0.2,3397|People|5,0
5,0.2,3397|People|6,0
5,0.2,3397|Lamp|0,1
5,0.2,3397|Lamp|1,1
5,0.2,3397|Lamp|2,1
5,0.2,3397|Lamp|3,0
5,0.2,3397|Lamp|4,0
5,0.2,3398|People|0,1
5,0.2,3398|People|1,1
5,0.2,3398|People|2,0
5,0.2,3398|People|3,0
5,0.2,3398|People|4,0
5,0.2,3398|People|5,1
5,0.2,3398|Lamp|0,1
5,0.2,3398|Lamp|1,1
5,0.2,3398|Lamp|2,1
5,0.2,3398|Lamp|3,0
5,0.2,3398|Lamp|4,0
5,0.2,3405|People|0,1
5,0.2,3405|People|1,0
5,0.2,3405|People|2,0
5,0.2,3405|Lamp|0,1
5,0.2,3405|Lamp|1,1
5,0.2,3405|Lamp|2,1
5,0.2,3405|Lamp|3,1
5,0.2,3408|People|0,1
5,0.2,3408|People|1,0
5,0.2,3408|People|2,0
5,0.2,3408|People|3,0
5,0.2,3408|Lamp|0,1
5,0.2,3408|Lamp|1,1
5,0.2,3408|Lamp|2,1
5,0.2,3408|Lamp|3,1
5,0.2,3409|People|0,0
5,0.2,3409|People|1,0
5,0.2,3409|Lamp|0,1
5,0.2,3409|Lamp|1,1
5,0.2,3409|Lamp|2,1
5,0.2,3409|Lamp|3,1
5,0.2,3566|People|0,0
5,0.2,3566|Lamp|0,1
5,0.2,3681|People|0,0
5,0.2,3681|Lamp|0,1
5,0.2,3681|Lamp|1,1
5,0.2,3681|Lamp|2,1
5,0.2,3681|Lamp|3,1
5,0.2,3682|People|0,0
5,0.2,3682|Lamp|0,1
5,0.2,3682|Lamp|1,1
5,0.2,3682|Lamp|2,1
5,0.2,3682|Lamp|3,1
5,0.2,3683|People|0,0
5,0.2,3683|Lamp|0,1
5,0.2,3683|Lamp|1,1
5,0.2,3683|Lamp|2,1
5,0.2,3683|Lamp|3,1
5,0.2,3687|People|0,0
5,0.2,3687|People|1,0
5,0.2,3687|People|2,0
5,0.2,3687|Lamp|0,1
5,0.2,3687|Lamp|1,1
5,0.2,3687|Lamp|2,1
5,0.2,3687|Lamp|3,1
5,0.2,3688|People|0,0
5,0.2,3688|People|1,0
5,0.2,3688|People|2,0
5,0.2,3688|Lamp|0,1
5,0.2,3688|Lamp|1,1
5,0.2,3688|Lamp|2,1
5,0.2,3688|Lamp|3,1
5,0.2,3689|People|0,0
5,0.2,3689|Lamp|0,0
5,0.2,3689|Lamp|1,0
5,0.2,3689|Lamp|2,0
5,0.2,3689|Lamp|3,0
5,0.3,63|People|0,1
5,0.3,63|People|1,1
5,0.3,63|People|2,1
5,0.3,63|People|3,1
5,0.3,63|People|4,0
5,0.3,63|Lamp|0,0
5,0.3,64|People|0,0
5,0.3,64|People|1,0
5,0.3,64|People|2,0
5,0.3,64|People|3,1
5,0.3,64|People|4,1
5,0.3,64|People|5,1
5,0.3,64|Lamp|0,0
5,0.3,71|People|0,0
5,0.3,71|People|1,0
5,0.3,71|Lamp|0,0
5,0.3,73|People|0,0
5,0.3,73|People|1,0
5,0.3,73|Lamp|0,0
5,0.3,78|People|0,0
5,0.3,78|People|1,1
5,0.3,78|People|2,1
5,0.3,78|People|3,1
5,0.3,78|People|4,0
5,0.3,78|People|5,0
5,0.3,78|Lamp|0,0
5,0.3,111|People|0,1
5,0.3,111|People|1,1
5,0.3,111|People|2,1
5,0.3,111|People|3,1
5,0.3,111|People|4,0
5,0.3,111|People|5,1
5,0.3,111|People|6,1
5,0.3,111|Lamp|0,1
5,0.3,111|Lamp|1,1
5,0.3,111|Lamp|2,0
5,0.3,111|Lamp|3,1
5,0.3,114|People|0,1
5,0.3,114|People|1,1
5,0.3,114|People|2,1
5,0.3,114|People|3,1
5,0.3,114|People|4,1
5,0.3,114|People|5,0
5,0.3,114|People|6,0
5,0.3,114|Lamp|0,0
5,0.3,114|Lamp|1,1
5,0.3,114|Lamp|2,1
5,0.3,116|People|0,1
5,0.3,116|People|1,1
5,0.3,116|People|2,1
5,0.3,116|People|3,1
5,0.3,116|People|4,1
5,0.3,116|People|5,1
5,0.3,116|People|6,1
5,0.3,116|People|7,0
5,0.3,116|Lamp|0,0
5,0.3,116|Lamp|1,1
5,0.3,116|Lamp|2,1
5,0.3,116|Lamp|3,1
5,0.3,118|People|0,1
5,0.3,118|People|1,1
5,0.3,118|People|2,1
5,0.3,118|People|3,1
5,0.3,118|People|4,1
5,0.3,118|People|5,0
5,0.3,118|People|6,1
5,0.3,118|People|7,1
5,0.3,118|Lamp|0,1
5,0.3,118|Lamp|1,1
5,0.3,118|Lamp|2,1
5,0.3,118|Lamp|3,1
5,0.3,123|People|0,1
5,0.3,123|People|1,0
5,0.3,123|People|2,0
5,0.3,123|People|3,1
5,0.3,123|People|4,1
5,0.3,123|People|5,0
5,0.3,123|People|6,1
5,0.3,123|Lamp|0,1
5,0.3,123|Lamp|1,1
5,0.3,123|Lamp|2,0
5,0.3,123|Lamp|3,0
5,0.3,123|Lamp|4,1
5,0.3,125|People|0,0
5,0.3,125|People|1,1
5,0.3,125|People|2,1
5,0.3,125|People|3,1
5,0.3,125|People|4,1
5,0.3,125|People|5,1
5,0.3,125|People|6,0
5,0.3,125|People|7,0
5,0.3,125|Lamp|0,1
5,0.3,125|Lamp|1,1
5,0.3,125|Lamp|2,1
5,0.3,125|Lamp|3,1
5,0.3,125|Lamp|4,1
5,0.3,126|People|0,1
5,0.3,126|People|1,0
5,0.3,126|People|2,1
5,0.3,126|People|3,0
5,0.3,126|People|4,0
5,0.3,126|People|5,1
5,0.3,126|People|6,0
5,0.3,126|People|7,1
5,0.3,126|People|8,0
5,0.3,126|Lamp|0,1
5,0.3,126|Lamp|1,1
5,0.3,126|Lamp|2,1
5,0.3,126|Lamp|3,1
5,0.3,126|Lamp|4,1
5,0.3,127|People|0,0
5,0.3,127|People|1,0
5,0.3,127|People|2,0
5,0.3,127|People|3,1
5,0.3,127|People|4,0
5,0.3,127|People|5,1
5,0.3,127|People|6,1
5,0.3,127|People|7,1
5,0.3,127|People|8,0
5,0.3,127|People|9,1
5,0.3,127|Lamp|0,1
5,0.3,127|Lamp|1,0
5,0.3,127|Lamp|2,1
5,0.3,127|Lamp|3,1
5,0.3,127|Lamp|4,1
5,0.3,129|People|0,0
5,0.3,129|People|1,1
5,0.3,129|People|2,1
5,0.3,129|People|3,0
5,0.3,129|People|4,0
5,0.3,129|People|5,0
5,0.3,129|People|6,0
5,0.3,129|People|7,1
5,0.3,129|Lamp|0,1
5,0.3,129|Lamp|1,0
5,0.3,129|Lamp|2,1
5,0.3,129|Lamp|3,1
5,0.3,129|Lamp|4,1
5,0.3,130|People|0,0
5,0.3,130|People|1,0
5,0.3,130|People|2,0
5,0.3,130|People|3,1
5,0.3,130|People|4,1
5,0.3,130|People|5,0
5,0.3,130|Lamp|0,0
5,0.3,130|Lamp|1,0
5,0.3,130|Lamp|2,0
5,0.3,130|Lamp|3,0
5,0.3,132|People|0,0
5,0.3,132|People|1,1
5,0.3,132|People|2,0
5,0.3,132|People|3,1
5,0.3,132|People|4,0
5,0.3,132|People|5,1
5,0.3,132|Lamp|0,1
5,0.3,132|Lamp|1,0
5,0.3,132|Lamp|2,0
5,0.3,132|Lamp|3,0
5,0.3,135|People|0,0
5,0.3,135|People|1,0
5,0.3,135|People|2,1
5,0.3,135|People|3,1
5,0.3,135|People|4,0
5,0.3,135|People|5,0
5,0.3,135|People|6,0
5,0.3,135|People|7,0
5,0.3,135|People|8,1
5,0.3,135|People|9,1
5,0.3,135|People|10,0
5,0.3,135|Lamp|0,0
5,0.3,135|Lamp|1,1
5,0.3,135|Lamp|2,0
5,0.3,136|People|0,0
5,0.3,136|People|1,0
5,0.3,136|People|2,1
5,0.3,136|People|3,0
5,0.3,136|People|4,1
5,0.3,136|People|5,1
5,0.3,136|People|6,0
5,0.3,136|People|7,1
5,0.3,136|Lamp|0,1
5,0.3,136|Lamp|1,0
5,0.3,136|Lamp|2,1
5,0.3,138|People|0,0
5,0.3,138|People|1,0
5,0.3,138|People|2,0
5,0.3,138|People|3,0
5,0.3,138|People|4,0
5,0.3,138|People|5,0
5,0.3,138|People|6,0
5,0.3,138|People|7,0
5,0.3,138|People|8,1
5,0.3,138|People|9,0
5,0.3,138|People|10,0
5,0.3,138|Lamp|0,1
5,0.3,138|Lamp|1,0
5,0.3,138|Lamp|2,0
5,0.3,143|People|0,0
5,0.3,143|People|1,0
5,0.3,143|People|2,1
5,0.3,143|People|3,0
5,0.3,143|People|4,0
5,0.3,143|People|5,0
5,0.3,143|People|6,0
5,0.3,143|Lamp|0,1
5,0.3,143|Lamp|1,0
5,0.3,144|People|0,0
5,0.3,144|People|1,1
5,0.3,144|People|2,1
5,0.3,144|People|3,0
5,0.3,144|People|4,0
5,0.3,144|People|5,0
5,0.3,144|People|6,0
5,0.3,144|Lamp|0,1
5,0.3,144|Lamp|1,0
5,0.3,147|People|0,1
5,0.3,147|People|1,0
5,0.3,147|People|2,1
5,0.3,147|People|3,1
5,0.3,147|People|4,0
5,0.3,147|People|5,0
5,0.3,147|People|6,1
5,0.3,147|People|7,0
5,0.3,147|People|8,1
5,0.3,147|People|9,1
5,0.3,147|People|10,0
5,0.3,147|People|11,0
5,0.3,147|Lamp|0,0
5,0.3,186|People|0,0
5,0.3,186|People|1,1
5,0.3,186|People|2,0
5,0.3,186|People|3,0
5,0.3,186|People|4,0
5,0.3,186|People|5,1
5,0.3,186|Lamp|0,1
5,0.3,187|People|0,0
5,0.3,187|People|1,1
5,0.3,187|People|2,0
5,0.3,187|People|3,1
5,0.3,187|People|4,0
5,0.3,187|People|5,0
5,0.3,187|Lamp|0,1
5,0.3,188|People|0,1
5,0.3,188|People|1,1
5,0.3,188|People|2,1
5,0.3,188|People|3,1
5,0.3,188|People|4,0
5,0.3,188|People|5,0
5,0.3,188|Lamp|0,1
5,0.3,191|People|0,1
5,0.3,191|People|1,1
5,0.3,191|People|2,1
5,0.3,191|People|3,1
5,0.3,191|People|4,1
5,0.3,191|People|5,1
5,0.3,191|Lamp|0,1
5,0.3,193|People|0,1
5,0.3,193|People|1,1
5,0.3,193|People|2,1
5,0.3,193|People|3,1
5,0.3,193|People|4,1
5,0.3,193|People|5,1
5,0.3,193|Lamp|0,1
5,0.3,196|People|0,1
5,0.3,196|People|1,0
5,0.3,196|People|2,1
5,0.3,196|People|3,1
5,0.3,196|People|4,1
5,0.3,196|People|5,0
5,0.3,196|People|6,1
5,0.3,196|People|7,1
5,0.3,196|People|8,1
5,0.3,196|Lamp|0,1
5,0.3,196|Lamp|1,1
5,0.3,196|Lamp|2,0
5,0.3,199|People|0,1
5,0.3,199|People|1,1
5,0.3,199|People|2,1
5,0.3,199|People|3,1
5,0.3,199|People|4,1
5,0.3,199|People|5,1
5,0.3,199|People|6,1
5,0.3,199|Lamp|0,1
5,0.3,199|Lamp|1,0
5,0.3,204|People|0,1
5,0.3,204|People|1,1
5,0.3,204|People|2,1
5,0.3,204|People|3,1
5,0.3,204|People|4,1
5,0.3,204|People|5,1
5,0.3,204|People|6,1
5,0.3,204|People|7,1
5,0.3,204|Lamp|0,1
5,0.3,204|Lamp|1,1
5,0.3,204|Lamp|2,0
5,0.3,205|People|0,0
5,0.3,205|People|1,1
5,0.3,205|People|2,1
5,0.3,205|People|3,1
5,0.3,205|People|4,1
5,0.3,205|People|5,1
5,0.3,205|People|6,1
5,0.3,205|People|7,0
5,0.3,205|People|8,1
5,0.3,205|Lamp|0,1
5,0.3,205|Lamp|1,1
5,0.3,205|Lamp|2,0
5,0.3,206|People|0,1
5,0.3,206|People|1,1
5,0.3,206|People|2,1
5,0.3,206|People|3,1
5,0.3,206|People|4,0
5,0.3,206|People|5,0
5,0.3,206|People|6,0
5,0.3,206|People|7,0
5,0.3,206|Lamp|0,1
5,0.3,209|People|0,1
5,0.3,209|Lamp|0,1
5,0.3,210|People|0,1
5,0.3,210|People|1,1
5,0.3,210|People|2,0
5,0.3,210|Lamp|0,1
5,0.3,213|People|0,1
5,0.3,213|People|1,1
5,0.3,213|People|2,1
5,0.3,213|People|3,0
5,0.3,213|People|4,0
5,0.3,213|People|5,0
5,0.3,213|People|6,0
5,0.3,213|People|7,0
5,0.3,213|Lamp|0,1
5,0.3,213|Lamp|1,1
5,0.3,213|Lamp|2,0
5,0.3,217|People|0,0
5,0.3,217|People|1,0
5,0.3,217|Lamp|0,0
5,0.3,222|People|0,1
5,0.3,222|People|1,0
5,0.3,222|People|2,0
5,0.3,222|People|3,1
5,0.3,222|People|4,1
5,0.3,222|People|5,1
5,0.3,222|People|6,1
5,0.3,222|People|7,0
5,0.3,222|People|8,1
5,0.3,222|Lamp|0,0
5,0.3,222|Lamp|1,0
5,0.3,222|Lamp|2,1
5,0.3,222|Lamp|3,1
5,0.3,222|Lamp|4,0
5,0.3,222|Lamp|5,1
5,0.3,222|Lamp|6,0
5,0.3,231|People|0,0
5,0.3,231|People|1,1
5,0.3,231|People|2,1
5,0.3,231|People|3,1
5,0.3,231|People|4,1
5,0.3,231|People|5,0
5,0.3,231|People|6,1
5,0.3,231|People|7,1
5,0.3,231|People|8,0
5,0.3,231|People|9,1
5,0.3,231|People|10,0
5,0.3,231|People|11,0
5,0.3,231|Lamp|0,1
5,0.3,231|Lamp|1,0
5,0.3,231|Lamp|2,1
5,0.3,231|Lamp|3,1
5,0.3,231|Lamp|4,1
5,0.3,232|People|0,0
5,0.3,232|People|1,0
5,0.3,232|People|2,0
5,0.3,232|People|3,0
5,0.3,232|People|4,0
5,0.3,232|People|5,1
5,0.3,232|People|6,1
5,0.3,232|People|7,1
5,0.3,232|People|8,1
5,0.3,232|People|9,0
5,0.3,232|People|10,0
5,0.3,232|People|11,0
5,0.3,232|Lamp|0,1
5,0.3,232|Lamp|1,0
5,0.3,232|Lamp|2,1
5,0.3,232|Lamp|3,1
5,0.3,232|Lamp|4,0
5,0.3,232|Lamp|5,0
5,0.3,240|People|0,0
5,0.3,240|People|1,0
5,0.3,240|People|2,1
5,0.3,240|People|3,1
5,0.3,240|People|4,1
5,0.3,240|People|5,1
5,0.3,240|People|6,0
5,0.3,240|Lamp|0,0
5,0.3,240|Lamp|1,0
5,0.3,240|Lamp|2,1
5,0.3,240|Lamp|3,0
5,0.3,240|Lamp|4,0
5,0.3,388|People|0,1
5,0.3,388|People|1,1
5,0.3,388|People|2,1
5,0.3,388|People|3,1
5,0.3,388|People|4,1
5,0.3,388|People|5,1
5,0.3,388|People|6,1
5,0.3,388|People|7,1
5,0.3,388|People|8,1
5,0.3,388|People|9,1
5,0.3,388|Lamp|0,1
5,0.3,389|People|0,1
5,0.3,389|People|1,1
5,0.3,389|People|2,0
5,0.3,389|People|3,1
5,0.3,389|People|4,1
5,0.3,389|People|5,1
5,0.3,389|People|6,1
5,0.3,389|People|7,1
5,0.3,389|People|8,1
5,0.3,389|People|9,1
5,0.3,389|Lamp|0,0
5,0.3,389|Lamp|1,1
5,0.3,392|People|0,1
5,0.3,392|People|1,0
5,0.3,392|People|2,0
5,0.3,392|People|3,1
5,0.3,392|Lamp|0,1
5,0.3,392|Lamp|1,1
5,0.3,394|People|0,1
5,0.3,394|People|1,1
5,0.3,394|People|2,1
5,0.3,394|People|3,1
5,0.3,394|People|4,1
5,0.3,394|People|5,1
5,0.3,394|Lamp|0,1
5,0.3,394|Lamp|1,1
5,0.3,395|People|0,0
5,0.3,395|People|1,0
5,0.3,395|People|2,1
5,0.3,395|People|3,1
5,0.3,395|People|4,1
5,0.3,395|People|5,1
5,0.3,395|People|6,1
5,0.3,395|Lamp|0,1
5,0.3,395|Lamp|1,1
5,0.3,396|People|0,0
5,0.3,396|People|1,0
5,0.3,396|People|2,1
5,0.3,396|People|3,0
5,0.3,396|People|4,1
5,0.3,396|People|5,1
5,0.3,396|Lamp|0,1
5,0.3,396|Lamp|1,1
5,0.3,409|People|0,1
5,0.3,409|People|1,1
5,0.3,409|People|2,0
5,0.3,409|People|3,1
5,0.3,409|People|4,0
5,0.3,409|Lamp|0,0
5,0.3,410|People|0,1
5,0.3,410|People|1,0
5,0.3,410|People|2,0
5,0.3,410|People|3,0
5,0.3,410|People|4,0
5,0.3,410|People|5,1
5,0.3,410|Lamp|0,1
5,0.3,413|People|0,1
5,0.3,413|People|1,1
5,0.3,413|People|2,1
5,0.3,413|People|3,0
5,0.3,413|People|4,0
5,0.3,413|People|5,0
5,0.3,413|Lamp|0,0
5,0.3,419|People|0,0
5,0.3,419|People|1,0
5,0.3,419|Lamp|0,0
5,0.3,419|Lamp|1,1
5,0.3,422|People|0,1
5,0.3,422|People|1,1
5,0.3,422|People|2,1
5,0.3,422|People|3,1
5,0.3,422|People|4,1
5,0.3,422|Lamp|0,0
5,0.3,425|People|0,0
5,0.3,425|People|1,1
5,0.3,425|People|2,1
5,0.3,425|People|3,1
5,0.3,425|People|4,0
5,0.3,425|People|5,1
5,0.3,425|People|6,1
5,0.3,425|People|7,0
5,0.3,425|Lamp|0,0
5,0.3,427|People|0,0
5,0.3,427|People|1,0
5,0.3,427|People|2,0
5,0.3,427|People|3,1
5,0.3,427|People|4,1
5,0.3,427|People|5,1
5,0.3,427|People|6,1
5,0.3,427|People|7,1
5,0.3,427|Lamp|0,0
5,0.3,428|People|0,0
5,0.3,428|People|1,0
5,0.3,428|People|2,1
5,0.3,428|People|3,1
5,0.3,428|People|4,1
5,0.3,428|People|5,1
5,0.3,428|People|6,1
5,0.3,428|Lamp|0,0
5,0.3,438|People|0,1
5,0.3,438|People|1,1
5,0.3,438|People|2,0
5,0.3,438|People|3,0
5,0.3,438|People|4,0
5,0.3,438|Lamp|0,1
5,0.3,438|Lamp|1,0
5,0.3,438|Lamp|2,1
5,0.3,438|Lamp|3,1
5,0.3,440|People|0,1
5,0.3,440|People|1,1
5,0.3,440|People|2,0
5,0.3,440|People|3,0
5,0.3,440|People|4,0
5,0.3,440|People|5,0
5,0.3,440|People|6,0
5,0.3,440|Lamp|0,1
5,0.3,440|Lamp|1,1
5,0.3,440|Lamp|2,1
5,0.3,440|Lamp|3,1
5,0.3,442|People|0,1
5,0.3,442|People|1,1
5,0.3,442|People|2,0
5,0.3,442|People|3,0
5,0.3,442|People|4,0
5,0.3,442|People|5,1
5,0.3,442|People|6,1
5,0.3,442|People|7,1
5,0.3,442|Lamp|0,1
5,0.3,442|Lamp|1,1
5,0.3,442|Lamp|2,1
5,0.3,442|Lamp|3,1
5,0.3,444|People|0,1
5,0.3,444|People|1,1
5,0.3,444|People|2,0
5,0.3,444|People|3,0
5,0.3,444|People|4,0
5,0.3,444|People|5,0
5,0.3,444|Lamp|0,1
5,0.3,444|Lamp|1,1
5,0.3,444|Lamp|2,1
5,0.3,444|Lamp|3,0
5,0.3,448|People|0,1
5,0.3,448|People|1,1
5,0.3,448|People|2,1
5,0.3,448|People|3,0
5,0.3,448|People|4,0
5,0.3,448|People|5,0
5,0.3,448|People|6,0
5,0.3,448|Lamp|0,1
5,0.3,448|Lamp|1,1
5,0.3,448|Lamp|2,0
5,0.3,448|Lamp|3,0
5,0.3,448|Lamp|4,0
5,0.3,448|Lamp|5,0
5,0.3,449|People|0,1
5,0.3,449|People|1,1
5,0.3,449|People|2,1
5,0.3,449|People|3,0
5,0.3,449|People|4,0
5,0.3,449|People|5,0
5,0.3,449|Lamp|0,0
5,0.3,449|Lamp|1,1
5,0.3,449|Lamp|2,1
5,0.3,449|Lamp|3,0
5,0.3,449|Lamp|4,1
5,0.3,452|People|0,1
5,0.3,452|People|1,1
5,0.3,452|Lamp|0,1
5,0.3,452|Lamp|1,1
5,0.3,452|Lamp|2,1
5,0.3,453|People|0,1
5,0.3,453|Lamp|0,1
5,0.3,453|Lamp|1,1
5,0.3,453|Lamp|2,1
5,0.3,453|Lamp|3,1
5,0.3,459|People|0,0
5,0.3,459|People|1,0
5,0.3,459|People|2,1
5,0.3,459|People|3,1
5,0.3,459|People|4,1
5,0.3,459|People|5,1
5,0.3,459|Lamp|0,0
5,0.3,459|Lamp|1,0
5,0.3,459|Lamp|2,0
5,0.3,462|People|0,1
5,0.3,462|People|1,1
5,0.3,462|People|2,1
5,0.3,462|People|3,1
5,0.3,462|People|4,1
5,0.3,462|People|5,1
5,0.3,462|People|6,1
5,0.3,462|Lamp|0,1
5,0.3,462|Lamp|1,0
5,0.3,466|People|0,1
5,0.3,466|People|1,1
5,0.3,466|People|2,1
5,0.3,466|People|3,1
5,0.3,466|People|4,1
5,0.3,466|People|5,1
5,0.3,466|Lamp|0,1
5,0.3,466|Lamp|1,0
5,0.3,468|People|0,1
5,0.3,468|People|1,1
5,0.3,468|People|2,1
5,0.3,468|People|3,1
5,0.3,468|People|4,1
5,0.3,468|People|5,1
5,0.3,468|People|6,1
5,0.3,468|Lamp|0,1
5,0.3,468|Lamp|1,0
5,0.3,470|People|0,1
5,0.3,470|People|1,0
5,0.3,470|Lamp|0,1
5,0.3,476|People|0,0
5,0.3,476|People|1,1
5,0.3,476|Lamp|0,0
5,0.3,478|People|0,0
5,0.3,478|Lamp|0,0
5,0.3,479|People|0,1
5,0.3,479|Lamp|0,1
5,0.3,480|People|0,1
5,0.3,480|People|1,0
5,0.3,480|People|2,0
5,0.3,480|Lamp|0,0
5,0.3,486|People|0,1
5,0.3,486|People|1,0
5,0.3,486|People|2,0
5,0.3,486|People|3,0
5,0.3,486|People|4,1
5,0.3,486|People|5,1
5,0.3,486|People|6,0
5,0.3,486|Lamp|0,0
5,0.3,489|People|0,1
5,0.3,489|People|1,0
5,0.3,489|People|2,1
5,0.3,489|People|3,1
5,0.3,489|People|4,0
5,0.3,489|People|5,0
5,0.3,489|People|6,0
5,0.3,489|People|7,0
5,0.3,489|People|8,0
5,0.3,489|People|9,0
5,0.3,489|Lamp|0,1
5,0.3,489|Lamp|1,0
5,0.3,493|People|0,0
5,0.3,493|People|1,1
5,0.3,493|People|2,1
5,0.3,493|People|3,1
5,0.3,493|People|4,1
5,0.3,493|People|5,1
5,0.3,493|People|6,1
5,0.3,493|People|7,0
5,0.3,493|Lamp|0,0
5,0.3,494|People|0,1
5,0.3,494|People|1,0
5,0.3,494|People|2,0
5,0.3,494|People|3,0
5,0.3,494|People|4,0
5,0.3,494|Lamp|0,1
5,0.3,494|Lamp|1,0
5,0.3,494|Lamp|2,1
5,0.3,503|People|0,0
5,0.3,503|People|1,0
5,0.3,503|Lamp|0,1
5,0.3,503|Lamp|1,1
5,0.3,505|People|0,0
5,0.3,505|People|1,0
5,0.3,505|People|2,0
5,0.3,505|People|3,0
5,0.3,505|People|4,0
5,0.3,505|Lamp|0,1
5,0.3,507|People|0,1
5,0.3,507|People|1,0
5,0.3,507|People|2,0
5,0.3,507|People|3,0
5,0.3,507|People|4,0
5,0.3,507|People|5,1
5,0.3,507|People|6,1
5,0.3,507|Lamp|0,1
5,0.3,1190|People|0,0
5,0.3,1190|People|1,0
5,0.3,1190|People|2,0
5,0.3,1190|People|3,0
5,0.3,1190|People|4,0
5,0.3,1190|People|5,0
5,0.3,1190|People|6,0
5,0.3,1190|People|7,0
5,0.3,1190|Lamp|0,0
5,0.3,1196|People|0,0
5,0.3,1196|People|1,0
5,0.3,1196|Lamp|0,1
5,0.3,1199|People|0,0
5,0.3,1199|People|1,0
5,0.3,1199|People|2,0
5,0.3,1199|Lamp|0,1
5,0.3,1200|People|0,0
5,0.3,1200|People|1,1
5,0.3,1200|Lamp|0,1
5,0.3,1204|People|0,1
5,0.3,1204|People|1,1
5,0.3,1204|People|2,0
5,0.3,1204|People|3,0
5,0.3,1204|Lamp|0,0
5,0.3,1206|People|0,1
5,0.3,1206|People|1,1
5,0.3,1206|People|2,0
5,0.3,1206|Lamp|0,0
5,0.3,1207|People|0,1
5,0.3,1207|People|1,1
5,0.3,1207|People|2,0
5,0.3,1207|Lamp|0,0
5,0.3,1211|People|0,1
5,0.3,1211|People|1,1
5,0.3,1211|People|2,0
5,0.3,1211|People|3,0
5,0.3,1211|Lamp|0,0
5,0.3,1213|People|0,1
5,0.3,1213|People|1,1
5,0.3,1213|Lamp|0,0
5,0.3,1216|People|0,1
5,0.3,1216|People|1,1
5,0.3,1216|Lamp|0,0
5,0.3,1218|People|0,1
5,0.3,1218|People|1,1
5,0.3,1218|Lamp|0,0
5,0.3,1219|People|0,1
5,0.3,1219|People|1,0
5,0.3,1219|People|2,0
5,0.3,1219|People|3,0
5,0.3,1219|Lamp|0,1
5,0.3,1219|Lamp|1,1
5,0.3,1221|People|0,1
5,0.3,1221|People|1,0
5,0.3,1221|People|2,0
5,0.3,1221|Lamp|0,0
5,0.3,1222|People|0,1
5,0.3,1222|People|1,1
5,0.3,1222|People|2,0
5,0.3,1222|Lamp|0,0
5,0.3,1225|People|0,0
5,0.3,1225|People|1,0
5,0.3,1225|People|2,0
5,0.3,1225|People|3,0
5,0.3,1225|People|4,0
5,0.3,1225|People|5,0
5,0.3,1225|People|6,0
5,0.3,1225|Lamp|0,1
5,0.3,1225|Lamp|1,1
5,0.3,1226|People|0,0
5,0.3,1226|People|1,0
5,0.3,1226|People|2,0
5,0.3,1226|People|3,0
5,0.3,1226|People|4,0
5,0.3,1226|Lamp|0,0
5,0.3,1226|Lamp|1,0
5,0.3,1226|Lamp|2,0
5,0.3,1228|People|0,0
5,0.3,1228|Lamp|0,0
5,0.3,1266|People|0,0
5,0.3,1266|People|1,0
5,0.3,1266|Lamp|0,1
5,0.3,1266|Lamp|1,1
5,0.3,1268|People|0,1
5,0.3,1268|Lamp|0,1
5,0.3,1268|Lamp|1,0
5,0.3,1268|Lamp|2,0
5,0.3,1268|Lamp|3,0
5,0.3,1273|People|0,0
5,0.3,1273|Lamp|0,0
5,0.3,1273|Lamp|1,0
5,0.3,1274|People|0,0
5,0.3,1274|Lamp|0,0
5,0.3,1274|Lamp|1,1
5,0.3,1274|Lamp|2,0
5,0.3,1285|People|0,1
5,0.3,1285|Lamp|0,1
5,0.3,1285|Lamp|1,1
5,0.3,1285|Lamp|2,1
5,0.3,1291|People|0,0
5,0.3,1291|Lamp|0,0
5,0.3,1291|Lamp|1,1
5,0.3,1295|People|0,1
5,0.3,1295|People|1,0
5,0.3,1295|People|2,0
5,0.3,1295|Lamp|0,1
5,0.3,1299|People|0,1
5,0.3,1299|People|1,0
5,0.3,1299|People|2,0
5,0.3,1299|Lamp|0,0
5,0.3,2046|People|0,1
5,0.3,2046|People|1,1
5,0.3,2046|Lamp|0,1
5,0.3,2046|Lamp|1,1
5,0.3,2046|Lamp|2,1
5,0.3,2046|Lamp|3,0
5,0.3,2050|People|0,1
5,0.3,2050|People|1,0
5,0.3,2050|Lamp|0,1
5,0.3,2050|Lamp|1,0
5,0.3,2050|Lamp|2,1
5,0.3,2050|Lamp|3,0
5,0.3,2051|People|0,1
5,0.3,2051|People|1,0
5,0.3,2051|Lamp|0,0
5,0.3,2051|Lamp|1,0
5,0.3,2051|Lamp|2,1
5,0.3,2051|Lamp|3,0
5,0.3,2052|People|0,1
5,0.3,2052|People|1,0
5,0.3,2052|Lamp|0,1
5,0.3,2052|Lamp|1,1
5,0.3,2052|Lamp|2,0
5,0.3,2052|Lamp|3,0
5,0.3,2056|People|0,1
5,0.3,2056|People|1,1
5,0.3,2056|Lamp|0,1
5,0.3,2056|Lamp|1,0
5,0.3,2056|Lamp|2,1
5,0.3,2056|Lamp|3,0
5,0.3,2057|People|0,1
5,0.3,2057|People|1,1
5,0.3,2057|Lamp|0,0
5,0.3,2057|Lamp|1,0
5,0.3,2057|Lamp|2,0
5,0.3,2057|Lamp|3,1
5,0.3,2058|People|0,1
5,0.3,2058|People|1,1
5,0.3,2058|Lamp|0,0
5,0.3,2058|Lamp|1,0
5,0.3,2058|Lamp|2,1
5,0.3,2058|Lamp|3,0
5,0.3,2058|Lamp|4,0
5,0.3,2058|Lamp|5,0
5,0.3,2059|People|0,1
5,0.3,2059|People|1,0
5,0.3,2059|Lamp|0,0
5,0.3,2059|Lamp|1,0
5,0.3,2059|Lamp|2,0
5,0.3,2059|Lamp|3,0
5,0.3,2061|People|0,1
5,0.3,2061|People|1,1
5,0.3,2061|Lamp|0,1
5,0.3,2061|Lamp|1,0
5,0.3,2061|Lamp|2,0
5,0.3,2061|Lamp|3,1
5,0.3,2061|Lamp|4,0
5,0.3,2061|Lamp|5,0
5,0.3,2065|People|0,1
5,0.3,2065|People|1,1
5,0.3,2065|Lamp|0,0
5,0.3,2065|Lamp|1,0
5,0.3,2065|Lamp|2,1
5,0.3,2065|Lamp|3,0
5,0.3,2065|Lamp|4,0
5,0.3,2065|Lamp|5,1
5,0.3,2067|People|0,1
5,0.3,2067|People|1,0
5,0.3,2067|Lamp|0,1
5,0.3,2067|Lamp|1,1
5,0.3,2067|Lamp|2,0
5,0.3,2067|Lamp|3,1
5,0.3,2068|People|0,1
5,0.3,2068|People|1,0
5,0.3,2068|Lamp|0,1
5,0.3,2068|Lamp|1,1
5,0.3,2068|Lamp|2,0
5,0.3,2068|Lamp|3,0
5,0.3,2069|People|0,1
5,0.3,2069|People|1,1
5,0.3,2069|Lamp|0,1
5,0.3,2069|Lamp|1,1
5,0.3,2069|Lamp|2,0
5,0.3,2069|Lamp|3,0
5,0.3,2069|Lamp|4,0
5,0.3,2069|Lamp|5,0
5,0.3,2070|People|0,1
5,0.3,2070|People|1,0
5,0.3,2070|Lamp|0,1
5,0.3,2070|Lamp|1,0
5,0.3,2070|Lamp|2,1
5,0.3,2070|Lamp|3,1
5,0.3,2072|People|0,1
5,0.3,2072|People|1,1
5,0.3,2072|Lamp|0,1
5,0.3,2072|Lamp|1,0
5,0.3,2072|Lamp|2,0
5,0.3,2072|Lamp|3,0
5,0.3,2072|Lamp|4,0
5,0.3,2072|Lamp|5,1
5,0.3,2073|People|0,1
5,0.3,2073|People|1,0
5,0.3,2073|Lamp|0,1
5,0.3,2073|Lamp|1,0
5,0.3,2073|Lamp|2,1
5,0.3,2073|Lamp|3,0
5,0.3,2073|Lamp|4,0
5,0.3,2073|Lamp|5,1
5,0.3,2074|People|0,1
5,0.3,2074|People|1,0
5,0.3,2074|Lamp|0,1
5,0.3,2074|Lamp|1,0
5,0.3,2074|Lamp|2,0
5,0.3,2074|Lamp|3,0
5,0.3,2074|Lamp|4,1
5,0.3,2074|Lamp|5,1
5,0.3,2074|Lamp|6,0
5,0.3,2074|Lamp|7,1
5,0.3,2076|People|0,1
5,0.3,2076|People|1,1
5,0.3,2076|Lamp|0,1
5,0.3,2076|Lamp|1,0
5,0.3,2076|Lamp|2,0
5,0.3,2076|Lamp|3,0
5,0.3,2076|Lamp|4,1
5,0.3,2076|Lamp|5,1
5,0.3,2076|Lamp|6,1
5,0.3,2076|Lamp|7,0
5,0.3,2082|People|0,1
5,0.3,2082|People|1,1
5,0.3,2082|Lamp|0,0
5,0.3,2082|Lamp|1,0
5,0.3,2082|Lamp|2,0
5,0.3,2082|Lamp|3,0
5,0.3,2082|Lamp|4,0
5,0.3,2082|Lamp|5,0
5,0.3,2084|People|0,1
5,0.3,2084|People|1,1
5,0.3,2084|Lamp|0,1
5,0.3,2084|Lamp|1,1
5,0.3,2084|Lamp|2,0
5,0.3,2084|Lamp|3,0
5,0.3,2084|Lamp|4,0
5,0.3,2084|Lamp|5,0
5,0.3,2087|People|0,1
5,0.3,2087|People|1,1
5,0.3,2087|Lamp|0,0
5,0.3,2087|Lamp|1,1
5,0.3,2087|Lamp|2,1
5,0.3,2090|People|0,1
5,0.3,2090|People|1,1
5,0.3,2090|Lamp|0,0
5,0.3,2090|Lamp|1,0
5,0.3,2090|Lamp|2,1
5,0.3,2090|Lamp|3,1
5,0.3,2091|People|0,1
5,0.3,2091|People|1,1
5,0.3,2091|Lamp|0,0
5,0.3,2091|Lamp|1,0
5,0.3,2091|Lamp|2,1
5,0.3,2091|Lamp|3,0
5,0.3,2091|Lamp|4,0
5,0.3,2091|Lamp|5,1
5,0.3,2092|People|0,1
5,0.3,2092|People|1,1
5,0.3,2092|Lamp|0,0
5,0.3,2092|Lamp|1,0
5,0.3,2092|Lamp|2,1
5,0.3,2092|Lamp|3,0
5,0.3,2092|Lamp|4,0
5,0.3,2092|Lamp|5,1
5,0.3,2093|People|0,1
5,0.3,2093|People|1,0
5,0.3,2093|Lamp|0,0
5,0.3,2093|Lamp|1,0
5,0.3,2093|Lamp|2,1
5,0.3,2093|Lamp|3,0
5,0.3,2093|Lamp|4,0
5,0.3,2093|Lamp|5,1
5,0.3,2120|People|0,0
5,0.3,2120|People|1,1
5,0.3,2120|People|2,0
5,0.3,2120|Lamp|0,0
5,0.3,2127|People|0,0
5,0.3,2127|People|1,0
5,0.3,2127|People|2,1
5,0.3,2127|Lamp|0,1
5,0.3,2127|Lamp|1,0
5,0.3,2127|Lamp|2,0
5,0.3,2127|Lamp|3,0
5,0.3,2129|People|0,1
5,0.3,2129|People|1,0
5,0.3,2129|People|2,0
5,0.3,2129|Lamp|0,0
5,0.3,2129|Lamp|1,1
5,0.3,2139|People|0,1
5,0.3,2139|Lamp|0,1
5,0.3,2139|Lamp|1,1
5,0.3,2139|Lamp|2,1
5,0.3,2140|People|0,0
5,0.3,2140|Lamp|0,1
5,0.3,2140|Lamp|1,1
5,0.3,2140|Lamp|2,0
5,0.3,2149|People|0,1
5,0.3,2149|Lamp|0,1
5,0.3,2149|Lamp|1,1
5,0.3,2150|People|0,1
5,0.3,2150|Lamp|0,1
5,0.3,2150|Lamp|1,1
5,0.3,2151|People|0,1
5,0.3,2151|Lamp|0,1
5,0.3,2151|Lamp|1,1
5,0.3,2158|People|0,0
5,0.3,2158|Lamp|0,1
5,0.3,2158|Lamp|1,1
5,0.3,2160|People|0,1
5,0.3,2160|Lamp|0,1
5,0.3,2160|Lamp|1,1
5,0.3,2190|People|0,1
5,0.3,2190|People|1,0
5,0.3,2190|People|2,1
5,0.3,2190|Lamp|0,1
5,0.3,2190|Lamp|1,1
5,0.3,2191|People|0,1
5,0.3,2191|People|1,0
5,0.3,2191|People|2,1
5,0.3,2191|Lamp|0,1
5,0.3,2191|Lamp|1,0
5,0.3,2193|People|0,1
5,0.3,2193|People|1,1
5,0.3,2193|People|2,0
5,0.3,2193|Lamp|0,1
5,0.3,2193|Lamp|1,1
5,0.3,2195|People|0,1
5,0.3,2195|People|1,1
5,0.3,2195|People|2,0
5,0.3,2195|Lamp|0,1
5,0.3,2195|Lamp|1,1
5,0.3,2200|People|0,0
5,0.3,2200|Lamp|0,1
5,0.3,2200|Lamp|1,1
5,0.3,2217|People|0,0
5,0.3,2217|Lamp|0,0
5,0.3,2217|Lamp|1,0
5,0.3,2218|People|0,0
5,0.3,2218|Lamp|0,0
5,0.3,2218|Lamp|1,0
5,0.3,2226|People|0,0
5,0.3,2226|Lamp|0,1
5,0.3,2226|Lamp|1,1
5,0.3,2226|Lamp|2,1
5,0.3,2226|Lamp|3,0
5,0.3,2226|Lamp|4,1
5,0.3,2292|People|0,0
5,0.3,2292|Lamp|0,0
5,0.3,2292|Lamp|1,0
5,0.3,2292|Lamp|2,0
5,0.3,2292|Lamp|3,0
5,0.3,2293|People|0,0
5,0.3,2293|Lamp|0,0
5,0.3,2293|Lamp|1,0
5,0.3,2293|Lamp|2,0
5,0.3,2293|Lamp|3,0
5,0.3,2295|People|0,0
5,0.3,2295|Lamp|0,0
5,0.3,2295|Lamp|1,0
5,0.3,2295|Lamp|2,0
5,0.3,2295|Lamp|3,0
5,0.3,2295|Lamp|4,0
5,0.3,2295|Lamp|5,0
5,0.3,2295|Lamp|6,0
5,0.3,2295|Lamp|7,0
5,0.3,2297|People|0,0
5,0.3,2297|Lamp|0,1
5,0.3,2297|Lamp|1,0
5,0.3,2297|Lamp|2,0
5,0.3,2297|Lamp|3,0
5,0.3,2297|Lamp|4,0
5,0.3,2298|People|0,0
5,0.3,2298|Lamp|0,0
5,0.3,2298|Lamp|1,0
5,0.3,2298|Lamp|2,0
5,0.3,2298|Lamp|3,0
5,0.3,2298|Lamp|4,1
5,0.3,2299|People|0,0
5,0.3,2299|Lamp|0,0
5,0.3,2299|Lamp|1,0
5,0.3,2299|Lamp|2,0
5,0.3,2299|Lamp|3,0
5,0.3,2299|Lamp|4,0
5,0.3,2299|Lamp|5,1
5,0.3,2328|People|0,1
5,0.3,2328|People|1,0
5,0.3,2328|People|2,0
5,0.3,2328|Lamp|0,0
5,0.3,2332|People|0,1
5,0.3,2332|People|1,1
5,0.3,2332|People|2,0
5,0.3,2332|People|3,0
5,0.3,2332|Lamp|0,0
5,0.3,2335|People|0,1
5,0.3,2335|People|1,1
5,0.3,2335|People|2,1
5,0.3,2335|People|3,0
5,0.3,2335|Lamp|0,0
5,0.3,2337|People|0,0
5,0.3,2337|People|1,0
5,0.3,2337|Lamp|0,0
5,0.3,2453|People|0,0
5,0.3,2453|People|1,0
5,0.3,2453|Lamp|0,0
5,0.3,2456|People|0,1
5,0.3,2456|Lamp|0,0
5,0.3,2456|Lamp|1,0
5,0.3,2456|Lamp|2,0
5,0.3,2457|People|0,1
5,0.3,2457|Lamp|0,0
5,0.3,2457|Lamp|1,0
5,0.3,2457|Lamp|2,0
5,0.3,2457|Lamp|3,0
5,0.3,2465|People|0,0
5,0.3,2465|Lamp|0,0
5,0.3,2465|Lamp|1,0
5,0.3,2465|Lamp|2,0
5,0.3,2467|People|0,0
5,0.3,2467|Lamp|0,0
5,0.3,2467|Lamp|1,0
5,0.3,2468|People|0,0
5,0.3,2468|People|1,0
5,0.3,2468|Lamp|0,0
5,0.3,2468|Lamp|1,0
5,0.3,2478|People|0,1
5,0.3,2478|People|1,1
5,0.3,2478|People|2,0
5,0.3,2478|People|3,0
5,0.3,2478|Lamp|0,1
5,0.3,2478|Lamp|1,1
5,0.3,2489|People|0,0
5,0.3,2489|People|1,0
5,0.3,2489|People|2,0
5,0.3,2489|People|3,1
5,0.3,2489|People|4,0
5,0.3,2489|People|5,0
5,0.3,2489|Lamp|0,0
5,0.3,2489|Lamp|1,0
5,0.3,2490|People|0,0
5,0.3,2490|People|1,1
5,0.3,2490|People|2,0
5,0.3,2490|People|3,0
5,0.3,2490|People|4,0
5,0.3,2490|Lamp|0,0
5,0.3,2490|Lamp|1,0
5,0.3,2491|People|0,0
5,0.3,2491|People|1,1
5,0.3,2491|People|2,1
5,0.3,2491|People|3,0
5,0.3,2491|People|4,0
5,0.3,2491|Lamp|0,0
5,0.3,2491|Lamp|1,0
5,0.3,2602|People|0,0
5,0.3,2602|Lamp|0,0
5,0.3,2602|Lamp|1,0
5,0.3,2602|Lamp|2,0
5,0.3,2606|People|0,0
5,0.3,2606|Lamp|0,0
5,0.3,2606|Lamp|1,0
5,0.3,2607|People|0,0
5,0.3,2607|Lamp|0,0
5,0.3,2607|Lamp|1,0
5,0.3,2622|People|0,1
5,0.3,2622|People|1,0
5,0.3,2622|People|2,0
5,0.3,2622|Lamp|0,1
5,0.3,2622|Lamp|1,1
5,0.3,2622|Lamp|2,1
5,0.3,2717|People|0,0
5,0.3,2717|People|1,0
5,0.3,2717|People|2,0
5,0.3,2717|Lamp|0,0
5,0.3,2720|People|0,0
5,0.3,2720|People|1,0
5,0.3,2720|People|2,0
5,0.3,2720|Lamp|0,0
5,0.3,2721|People|0,0
5,0.3,2721|People|1,0
5,0.3,2721|Lamp|0,0
5,0.3,2727|People|0,1
5,0.3,2727|People|1,0
5,0.3,2727|People|2,0
5,0.3,2727|People|3,0
5,0.3,2727|Lamp|0,0
5,0.3,2732|People|0,0
5,0.3,2732|People|1,0
5,0.3,2732|Lamp|0,0
5,0.3,2735|People|0,0
5,0.3,2735|People|1,0
5,0.3,2735|Lamp|0,0
5,0.3,2736|People|0,0
5,0.3,2736|People|1,0
5,0.3,2736|Lamp|0,0
5,0.3,2738|People|0,0
5,0.3,2738|People|1,0
5,0.3,2738|People|2,0
5,0.3,2738|Lamp|0,0
5,0.3,2940|People|0,1
5,0.3,2940|Lamp|0,0
5,0.3,2940|Lamp|1,0
5,0.3,2942|People|0,1
5,0.3,2942|Lamp|0,0
5,0.3,2942|Lamp|1,0
5,0.3,2942|Lamp|2,0
5,0.3,2942|Lamp|3,0
5,0.3,2942|Lamp|4,0
5,0.3,2945|People|0,1
5,0.3,2945|Lamp|0,0
5,0.3,2945|Lamp|1,0
5,0.3,2945|Lamp|2,0
5,0.3,2947|People|0,1
5,0.3,2947|Lamp|0,1
5,0.3,2947|Lamp|1,1
5,0.3,2947|Lamp|2,0
5,0.3,2947|Lamp|3,0
5,0.3,2947|Lamp|4,0
5,0.3,2949|People|0,0
5,0.3,2949|Lamp|0,1
5,0.3,2949|Lamp|1,0
5,0.3,2949|Lamp|2,0
5,0.3,2949|Lamp|3,0
5,0.3,2949|Lamp|4,0
5,0.3,2949|Lamp|5,0
5,0.3,2950|People|0,0
5,0.3,2950|People|1,0
5,0.3,2950|Lamp|0,1
5,0.3,2950|Lamp|1,0
5,0.3,2950|Lamp|2,0
5,0.3,2950|Lamp|3,0
5,0.3,2950|Lamp|4,0
5,0.3,2951|People|0,0
5,0.3,2951|Lamp|0,1
5,0.3,2951|Lamp|1,0
5,0.3,2951|Lamp|2,0
5,0.3,2951|Lamp|3,0
5,0.3,2951|Lamp|4,0
5,0.3,2953|People|0,0
5,0.3,2953|Lamp|0,0
5,0.3,2953|Lamp|1,1
5,0.3,2953|Lamp|2,0
5,0.3,2953|Lamp|3,0
5,0.3,2957|People|0,0
5,0.3,2957|Lamp|0,1
5,0.3,2957|Lamp|1,0
5,0.3,2957|Lamp|2,1
5,0.3,2957|Lamp|3,0
5,0.3,2957|Lamp|4,0
5,0.3,2957|Lamp|5,0
5,0.3,3024|People|0,0
5,0.3,3024|Lamp|0,0
5,0.3,3024|Lamp|1,0
5,0.3,3052|People|0,0
5,0.3,3052|Lamp|0,0
5,0.3,3053|People|0,0
5,0.3,3053|People|1,0
5,0.3,3053|Lamp|0,0
5,0.3,3053|Lamp|1,0
5,0.3,3054|People|0,0
5,0.3,3054|People|1,0
5,0.3,3054|People|2,0
5,0.3,3054|Lamp|0,0
5,0.3,3054|Lamp|1,0
5,0.3,3057|People|0,0
5,0.3,3057|People|1,0
5,0.3,3057|Lamp|0,0
5,0.3,3057|Lamp|1,0
5,0.3,3059|People|0,1
5,0.3,3059|People|1,0
5,0.3,3059|People|2,0
5,0.3,3059|Lamp|0,0
5,0.3,3059|Lamp|1,0
5,0.3,3060|People|0,1
5,0.3,3060|People|1,1
5,0.3,3060|People|2,0
5,0.3,3060|People|3,0
5,0.3,3060|Lamp|0,0
5,0.3,3060|Lamp|1,0
5,0.3,3061|People|0,0
5,0.3,3061|People|1,1
5,0.3,3061|People|2,1
5,0.3,3061|People|3,0
5,0.3,3061|Lamp|0,0
5,0.3,3061|Lamp|1,0
5,0.3,3063|People|0,1
5,0.3,3063|People|1,0
5,0.3,3063|Lamp|0,0
5,0.3,3063|Lamp|1,0
5,0.3,3063|Lamp|2,0
5,0.3,3063|Lamp|3,0
5,0.3,3066|People|0,0
5,0.3,3066|Lamp|0,0
5,0.3,3066|Lamp|1,0
5,0.3,3066|Lamp|2,1
5,0.3,3066|Lamp|3,0
5,0.3,3066|Lamp|4,0
5,0.3,3066|Lamp|5,0
5,0.3,3072|People|0,1
5,0.3,3072|People|1,0
5,0.3,3072|People|2,0
5,0.3,3072|People|3,0
5,0.3,3072|People|4,0
5,0.3,3072|People|5,0
5,0.3,3072|People|6,1
5,0.3,3072|People|7,1
5,0.3,3072|Lamp|0,0
5,0.3,3072|Lamp|1,1
5,0.3,3072|Lamp|2,0
5,0.3,3072|Lamp|3,0
5,0.3,3072|Lamp|4,0
5,0.3,3072|Lamp|5,0
5,0.3,3072|Lamp|6,0
5,0.3,3072|Lamp|7,0
5,0.3,3078|People|0,1
5,0.3,3078|People|1,0
5,0.3,3078|People|2,0
5,0.3,3078|People|3,1
5,0.3,3078|People|4,0
5,0.3,3078|People|5,0
5,0.3,3078|People|6,0
5,0.3,3078|Lamp|0,1
5,0.3,3078|Lamp|1,1
5,0.3,3078|Lamp|2,0
5,0.3,3078|Lamp|3,0
5,0.3,3079|People|0,1
5,0.3,3079|People|1,1
5,0.3,3079|People|2,0
5,0.3,3079|People|3,0
5,0.3,3079|Lamp|0,1
5,0.3,3079|Lamp|1,0
5,0.3,3079|Lamp|2,0
5,0.3,3116|People|0,1
5,0.3,3116|Lamp|0,1
5,0.3,3116|Lamp|1,0
5,0.3,3118|People|0,1
5,0.3,3118|Lamp|0,1
5,0.3,3118|Lamp|1,0
5,0.3,3119|People|0,1
5,0.3,3119|Lamp|0,1
5,0.3,3119|Lamp|1,0
5,0.3,3121|People|0,1
5,0.3,3121|Lamp|0,1
5,0.3,3121|Lamp|1,0
5,0.3,3124|People|0,1
5,0.3,3124|Lamp|0,1
5,0.3,3124|Lamp|1,0
5,0.3,3125|People|0,1
5,0.3,3125|Lamp|0,1
5,0.3,3125|Lamp|1,0
5,0.3,3302|People|0,1
5,0.3,3302|Lamp|0,1
5,0.3,3302|Lamp|1,0
5,0.3,3302|Lamp|2,0
5,0.3,3302|Lamp|3,0
5,0.3,3313|People|0,1
5,0.3,3313|People|1,0
5,0.3,3313|Lamp|0,0
5,0.3,3313|Lamp|1,0
5,0.3,3347|People|0,1
5,0.3,3347|People|1,0
5,0.3,3347|People|2,0
5,0.3,3347|Lamp|0,0
5,0.3,3347|Lamp|1,0
5,0.3,3349|People|0,0
5,0.3,3349|People|1,0
5,0.3,3349|People|2,0
5,0.3,3349|Lamp|0,0
5,0.3,3349|Lamp|1,0
5,0.3,3350|People|0,1
5,0.3,3350|People|1,0
5,0.3,3350|People|2,0
5,0.3,3350|People|3,0
5,0.3,3350|People|4,0
5,0.3,3350|Lamp|0,0
5,0.3,3350|Lamp|1,0
5,0.3,3378|People|0,0
5,0.3,3378|People|1,0
5,0.3,3378|People|2,1
5,0.3,3378|People|3,1
5,0.3,3378|Lamp|0,0
5,0.3,3378|Lamp|1,1
5,0.3,3378|Lamp|2,0
5,0.3,3378|Lamp|3,0
5,0.3,3378|Lamp|4,0
5,0.3,3381|People|0,0
5,0.3,3381|People|1,1
5,0.3,3381|People|2,1
5,0.3,3381|People|3,0
5,0.3,3381|People|4,0
5,0.3,3381|Lamp|0,1
5,0.3,3381|Lamp|1,1
5,0.3,3381|Lamp|2,1
5,0.3,3381|Lamp|3,0
5,0.3,3381|Lamp|4,0
5,0.3,3382|People|0,0
5,0.3,3382|People|1,1
5,0.3,3382|People|2,1
5,0.3,3382|Lamp|0,1
5,0.3,3382|Lamp|1,1
5,0.3,3382|Lamp|2,1
5,0.3,3382|Lamp|3,0
5,0.3,3382|Lamp|4,0
5,0.3,3383|People|0,0
5,0.3,3383|People|1,1
5,0.3,3383|People|2,1
5,0.3,3383|Lamp|0,1
5,0.3,3383|Lamp|1,0
5,0.3,3383|Lamp|2,1
5,0.3,3383|Lamp|3,0
5,0.3,3383|Lamp|4,0
5,0.3,3384|People|0,0
5,0.3,3384|People|1,0
5,0.3,3384|People|2,1
5,0.3,3384|People|3,1
5,0.3,3384|Lamp|0,1
5,0.3,3384|Lamp|1,1
5,0.3,3384|Lamp|2,1
5,0.3,3384|Lamp|3,0
5,0.3,3384|Lamp|4,0
5,0.3,3389|People|0,0
5,0.3,3389|People|1,1
5,0.3,3389|People|2,0
5,0.3,3389|People|3,1
5,0.3,3389|Lamp|0,1
5,0.3,3389|Lamp|1,0
5,0.3,3389|Lamp|2,0
5,0.3,3389|Lamp|3,0
5,0.3,3389|Lamp|4,0
5,0.3,3390|People|0,1
5,0.3,3390|People|1,0
5,0.3,3390|People|2,1
5,0.3,3390|People|3,1
5,0.3,3390|Lamp|0,1
5,0.3,3390|Lamp|1,0
5,0.3,3390|Lamp|2,0
5,0.3,3390|Lamp|3,0
5,0.3,3390|Lamp|4,0
5,0.3,3392|People|0,0
5,0.3,3392|People|1,1
5,0.3,3392|People|2,1
5,0.3,3392|People|3,0
5,0.3,3392|People|4,0
5,0.3,3392|People|5,1
5,0.3,3392|Lamp|0,1
5,0.3,3392|Lamp|1,0
5,0.3,3392|Lamp|2,0
5,0.3,3392|Lamp|3,0
5,0.3,3392|Lamp|4,0
5,0.3,3395|People|0,1
5,0.3,3395|People|1,1
5,0.3,3395|People|2,0
5,0.3,3395|People|3,1
5,0.3,3395|People|4,0
5,0.3,3395|People|5,0
5,0.3,3395|People|6,0
5,0.3,3395|People|7,0
5,0.3,3395|Lamp|0,1
5,0.3,3395|Lamp|1,1
5,0.3,3395|Lamp|2,1
5,0.3,3395|Lamp|3,0
5,0.3,3395|Lamp|4,0
5,0.3,3397|People|0,1
5,0.3,3397|People|1,1
5,0.3,3397|People|2,0
5,0.3,3397|People|3,1
5,0.3,3397|People|4,0
5,0.3,3397|People|5,0
5,0.3,3397|People|6,0
5,0.3,3397|Lamp|0,1
5,0.3,3397|Lamp|1,1
5,0.3,3397|Lamp|2,1
5,0.3,3397|Lamp|3,0
5,0.3,3397|Lamp|4,0
5,0.3,3398|People|0,1
5,0.3,3398|People|1,1
5,0.3,3398|People|2,0
5,0.3,3398|People|3,0
5,0.3,3398|People|4,0
5,0.3,3398|People|5,1
5,0.3,3398|Lamp|0,1
5,0.3,3398|Lamp|1,0
5,0.3,3398|Lamp|2,0
5,0.3,3398|Lamp|3,0
5,0.3,3398|Lamp|4,0
5,0.3,3405|People|0,1
5,0.3,3405|People|1,0
5,0.3,3405|People|2,0
5,0.3,3405|Lamp|0,1
5,0.3,3405|Lamp|1,1
5,0.3,3405|Lamp|2,1
5,0.3,3405|Lamp|3,1
5,0.3,3408|People|0,1
5,0.3,3408|People|1,0
5,0.3,3408|People|2,0
5,0.3,3408|People|3,0
5,0.3,3408|Lamp|0,1
5,0.3,3408|Lamp|1,1
5,0.3,3408|Lamp|2,1
5,0.3,3408|Lamp|3,1
5,0.3,3409|People|0,0
5,0.3,3409|People|1,0
5,0.3,3409|Lamp|0,1
5,0.3,3409|Lamp|1,1
5,0.3,3409|Lamp|2,1
5,0.3,3409|Lamp|3,1
5,0.3,3566|People|0,0
5,0.3,3566|Lamp|0,1
5,0.3,3681|People|0,0
5,0.3,3681|Lamp|0,1
5,0.3,3681|Lamp|1,1
5,0.3,3681|Lamp|2,1
5,0.3,3681|Lamp|3,1
5,0.3,3682|People|0,0
5,0.3,3682|Lamp|0,1
5,0.3,3682|Lamp|1,1
5,0.3,3682|Lamp|2,1
5,0.3,3682|Lamp|3,1
5,0.3,3683|People|0,0
5,0.3,3683|Lamp|0,1
5,0.3,3683|Lamp|1,1
5,0.3,3683|Lamp|2,1
5,0.3,3683|Lamp|3,1
5,0.3,3687|People|0,0
5,0.3,3687|People|1,0
5,0.3,3687|People|2,0
5,0.3,3687|Lamp|0,1
5,0.3,3687|Lamp|1,1
5,0.3,3687|Lamp|2,1
5,0.3,3687|Lamp|3,1
5,0.3,3688|People|0,0
5,0.3,3688|People|1,0
5,0.3,3688|People|2,0
5,0.3,3688|Lamp|0,1
5,0.3,3688|Lamp|1,1
5,0.3,3688|Lamp|2,1
5,0.3,3688|Lamp|3,1
5,0.3,3689|People|0,0
5,0.3,3689|Lamp|0,0
5,0.3,3689|Lamp|1,0
5,0.3,3689|Lamp|2,0
5,0.3,3689|Lamp|3,0
5,0.5,63|People|0,1
5,0.5,63|People|1,1
5,0.5,63|People|2,1
5,0.5,63|People|3,1
5,0.5,63|People|4,0
5,0.5,63|Lamp|0,0
5,0.5,64|People|0,0
5,0.5,64|People|1,0
5,0.5,64|People|2,0
5,0.5,64|People|3,1
5,0.5,64|People|4,1
5,0.5,64|People|5,1
5,0.5,64|Lamp|0,0
5,0.5,71|People|0,0
5,0.5,71|People|1,0
5,0.5,71|Lamp|0,0
5,0.5,73|People|0,0
5,0.5,73|People|1,0
5,0.5,73|Lamp|0,0
5,0.5,78|People|0,0
5,0.5,78|People|1,1
5,0.5,78|People|2,1
5,0.5,78|People|3,1
5,0.5,78|People|4,0
5,0.5,78|People|5,0
5,0.5,78|Lamp|0,0
5,0.5,111|People|0,1
5,0.5,111|People|1,1
5,0.5,111|People|2,1
5,0.5,111|People|3,1
5,0.5,111|People|4,0
5,0.5,111|People|5,1
5,0.5,111|People|6,1
5,0.5,111|Lamp|0,1
5,0.5,111|Lamp|1,1
5,0.5,111|Lamp|2,0
5,0.5,111|Lamp|3,1
5,0.5,114|People|0,1
5,0.5,114|People|1,1
5,0.5,114|People|2,1
5,0.5,114|People|3,1
5,0.5,114|People|4,0
5,0.5,114|People|5,0
5,0.5,114|People|6,0
5,0.5,114|Lamp|0,0
5,0.5,114|Lamp|1,1
5,0.5,114|Lamp|2,1
5,0.5,116|People|0,1
5,0.5,116|People|1,1
5,0.5,116|People|2,1
5,0.5,116|People|3,1
5,0.5,116|People|4,1
5,0.5,116|People|5,1
5,0.5,116|People|6,1
5,0.5,116|People|7,0
5,0.5,116|Lamp|0,0
5,0.5,116|Lamp|1,1
5,0.5,116|Lamp|2,1
5,0.5,116|Lamp|3,1
5,0.5,118|People|0,1
5,0.5,118|People|1,1
5,0.5,118|People|2,1
5,0.5,118|People|3,1
5,0.5,118|People|4,1
5,0.5,118|People|5,0
5,0.5,118|People|6,1
5,0.5,118|People|7,0
5,0.5,118|Lamp|0,1
5,0.5,118|Lamp|1,1
5,0.5,118|Lamp|2,1
5,0.5,118|Lamp|3,1
5,0.5,123|People|0,1
5,0.5,123|People|1,0
5,0.5,123|People|2,0
5,0.5,123|People|3,0
5,0.5,123|People|4,1
5,0.5,123|People|5,0
5,0.5,123|People|6,1
5,0.5,123|Lamp|0,1
5,0.5,123|Lamp|1,1
5,0.5,123|Lamp|2,0
5,0.5,123|Lamp|3,0
5,0.5,123|Lamp|4,1
5,0.5,125|People|0,0
5,0.5,125|People|1,1
5,0.5,125|People|2,0
5,0.5,125|People|3,1
5,0.5,125|People|4,1
5,0.5,125|People|5,1
5,0.5,125|People|6,0
5,0.5,125|People|7,0
5,0.5,125|Lamp|0,1
5,0.5,125|Lamp|1,1
5,0.5,125|Lamp|2,1
5,0.5,125|Lamp|3,1
5,0.5,125|Lamp|4,1
5,0.5,126|People|0,0
5,0.5,126|People|1,0
5,0.5,126|People|2,1
5,0.5,126|People|3,0
5,0.5,126|People|4,0
5,0.5,126|People|5,1
5,0.5,126|People|6,0
5,0.5,126|People|7,1
5,0.5,126|People|8,0
5,0.5,126|Lamp|0,1
5,0.5,126|Lamp|1,1
5,0.5,126|Lamp|2,1
5,0.5,126|Lamp|3,1
5,0.5,126|Lamp|4,0
5,0.5,127|People|0,0
5,0.5,127|People|1,0
5,0.5,127|People|2,0
5,0.5,127|People|3,1
5,0.5,127|People|4,0
5,0.5,127|People|5,1
5,0.5,127|People|6,0
5,0.5,127|People|7,1
5,0.5,127|People|8,1
5,0.5,127|People|9,1
5,0.5,127|Lamp|0,1
5,0.5,127|Lamp|1,0
5,0.5,127|Lamp|2,1
5,0.5,127|Lamp|3,0
5,0.5,127|Lamp|4,0
5,0.5,129|People|0,0
5,0.5,129|People|1,1
5,0.5,129|People|2,1
5,0.5,129|People|3,0
5,0.5,129|People|4,0
5,0.5,129|People|5,0
5,0.5,129|People|6,0
5,0.5,129|People|7,1
5,0.5,129|Lamp|0,0
5,0.5,129|Lamp|1,0
5,0.5,129|Lamp|2,0
5,0.5,129|Lamp|3,1
5,0.5,129|Lamp|4,0
5,0.5,130|People|0,0
5,0.5,130|People|1,0
5,0.5,130|People|2,0
5,0.5,130|People|3,0
5,0.5,130|People|4,1
5,0.5,130|People|5,0
5,0.5,130|Lamp|0,0
5,0.5,130|Lamp|1,0
5,0.5,130|Lamp|2,0
5,0.5,130|Lamp|3,0
5,0.5,132|People|0,0
5,0.5,132|People|1,0
5,0.5,132|People|2,0
5,0.5,132|People|3,1
5,0.5,132|People|4,0
5,0.5,132|People|5,0
5,0.5,132|Lamp|0,1
5,0.5,132|Lamp|1,0
5,0.5,132|Lamp|2,0
5,0.5,132|Lamp|3,0
5,0.5,135|People|0,0
5,0.5,135|People|1,0
5,0.5,135|People|2,1
5,0.5,135|People|3,1
5,0.5,135|People|4,0
5,0.5,135|People|5,0
5,0.5,135|People|6,0
5,0.5,135|People|7,0
5,0.5,135|People|8,1
5,0.5,135|People|9,0
5,0.5,135|People|10,0
5,0.5,135|Lamp|0,0
5,0.5,135|Lamp|1,1
5,0.5,135|Lamp|2,0
5,0.5,136|People|0,0
5,0.5,136|People|1,0
5,0.5,136|People|2,1
5,0.5,136|People|3,0
5,0.5,136|People|4,1
5,0.5,136|People|5,1
5,0.5,136|People|6,0
5,0.5,136|People|7,1
5,0.5,136|Lamp|0,1
5,0.5,136|Lamp|1,0
5,0.5,136|Lamp|2,1
5,0.5,138|People|0,0
5,0.5,138|People|1,0
5,0.5,138|People|2,0
5,0.5,138|People|3,0
5,0.5,138|People|4,0
5,0.5,138|People|5,0
5,0.5,138|People|6,0
5,0.5,138|People|7,0
5,0.5,138|People|8,1
5,0.5,138|People|9,0
5,0.5,138|People|10,0
5,0.5,138|Lamp|0,1
5,0.5,138|Lamp|1,0
5,0.5,138|Lamp|2,0
5,0.5,143|People|0,0
5,0.5,143|People|1,0
5,0.5,143|People|2,1
5,0.5,143|People|3,0
5,0.5,143|People|4,0
5,0.5,143|People|5,0
5,0.5,143|People|6,0
5,0.5,143|Lamp|0,0
5,0.5,143|Lamp|1,0
5,0.5,144|People|0,1
5,0.5,144|People|1,1
5,0.5,144|People|2,1
5,0.5,144|People|3,0
5,0.5,144|People|4,0
5,0.5,144|People|5,0
5,0.5,144|People|6,0
5,0.5,144|Lamp|0,1
5,0.5,144|Lamp|1,0
5,0.5,147|People|0,1
5,0.5,147|People|1,0
5,0.5,147|People|2,1
5,0.5,147|People|3,1
5,0.5,147|People|4,0
5,0.5,147|People|5,0
5,0.5,147|People|6,1
5,0.5,147|People|7,0
5,0.5,147|People|8,0
5,0.5,147|People|9,0
5,0.5,147|People|10,0
5,0.5,147|People|11,0
5,0.5,147|Lamp|0,0
5,0.5,186|People|0,0
5,0.5,186|People|1,0
5,0.5,186|People|2,0
5,0.5,186|People|3,0
5,0.5,186|People|4,0
5,0.5,186|People|5,1
5,0.5,186|Lamp|0,1
5,0.5,187|People|0,0
5,0.5,187|People|1,0
5,0.5,187|People|2,0
5,0.5,187|People|3,1
5,0.5,187|People|4,0
5,0.5,187|People|5,0
5,0.5,187|Lamp|0,1
5,0.5,188|People|0,1
5,0.5,188|People|1,1
5,0.5,188|People|2,1
5,0.5,188|People|3,0
5,0.5,188|People|4,0
5,0.5,188|People|5,0
5,0.5,188|Lamp|0,1
5,0.5,191|People|0,1
5,0.5,191|People|1,1
5,0.5,191|People|2,1
5,0.5,191|People|3,1
5,0.5,191|People|4,1
5,0.5,191|People|5,1
5,0.5,191|Lamp|0,1
5,0.5,193|People|0,1
5,0.5,193|People|1,1
5,0.5,193|People|2,1
5,0.5,193|People|3,0
5,0.5,193|People|4,1
5,0.5,193|People|5,1
5,0.5,193|Lamp|0,1
5,0.5,196|People|0,1
5,0.5,196|People|1,0
5,0.5,196|People|2,1
5,0.5,196|People|3,1
5,0.5,196|People|4,1
5,0.5,196|People|5,0
5,0.5,196|People|6,1
5,0.5,196|People|7,1
5,0.5,196|People|8,1
5,0.5,196|Lamp|0,1
5,0.5,196|Lamp|1,1
5,0.5,196|Lamp|2,0
5,0.5,199|People|0,1
5,0.5,199|People|1,1
5,0.5,199|People|2,1
5,0.5,199|People|3,1
5,0.5,199|People|4,1
5,0.5,199|People|5,1
5,0.5,199|People|6,1
5,0.5,199|Lamp|0,1
5,0.5,199|Lamp|1,0
5,0.5,204|People|0,1
5,0.5,204|People|1,1
5,0.5,204|People|2,1
5,0.5,204|People|3,1
5,0.5,204|People|4,1
5,0.5,204|People|5,1
5,0.5,204|People|6,1
5,0.5,204|People|7,1
5,0.5,204|Lamp|0,1
5,0.5,204|Lamp|1,1
5,0.5,204|Lamp|2,0
5,0.5,205|People|0,0
5,0.5,205|People|1,1
5,0.5,205|People|2,1
5,0.5,205|People|3,1
5,0.5,205|People|4,1
5,0.5,205|People|5,1
5,0.5,205|People|6,1
5,0.5,205|People|7,0
5,0.5,205|People|8,1
5,0.5,205|Lamp|0,1
5,0.5,205|Lamp|1,1
5,0.5,205|Lamp|2,0
5,0.5,206|People|0,1
5,0.5,206|People|1,1
5,0.5,206|People|2,1
5,0.5,206|People|3,1
5,0.5,206|People|4,0
5,0.5,206|People|5,0
5,0.5,206|People|6,0
5,0.5,206|People|7,0
5,0.5,206|Lamp|0,1
5,0.5,209|People|0,1
5,0.5,209|Lamp|0,1
5,0.5,210|People|0,1
5,0.5,210|People|1,1
5,0.5,210|People|2,0
5,0.5,210|Lamp|0,1
5,0.5,213|People|0,0
5,0.5,213|People|1,1
5,0.5,213|People|2,1
5,0.5,213|People|3,0
5,0.5,213|People|4,0
5,0.5,213|People|5,0
5,0.5,213|People|6,0
5,0.5,213|People|7,0
5,0.5,213|Lamp|0,1
5,0.5,213|Lamp|1,1
5,0.5,213|Lamp|2,0
5,0.5,217|People|0,0
5,0.5,217|People|1,0
5,0.5,217|Lamp|0,0
5,0.5,222|People|0,1
5,0.5,222|People|1,0
5,0.5,222|People|2,0
5,0.5,222|People|3,1
5,0.5,222|People|4,1
5,0.5,222|People|5,1
5,0.5,222|People|6,1
5,0.5,222|People|7,1
5,0.5,222|People|8,1
5,0.5,222|Lamp|0,0
5,0.5,222|Lamp|1,0
5,0.5,222|Lamp|2,1
5,0.5,222|Lamp|3,1
5,0.5,222|Lamp|4,0
5,0.5,222|Lamp|5,1
5,0.5,222|Lamp|6,0
5,0.5,231|People|0,0
5,0.5,231|People|1,1
5,0.5,231|People|2,1
5,0.5,231|People|3,1
5,0.5,231|People|4,1
5,0.5,231|People|5,0
5,0.5,231|People|6,1
5,0.5,231|People|7,1
5,0.5,231|People|8,0
5,0.5,231|People|9,1
5,0.5,231|People|10,0
5,0.5,231|People|11,0
5,0.5,231|Lamp|0,1
5,0.5,231|Lamp|1,0
5,0.5,231|Lamp|2,0
5,0.5,231|Lamp|3,1
5,0.5,231|Lamp|4,1
5,0.5,232|People|0,0
5,0.5,232|People|1,0
5,0.5,232|People|2,0
5,0.5,232|People|3,0
5,0.5,232|People|4,0
5,0.5,232|People|5,1
5,0.5,232|People|6,0
5,0.5,232|People|7,1
5,0.5,232|People|8,1
5,0.5,232|People|9,0
5,0.5,232|People|10,0
5,0.5,232|People|11,0
5,0.5,232|Lamp|0,1
5,0.5,232|Lamp|1,0
5,0.5,232|Lamp|2,1
5,0.5,232|Lamp|3,1
5,0.5,232|Lamp|4,0
5,0.5,232|Lamp|5,0
5,0.5,240|People|0,0
5,0.5,240|People|1,0
5,0.5,240|People|2,1
5,0.5,240|People|3,1
5,0.5,240|People|4,1
5,0.5,240|People|5,1
5,0.5,240|People|6,0
5,0.5,240|Lamp|0,0
5,0.5,240|Lamp|1,0
5,0.5,240|Lamp|2,0
5,0.5,240|Lamp|3,0
5,0.5,240|Lamp|4,0
5,0.5,388|People|0,1
5,0.5,388|People|1,1
5,0.5,388|People|2,1
5,0.5,388|People|3,1
5,0.5,388|People|4,1
5,0.5,388|People|5,1
5,0.5,388|People|6,1
5,0.5,388|People|7,1
5,0.5,388|People|8,1
5,0.5,388|People|9,1
5,0.5,388|Lamp|0,1
5,0.5,389|People|0,1
5,0.5,389|People|1,1
5,0.5,389|People|2,0
5,0.5,389|People|3,1
5,0.5,389|People|4,1
5,0.5,389|People|5,1
5,0.5,389|People|6,1
5,0.5,389|People|7,1
5,0.5,389|People|8,1
5,0.5,389|People|9,1
5,0.5,389|Lamp|0,0
5,0.5,389|Lamp|1,1
5,0.5,392|People|0,1
5,0.5,392|People|1,0
5,0.5,392|People|2,0
5,0.5,392|People|3,1
5,0.5,392|Lamp|0,1
5,0.5,392|Lamp|1,1
5,0.5,394|People|0,1
5,0.5,394|People|1,1
5,0.5,394|People|2,1
5,0.5,394|People|3,1
5,0.5,394|People|4,1
5,0.5,394|People|5,0
5,0.5,394|Lamp|0,1
5,0.5,394|Lamp|1,1
5,0.5,395|People|0,0
5,0.5,395|People|1,0
5,0.5,395|People|2,1
5,0.5,395|People|3,1
5,0.5,395|People|4,1
5,0.5,395|People|5,1
5,0.5,395|People|6,1
5,0.5,395|Lamp|0,1
5,0.5,395|Lamp|1,1
5,0.5,396|People|0,0
5,0.5,396|People|1,0
5,0.5,396|People|2,1
5,0.5,396|People|3,0
5,0.5,396|People|4,1
5,0.5,396|People|5,1
5,0.5,396|Lamp|0,1
5,0.5,396|Lamp|1,1
5,0.5,409|People|0,1
5,0.5,409|People|1,1
5,0.5,409|People|2,0
5,0.5,409|People|3,1
5,0.5,409|People|4,0
5,0.5,409|Lamp|0,0
5,0.5,410|People|0,1
5,0.5,410|People|1,0
5,0.5,410|People|2,0
5,0.5,410|People|3,0
5,0.5,410|People|4,0
5,0.5,410|People|5,1
5,0.5,410|Lamp|0,1
5,0.5,413|People|0,1
5,0.5,413|People|1,1
5,0.5,413|People|2,1
5,0.5,413|People|3,0
5,0.5,413|People|4,0
5,0.5,413|People|5,0
5,0.5,413|Lamp|0,0
5,0.5,419|People|0,0
5,0.5,419|People|1,0
5,0.5,419|Lamp|0,0
5,0.5,419|Lamp|1,1
5,0.5,422|People|0,1
5,0.5,422|People|1,1
5,0.5,422|People|2,1
5,0.5,422|People|3,1
5,0.5,422|People|4,1
5,0.5,422|Lamp|0,0
5,0.5,425|People|0,0
5,0.5,425|People|1,1
5,0.5,425|People|2,1
5,0.5,425|People|3,1
5,0.5,425|People|4,0
5,0.5,425|People|5,1
5,0.5,425|People|6,1
5,0.5,425|People|7,0
5,0.5,425|Lamp|0,0
5,0.5,427|People|0,0
5,0.5,427|People|1,0
5,0.5,427|People|2,0
5,0.5,427|People|3,1
5,0.5,427|People|4,1
5,0.5,427|People|5,1
5,0.5,427|People|6,1
5,0.5,427|People|7,1
5,0.5,427|Lamp|0,0
5,0.5,428|People|0,0
5,0.5,428|People|1,0
5,0.5,428|People|2,1
5,0.5,428|People|3,1
5,0.5,428|People|4,0
5,0.5,428|People|5,1
5,0.5,428|People|6,1
5,0.5,428|Lamp|0,0
5,0.5,438|People|0,1
5,0.5,438|People|1,1
5,0.5,438|People|2,0
5,0.5,438|People|3,0
5,0.5,438|People|4,0
5,0.5,438|Lamp|0,1
5,0.5,438|Lamp|1,0
5,0.5,438|Lamp|2,1
5,0.5,438|Lamp|3,1
5,0.5,440|People|0,1
5,0.5,440|People|1,1
5,0.5,440|People|2,0
5,0.5,440|People|3,0
5,0.5,440|People|4,0
5,0.5,440|People|5,0
5,0.5,440|People|6,0
5,0.5,440|Lamp|0,1
5,0.5,440|Lamp|1,1
5,0.5,440|Lamp|2,1
5,0.5,440|Lamp|3,1
5,0.5,442|People|0,1
5,0.5,442|People|1,1
5,0.5,442|People|2,0
5,0.5,442|People|3,0
5,0.5,442|People|4,0
5,0.5,442|People|5,1
5,0.5,442|People|6,1
5,0.5,442|People|7,1
5,0.5,442|Lamp|0,1
5,0.5,442|Lamp|1,1
5,0.5,442|Lamp|2,1
5,0.5,442|Lamp|3,1
5,0.5,444|People|0,1
5,0.5,444|People|1,1
5,0.5,444|People|2,0
5,0.5,444|People|3,0
5,0.5,444|People|4,0
5,0.5,444|People|5,0
5,0.5,444|Lamp|0,1
5,0.5,444|Lamp|1,1
5,0.5,444|Lamp|2,1
5,0.5,444|Lamp|3,0
5,0.5,448|People|0,1
5,0.5,448|People|1,1
5,0.5,448|People|2,1
5,0.5,448|People|3,0
5,0.5,448|People|4,0
5,0.5,448|People|5,0
5,0.5,448|People|6,0
5,0.5,448|Lamp|0,1
5,0.5,448|Lamp|1,1
5,0.5,448|Lamp|2,0
5,0.5,448|Lamp|3,0
5,0.5,448|Lamp|4,1
5,0.5,448|Lamp|5,0
5,0.5,449|People|0,1
5,0.5,449|People|1,1
5,0.5,449|People|2,1
5,0.5,449|People|3,0
5,0.5,449|People|4,0
5,0.5,449|People|5,0
5,0.5,449|Lamp|0,0
5,0.5,449|Lamp|1,1
5,0.5,449|Lamp|2,1
5,0.5,449|Lamp|3,0
5,0.5,449|Lamp|4,1
5,0.5,452|People|0,1
5,0.5,452|People|1,1
5,0.5,452|Lamp|0,1
5,0.5,452|Lamp|1,1
5,0.5,452|Lamp|2,1
5,0.5,453|People|0,1
5,0.5,453|Lamp|0,1
5,0.5,453|Lamp|1,1
5,0.5,453|Lamp|2,1
5,0.5,453|Lamp|3,1
5,0.5,459|People|0,0
5,0.5,459|People|1,0
5,0.5,459|People|2,1
5,0.5,459|People|3,1
5,0.5,459|People|4,1
5,0.5,459|People|5,1
5,0.5,459|Lamp|0,0
5,0.5,459|Lamp|1,0
5,0.5,459|Lamp|2,0
5,0.5,462|People|0,1
5,0.5,462|People|1,1
5,0.5,462|People|2,1
5,0.5,462|People|3,1
5,0.5,462|People|4,1
5,0.5,462|People|5,1
5,0.5,462|People|6,1
5,0.5,462|Lamp|0,1
5,0.5,462|Lamp|1,0
5,0.5,466|People|0,1
5,0.5,466|People|1,1
5,0.5,466|People|2,1
5,0.5,466|People|3,1
5,0.5,466|People|4,1
5,0.5,466|People|5,1
5,0.5,466|Lamp|0,1
5,0.5,466|Lamp|1,0
5,0.5,468|People|0,1
5,0.5,468|People|1,1
5,0.5,468|People|2,1
5,0.5,468|People|3,1
5,0.5,468|People|4,0
5,0.5,468|People|5,1
5,0.5,468|People|6,1
5,0.5,468|Lamp|0,1
5,0.5,468|Lamp|1,0
5,0.5,470|People|0,1
5,0.5,470|People|1,0
5,0.5,470|Lamp|0,1
5,0.5,476|People|0,0
5,0.5,476|People|1,1
5,0.5,476|Lamp|0,1
5,0.5,478|People|0,0
5,0.5,478|Lamp|0,0
5,0.5,479|People|0,1
5,0.5,479|Lamp|0,1
5,0.5,480|People|0,1
5,0.5,480|People|1,0
5,0.5,480|People|2,1
5,0.5,480|Lamp|0,0
5,0.5,486|People|0,1
5,0.5,486|People|1,0
5,0.5,486|People|2,0
5,0.5,486|People|3,0
5,0.5,486|People|4,1
5,0.5,486|People|5,1
5,0.5,486|People|6,0
5,0.5,486|Lamp|0,0
5,0.5,489|People|0,1
5,0.5,489|People|1,0
5,0.5,489|People|2,1
5,0.5,489|People|3,1
5,0.5,489|People|4,0
5,0.5,489|People|5,0
5,0.5,489|People|6,0
5,0.5,489|People|7,0
5,0.5,489|People|8,0
5,0.5,489|People|9,0
5,0.5,489|Lamp|0,1
5,0.5,489|Lamp|1,0
5,0.5,493|People|0,0
5,0.5,493|People|1,1
5,0.5,493|People|2,1
5,0.5,493|People|3,1
5,0.5,493|People|4,1
5,0.5,493|People|5,1
5,0.5,493|People|6,1
5,0.5,493|People|7,0
5,0.5,493|Lamp|0,0
5,0.5,494|People|0,1
5,0.5,494|People|1,0
5,0.5,494|People|2,0
5,0.5,494|People|3,0
5,0.5,494|People|4,0
5,0.5,494|Lamp|0,1
5,0.5,494|Lamp|1,0
5,0.5,494|Lamp|2,1
5,0.5,503|People|0,0
5,0.5,503|People|1,0
5,0.5,503|Lamp|0,1
5,0.5,503|Lamp|1,1
5,0.5,505|People|0,0
5,0.5,505|People|1,0
5,0.5,505|People|2,0
5,0.5,505|People|3,0
5,0.5,505|People|4,0
5,0.5,505|Lamp|0,1
5,0.5,507|People|0,1
5,0.5,507|People|1,0
5,0.5,507|People|2,0
5,0.5,507|People|3,0
5,0.5,507|People|4,0
5,0.5,507|People|5,1
5,0.5,507|People|6,1
5,0.5,507|Lamp|0,0
5,0.5,1190|People|0,0
5,0.5,1190|People|1,0
5,0.5,1190|People|2,0
5,0.5,1190|People|3,0
5,0.5,1190|People|4,0
5,0.5,1190|People|5,0
5,0.5,1190|People|6,0
5,0.5,1190|People|7,0
5,0.5,1190|Lamp|0,0
5,0.5,1196|People|0,0
5,0.5,1196|People|1,0
5,0.5,1196|Lamp|0,0
5,0.5,1199|People|0,0
5,0.5,1199|People|1,0
5,0.5,1199|People|2,0
5,0.5,1199|Lamp|0,1
5,0.5,1200|People|0,0
5,0.5,1200|People|1,1
5,0.5,1200|Lamp|0,0
5,0.5,1204|People|0,1
5,0.5,1204|People|1,1
5,0.5,1204|People|2,0
5,0.5,1204|People|3,0
5,0.5,1204|Lamp|0,0
5,0.5,1206|People|0,1
5,0.5,1206|People|1,1
5,0.5,1206|People|2,0
5,0.5,1206|Lamp|0,0
5,0.5,1207|People|0,1
5,0.5,1207|People|1,1
5,0.5,1207|People|2,0
5,0.5,1207|Lamp|0,0
5,0.5,1211|People|0,1
5,0.5,1211|People|1,1
5,0.5,1211|People|2,0
5,0.5,1211|People|3,0
5,0.5,1211|Lamp|0,0
5,0.5,1213|People|0,1
5,0.5,1213|People|1,1
5,0.5,1213|Lamp|0,0
5,0.5,1216|People|0,1
5,0.5,1216|People|1,1
5,0.5,1216|Lamp|0,0
5,0.5,1218|People|0,1
5,0.5,1218|People|1,1
5,0.5,1218|Lamp|0,0
5,0.5,1219|People|0,0
5,0.5,1219|People|1,0
5,0.5,1219|People|2,0
5,0.5,1219|People|3,0
5,0.5,1219|Lamp|0,1
5,0.5,1219|Lamp|1,1
5,0.5,1221|People|0,0
5,0.5,1221|People|1,0
5,0.5,1221|People|2,0
5,0.5,1221|Lamp|0,0
5,0.5,1222|People|0,0
5,0.5,1222|People|1,0
5,0.5,1222|People|2,0
5,0.5,1222|Lamp|0,0
5,0.5,1225|People|0,0
5,0.5,1225|People|1,0
5,0.5,1225|People|2,0
5,0.5,1225|People|3,0
5,0.5,1225|People|4,0
5,0.5,1225|People|5,0
5,0.5,1225|People|6,0
5,0.5,1225|Lamp|0,1
5,0.5,1225|Lamp|1,0
5,0.5,1226|People|0,0
5,0.5,1226|People|1,0
5,0.5,1226|People|2,0
5,0.5,1226|People|3,0
5,0.5,1226|People|4,0
5,0.5,1226|Lamp|0,0
5,0.5,1226|Lamp|1,0
5,0.5,1226|Lamp|2,0
5,0.5,1228|People|0,0
5,0.5,1228|Lamp|0,0
5,0.5,1266|People|0,1
5,0.5,1266|People|1,0
5,0.5,1266|Lamp|0,1
5,0.5,1266|Lamp|1,0
5,0.5,1268|People|0,1
5,0.5,1268|Lamp|0,1
5,0.5,1268|Lamp|1,0
5,0.5,1268|Lamp|2,0
5,0.5,1268|Lamp|3,0
5,0.5,1273|People|0,1
5,0.5,1273|Lamp|0,0
5,0.5,1273|Lamp|1,0
5,0.5,1274|People|0,0
5,0.5,1274|Lamp|0,0
5,0.5,1274|Lamp|1,1
5,0.5,1274|Lamp|2,0
5,0.5,1285|People|0,1
5,0.5,1285|Lamp|0,1
5,0.5,1285|Lamp|1,0
5,0.5,1285|Lamp|2,0
5,0.5,1291|People|0,0
5,0.5,1291|Lamp|0,0
5,0.5,1291|Lamp|1,0
5,0.5,1295|People|0,0
5,0.5,1295|People|1,0
5,0.5,1295|People|2,0
5,0.5,1295|Lamp|0,1
5,0.5,1299|People|0,1
5,0.5,1299|People|1,0
5,0.5,1299|People|2,0
5,0.5,1299|Lamp|0,0
5,0.5,2046|People|0,1
5,0.5,2046|People|1,1
5,0.5,2046|Lamp|0,0
5,0.5,2046|Lamp|1,1
5,0.5,2046|Lamp|2,0
5,0.5,2046|Lamp|3,0
5,0.5,2050|People|0,1
5,0.5,2050|People|1,0
5,0.5,2050|Lamp|0,1
5,0.5,2050|Lamp|1,0
5,0.5,2050|Lamp|2,1
5,0.5,2050|Lamp|3,0
5,0.5,2051|People|0,1
5,0.5,2051|People|1,0
5,0.5,2051|Lamp|0,0
5,0.5,2051|Lamp|1,0
5,0.5,2051|Lamp|2,1
5,0.5,2051|Lamp|3,0
5,0.5,2052|People|0,1
5,0.5,2052|People|1,0
5,0.5,2052|Lamp|0,0
5,0.5,2052|Lamp|1,1
5,0.5,2052|Lamp|2,0
5,0.5,2052|Lamp|3,0
5,0.5,2056|People|0,1
5,0.5,2056|People|1,1
5,0.5,2056|Lamp|0,1
5,0.5,2056|Lamp|1,0
5,0.5,2056|Lamp|2,0
5,0.5,2056|Lamp|3,0
5,0.5,2057|People|0,1
5,0.5,2057|People|1,1
5,0.5,2057|Lamp|0,1
5,0.5,2057|Lamp|1,0
5,0.5,2057|Lamp|2,0
5,0.5,2057|Lamp|3,0
5,0.5,2058|People|0,1
5,0.5,2058|People|1,1
5,0.5,2058|Lamp|0,0
5,0.5,2058|Lamp|1,0
5,0.5,2058|Lamp|2,0
5,0.5,2058|Lamp|3,0
5,0.5,2058|Lamp|4,0
5,0.5,2058|Lamp|5,0
5,0.5,2059|People|0,1
5,0.5,2059|People|1,0
5,0.5,2059|Lamp|0,0
5,0.5,2059|Lamp|1,0
5,0.5,2059|Lamp|2,0
5,0.5,2059|Lamp|3,0
5,0.5,2061|People|0,1
5,0.5,2061|People|1,1
5,0.5,2061|Lamp|0,0
5,0.5,2061|Lamp|1,0
5,0.5,2061|Lamp|2,0
5,0.5,2061|Lamp|3,0
5,0.5,2061|Lamp|4,0
5,0.5,2061|Lamp|5,0
5,0.5,2065|People|0,1
5,0.5,2065|People|1,1
5,0.5,2065|Lamp|0,1
5,0.5,2065|Lamp|1,0
5,0.5,2065|Lamp|2,1
5,0.5,2065|Lamp|3,0
5,0.5,2065|Lamp|4,0
5,0.5,2065|Lamp|5,0
5,0.5,2067|People|0,1
5,0.5,2067|People|1,0
5,0.5,2067|Lamp|0,0
5,0.5,2067|Lamp|1,0
5,0.5,2067|Lamp|2,0
5,0.5,2067|Lamp|3,1
5,0.5,2068|People|0,1
5,0.5,2068|People|1,0
5,0.5,2068|Lamp|0,1
5,0.5,2068|Lamp|1,0
5,0.5,2068|Lamp|2,0
5,0.5,2068|Lamp|3,0
5,0.5,2069|People|0,1
5,0.5,2069|People|1,1
5,0.5,2069|Lamp|0,0
5,0.5,2069|Lamp|1,1
5,0.5,2069|Lamp|2,0
5,0.5,2069|Lamp|3,0
5,0.5,2069|Lamp|4,0
5,0.5,2069|Lamp|5,0
5,0.5,2070|People|0,1
5,0.5,2070|People|1,0
5,0.5,2070|Lamp|0,1
5,0.5,2070|Lamp|1,0
5,0.5,2070|Lamp|2,1
5,0.5,2070|Lamp|3,1
5,0.5,2072|People|0,1
5,0.5,2072|People|1,1
5,0.5,2072|Lamp|0,1
5,0.5,2072|Lamp|1,0
5,0.5,2072|Lamp|2,0
5,0.5,2072|Lamp|3,0
5,0.5,2072|Lamp|4,0
5,0.5,2072|Lamp|5,1
5,0.5,2073|People|0,1
5,0.5,2073|People|1,1
5,0.5,2073|Lamp|0,1
5,0.5,2073|Lamp|1,0
5,0.5,2073|Lamp|2,1
5,0.5,2073|Lamp|3,0
5,0.5,2073|Lamp|4,0
5,0.5,2073|Lamp|5,1
5,0.5,2074|People|0,1
5,0.5,2074|People|1,0
5,0.5,2074|Lamp|0,1
5,0.5,2074|Lamp|1,0
5,0.5,2074|Lamp|2,0
5,0.5,2074|Lamp|3,0
5,0.5,2074|Lamp|4,1
5,0.5,2074|Lamp|5,0
5,0.5,2074|Lamp|6,0
5,0.5,2074|Lamp|7,1
5,0.5,2076|People|0,1
5,0.5,2076|People|1,1
5,0.5,2076|Lamp|0,1
5,0.5,2076|Lamp|1,0
5,0.5,2076|Lamp|2,0
5,0.5,2076|Lamp|3,0
5,0.5,2076|Lamp|4,1
5,0.5,2076|Lamp|5,1
5,0.5,2076|Lamp|6,1
5,0.5,2076|Lamp|7,0
5,0.5,2082|People|0,1
5,0.5,2082|People|1,1
5,0.5,2082|Lamp|0,0
5,0.5,2082|Lamp|1,0
5,0.5,2082|Lamp|2,0
5,0.5,2082|Lamp|3,0
5,0.5,2082|Lamp|4,0
5,0.5,2082|Lamp|5,0
5,0.5,2084|People|0,1
5,0.5,2084|People|1,1
5,0.5,2084|Lamp|0,1
5,0.5,2084|Lamp|1,0
5,0.5,2084|Lamp|2,0
5,0.5,2084|Lamp|3,0
5,0.5,2084|Lamp|4,0
5,0.5,2084|Lamp|5,0
5,0.5,2087|People|0,1
5,0.5,2087|People|1,1
5,0.5,2087|Lamp|0,0
5,0.5,2087|Lamp|1,1
5,0.5,2087|Lamp|2,1
5,0.5,2090|People|0,1
5,0.5,2090|People|1,1
5,0.5,2090|Lamp|0,0
5,0.5,2090|Lamp|1,0
5,0.5,2090|Lamp|2,1
5,0.5,2090|Lamp|3,1
5,0.5,2091|People|0,1
5,0.5,2091|People|1,1
5,0.5,2091|Lamp|0,0
5,0.5,2091|Lamp|1,0
5,0.5,2091|Lamp|2,0
5,0.5,2091|Lamp|3,0
5,0.5,2091|Lamp|4,0
5,0.5,2091|Lamp|5,1
5,0.5,2092|People|0,1
5,0.5,2092|People|1,1
5,0.5,2092|Lamp|0,0
5,0.5,2092|Lamp|1,0
5,0.5,2092|Lamp|2,0
5,0.5,2092|Lamp|3,0
5,0.5,2092|Lamp|4,0
5,0.5,2092|Lamp|5,1
5,0.5,2093|People|0,1
5,0.5,2093|People|1,1
5,0.5,2093|Lamp|0,0
5,0.5,2093|Lamp|1,0
5,0.5,2093|Lamp|2,0
5,0.5,2093|Lamp|3,0
5,0.5,2093|Lamp|4,0
5,0.5,2093|Lamp|5,0
5,0.5,2120|People|0,0
5,0.5,2120|People|1,1
5,0.5,2120|People|2,0
5,0.5,2120|Lamp|0,1
5,0.5,2127|People|0,0
5,0.5,2127|People|1,0
5,0.5,2127|People|2,1
5,0.5,2127|Lamp|0,1
5,0.5,2127|Lamp|1,0
5,0.5,2127|Lamp|2,0
5,0.5,2127|Lamp|3,0
5,0.5,2129|People|0,1
5,0.5,2129|People|1,0
5,0.5,2129|People|2,0
5,0.5,2129|Lamp|0,0
5,0.5,2129|Lamp|1,1
5,0.5,2139|People|0,1
5,0.5,2139|Lamp|0,1
5,0.5,2139|Lamp|1,1
5,0.5,2139|Lamp|2,1
5,0.5,2140|People|0,0
5,0.5,2140|Lamp|0,1
5,0.5,2140|Lamp|1,1
5,0.5,2140|Lamp|2,0
5,0.5,2149|People|0,1
5,0.5,2149|Lamp|0,1
5,0.5,2149|Lamp|1,1
5,0.5,2150|People|0,1
5,0.5,2150|Lamp|0,1
5,0.5,2150|Lamp|1,1
5,0.5,2151|People|0,1
5,0.5,2151|Lamp|0,1
5,0.5,2151|Lamp|1,1
5,0.5,2158|People|0,0
5,0.5,2158|Lamp|0,1
5,0.5,2158|Lamp|1,1
5,0.5,2160|People|0,1
5,0.5,2160|Lamp|0,1
5,0.5,2160|Lamp|1,1
5,0.5,2190|People|0,1
5,0.5,2190|People|1,0
5,0.5,2190|People|2,0
5,0.5,2190|Lamp|0,1
5,0.5,2190|Lamp|1,1
5,0.5,2191|People|0,1
5,0.5,2191|People|1,0
5,0.5,2191|People|2,1
5,0.5,2191|Lamp|0,1
5,0.5,2191|Lamp|1,0
5,0.5,2193|People|0,1
5,0.5,2193|People|1,1
5,0.5,2193|People|2,0
5,0.5,2193|Lamp|0,1
5,0.5,2193|Lamp|1,1
5,0.5,2195|People|0,1
5,0.5,2195|People|1,1
5,0.5,2195|People|2,0
5,0.5,2195|Lamp|0,1
5,0.5,2195|Lamp|1,1
5,0.5,2200|People|0,0
5,0.5,2200|Lamp|0,1
5,0.5,2200|Lamp|1,1
5,0.5,2217|People|0,0
5,0.5,2217|Lamp|0,0
5,0.5,2217|Lamp|1,0
5,0.5,2218|People|0,0
5,0.5,2218|Lamp|0,0
5,0.5,2218|Lamp|1,0
5,0.5,2226|People|0,0
5,0.5,2226|Lamp|0,1
5,0.5,2226|Lamp|1,1
5,0.5,2226|Lamp|2,1
5,0.5,2226|Lamp|3,1
5,0.5,2226|Lamp|4,1
5,0.5,2292|People|0,0
5,0.5,2292|Lamp|0,0
5,0.5,2292|Lamp|1,0
5,0.5,2292|Lamp|2,0
5,0.5,2292|Lamp|3,0
5,0.5,2293|People|0,0
5,0.5,2293|Lamp|0,0
5,0.5,2293|Lamp|1,0
5,0.5,2293|Lamp|2,0
5,0.5,2293|Lamp|3,0
5,0.5,2295|People|0,0
5,0.5,2295|Lamp|0,0
5,0.5,2295|Lamp|1,0
5,0.5,2295|Lamp|2,0
5,0.5,2295|Lamp|3,0
5,0.5,2295|Lamp|4,0
5,0.5,2295|Lamp|5,0
5,0.5,2295|Lamp|6,0
5,0.5,2295|Lamp|7,0
5,0.5,2297|People|0,0
5,0.5,2297|Lamp|0,0
5,0.5,2297|Lamp|1,0
5,0.5,2297|Lamp|2,0
5,0.5,2297|Lamp|3,0
5,0.5,2297|Lamp|4,0
5,0.5,2298|People|0,0
5,0.5,2298|Lamp|0,0
5,0.5,2298|Lamp|1,0
5,0.5,2298|Lamp|2,0
5,0.5,2298|Lamp|3,0
5,0.5,2298|Lamp|4,1
5,0.5,2299|People|0,0
5,0.5,2299|Lamp|0,0
5,0.5,2299|Lamp|1,0
5,0.5,2299|Lamp|2,0
5,0.5,2299|Lamp|3,0
5,0.5,2299|Lamp|4,0
5,0.5,2299|Lamp|5,1
5,0.5,2328|People|0,0
5,0.5,2328|People|1,0
5,0.5,2328|People|2,0
5,0.5,2328|Lamp|0,0
5,0.5,2332|People|0,1
5,0.5,2332|People|1,1
5,0.5,2332|People|2,0
5,0.5,2332|People|3,0
5,0.5,2332|Lamp|0,0
5,0.5,2335|People|0,1
5,0.5,2335|People|1,1
5,0.5,2335|People|2,0
5,0.5,2335|People|3,0
5,0.5,2335|Lamp|0,0
5,0.5,2337|People|0,0
5,0.5,2337|People|1,0
5,0.5,2337|Lamp|0,0
5,0.5,2453|People|0,0
5,0.5,2453|People|1,0
5,0.5,2453|Lamp|0,0
5,0.5,2456|People|0,1
5,0.5,2456|Lamp|0,0
5,0.5,2456|Lamp|1,0
5,0.5,2456|Lamp|2,0
5,0.5,2457|People|0,1
5,0.5,2457|Lamp|0,0
5,0.5,2457|Lamp|1,0
5,0.5,2457|Lamp|2,0
5,0.5,2457|Lamp|3,0
5,0.5,2465|People|0,0
5,0.5,2465|Lamp|0,0
5,0.5,2465|Lamp|1,0
5,0.5,2465|Lamp|2,0
5,0.5,2467|People|0,0
5,0.5,2467|Lamp|0,0
5,0.5,2467|Lamp|1,0
5,0.5,2468|People|0,0
5,0.5,2468|People|1,0
5,0.5,2468|Lamp|0,0
5,0.5,2468|Lamp|1,0
5,0.5,2478|People|0,1
5,0.5,2478|People|1,1
5,0.5,2478|People|2,0
5,0.5,2478|People|3,0
5,0.5,2478|Lamp|0,1
5,0.5,2478|Lamp|1,1
5,0.5,2489|People|0,0
5,0.5,2489|People|1,0
5,0.5,2489|People|2,0
5,0.5,2489|People|3,1
5,0.5,2489|People|4,0
5,0.5,2489|People|5,0
5,0.5,2489|Lamp|0,0
5,0.5,2489|Lamp|1,0
5,0.5,2490|People|0,0
5,0.5,2490|People|1,1
5,0.5,2490|People|2,0
5,0.5,2490|People|3,0
5,0.5,2490|People|4,0
5,0.5,2490|Lamp|0,0
5,0.5,2490|Lamp|1,0
5,0.5,2491|People|0,0
5,0.5,2491|People|1,1
5,0.5,2491|People|2,1
5,0.5,2491|People|3,0
5,0.5,2491|People|4,0
5,0.5,2491|Lamp|0,0
5,0.5,2491|Lamp|1,0
5,0.5,2602|People|0,0
5,0.5,2602|Lamp|0,0
5,0.5,2602|Lamp|1,0
5,0.5,2602|Lamp|2,0
5,0.5,2606|People|0,0
5,0.5,2606|Lamp|0,0
5,0.5,2606|Lamp|1,0
5,0.5,2607|People|0,0
5,0.5,2607|Lamp|0,0
5,0.5,2607|Lamp|1,0
5,0.5,2622|People|0,1
5,0.5,2622|People|1,0
5,0.5,2622|People|2,0
5,0.5,2622|Lamp|0,1
5,0.5,2622|Lamp|1,0
5,0.5,2622|Lamp|2,1
5,0.5,2717|People|0,0
5,0.5,2717|People|1,0
5,0.5,2717|People|2,0
5,0.5,2717|Lamp|0,0
5,0.5,2720|People|0,0
5,0.5,2720|People|1,0
5,0.5,2720|People|2,0
5,0.5,2720|Lamp|0,0
5,0.5,2721|People|0,0
5,0.5,2721|People|1,0
5,0.5,2721|Lamp|0,0
5,0.5,2727|People|0,0
5,0.5,2727|People|1,0
5,0.5,2727|People|2,0
5,0.5,2727|People|3,0
5,0.5,2727|Lamp|0,0
5,0.5,2732|People|0,0
5,0.5,2732|People|1,0
5,0.5,2732|Lamp|0,0
5,0.5,2735|People|0,0
5,0.5,2735|People|1,0
5,0.5,2735|Lamp|0,0
5,0.5,2736|People|0,0
5,0.5,2736|People|1,0
5,0.5,2736|Lamp|0,0
5,0.5,2738|People|0,0
5,0.5,2738|People|1,0
5,0.5,2738|People|2,0
5,0.5,2738|Lamp|0,0
5,0.5,2940|People|0,1
5,0.5,2940|Lamp|0,0
5,0.5,2940|Lamp|1,0
5,0.5,2942|People|0,1
5,0.5,2942|Lamp|0,0
5,0.5,2942|Lamp|1,0
5,0.5,2942|Lamp|2,0
5,0.5,2942|Lamp|3,0
5,0.5,2942|Lamp|4,0
5,0.5,2945|People|0,1
5,0.5,2945|Lamp|0,0
5,0.5,2945|Lamp|1,0
5,0.5,2945|Lamp|2,0
5,0.5,2947|People|0,0
5,0.5,2947|Lamp|0,1
5,0.5,2947|Lamp|1,1
5,0.5,2947|Lamp|2,0
5,0.5,2947|Lamp|3,0
5,0.5,2947|Lamp|4,0
5,0.5,2949|People|0,0
5,0.5,2949|Lamp|0,1
5,0.5,2949|Lamp|1,0
5,0.5,2949|Lamp|2,0
5,0.5,2949|Lamp|3,0
5,0.5,2949|Lamp|4,0
5,0.5,2949|Lamp|5,0
5,0.5,2950|People|0,0
5,0.5,2950|People|1,0
5,0.5,2950|Lamp|0,1
5,0.5,2950|Lamp|1,0
5,0.5,2950|Lamp|2,0
5,0.5,2950|Lamp|3,0
5,0.5,2950|Lamp|4,0
5,0.5,2951|People|0,0
5,0.5,2951|Lamp|0,1
5,0.5,2951|Lamp|1,0
5,0.5,2951|Lamp|2,0
5,0.5,2951|Lamp|3,0
5,0.5,2951|Lamp|4,0
5,0.5,2953|People|0,0
5,0.5,2953|Lamp|0,0
5,0.5,2953|Lamp|1,0
5,0.5,2953|Lamp|2,0
5,0.5,2953|Lamp|3,0
5,0.5,2957|People|0,0
5,0.5,2957|Lamp|0,0
5,0.5,2957|Lamp|1,0
5,0.5,2957|Lamp|2,1
5,0.5,2957|Lamp|3,0
5,0.5,2957|Lamp|4,0
5,0.5,2957|Lamp|5,0
5,0.5,3024|People|0,0
5,0.5,3024|Lamp|0,0
5,0.5,3024|Lamp|1,0
5,0.5,3052|People|0,0
5,0.5,3052|Lamp|0,0
5,0.5,3053|People|0,0
5,0.5,3053|People|1,0
5,0.5,3053|Lamp|0,0
5,0.5,3053|Lamp|1,0
5,0.5,3054|People|0,0
5,0.5,3054|People|1,0
5,0.5,3054|People|2,0
5,0.5,3054|Lamp|0,0
5,0.5,3054|Lamp|1,0
5,0.5,3057|People|0,0
5,0.5,3057|People|1,0
5,0.5,3057|Lamp|0,0
5,0.5,3057|Lamp|1,0
5,0.5,3059|People|0,1
5,0.5,3059|People|1,0
5,0.5,3059|People|2,0
5,0.5,3059|Lamp|0,0
5,0.5,3059|Lamp|1,0
5,0.5,3060|People|0,1
5,0.5,3060|People|1,1
5,0.5,3060|People|2,0
5,0.5,3060|People|3,0
5,0.5,3060|Lamp|0,0
5,0.5,3060|Lamp|1,0
5,0.5,3061|People|0,0
5,0.5,3061|People|1,1
5,0.5,3061|People|2,1
5,0.5,3061|People|3,0
5,0.5,3061|Lamp|0,0
5,0.5,3061|Lamp|1,0
5,0.5,3063|People|0,1
5,0.5,3063|People|1,0
5,0.5,3063|Lamp|0,0
5,0.5,3063|Lamp|1,0
5,0.5,3063|Lamp|2,0
5,0.5,3063|Lamp|3,0
5,0.5,3066|People|0,0
5,0.5,3066|Lamp|0,0
5,0.5,3066|Lamp|1,0
5,0.5,3066|Lamp|2,1
5,0.5,3066|Lamp|3,0
5,0.5,3066|Lamp|4,0
5,0.5,3066|Lamp|5,0
5,0.5,3072|People|0,1
5,0.5,3072|People|1,0
5,0.5,3072|People|2,0
5,0.5,3072|People|3,0
5,0.5,3072|People|4,0
5,0.5,3072|People|5,0
5,0.5,3072|People|6,1
5,0.5,3072|People|7,1
5,0.5,3072|Lamp|0,0
5,0.5,3072|Lamp|1,1
5,0.5,3072|Lamp|2,1
5,0.5,3072|Lamp|3,0
5,0.5,3072|Lamp|4,0
5,0.5,3072|Lamp|5,0
5,0.5,3072|Lamp|6,0
5,0.5,3072|Lamp|7,0
5,0.5,3078|People|0,1
5,0.5,3078|People|1,0
5,0.5,3078|People|2,0
5,0.5,3078|People|3,1
5,0.5,3078|People|4,0
5,0.5,3078|People|5,0
5,0.5,3078|People|6,0
5,0.5,3078|Lamp|0,1
5,0.5,3078|Lamp|1,1
5,0.5,3078|Lamp|2,0
5,0.5,3078|Lamp|3,0
5,0.5,3079|People|0,1
5,0.5,3079|People|1,1
5,0.5,3079|People|2,0
5,0.5,3079|People|3,0
5,0.5,3079|Lamp|0,1
5,0.5,3079|Lamp|1,1
5,0.5,3079|Lamp|2,0
5,0.5,3116|People|0,1
5,0.5,3116|Lamp|0,1
5,0.5,3116|Lamp|1,0
5,0.5,3118|People|0,1
5,0.5,3118|Lamp|0,1
5,0.5,3118|Lamp|1,0
5,0.5,3119|People|0,1
5,0.5,3119|Lamp|0,1
5,0.5,3119|Lamp|1,0
5,0.5,3121|People|0,1
5,0.5,3121|Lamp|0,1
5,0.5,3121|Lamp|1,0
5,0.5,3124|People|0,1
5,0.5,3124|Lamp|0,1
5,0.5,3124|Lamp|1,0
5,0.5,3125|People|0,1
5,0.5,3125|Lamp|0,1
5,0.5,3125|Lamp|1,0
5,0.5,3302|People|0,1
5,0.5,3302|Lamp|0,1
5,0.5,3302|Lamp|1,0
5,0.5,3302|Lamp|2,1
5,0.5,3302|Lamp|3,0
5,0.5,3313|People|0,0
5,0.5,3313|People|1,0
5,0.5,3313|Lamp|0,0
5,0.5,3313|Lamp|1,0
5,0.5,3347|People|0,0
5,0.5,3347|People|1,0
5,0.5,3347|People|2,0
5,0.5,3347|Lamp|0,0
5,0.5,3347|Lamp|1,0
5,0.5,3349|People|0,0
5,0.5,3349|People|1,0
5,0.5,3349|People|2,0
5,0.5,3349|Lamp|0,0
5,0.5,3349|Lamp|1,0
5,0.5,3350|People|0,0
5,0.5,3350|People|1,0
5,0.5,3350|People|2,0
5,0.5,3350|People|3,0
5,0.5,3350|People|4,0
5,0.5,3350|Lamp|0,0
5,0.5,3350|Lamp|1,0
5,0.5,3378|People|0,0
5,0.5,3378|People|1,0
5,0.5,3378|People|2,1
5,0.5,3378|People|3,0
5,0.5,3378|Lamp|0,0
5,0.5,3378|Lamp|1,1
5,0.5,3378|Lamp|2,0
5,0.5,3378|Lamp|3,0
5,0.5,3378|Lamp|4,0
5,0.5,3381|People|0,0
5,0.5,3381|People|1,1
5,0.5,3381|People|2,1
5,0.5,3381|People|3,0
5,0.5,3381|People|4,0
5,0.5,3381|Lamp|0,1
5,0.5,3381|Lamp|1,0
5,0.5,3381|Lamp|2,1
5,0.5,3381|Lamp|3,0
5,0.5,3381|Lamp|4,0
5,0.5,3382|People|0,0
5,0.5,3382|People|1,1
5,0.5,3382|People|2,1
5,0.5,3382|Lamp|0,1
5,0.5,3382|Lamp|1,1
5,0.5,3382|Lamp|2,0
5,0.5,3382|Lamp|3,0
5,0.5,3382|Lamp|4,0
5,0.5,3383|People|0,0
5,0.5,3383|People|1,1
5,0.5,3383|People|2,0
5,0.5,3383|Lamp|0,1
5,0.5,3383|Lamp|1,0
5,0.5,3383|Lamp|2,1
5,0.5,3383|Lamp|3,0
5,0.5,3383|Lamp|4,0
5,0.5,3384|People|0,0
5,0.5,3384|People|1,0
5,0.5,3384|People|2,1
5,0.5,3384|People|3,1
5,0.5,3384|Lamp|0,1
5,0.5,3384|Lamp|1,0
5,0.5,3384|Lamp|2,1
5,0.5,3384|Lamp|3,0
5,0.5,3384|Lamp|4,0
5,0.5,3389|People|0,0
5,0.5,3389|People|1,1
5,0.5,3389|People|2,0
5,0.5,3389|People|3,1
5,0.5,3389|Lamp|0,1
5,0.5,3389|Lamp|1,0
5,0.5,3389|Lamp|2,0
5,0.5,3389|Lamp|3,0
5,0.5,3389|Lamp|4,0
5,0.5,3390|People|0,1
5,0.5,3390|People|1,0
5,0.5,3390|People|2,1
5,0.5,3390|People|3,1
5,0.5,3390|Lamp|0,0
5,0.5,3390|Lamp|1,0
5,0.5,3390|Lamp|2,0
5,0.5,3390|Lamp|3,0
5,0.5,3390|Lamp|4,0
5,0.5,3392|People|0,0
5,0.5,3392|People|1,1
5,0.5,3392|People|2,1
5,0.5,3392|People|3,0
5,0.5,3392|People|4,0
5,0.5,3392|People|5,1
5,0.5,3392|Lamp|0,1
5,0.5,3392|Lamp|1,0
5,0.5,3392|Lamp|2,0
5,0.5,3392|Lamp|3,0
5,0.5,3392|Lamp|4,0
5,0.5,3395|People|0,0
5,0.5,3395|People|1,1
5,0.5,3395|People|2,0
5,0.5,3395|People|3,1
5,0.5,3395|People|4,0
5,0.5,3395|People|5,0
5,0.5,3395|People|6,0
5,0.5,3395|People|7,0
5,0.5,3395|Lamp|0,1
5,0.5,3395|Lamp|1,1
5,0.5,3395|Lamp|2,1
5,0.5,3395|Lamp|3,0
5,0.5,3395|Lamp|4,0
5,0.5,3397|People|0,1
5,0.5,3397|People|1,1
5,0.5,3397|People|2,0
5,0.5,3397|People|3,1
5,0.5,3397|People|4,0
5,0.5,3397|People|5,0
5,0.5,3397|People|6,0
5,0.5,3397|Lamp|0,1
5,0.5,3397|Lamp|1,1
5,0.5,3397|Lamp|2,1
5,0.5,3397|Lamp|3,0
5,0.5,3397|Lamp|4,0
5,0.5,3398|People|0,1
5,0.5,3398|People|1,1
5,0.5,3398|People|2,0
5,0.5,3398|People|3,0
5,0.5,3398|People|4,0
5,0.5,3398|People|5,1
5,0.5,3398|Lamp|0,1
5,0.5,3398|Lamp|1,1
5,0.5,3398|Lamp|2,0
5,0.5,3398|Lamp|3,0
5,0.5,3398|Lamp|4,0
5,0.5,3405|People|0,1
5,0.5,3405|People|1,0
5,0.5,3405|People|2,0
5,0.5,3405|Lamp|0,1
5,0.5,3405|Lamp|1,1
5,0.5,3405|Lamp|2,1
5,0.5,3405|Lamp|3,1
5,0.5,3408|People|0,1
5,0.5,3408|People|1,0
5,0.5,3408|People|2,0
5,0.5,3408|People|3,0
5,0.5,3408|Lamp|0,1
5,0.5,3408|Lamp|1,1
5,0.5,3408|Lamp|2,1
5,0.5,3408|Lamp|3,1
5,0.5,3409|People|0,0
5,0.5,3409|People|1,0
5,0.5,3409|Lamp|0,1
5,0.5,3409|Lamp|1,1
5,0.5,3409|Lamp|2,1
5,0.5,3409|Lamp|3,0
5,0.5,3566|People|0,0
5,0.5,3566|Lamp|0,1
5,0.5,3681|People|0,0
5,0.5,3681|Lamp|0,1
5,0.5,3681|Lamp|1,1
5,0.5,3681|Lamp|2,1
5,0.5,3681|Lamp|3,1
5,0.5,3682|People|0,0
5,0.5,3682|Lamp|0,1
5,0.5,3682|Lamp|1,1
5,0.5,3682|Lamp|2,1
5,0.5,3682|Lamp|3,1
5,0.5,3683|People|0,0
5,0.5,3683|Lamp|0,1
5,0.5,3683|Lamp|1,1
5,0.5,3683|Lamp|2,1
5,0.5,3683|Lamp|3,1
5,0.5,3687|People|0,0
5,0.5,3687|People|1,0
5,0.5,3687|People|2,0
5,0.5,3687|Lamp|0,1
5,0.5,3687|Lamp|1,1
5,0.5,3687|Lamp|2,1
5,0.5,3687|Lamp|3,1
5,0.5,3688|People|0,0
5,0.5,3688|People|1,0
5,0.5,3688|People|2,0
5,0.5,3688|Lamp|0,1
5,0.5,3688|Lamp|1,1
5,0.5,3688|Lamp|2,1
5,0.5,3688|Lamp|3,1
5,0.5,3689|People|0,0
5,0.5,3689|Lamp|0,0
5,0.5,3689|Lamp|1,0
5,0.5,3689|Lamp|2,0
5,0.5,3689|Lamp|3,0
15,0.05,63|People|0,1
15,0.05,63|People|1,1
15,0.05,63|People|2,1
15,0.05,63|People|3,1
15,0.05,63|People|4,0
15,0.05,63|Lamp|0,0
15,0.05,64|People|0,0
15,0.05,64|People|1,0
15,0.05,64|People|2,0
15,0.05,64|People|3,1
15,0.05,64|People|4,1
15,0.05,64|People|5,1
15,0.05,64|Lamp|0,0
15,0.05,71|People|0,0
15,0.05,71|People|1,0
15,0.05,71|Lamp|0,0
15,0.05,73|People|0,0
15,0.05,73|People|1,1
15,0.05,73|Lamp|0,0
15,0.05,78|People|0,0
15,0.05,78|People|1,1
15,0.05,78|People|2,1
15,0.05,78|People|3,1
15,0.05,78|People|4,0
15,0.05,78|People|5,0
15,0.05,78|Lamp|0,0
15,0.05,111|People|0,1
15,0.05,111|People|1,1
15,0.05,111|People|2,1
15,0.05,111|People|3,1
15,0.05,111|People|4,0
15,0.05,111|People|5,1
15,0.05,111|People|6,1
15,0.05,111|Lamp|0,1
15,0.05,111|Lamp|1,1
15,0.05,111|Lamp|2,0
15,0.05,111|Lamp|3,1
15,0.05,114|People|0,1
15,0.05,114|People|1,1
15,0.05,114|People|2,1
15,0.05,114|People|3,1
15,0.05,114|People|4,1
15,0.05,114|People|5,1
15,0.05,114|People|6,0
15,0.05,114|Lamp|0,0
15,0.05,114|Lamp|1,1
15,0.05,114|Lamp|2,1
15,0.05,116|People|0,1
15,0.05,116|People|1,1
15,0.05,116|People|2,1
15,0.05,116|People|3,1
15,0.05,116|People|4,1
15,0.05,116|People|5,1
15,0.05,116|People|6,1
15,0.05,116|People|7,0
15,0.05,116|Lamp|0,0
15,0.05,116|Lamp|1,1
15,0.05,116|Lamp|2,1
15,0.05,116|Lamp|3,1
15,0.05,118|People|0,1
15,0.05,118|People|1,1
15,0.05,118|People|2,1
15,0.05,118|People|3,1
15,0.05,118|People|4,1
15,0.05,118|People|5,1
15,0.05,118|People|6,1
15,0.05,118|People|7,1
15,0.05,118|Lamp|0,1
15,0.05,118|Lamp|1,1
15,0.05,118|Lamp|2,1
15,0.05,118|Lamp|3,1
15,0.05,123|People|0,1
15,0.05,123|People|1,1
15,0.05,123|People|2,0
15,0.05,123|People|3,1
15,0.05,123|People|4,1
15,0.05,123|People|5,1
15,0.05,123|People|6,1
15,0.05,123|Lamp|0,1
15,0.05,123|Lamp|1,1
15,0.05,123|Lamp|2,1
15,0.05,123|Lamp|3,0
15,0.05,123|Lamp|4,1
15,0.05,125|People|0,0
15,0.05,125|People|1,1
15,0.05,125|People|2,1
15,0.05,125|People|3,1
15,0.05,125|People|4,1
15,0.05,125|People|5,1
15,0.05,125|People|6,0
15,0.05,125|People|7,0
15,0.05,125|Lamp|0,1
15,0.05,125|Lamp|1,1
15,0.05,125|Lamp|2,1
15,0.05,125|Lamp|3,1
15,0.05,125|Lamp|4,1
15,0.05,126|People|0,0
15,0.05,126|People|1,1
15,0.05,126|People|2,1
15,0.05,126|People|3,0
15,0.05,126|People|4,0
15,0.05,126|People|5,1
15,0.05,126|People|6,0
15,0.05,126|People|7,1
15,0.05,126|People|8,0
15,0.05,126|Lamp|0,1
15,0.05,126|Lamp|1,1
15,0.05,126|Lamp|2,1
15,0.05,126|Lamp|3,1
15,0.05,126|Lamp|4,1
15,0.05,127|People|0,0
15,0.05,127|People|1,0
15,0.05,127|People|2,1
15,0.05,127|People|3,1
15,0.05,127|People|4,0
15,0.05,127|People|5,1
15,0.05,127|People|6,1
15,0.05,127|People|7,1
15,0.05,127|People|8,0
15,0.05,127|People|9,1
15,0.05,127|Lamp|0,1
15,0.05,127|Lamp|1,0
15,0.05,127|Lamp|2,1
15,0.05,127|Lamp|3,1
15,0.05,127|Lamp|4,1
15,0.05,129|People|0,0
15,0.05,129|People|1,1
15,0.05,129|People|2,1
15,0.05,129|People|3,0
15,0.05,129|People|4,0
15,0.05,129|People|5,0
15,0.05,129|People|6,0
15,0.05,129|People|7,1
15,0.05,129|Lamp|0,1
15,0.05,129|Lamp|1,0
15,0.05,129|Lamp|2,1
15,0.05,129|Lamp|3,1
15,0.05,129|Lamp|4,0
15,0.05,130|People|0,0
15,0.05,130|People|1,0
15,0.05,130|People|2,0
15,0.05,130|People|3,1
15,0.05,130|People|4,0
15,0.05,130|People|5,0
15,0.05,130|Lamp|0,1
15,0.05,130|Lamp|1,0
15,0.05,130|Lamp|2,1
15,0.05,130|Lamp|3,0
15,0.05,132|People|0,0
15,0.05,132|People|1,1
15,0.05,132|People|2,0
15,0.05,132|People|3,1
15,0.05,132|People|4,1
15,0.05,132|People|5,0
15,0.05,132|Lamp|0,1
15,0.05,132|Lamp|1,0
15,0.05,132|Lamp|2,0
15,0.05,132|Lamp|3,0
15,0.05,135|People|0,0
15,0.05,135|People|1,0
15,0.05,135|People|2,1
15,0.05,135|People|3,1
15,0.05,135|People|4,0
15,0.05,135|People|5,0
15,0.05,135|People|6,0
15,0.05,135|People|7,0
15,0.05,135|People|8,1
15,0.05,135|People|9,1
15,0.05,135|People|10,0
15,0.05,135|Lamp|0,0
15,0.05,135|Lamp|1,1
15,0.05,135|Lamp|2,0
15,0.05,136|People|0,0
15,0.05,136|People|1,0
15,0.05,136|People|2,1
15,0.05,136|People|3,0
15,0.05,136|People|4,1
15,0.05,136|People|5,1
15,0.05,136|People|6,1
15,0.05,136|People|7,0
15,0.05,136|Lamp|0,1
15,0.05,136|Lamp|1,0
15,0.05,136|Lamp|2,0
15,0.05,138|People|0,0
15,0.05,138|People|1,0
15,0.05,138|People|2,0
15,0.05,138|People|3,0
15,0.05,138|People|4,0
15,0.05,138|People|5,0
15,0.05,138|People|6,0
15,0.05,138|People|7,0
15,0.05,138|People|8,1
15,0.05,138|People|9,0
15,0.05,138|People|10,0
15,0.05,138|Lamp|0,1
15,0.05,138|Lamp|1,0
15,0.05,138|Lamp|2,0
15,0.05,143|People|0,0
15,0.05,143|People|1,0
15,0.05,143|People|2,1
15,0.05,143|People|3,0
15,0.05,143|People|4,0
15,0.05,143|People|5,0
15,0.05,143|People|6,0
15,0.05,143|Lamp|0,0
15,0.05,143|Lamp|1,0
15,0.05,144|People|0,0
15,0.05,144|People|1,1
15,0.05,144|People|2,1
15,0.05,144|People|3,0
15,0.05,144|People|4,0
15,0.05,144|People|5,0
15,0.05,144|People|6,0
15,0.05,144|Lamp|0,1
15,0.05,144|Lamp|1,0
15,0.05,147|People|0,1
15,0.05,147|People|1,0
15,0.05,147|People|2,1
15,0.05,147|People|3,1
15,0.05,147|People|4,0
15,0.05,147|People|5,0
15,0.05,147|People|6,1
15,0.05,147|People|7,0
15,0.05,147|People|8,0
15,0.05,147|People|9,1
15,0.05,147|People|10,0
15,0.05,147|People|11,1
15,0.05,147|Lamp|0,0
15,0.05,186|People|0,0
15,0.05,186|People|1,1
15,0.05,186|People|2,0
15,0.05,186|People|3,0
15,0.05,186|People|4,0
15,0.05,186|People|5,1
15,0.05,186|Lamp|0,1
15,0.05,187|People|0,1
15,0.05,187|People|1,1
15,0.05,187|People|2,1
15,0.05,187|People|3,1
15,0.05,187|People|4,1
15,0.05,187|People|5,0
15,0.05,187|Lamp|0,1
15,0.05,188|People|0,1
15,0.05,188|People|1,1
15,0.05,188|People|2,1
15,0.05,188|People|3,1
15,0.05,188|People|4,0
15,0.05,188|People|5,0
15,0.05,188|Lamp|0,1
15,0.05,191|People|0,1
15,0.05,191|People|1,1
15,0.05,191|People|2,1
15,0.05,191|People|3,1
15,0.05,191|People|4,1
15,0.05,191|People|5,1
15,0.05,191|Lamp|0,1
15,0.05,193|People|0,1
15,0.05,193|People|1,1
15,0.05,193|People|2,1
15,0.05,193|People|3,1
15,0.05,193|People|4,1
15,0.05,193|People|5,1
15,0.05,193|Lamp|0,1
15,0.05,196|People|0,1
15,0.05,196|People|1,1
15,0.05,196|People|2,1
15,0.05,196|People|3,1
15,0.05,196|People|4,1
15,0.05,196|People|5,0
15,0.05,196|People|6,1
15,0.05,196|People|7,1
15,0.05,196|People|8,1
15,0.05,196|Lamp|0,1
15,0.05,196|Lamp|1,1
15,0.05,196|Lamp|2,0
15,0.05,199|People|0,1
15,0.05,199|People|1,1
15,0.05,199|People|2,1
15,0.05,199|People|3,1
15,0.05,199|People|4,1
15,0.05,199|People|5,1
15,0.05,199|People|6,1
15,0.05,199|Lamp|0,1
15,0.05,199|Lamp|1,1
15,0.05,204|People|0,1
15,0.05,204|People|1,1
15,0.05,204|People|2,1
15,0.05,204|People|3,1
15,0.05,204|People|4,1
15,0.05,204|People|5,1
15,0.05,204|People|6,1
15,0.05,204|People|7,1
15,0.05,204|Lamp|0,1
15,0.05,204|Lamp|1,1
15,0.05,204|Lamp|2,0
15,0.05,205|People|0,0
15,0.05,205|People|1,1
15,0.05,205|People|2,1
15,0.05,205|People|3,1
15,0.05,205|People|4,1
15,0.05,205|People|5,1
15,0.05,205|People|6,1
15,0.05,205|People|7,0
15,0.05,205|People|8,1
15,0.05,205|Lamp|0,1
15,0.05,205|Lamp|1,1
15,0.05,205|Lamp|2,0
15,0.05,206|People|0,1
15,0.05,206|People|1,1
15,0.05,206|People|2,1
15,0.05,206|People|3,1
15,0.05,206|People|4,1
15,0.05,206|People|5,1
15,0.05,206|People|6,0
15,0.05,206|People|7,0
15,0.05,206|Lamp|0,1
15,0.05,209|People|0,1
15,0.05,209|Lamp|0,1
15,0.05,210|People|0,1
15,0.05,210|People|1,1
15,0.05,210|People|2,0
15,0.05,210|Lamp|0,1
15,0.05,213|People|0,1
15,0.05,213|People|1,1
15,0.05,213|People|2,1
15,0.05,213|People|3,0
15,0.05,213|People|4,0
15,0.05,213|People|5,0
15,0.05,213|People|6,0
15,0.05,213|People|7,0
15,0.05,213|Lamp|0,1
15,0.05,213|Lamp|1,1
15,0.05,213|Lamp|2,0
15,0.05,217|People|0,0
15,0.05,217|People|1,0
15,0.05,217|Lamp|0,0
15,0.05,222|People|0,1
15,0.05,222|People|1,1
15,0.05,222|People|2,0
15,0.05,222|People|3,1
15,0.05,222|People|4,1
15,0.05,222|People|5,1
15,0.05,222|People|6,1
15,0.05,222|People|7,0
15,0.05,222|People|8,1
15,0.05,222|Lamp|0,0
15,0.05,222|Lamp|1,0
15,0.05,222|Lamp|2,1
15,0.05,222|Lamp|3,1
15,0.05,222|Lamp|4,0
15,0.05,222|Lamp|5,1
15,0.05,222|Lamp|6,0
15,0.05,231|People|0,0
15,0.05,231|People|1,1
15,0.05,231|People|2,1
15,0.05,231|People|3,1
15,0.05,231|People|4,1
15,0.05,231|People|5,1
15,0.05,231|People|6,1
15,0.05,231|People|7,1
15,0.05,231|People|8,1
15,0.05,231|People|9,1
15,0.05,231|People|10,0
15,0.05,231|People|11,0
15,0.05,231|Lamp|0,0
15,0.05,231|Lamp|1,1
15,0.05,231|Lamp|2,1
15,0.05,231|Lamp|3,0
15,0.05,231|Lamp|4,1
15,0.05,232|People|0,0
15,0.05,232|People|1,0
15,0.05,232|People|2,0
15,0.05,232|People|3,0
15,0.05,232|People|4,0
15,0.05,232|People|5,1
15,0.05,232|People|6,1
15,0.05,232|People|7,1
15,0.05,232|People|8,1
15,0.05,232|People|9,0
15,0.05,232|People|10,0
15,0.05,232|People|11,0
15,0.05,232|Lamp|0,1
15,0.05,232|Lamp|1,0
15,0.05,232|Lamp|2,1
15,0.05,232|Lamp|3,1
15,0.05,232|Lamp|4,0
15,0.05,232|Lamp|5,0
15,0.05,240|People|0,1
15,0.05,240|People|1,0
15,0.05,240|People|2,1
15,0.05,240|People|3,1
15,0.05,240|People|4,1
15,0.05,240|People|5,1
15,0.05,240|People|6,0
15,0.05,240|Lamp|0,0
15,0.05,240|Lamp|1,0
15,0.05,240|Lamp|2,1
15,0.05,240|Lamp|3,0
15,0.05,240|Lamp|4,0
15,0.05,388|People|0,1
15,0.05,388|People|1,1
15,0.05,388|People|2,1
15,0.05,388|People|3,1
15,0.05,388|People|4,1
15,0.05,388|People|5,1
15,0.05,388|People|6,1
15,0.05,388|People|7,1
15,0.05,388|People|8,1
15,0.05,388|People|9,1
15,0.05,388|Lamp|0,1
15,0.05,389|People|0,1
15,0.05,389|People|1,1
15,0.05,389|People|2,1
15,0.05,389|People|3,1
15,0.05,389|People|4,1
15,0.05,389|People|5,1
15,0.05,389|People|6,1
15,0.05,389|People|7,1
15,0.05,389|People|8,1
15,0.05,389|People|9,1
15,0.05,389|Lamp|0,0
15,0.05,389|Lamp|1,1
15,0.05,392|People|0,1
15,0.05,392|People|1,1
15,0.05,392|People|2,0
15,0.05,392|People|3,1
15,0.05,392|Lamp|0,1
15,0.05,392|Lamp|1,1
15,0.05,394|People|0,1
15,0.05,394|People|1,1
15,0.05,394|People|2,1
15,0.05,394|People|3,1
15,0.05,394|People|4,1
15,0.05,394|People|5,1
15,0.05,394|Lamp|0,1
15,0.05,394|Lamp|1,1
15,0.05,395|People|0,0
15,0.05,395|People|1,0
15,0.05,395|People|2,1
15,0.05,395|People|3,1
15,0.05,395|People|4,1
15,0.05,395|People|5,1
15,0.05,395|People|6,1
15,0.05,395|Lamp|0,1
15,0.05,395|Lamp|1,1
15,0.05,396|People|0,0
15,0.05,396|People|1,0
15,0.05,396|People|2,1
15,0.05,396|People|3,1
15,0.05,396|People|4,1
15,0.05,396|People|5,1
15,0.05,396|Lamp|0,1
15,0.05,396|Lamp|1,1
15,0.05,409|People|0,1
15,0.05,409|People|1,1
15,0.05,409|People|2,0
15,0.05,409|People|3,1
15,0.05,409|People|4,1
15,0.05,409|Lamp|0,0
15,0.05,410|People|0,1
15,0.05,410|People|1,0
15,0.05,410|People|2,0
15,0.05,410|People|3,1
15,0.05,410|People|4,0
15,0.05,410|People|5,1
15,0.05,410|Lamp|0,1
15,0.05,413|People|0,1
15,0.05,413|People|1,1
15,0.05,413|People|2,1
15,0.05,413|People|3,0
15,0.05,413|People|4,0
15,0.05,413|People|5,0
15,0.05,413|Lamp|0,0
15,0.05,419|People|0,0
15,0.05,419|People|1,0
15,0.05,419|Lamp|0,1
15,0.05,419|Lamp|1,1
15,0.05,422|People|0,1
15,0.05,422|People|1,1
15,0.05,422|People|2,1
15,0.05,422|People|3,1
15,0.05,422|People|4,1
15,0.05,422|Lamp|0,0
15,0.05,425|People|0,0
15,0.05,425|People|1,1
15,0.05,425|People|2,1
15,0.05,425|People|3,1
15,0.05,425|People|4,0
15,0.05,425|People|5,1
15,0.05,425|People|6,1
15,0.05,425|People|7,0
15,0.05,425|Lamp|0,0
15,0.05,427|People|0,0
15,0.05,427|People|1,0
15,0.05,427|People|2,0
15,0.05,427|People|3,1
15,0.05,427|People|4,1
15,0.05,427|People|5,0
15,0.05,427|People|6,1
15,0.05,427|People|7,1
15,0.05,427|Lamp|0,0
15,0.05,428|People|0,0
15,0.05,428|People|1,0
15,0.05,428|People|2,1
15,0.05,428|People|3,1
15,0.05,428|People|4,1
15,0.05,428|People|5,1
15,0.05,428|People|6,1
15,0.05,428|Lamp|0,0
15,0.05,438|People|0,1
15,0.05,438|People|1,1
15,0.05,438|People|2,0
15,0.05,438|People|3,0
15,0.05,438|People|4,0
15,0.05,438|Lamp|0,1
15,0.05,438|Lamp|1,1
15,0.05,438|Lamp|2,1
15,0.05,438|Lamp|3,1
15,0.05,440|People|0,1
15,0.05,440|People|1,1
15,0.05,440|People|2,0
15,0.05,440|People|3,0
15,0.05,440|People|4,0
15,0.05,440|People|5,0
15,0.05,440|People|6,0
15,0.05,440|Lamp|0,1
15,0.05,440|Lamp|1,1
15,0.05,440|Lamp|2,1
15,0.05,440|Lamp|3,1
15,0.05,442|People|0,1
15,0.05,442|People|1,1
15,0.05,442|People|2,0
15,0.05,442|People|3,0
15,0.05,442|People|4,0
15,0.05,442|People|5,1
15,0.05,442|People|6,1
15,0.05,442|People|7,1
15,0.05,442|Lamp|0,1
15,0.05,442|Lamp|1,1
15,0.05,442|Lamp|2,1
15,0.05,442|Lamp|3,1
15,0.05,444|People|0,1
15,0.05,444|People|1,1
15,0.05,444|People|2,0
15,0.05,444|People|3,0
15,0.05,444|People|4,0
15,0.05,444|People|5,0
15,0.05,444|Lamp|0,1
15,0.05,444|Lamp|1,1
15,0.05,444|Lamp|2,1
15,0.05,444|Lamp|3,1
15,0.05,448|People|0,1
15,0.05,448|People|1,1
15,0.05,448|People|2,1
15,0.05,448|People|3,0
15,0.05,448|People|4,0
15,0.05,448|People|5,0
15,0.05,448|People|6,0
15,0.05,448|Lamp|0,1
15,0.05,448|Lamp|1,1
15,0.05,448|Lamp|2,0
15,0.05,448|Lamp|3,0
15,0.05,448|Lamp|4,0
15,0.05,448|Lamp|5,0
15,0.05,449|People|0,1
15,0.05,449|People|1,1
15,0.05,449|People|2,1
15,0.05,449|People|3,0
15,0.05,449|People|4,0
15,0.05,449|People|5,0
15,0.05,449|Lamp|0,0
15,0.05,449|Lamp|1,1
15,0.05,449|Lamp|2,1
15,0.05,449|Lamp|3,0
15,0.05,449|Lamp|4,1
15,0.05,452|People|0,1
15,0.05,452|People|1,1
15,0.05,452|Lamp|0,1
15,0.05,452|Lamp|1,0
15,0.05,452|Lamp|2,1
15,0.05,453|People|0,1
15,0.05,453|Lamp|0,1
15,0.05,453|Lamp|1,1
15,0.05,453|Lamp|2,0
15,0.05,453|Lamp|3,1
15,0.05,459|People|0,0
15,0.05,459|People|1,0
15,0.05,459|People|2,1
15,0.05,459|People|3,1
15,0.05,459|People|4,1
15,0.05,459|People|5,1
15,0.05,459|Lamp|0,0
15,0.05,459|Lamp|1,0
15,0.05,459|Lamp|2,0
15,0.05,462|People|0,1
15,0.05,462|People|1,1
15,0.05,462|People|2,1
15,0.05,462|People|3,1
15,0.05,462|People|4,1
15,0.05,462|People|5,1
15,0.05,462|People|6,1
15,0.05,462|Lamp|0,1
15,0.05,462|Lamp|1,0
15,0.05,466|People|0,1
15,0.05,466|People|1,1
15,0.05,466|People|2,1
15,0.05,466|People|3,1
15,0.05,466|People|4,1
15,0.05,466|People|5,1
15,0.05,466|Lamp|0,1
15,0.05,466|Lamp|1,0
15,0.05,468|People|0,1
15,0.05,468|People|1,1
15,0.05,468|People|2,1
15,0.05,468|People|3,1
15,0.05,468|People|4,1
15,0.05,468|People|5,1
15,0.05,468|People|6,1
15,0.05,468|Lamp|0,1
15,0.05,468|Lamp|1,0
15,0.05,470|People|0,1
15,0.05,470|People|1,0
15,0.05,470|Lamp|0,1
15,0.05,476|People|0,0
15,0.05,476|People|1,1
15,0.05,476|Lamp|0,0
15,0.05,478|People|0,0
15,0.05,478|Lamp|0,0
15,0.05,479|People|0,1
15,0.05,479|Lamp|0,0
15,0.05,480|People|0,1
15,0.05,480|People|1,0
15,0.05,480|People|2,0
15,0.05,480|Lamp|0,0
15,0.05,486|People|0,1
15,0.05,486|People|1,0
15,0.05,486|People|2,0
15,0.05,486|People|3,0
15,0.05,486|People|4,1
15,0.05,486|People|5,1
15,0.05,486|People|6,0
15,0.05,486|Lamp|0,0
15,0.05,489|People|0,1
15,0.05,489|People|1,0
15,0.05,489|People|2,1
15,0.05,489|People|3,1
15,0.05,489|People|4,0
15,0.05,489|People|5,1
15,0.05,489|People|6,0
15,0.05,489|People|7,0
15,0.05,489|People|8,0
15,0.05,489|People|9,0
15,0.05,489|Lamp|0,1
15,0.05,489|Lamp|1,0
15,0.05,493|People|0,0
15,0.05,493|People|1,1
15,0.05,493|People|2,1
15,0.05,493|People|3,1
15,0.05,493|People|4,1
15,0.05,493|People|5,1
15,0.05,493|People|6,1
15,0.05,493|People|7,0
15,0.05,493|Lamp|0,0
15,0.05,494|People|0,1
15,0.05,494|People|1,0
15,0.05,494|People|2,0
15,0.05,494|People|3,0
15,0.05,494|People|4,0
15,0.05,494|Lamp|0,1
15,0.05,494|Lamp|1,1
15,0.05,494|Lamp|2,1
15,0.05,503|People|0,0
15,0.05,503|People|1,0
15,0.05,503|Lamp|0,1
15,0.05,503|Lamp|1,1
15,0.05,505|People|0,0
15,0.05,505|People|1,0
15,0.05,505|People|2,0
15,0.05,505|People|3,0
15,0.05,505|People|4,1
15,0.05,505|Lamp|0,1
15,0.05,507|People|0,1
15,0.05,507|People|1,0
15,0.05,507|People|2,0
15,0.05,507|People|3,0
15,0.05,507|People|4,0
15,0.05,507|People|5,1
15,0.05,507|People|6,1
15,0.05,507|Lamp|0,0
15,0.05,1190|People|0,0
15,0.05,1190|People|1,0
15,0.05,1190|People|2,0
15,0.05,1190|People|3,0
15,0.05,1190|People|4,0
15,0.05,1190|People|5,0
15,0.05,1190|People|6,1
15,0.05,1190|People|7,0
15,0.05,1190|Lamp|0,0
15,0.05,1196|People|0,1
15,0.05,1196|People|1,0
15,0.05,1196|Lamp|0,0
15,0.05,1199|People|0,0
15,0.05,1199|People|1,0
15,0.05,1199|People|2,0
15,0.05,1199|Lamp|0,1
15,0.05,1200|People|0,0
15,0.05,1200|People|1,1
15,0.05,1200|Lamp|0,1
15,0.05,1204|People|0,1
15,0.05,1204|People|1,1
15,0.05,1204|People|2,0
15,0.05,1204|People|3,0
15,0.05,1204|Lamp|0,0
15,0.05,1206|People|0,1
15,0.05,1206|People|1,1
15,0.05,1206|People|2,0
15,0.05,1206|Lamp|0,0
15,0.05,1207|People|0,1
15,0.05,1207|People|1,1
15,0.05,1207|People|2,0
15,0.05,1207|Lamp|0,0
15,0.05,1211|People|0,1
15,0.05,1211|People|1,1
15,0.05,1211|People|2,0
15,0.05,1211|People|3,0
15,0.05,1211|Lamp|0,0
15,0.05,1213|People|0,1
15,0.05,1213|People|1,1
15,0.05,1213|Lamp|0,1
15,0.05,1216|People|0,1
15,0.05,1216|People|1,1
15,0.05,1216|Lamp|0,0
15,0.05,1218|People|0,1
15,0.05,1218|People|1,1
15,0.05,1218|Lamp|0,0
15,0.05,1219|People|0,0
15,0.05,1219|People|1,0
15,0.05,1219|People|2,0
15,0.05,1219|People|3,0
15,0.05,1219|Lamp|0,1
15,0.05,1219|Lamp|1,1
15,0.05,1221|People|0,1
15,0.05,1221|People|1,1
15,0.05,1221|People|2,0
15,0.05,1221|Lamp|0,0
15,0.05,1222|People|0,1
15,0.05,1222|People|1,1
15,0.05,1222|People|2,0
15,0.05,1222|Lamp|0,0
15,0.05,1225|People|0,0
15,0.05,1225|People|1,0
15,0.05,1225|People|2,0
15,0.05,1225|People|3,0
15,0.05,1225|People|4,0
15,0.05,1225|People|5,0
15,0.05,1225|People|6,0
15,0.05,1225|Lamp|0,1
15,0.05,1225|Lamp|1,0
15,0.05,1226|People|0,0
15,0.05,1226|People|1,0
15,0.05,1226|People|2,0
15,0.05,1226|People|3,0
15,0.05,1226|People|4,0
15,0.05,1226|Lamp|0,0
15,0.05,1226|Lamp|1,1
15,0.05,1226|Lamp|2,0
15,0.05,1228|People|0,0
15,0.05,1228|Lamp|0,1
15,0.05,1266|People|0,0
15,0.05,1266|People|1,0
15,0.05,1266|Lamp|0,1
15,0.05,1266|Lamp|1,0
15,0.05,1268|People|0,1
15,0.05,1268|Lamp|0,1
15,0.05,1268|Lamp|1,0
15,0.05,1268|Lamp|2,0
15,0.05,1268|Lamp|3,0
15,0.05,1273|People|0,0
15,0.05,1273|Lamp|0,0
15,0.05,1273|Lamp|1,0
15,0.05,1274|People|0,0
15,0.05,1274|Lamp|0,0
15,0.05,1274|Lamp|1,1
15,0.05,1274|Lamp|2,0
15,0.05,1285|People|0,1
15,0.05,1285|Lamp|0,1
15,0.05,1285|Lamp|1,1
15,0.05,1285|Lamp|2,1
15,0.05,1291|People|0,0
15,0.05,1291|Lamp|0,0
15,0.05,1291|Lamp|1,1
15,0.05,1295|People|0,0
15,0.05,1295|People|1,0
15,0.05,1295|People|2,0
15,0.05,1295|Lamp|0,1
15,0.05,1299|People|0,1
15,0.05,1299|People|1,0
15,0.05,1299|People|2,0
15,0.05,1299|Lamp|0,0
15,0.05,2046|People|0,1
15,0.05,2046|People|1,1
15,0.05,2046|Lamp|0,1
15,0.05,2046|Lamp|1,1
15,0.05,2046|Lamp|2,1
15,0.05,2046|Lamp|3,0
15,0.05,2050|People|0,1
15,0.05,2050|People|1,1
15,0.05,2050|Lamp|0,1
15,0.05,2050|Lamp|1,0
15,0.05,2050|Lamp|2,1
15,0.05,2050|Lamp|3,0
15,0.05,2051|People|0,1
15,0.05,2051|People|1,0
15,0.05,2051|Lamp|0,0
15,0.05,2051|Lamp|1,0
15,0.05,2051|Lamp|2,1
15,0.05,2051|Lamp|3,0
15,0.05,2052|People|0,1
15,0.05,2052|People|1,0
15,0.05,2052|Lamp|0,1
15,0.05,2052|Lamp|1,1
15,0.05,2052|Lamp|2,0
15,0.05,2052|Lamp|3,1
15,0.05,2056|People|0,1
15,0.05,2056|People|1,1
15,0.05,2056|Lamp|0,1
15,0.05,2056|Lamp|1,0
15,0.05,2056|Lamp|2,1
15,0.05,2056|Lamp|3,0
15,0.05,2057|People|0,1
15,0.05,2057|People|1,0
15,0.05,2057|Lamp|0,1
15,0.05,2057|Lamp|1,0
15,0.05,2057|Lamp|2,0
15,0.05,2057|Lamp|3,1
15,0.05,2058|People|0,1
15,0.05,2058|People|1,1
15,0.05,2058|Lamp|0,1
15,0.05,2058|Lamp|1,0
15,0.05,2058|Lamp|2,1
15,0.05,2058|Lamp|3,0
15,0.05,2058|Lamp|4,0
15,0.05,2058|Lamp|5,0
15,0.05,2059|People|0,1
15,0.05,2059|People|1,0
15,0.05,2059|Lamp|0,1
15,0.05,2059|Lamp|1,0
15,0.05,2059|Lamp|2,0
15,0.05,2059|Lamp|3,0
15,0.05,2061|People|0,1
15,0.05,2061|People|1,1
15,0.05,2061|Lamp|0,1
15,0.05,2061|Lamp|1,0
15,0.05,2061|Lamp|2,0
15,0.05,2061|Lamp|3,1
15,0.05,2061|Lamp|4,0
15,0.05,2061|Lamp|5,0
15,0.05,2065|People|0,1
15,0.05,2065|People|1,1
15,0.05,2065|Lamp|0,1
15,0.05,2065|Lamp|1,0
15,0.05,2065|Lamp|2,1
15,0.05,2065|Lamp|3,0
15,0.05,2065|Lamp|4,0
15,0.05,2065|Lamp|5,1
15,0.05,2067|People|0,1
15,0.05,2067|People|1,0
15,0.05,2067|Lamp|0,1
15,0.05,2067|Lamp|1,0
15,0.05,2067|Lamp|2,0
15,0.05,2067|Lamp|3,1
15,0.05,2068|People|0,1
15,0.05,2068|People|1,0
15,0.05,2068|Lamp|0,1
15,0.05,2068|Lamp|1,1
15,0.05,2068|Lamp|2,0
15,0.05,2068|Lamp|3,0
15,0.05,2069|People|0,1
15,0.05,2069|People|1,1
15,0.05,2069|Lamp|0,1
15,0.05,2069|Lamp|1,1
15,0.05,2069|Lamp|2,0
15,0.05,2069|Lamp|3,0
15,0.05,2069|Lamp|4,0
15,0.05,2069|Lamp|5,0
15,0.05,2070|People|0,1
15,0.05,2070|People|1,0
15,0.05,2070|Lamp|0,1
15,0.05,2070|Lamp|1,0
15,0.05,2070|Lamp|2,1
15,0.05,2070|Lamp|3,1
15,0.05,2072|People|0,1
15,0.05,2072|People|1,1
15,0.05,2072|Lamp|0,1
15,0.05,2072|Lamp|1,0
15,0.05,2072|Lamp|2,1
15,0.05,2072|Lamp|3,0
15,0.05,2072|Lamp|4,0
15,0.05,2072|Lamp|5,1
15,0.05,2073|People|0,1
15,0.05,2073|People|1,1
15,0.05,2073|Lamp|0,1
15,0.05,2073|Lamp|1,0
15,0.05,2073|Lamp|2,1
15,0.05,2073|Lamp|3,0
15,0.05,2073|Lamp|4,0
15,0.05,2073|Lamp|5,1
15,0.05,2074|People|0,1
15,0.05,2074|People|1,0
15,0.05,2074|Lamp|0,1
15,0.05,2074|Lamp|1,0
15,0.05,2074|Lamp|2,0
15,0.05,2074|Lamp|3,0
15,0.05,2074|Lamp|4,1
15,0.05,2074|Lamp|5,1
15,0.05,2074|Lamp|6,0
15,0.05,2074|Lamp|7,1
15,0.05,2076|People|0,1
15,0.05,2076|People|1,1
15,0.05,2076|Lamp|0,1
15,0.05,2076|Lamp|1,0
15,0.05,2076|Lamp|2,0
15,0.05,2076|Lamp|3,0
15,0.05,2076|Lamp|4,1
15,0.05,2076|Lamp|5,1
15,0.05,2076|Lamp|6,1
15,0.05,2076|Lamp|7,0
15,0.05,2082|People|0,1
15,0.05,2082|People|1,1
15,0.05,2082|Lamp|0,0
15,0.05,2082|Lamp|1,0
15,0.05,2082|Lamp|2,1
15,0.05,2082|Lamp|3,0
15,0.05,2082|Lamp|4,1
15,0.05,2082|Lamp|5,0
15,0.05,2084|People|0,1
15,0.05,2084|People|1,1
15,0.05,2084|Lamp|0,1
15,0.05,2084|Lamp|1,1
15,0.05,2084|Lamp|2,0
15,0.05,2084|Lamp|3,0
15,0.05,2084|Lamp|4,0
15,0.05,2084|Lamp|5,0
15,0.05,2087|People|0,1
15,0.05,2087|People|1,1
15,0.05,2087|Lamp|0,0
15,0.05,2087|Lamp|1,1
15,0.05,2087|Lamp|2,1
15,0.05,2090|People|0,1
15,0.05,2090|People|1,1
15,0.05,2090|Lamp|0,0
15,0.05,2090|Lamp|1,0
15,0.05,2090|Lamp|2,1
15,0.05,2090|Lamp|3,1
15,0.05,2091|People|0,1
15,0.05,2091|People|1,1
15,0.05,2091|Lamp|0,0
15,0.05,2091|Lamp|1,1
15,0.05,2091|Lamp|2,1
15,0.05,2091|Lamp|3,0
15,0.05,2091|Lamp|4,1
15,0.05,2091|Lamp|5,1
15,0.05,2092|People|0,1
15,0.05,2092|People|1,1
15,0.05,2092|Lamp|0,0
15,0.05,2092|Lamp|1,0
15,0.05,2092|Lamp|2,1
15,0.05,2092|Lamp|3,0
15,0.05,2092|Lamp|4,0
15,0.05,2092|Lamp|5,1
15,0.05,2093|People|0,1
15,0.05,2093|People|1,0
15,0.05,2093|Lamp|0,0
15,0.05,2093|Lamp|1,0
15,0.05,2093|Lamp|2,0
15,0.05,2093|Lamp|3,0
15,0.05,2093|Lamp|4,1
15,0.05,2093|Lamp|5,1
15,0.05,2120|People|0,0
15,0.05,2120|People|1,1
15,0.05,2120|People|2,0
15,0.05,2120|Lamp|0,0
15,0.05,2127|People|0,0
15,0.05,2127|People|1,0
15,0.05,2127|People|2,1
15,0.05,2127|Lamp|0,1
15,0.05,2127|Lamp|1,0
15,0.05,2127|Lamp|2,0
15,0.05,2127|Lamp|3,0
15,0.05,2129|People|0,0
15,0.05,2129|People|1,1
15,0.05,2129|People|2,0
15,0.05,2129|Lamp|0,0
15,0.05,2129|Lamp|1,1
15,0.05,2139|People|0,1
15,0.05,2139|Lamp|0,1
15,0.05,2139|Lamp|1,1
15,0.05,2139|Lamp|2,0
15,0.05,2140|People|0,0
15,0.05,2140|Lamp|0,1
15,0.05,2140|Lamp|1,1
15,0.05,2140|Lamp|2,0
15,0.05,2149|People|0,1
15,0.05,2149|Lamp|0,1
15,0.05,2149|Lamp|1,1
15,0.05,2150|People|0,1
15,0.05,2150|Lamp|0,1
15,0.05,2150|Lamp|1,1
15,0.05,2151|People|0,1
15,0.05,2151|Lamp|0,1
15,0.05,2151|Lamp|1,1
15,0.05,2158|People|0,0
15,0.05,2158|Lamp|0,1
15,0.05,2158|Lamp|1,1
15,0.05,2160|People|0,1
15,0.05,2160|Lamp|0,1
15,0.05,2160|Lamp|1,1
15,0.05,2190|People|0,1
15,0.05,2190|People|1,1
15,0.05,2190|People|2,0
15,0.05,2190|Lamp|0,0
15,0.05,2190|Lamp|1,1
15,0.05,2191|People|0,1
15,0.05,2191|People|1,0
15,0.05,2191|People|2,1
15,0.05,2191|Lamp|0,0
15,0.05,2191|Lamp|1,1
15,0.05,2193|People|0,1
15,0.05,2193|People|1,1
15,0.05,2193|People|2,0
15,0.05,2193|Lamp|0,1
15,0.05,2193|Lamp|1,0
15,0.05,2195|People|0,1
15,0.05,2195|People|1,1
15,0.05,2195|People|2,1
15,0.05,2195|Lamp|0,1
15,0.05,2195|Lamp|1,1
15,0.05,2200|People|0,0
15,0.05,2200|Lamp|0,1
15,0.05,2200|Lamp|1,1
15,0.05,2217|People|0,0
15,0.05,2217|Lamp|0,0
15,0.05,2217|Lamp|1,0
15,0.05,2218|People|0,0
15,0.05,2218|Lamp|0,0
15,0.05,2218|Lamp|1,0
15,0.05,2226|People|0,0
15,0.05,2226|Lamp|0,1
15,0.05,2226|Lamp|1,0
15,0.05,2226|Lamp|2,1
15,0.05,2226|Lamp|3,0
15,0.05,2226|Lamp|4,1
15,0.05,2292|People|0,0
15,0.05,2292|Lamp|0,0
15,0.05,2292|Lamp|1,0
15,0.05,2292|Lamp|2,0
15,0.05,2292|Lamp|3,0
15,0.05,2293|People|0,0
15,0.05,2293|Lamp|0,0
15,0.05,2293|Lamp|1,0
15,0.05,2293|Lamp|2,0
15,0.05,2293|Lamp|3,0
15,0.05,2295|People|0,0
15,0.05,2295|Lamp|0,0
15,0.05,2295|Lamp|1,0
15,0.05,2295|Lamp|2,0
15,0.05,2295|Lamp|3,0
15,0.05,2295|Lamp|4,0
15,0.05,2295|Lamp|5,0
15,0.05,2295|Lamp|6,0
15,0.05,2295|Lamp|7,0
15,0.05,2297|People|0,0
15,0.05,2297|Lamp|0,0
15,0.05,2297|Lamp|1,0
15,0.05,2297|Lamp|2,0
15,0.05,2297|Lamp|3,0
15,0.05,2297|Lamp|4,0
15,0.05,2298|People|0,0
15,0.05,2298|Lamp|0,0
15,0.05,2298|Lamp|1,0
15,0.05,2298|Lamp|2,0
15,0.05,2298|Lamp|3,0
15,0.05,2298|Lamp|4,1
15,0.05,2299|People|0,0
15,0.05,2299|Lamp|0,0
15,0.05,2299|Lamp|1,0
15,0.05,2299|Lamp|2,0
15,0.05,2299|Lamp|3,0
15,0.05,2299|Lamp|4,0
15,0.05,2299|Lamp|5,1
15,0.05,2328|People|0,1
15,0.05,2328|People|1,0
15,0.05,2328|People|2,0
15,0.05,2328|Lamp|0,0
15,0.05,2332|People|0,1
15,0.05,2332|People|1,1
15,0.05,2332|People|2,0
15,0.05,2332|People|3,0
15,0.05,2332|Lamp|0,0
15,0.05,2335|People|0,1
15,0.05,2335|People|1,1
15,0.05,2335|People|2,0
15,0.05,2335|People|3,0
15,0.05,2335|Lamp|0,0
15,0.05,2337|People|0,0
15,0.05,2337|People|1,0
15,0.05,2337|Lamp|0,0
15,0.05,2453|People|0,0
15,0.05,2453|People|1,0
15,0.05,2453|Lamp|0,0
15,0.05,2456|People|0,1
15,0.05,2456|Lamp|0,0
15,0.05,2456|Lamp|1,0
15,0.05,2456|Lamp|2,0
15,0.05,2457|People|0,1
15,0.05,2457|Lamp|0,0
15,0.05,2457|Lamp|1,0
15,0.05,2457|Lamp|2,0
15,0.05,2457|Lamp|3,0
15,0.05,2465|People|0,0
15,0.05,2465|Lamp|0,0
15,0.05,2465|Lamp|1,0
15,0.05,2465|Lamp|2,0
15,0.05,2467|People|0,0
15,0.05,2467|Lamp|0,0
15,0.05,2467|Lamp|1,0
15,0.05,2468|People|0,0
15,0.05,2468|People|1,0
15,0.05,2468|Lamp|0,0
15,0.05,2468|Lamp|1,0
15,0.05,2478|People|0,1
15,0.05,2478|People|1,1
15,0.05,2478|People|2,0
15,0.05,2478|People|3,0
15,0.05,2478|Lamp|0,1
15,0.05,2478|Lamp|1,1
15,0.05,2489|People|0,1
15,0.05,2489|People|1,1
15,0.05,2489|People|2,0
15,0.05,2489|People|3,1
15,0.05,2489|People|4,0
15,0.05,2489|People|5,1
15,0.05,2489|Lamp|0,0
15,0.05,2489|Lamp|1,0
15,0.05,2490|People|0,0
15,0.05,2490|People|1,1
15,0.05,2490|People|2,0
15,0.05,2490|People|3,0
15,0.05,2490|People|4,0
15,0.05,2490|Lamp|0,0
15,0.05,2490|Lamp|1,0
15,0.05,2491|People|0,1
15,0.05,2491|People|1,1
15,0.05,2491|People|2,1
15,0.05,2491|People|3,0
15,0.05,2491|People|4,0
15,0.05,2491|Lamp|0,0
15,0.05,2491|Lamp|1,0
15,0.05,2602|People|0,0
15,0.05,2602|Lamp|0,0
15,0.05,2602|Lamp|1,0
15,0.05,2602|Lamp|2,0
15,0.05,2606|People|0,0
15,0.05,2606|Lamp|0,0
15,0.05,2606|Lamp|1,0
15,0.05,2607|People|0,0
15,0.05,2607|Lamp|0,0
15,0.05,2607|Lamp|1,0
15,0.05,2622|People|0,1
15,0.05,2622|People|1,0
15,0.05,2622|People|2,0
15,0.05,2622|Lamp|0,1
15,0.05,2622|Lamp|1,1
15,0.05,2622|Lamp|2,1
15,0.05,2717|People|0,0
15,0.05,2717|People|1,0
15,0.05,2717|People|2,0
15,0.05,2717|Lamp|0,0
15,0.05,2720|People|0,0
15,0.05,2720|People|1,0
15,0.05,2720|People|2,0
15,0.05,2720|Lamp|0,0
15,0.05,2721|People|0,0
15,0.05,2721|People|1,0
15,0.05,2721|Lamp|0,0
15,0.05,2727|People|0,1
15,0.05,2727|People|1,0
15,0.05,2727|People|2,0
15,0.05,2727|People|3,0
15,0.05,2727|Lamp|0,0
15,0.05,2732|People|0,0
15,0.05,2732|People|1,0
15,0.05,2732|Lamp|0,0
15,0.05,2735|People|0,0
15,0.05,2735|People|1,0
15,0.05,2735|Lamp|0,0
15,0.05,2736|People|0,0
15,0.05,2736|People|1,0
15,0.05,2736|Lamp|0,0
15,0.05,2738|People|0,0
15,0.05,2738|People|1,0
15,0.05,2738|People|2,0
15,0.05,2738|Lamp|0,0
15,0.05,2940|People|0,1
15,0.05,2940|Lamp|0,0
15,0.05,2940|Lamp|1,0
15,0.05,2942|People|0,1
15,0.05,2942|Lamp|0,0
15,0.05,2942|Lamp|1,0
15,0.05,2942|Lamp|2,0
15,0.05,2942|Lamp|3,0
15,0.05,2942|Lamp|4,0
15,0.05,2945|People|0,1
15,0.05,2945|Lamp|0,0
15,0.05,2945|Lamp|1,0
15,0.05,2945|Lamp|2,0
15,0.05,2947|People|0,1
15,0.05,2947|Lamp|0,1
15,0.05,2947|Lamp|1,1
15,0.05,2947|Lamp|2,0
15,0.05,2947|Lamp|3,0
15,0.05,2947|Lamp|4,0
15,0.05,2949|People|0,0
15,0.05,2949|Lamp|0,1
15,0.05,2949|Lamp|1,0
15,0.05,2949|Lamp|2,0
15,0.05,2949|Lamp|3,0
15,0.05,2949|Lamp|4,0
15,0.05,2949|Lamp|5,0
15,0.05,2950|People|0,0
15,0.05,2950|People|1,0
15,0.05,2950|Lamp|0,1
15,0.05,2950|Lamp|1,0
15,0.05,2950|Lamp|2,0
15,0.05,2950|Lamp|3,0
15,0.05,2950|Lamp|4,0
15,0.05,2951|People|0,0
15,0.05,2951|Lamp|0,1
15,0.05,2951|Lamp|1,0
15,0.05,2951|Lamp|2,0
15,0.05,2951|Lamp|3,0
15,0.05,2951|Lamp|4,0
15,0.05,2953|People|0,0
15,0.05,2953|Lamp|0,0
15,0.05,2953|Lamp|1,1
15,0.05,2953|Lamp|2,0
15,0.05,2953|Lamp|3,0
15,0.05,2957|People|0,0
15,0.05,2957|Lamp|0,1
15,0.05,2957|Lamp|1,0
15,0.05,2957|Lamp|2,1
15,0.05,2957|Lamp|3,0
15,0.05,2957|Lamp|4,0
15,0.05,2957|Lamp|5,0
15,0.05,3024|People|0,0
15,0.05,3024|Lamp|0,0
15,0.05,3024|Lamp|1,0
15,0.05,3052|People|0,0
15,0.05,3052|Lamp|0,0
15,0.05,3053|People|0,0
15,0.05,3053|People|1,0
15,0.05,3053|Lamp|0,0
15,0.05,3053|Lamp|1,0
15,0.05,3054|People|0,0
15,0.05,3054|People|1,0
15,0.05,3054|People|2,0
15,0.05,3054|Lamp|0,0
15,0.05,3054|Lamp|1,0
15,0.05,3057|People|0,0
15,0.05,3057|People|1,0
15,0.05,3057|Lamp|0,0
15,0.05,3057|Lamp|1,0
15,0.05,3059|People|0,1
15,0.05,3059|People|1,0
15,0.05,3059|People|2,0
15,0.05,3059|Lamp|0,0
15,0.05,3059|Lamp|1,0
15,0.05,3060|People|0,1
15,0.05,3060|People|1,1
15,0.05,3060|People|2,0
15,0.05,3060|People|3,0
15,0.05,3060|Lamp|0,0
15,0.05,3060|Lamp|1,0
15,0.05,3061|People|0,0
15,0.05,3061|People|1,1
15,0.05,3061|People|2,1
15,0.05,3061|People|3,0
15,0.05,3061|Lamp|0,0
15,0.05,3061|Lamp|1,0
15,0.05,3063|People|0,1
15,0.05,3063|People|1,0
15,0.05,3063|Lamp|0,0
15,0.05,3063|Lamp|1,0
15,0.05,3063|Lamp|2,0
15,0.05,3063|Lamp|3,0
15,0.05,3066|People|0,0
15,0.05,3066|Lamp|0,0
15,0.05,3066|Lamp|1,0
15,0.05,3066|Lamp|2,0
15,0.05,3066|Lamp|3,0
15,0.05,3066|Lamp|4,0
15,0.05,3066|Lamp|5,0
15,0.05,3072|People|0,1
15,0.05,3072|People|1,0
15,0.05,3072|People|2,0
15,0.05,3072|People|3,0
15,0.05,3072|People|4,0
15,0.05,3072|People|5,0
15,0.05,3072|People|6,1
15,0.05,3072|People|7,1
15,0.05,3072|Lamp|0,0
15,0.05,3072|Lamp|1,1
15,0.05,3072|Lamp|2,0
15,0.05,3072|Lamp|3,0
15,0.05,3072|Lamp|4,0
15,0.05,3072|Lamp|5,0
15,0.05,3072|Lamp|6,0
15,0.05,3072|Lamp|7,0
15,0.05,3078|People|0,1
15,0.05,3078|People|1,1
15,0.05,3078|People|2,1
15,0.05,3078|People|3,1
15,0.05,3078|People|4,0
15,0.05,3078|People|5,0
15,0.05,3078|People|6,0
15,0.05,3078|Lamp|0,1
15,0.05,3078|Lamp|1,1
15,0.05,3078|Lamp|2,0
15,0.05,3078|Lamp|3,0
15,0.05,3079|People|0,1
15,0.05,3079|People|1,1
15,0.05,3079|People|2,0
15,0.05,3079|People|3,0
15,0.05,3079|Lamp|0,1
15,0.05,3079|Lamp|1,1
15,0.05,3079|Lamp|2,0
15,0.05,3116|People|0,1
15,0.05,3116|Lamp|0,0
15,0.05,3116|Lamp|1,0
15,0.05,3118|People|0,1
15,0.05,3118|Lamp|0,1
15,0.05,3118|Lamp|1,0
15,0.05,3119|People|0,1
15,0.05,3119|Lamp|0,1
15,0.05,3119|Lamp|1,0
15,0.05,3121|People|0,1
15,0.05,3121|Lamp|0,1
15,0.05,3121|Lamp|1,0
15,0.05,3124|People|0,1
15,0.05,3124|Lamp|0,0
15,0.05,3124|Lamp|1,1
15,0.05,3125|People|0,1
15,0.05,3125|Lamp|0,0
15,0.05,3125|Lamp|1,0
15,0.05,3302|People|0,1
15,0.05,3302|Lamp|0,1
15,0.05,3302|Lamp|1,0
15,0.05,3302|Lamp|2,1
15,0.05,3302|Lamp|3,0
15,0.05,3313|People|0,1
15,0.05,3313|People|1,0
15,0.05,3313|Lamp|0,0
15,0.05,3313|Lamp|1,0
15,0.05,3347|People|0,1
15,0.05,3347|People|1,0
15,0.05,3347|People|2,0
15,0.05,3347|Lamp|0,0
15,0.05,3347|Lamp|1,0
15,0.05,3349|People|0,0
15,0.05,3349|People|1,0
15,0.05,3349|People|2,0
15,0.05,3349|Lamp|0,0
15,0.05,3349|Lamp|1,0
15,0.05,3350|People|0,1
15,0.05,3350|People|1,1
15,0.05,3350|People|2,0
15,0.05,3350|People|3,0
15,0.05,3350|People|4,0
15,0.05,3350|Lamp|0,0
15,0.05,3350|Lamp|1,0
15,0.05,3378|People|0,0
15,0.05,3378|People|1,0
15,0.05,3378|People|2,1
15,0.05,3378|People|3,1
15,0.05,3378|Lamp|0,0
15,0.05,3378|Lamp|1,1
15,0.05,3378|Lamp|2,1
15,0.05,3378|Lamp|3,1
15,0.05,3378|Lamp|4,0
15,0.05,3381|People|0,0
15,0.05,3381|People|1,1
15,0.05,3381|People|2,1
15,0.05,3381|People|3,0
15,0.05,3381|People|4,0
15,0.05,3381|Lamp|0,1
15,0.05,3381|Lamp|1,1
15,0.05,3381|Lamp|2,1
15,0.05,3381|Lamp|3,0
15,0.05,3381|Lamp|4,0
15,0.05,3382|People|0,0
15,0.05,3382|People|1,1
15,0.05,3382|People|2,1
15,0.05,3382|Lamp|0,1
15,0.05,3382|Lamp|1,1
15,0.05,3382|Lamp|2,1
15,0.05,3382|Lamp|3,0
15,0.05,3382|Lamp|4,0
15,0.05,3383|People|0,0
15,0.05,3383|People|1,1
15,0.05,3383|People|2,1
15,0.05,3383|Lamp|0,1
15,0.05,3383|Lamp|1,1
15,0.05,3383|Lamp|2,1
15,0.05,3383|Lamp|3,0
15,0.05,3383|Lamp|4,0
15,0.05,3384|People|0,0
15,0.05,3384|People|1,0
15,0.05,3384|People|2,1
15,0.05,3384|People|3,1
15,0.05,3384|Lamp|0,1
15,0.05,3384|Lamp|1,1
15,0.05,3384|Lamp|2,1
15,0.05,3384|Lamp|3,0
15,0.05,3384|Lamp|4,0
15,0.05,3389|People|0,0
15,0.05,3389|People|1,1
15,0.05,3389|People|2,0
15,0.05,3389|People|3,1
15,0.05,3389|Lamp|0,1
15,0.05,3389|Lamp|1,0
15,0.05,3389|Lamp|2,1
15,0.05,3389|Lamp|3,0
15,0.05,3389|Lamp|4,0
15,0.05,3390|People|0,1
15,0.05,3390|People|1,0
15,0.05,3390|People|2,1
15,0.05,3390|People|3,1
15,0.05,3390|Lamp|0,1
15,0.05,3390|Lamp|1,0
15,0.05,3390|Lamp|2,0
15,0.05,3390|Lamp|3,0
15,0.05,3390|Lamp|4,0
15,0.05,3392|People|0,0
15,0.05,3392|People|1,1
15,0.05,3392|People|2,1
15,0.05,3392|People|3,0
15,0.05,3392|People|4,0
15,0.05,3392|People|5,1
15,0.05,3392|Lamp|0,1
15,0.05,3392|Lamp|1,1
15,0.05,3392|Lamp|2,1
15,0.05,3392|Lamp|3,0
15,0.05,3392|Lamp|4,0
15,0.05,3395|People|0,1
15,0.05,3395|People|1,1
15,0.05,3395|People|2,0
15,0.05,3395|People|3,1
15,0.05,3395|People|4,0
15,0.05,3395|People|5,0
15,0.05,3395|People|6,0
15,0.05,3395|People|7,0
15,0.05,3395|Lamp|0,1
15,0.05,3395|Lamp|1,0
15,0.05,3395|Lamp|2,1
15,0.05,3395|Lamp|3,1
15,0.05,3395|Lamp|4,0
15,0.05,3397|People|0,1
15,0.05,3397|People|1,1
15,0.05,3397|People|2,0
15,0.05,3397|People|3,1
15,0.05,3397|People|4,0
15,0.05,3397|People|5,0
15,0.05,3397|People|6,0
15,0.05,3397|Lamp|0,1
15,0.05,3397|Lamp|1,0
15,0.05,3397|Lamp|2,1
15,0.05,3397|Lamp|3,0
15,0.05,3397|Lamp|4,0
15,0.05,3398|People|0,1
15,0.05,3398|People|1,1
15,0.05,3398|People|2,0
15,0.05,3398|People|3,0
15,0.05,3398|People|4,0
15,0.05,3398|People|5,1
15,0.05,3398|Lamp|0,1
15,0.05,3398|Lamp|1,1
15,0.05,3398|Lamp|2,1
15,0.05,3398|Lamp|3,1
15,0.05,3398|Lamp|4,0
15,0.05,3405|People|0,1
15,0.05,3405|People|1,0
15,0.05,3405|People|2,0
15,0.05,3405|Lamp|0,1
15,0.05,3405|Lamp|1,1
15,0.05,3405|Lamp|2,1
15,0.05,3405|Lamp|3,1
15,0.05,3408|People|0,1
15,0.05,3408|People|1,1
15,0.05,3408|People|2,0
15,0.05,3408|People|3,0
15,0.05,3408|Lamp|0,1
15,0.05,3408|Lamp|1,1
15,0.05,3408|Lamp|2,1
15,0.05,3408|Lamp|3,1
15,0.05,3409|People|0,0
15,0.05,3409|People|1,0
15,0.05,3409|Lamp|0,1
15,0.05,3409|Lamp|1,1
15,0.05,3409|Lamp|2,1
15,0.05,3409|Lamp|3,1
15,0.05,3566|People|0,0
15,0.05,3566|Lamp|0,1
15,0.05,3681|People|0,0
15,0.05,3681|Lamp|0,1
15,0.05,3681|Lamp|1,1
15,0.05,3681|Lamp|2,1
15,0.05,3681|Lamp|3,1
15,0.05,3682|People|0,0
15,0.05,3682|Lamp|0,1
15,0.05,3682|Lamp|1,1
15,0.05,3682|Lamp|2,1
15,0.05,3682|Lamp|3,1
15,0.05,3683|People|0,0
15,0.05,3683|Lamp|0,1
15,0.05,3683|Lamp|1,1
15,0.05,3683|Lamp|2,1
15,0.05,3683|Lamp|3,1
15,0.05,3687|People|0,0
15,0.05,3687|People|1,0
15,0.05,3687|People|2,0
15,0.05,3687|Lamp|0,1
15,0.05,3687|Lamp|1,1
15,0.05,3687|Lamp|2,1
15,0.05,3687|Lamp|3,1
15,0.05,3688|People|0,0
15,0.05,3688|People|1,0
15,0.05,3688|People|2,0
15,0.05,3688|Lamp|0,1
15,0.05,3688|Lamp|1,1
15,0.05,3688|Lamp|2,1
15,0.05,3688|Lamp|3,1
15,0.05,3689|People|0,0
15,0.05,3689|Lamp|0,0
15,0.05,3689|Lamp|1,0
15,0.05,3689|Lamp|2,0
15,0.05,3689|Lamp|3,0
15,0.1,63|People|0,1
15,0.1,63|People|1,1
15,0.1,63|People|2,1
15,0.1,63|People|3,1
15,0.1,63|People|4,0
15,0.1,63|Lamp|0,0
15,0.1,64|People|0,0
15,0.1,64|People|1,0
15,0.1,64|People|2,0
15,0.1,64|People|3,1
15,0.1,64|People|4,1
15,0.1,64|People|5,1
15,0.1,64|Lamp|0,0
15,0.1,71|People|0,0
15,0.1,71|People|1,0
15,0.1,71|Lamp|0,0
15,0.1,73|People|0,0
15,0.1,73|People|1,1
15,0.1,73|Lamp|0,0
15,0.1,78|People|0,0
15,0.1,78|People|1,1
15,0.1,78|People|2,1
15,0.1,78|People|3,1
15,0.1,78|People|4,0
15,0.1,78|People|5,0
15,0.1,78|Lamp|0,0
15,0.1,111|People|0,1
15,0.1,111|People|1,1
15,0.1,111|People|2,1
15,0.1,111|People|3,1
15,0.1,111|People|4,0
15,0.1,111|People|5,1
15,0.1,111|People|6,1
15,0.1,111|Lamp|0,1
15,0.1,111|Lamp|1,1
15,0.1,111|Lamp|2,0
15,0.1,111|Lamp|3,1
15,0.1,114|People|0,1
15,0.1,114|People|1,1
15,0.1,114|People|2,1
15,0.1,114|People|3,1
15,0.1,114|People|4,0
15,0.1,114|People|5,1
15,0.1,114|People|6,0
15,0.1,114|Lamp|0,0
15,0.1,114|Lamp|1,1
15,0.1,114|Lamp|2,1
15,0.1,116|People|0,1
15,0.1,116|People|1,1
15,0.1,116|People|2,1
15,0.1,116|People|3,1
15,0.1,116|People|4,1
15,0.1,116|People|5,1
15,0.1,116|People|6,1
15,0.1,116|People|7,0
15,0.1,116|Lamp|0,0
15,0.1,116|Lamp|1,1
15,0.1,116|Lamp|2,1
15,0.1,116|Lamp|3,1
15,0.1,118|People|0,1
15,0.1,118|People|1,1
15,0.1,118|People|2,1
15,0.1,118|People|3,1
15,0.1,118|People|4,1
15,0.1,118|People|5,0
15,0.1,118|People|6,1
15,0.1,118|People|7,1
15,0.1,118|Lamp|0,1
15,0.1,118|Lamp|1,1
15,0.1,118|Lamp|2,1
15,0.1,118|Lamp|3,1
15,0.1,123|People|0,1
15,0.1,123|People|1,1
15,0.1,123|People|2,0
15,0.1,123|People|3,1
15,0.1,123|People|4,1
15,0.1,123|People|5,1
15,0.1,123|People|6,1
15,0.1,123|Lamp|0,1
15,0.1,123|Lamp|1,1
15,0.1,123|Lamp|2,0
15,0.1,123|Lamp|3,0
15,0.1,123|Lamp|4,1
15,0.1,125|People|0,0
15,0.1,125|People|1,1
15,0.1,125|People|2,1
15,0.1,125|People|3,1
15,0.1,125|People|4,1
15,0.1,125|People|5,1
15,0.1,125|People|6,0
15,0.1,125|People|7,0
15,0.1,125|Lamp|0,1
15,0.1,125|Lamp|1,1
15,0.1,125|Lamp|2,1
15,0.1,125|Lamp|3,1
15,0.1,125|Lamp|4,1
15,0.1,126|People|0,0
15,0.1,126|People|1,1
15,0.1,126|People|2,1
15,0.1,126|People|3,0
15,0.1,126|People|4,0
15,0.1,126|People|5,1
15,0.1,126|People|6,0
15,0.1,126|People|7,1
15,0.1,126|People|8,0
15,0.1,126|Lamp|0,1
15,0.1,126|Lamp|1,1
15,0.1,126|Lamp|2,1
15,0.1,126|Lamp|3,1
15,0.1,126|Lamp|4,1
15,0.1,127|People|0,0
15,0.1,127|People|1,0
15,0.1,127|People|2,1
15,0.1,127|People|3,1
15,0.1,127|People|4,0
15,0.1,127|People|5,1
15,0.1,127|People|6,1
15,0.1,127|People|7,1
15,0.1,127|People|8,0
15,0.1,127|People|9,1
15,0.1,127|Lamp|0,1
15,0.1,127|Lamp|1,0
15,0.1,127|Lamp|2,1
15,0.1,127|Lamp|3,1
15,0.1,127|Lamp|4,1
15,0.1,129|People|0,0
15,0.1,129|People|1,1
15,0.1,129|People|2,1
15,0.1,129|People|3,0
15,0.1,129|People|4,0
15,0.1,129|People|5,0
15,0.1,129|People|6,0
15,0.1,129|People|7,1
15,0.1,129|Lamp|0,1
15,0.1,129|Lamp|1,0
15,0.1,129|Lamp|2,1
15,0.1,129|Lamp|3,1
15,0.1,129|Lamp|4,0
15,0.1,130|People|0,0
15,0.1,130|People|1,0
15,0.1,130|People|2,0
15,0.1,130|People|3,1
15,0.1,130|People|4,0
15,0.1,130|People|5,0
15,0.1,130|Lamp|0,1
15,0.1,130|Lamp|1,0
15,0.1,130|Lamp|2,1
15,0.1,130|Lamp|3,0
15,0.1,132|People|0,0
15,0.1,132|People|1,1
15,0.1,132|People|2,0
15,0.1,132|People|3,1
15,0.1,132|People|4,1
15,0.1,132|People|5,1
15,0.1,132|Lamp|0,1
15,0.1,132|Lamp|1,0
15,0.1,132|Lamp|2,0
15,0.1,132|Lamp|3,0
15,0.1,135|People|0,0
15,0.1,135|People|1,0
15,0.1,135|People|2,1
15,0.1,135|People|3,1
15,0.1,135|People|4,0
15,0.1,135|People|5,0
15,0.1,135|People|6,0
15,0.1,135|People|7,0
15,0.1,135|People|8,1
15,0.1,135|People|9,1
15,0.1,135|People|10,0
15,0.1,135|Lamp|0,0
15,0.1,135|Lamp|1,1
15,0.1,135|Lamp|2,0
15,0.1,136|People|0,0
15,0.1,136|People|1,0
15,0.1,136|People|2,1
15,0.1,136|People|3,0
15,0.1,136|People|4,1
15,0.1,136|People|5,1
15,0.1,136|People|6,1
15,0.1,136|People|7,0
15,0.1,136|Lamp|0,1
15,0.1,136|Lamp|1,0
15,0.1,136|Lamp|2,0
15,0.1,138|People|0,0
15,0.1,138|People|1,0
15,0.1,138|People|2,0
15,0.1,138|People|3,0
15,0.1,138|People|4,0
15,0.1,138|People|5,0
15,0.1,138|People|6,0
15,0.1,138|People|7,0
15,0.1,138|People|8,1
15,0.1,138|People|9,0
15,0.1,138|People|10,0
15,0.1,138|Lamp|0,1
15,0.1,138|Lamp|1,0
15,0.1,138|Lamp|2,0
15,0.1,143|People|0,0
15,0.1,143|People|1,0
15,0.1,143|People|2,1
15,0.1,143|People|3,0
15,0.1,143|People|4,0
15,0.1,143|People|5,0
15,0.1,143|People|6,0
15,0.1,143|Lamp|0,0
15,0.1,143|Lamp|1,0
15,0.1,144|People|0,0
15,0.1,144|People|1,1
15,0.1,144|People|2,1
15,0.1,144|People|3,0
15,0.1,144|People|4,0
15,0.1,144|People|5,0
15,0.1,144|People|6,0
15,0.1,144|Lamp|0,1
15,0.1,144|Lamp|1,0
15,0.1,147|People|0,1
15,0.1,147|People|1,0
15,0.1,147|People|2,1
15,0.1,147|People|3,1
15,0.1,147|People|4,0
15,0.1,147|People|5,0
15,0.1,147|People|6,1
15,0.1,147|People|7,0
15,0.1,147|People|8,0
15,0.1,147|People|9,1
15,0.1,147|People|10,0
15,0.1,147|People|11,1
15,0.1,147|Lamp|0,0
15,0.1,186|People|0,0
15,0.1,186|People|1,1
15,0.1,186|People|2,0
15,0.1,186|People|3,0
15,0.1,186|People|4,0
15,0.1,186|People|5,1
15,0.1,186|Lamp|0,1
15,0.1,187|People|0,1
15,0.1,187|People|1,1
15,0.1,187|People|2,0
15,0.1,187|People|3,1
15,0.1,187|People|4,1
15,0.1,187|People|5,0
15,0.1,187|Lamp|0,1
15,0.1,188|People|0,1
15,0.1,188|People|1,1
15,0.1,188|People|2,1
15,0.1,188|People|3,1
15,0.1,188|People|4,0
15,0.1,188|People|5,0
15,0.1,188|Lamp|0,1
15,0.1,191|People|0,1
15,0.1,191|People|1,1
15,0.1,191|People|2,1
15,0.1,191|People|3,1
15,0.1,191|People|4,1
15,0.1,191|People|5,1
15,0.1,191|Lamp|0,1
15,0.1,193|People|0,1
15,0.1,193|People|1,1
15,0.1,193|People|2,1
15,0.1,193|People|3,1
15,0.1,193|People|4,1
15,0.1,193|People|5,1
15,0.1,193|Lamp|0,1
15,0.1,196|People|0,1
15,0.1,196|People|1,1
15,0.1,196|People|2,1
15,0.1,196|People|3,1
15,0.1,196|People|4,1
15,0.1,196|People|5,0
15,0.1,196|People|6,1
15,0.1,196|People|7,1
15,0.1,196|People|8,1
15,0.1,196|Lamp|0,1
15,0.1,196|Lamp|1,1
15,0.1,196|Lamp|2,0
15,0.1,199|People|0,1
15,0.1,199|People|1,1
15,0.1,199|People|2,1
15,0.1,199|People|3,1
15,0.1,199|People|4,1
15,0.1,199|People|5,1
15,0.1,199|People|6,1
15,0.1,199|Lamp|0,1
15,0.1,199|Lamp|1,1
15,0.1,204|People|0,1
15,0.1,204|People|1,1
15,0.1,204|People|2,1
15,0.1,204|People|3,1
15,0.1,204|People|4,1
15,0.1,204|People|5,1
15,0.1,204|People|6,1
15,0.1,204|People|7,1
15,0.1,204|Lamp|0,1
15,0.1,204|Lamp|1,1
15,0.1,204|Lamp|2,0
15,0.1,205|People|0,0
15,0.1,205|People|1,1
15,0.1,205|People|2,1
15,0.1,205|People|3,1
15,0.1,205|People|4,1
15,0.1,205|People|5,1
15,0.1,205|People|6,1
15,0.1,205|People|7,0
15,0.1,205|People|8,1
15,0.1,205|Lamp|0,1
15,0.1,205|Lamp|1,1
15,0.1,205|Lamp|2,0
15,0.1,206|People|0,1
15,0.1,206|People|1,1
15,0.1,206|People|2,1
15,0.1,206|People|3,1
15,0.1,206|People|4,1
15,0.1,206|People|5,0
15,0.1,206|People|6,0
15,0.1,206|People|7,0
15,0.1,206|Lamp|0,1
15,0.1,209|People|0,1
15,0.1,209|Lamp|0,1
15,0.1,210|People|0,1
15,0.1,210|People|1,1
15,0.1,210|People|2,0
15,0.1,210|Lamp|0,1
15,0.1,213|People|0,1
15,0.1,213|People|1,1
15,0.1,213|People|2,1
15,0.1,213|People|3,0
15,0.1,213|People|4,0
15,0.1,213|People|5,0
15,0.1,213|People|6,0
15,0.1,213|People|7,0
15,0.1,213|Lamp|0,1
15,0.1,213|Lamp|1,1
15,0.1,213|Lamp|2,0
15,0.1,217|People|0,0
15,0.1,217|People|1,0
15,0.1,217|Lamp|0,0
15,0.1,222|People|0,1
15,0.1,222|People|1,1
15,0.1,222|People|2,0
15,0.1,222|People|3,1
15,0.1,222|People|4,1
15,0.1,222|People|5,1
15,0.1,222|People|6,1
15,0.1,222|People|7,0
15,0.1,222|People|8,1
15,0.1,222|Lamp|0,0
15,0.1,222|Lamp|1,0
15,0.1,222|Lamp|2,1
15,0.1,222|Lamp|3,1
15,0.1,222|Lamp|4,0
15,0.1,222|Lamp|5,1
15,0.1,222|Lamp|6,0
15,0.1,231|People|0,0
15,0.1,231|People|1,1
15,0.1,231|People|2,1
15,0.1,231|People|3,1
15,0.1,231|People|4,1
15,0.1,231|People|5,1
15,0.1,231|People|6,1
15,0.1,231|People|7,1
15,0.1,231|People|8,0
15,0.1,231|People|9,1
15,0.1,231|People|10,0
15,0.1,231|People|11,0
15,0.1,231|Lamp|0,1
15,0.1,231|Lamp|1,1
15,0.1,231|Lamp|2,1
15,0.1,231|Lamp|3,1
15,0.1,231|Lamp|4,1
15,0.1,232|People|0,0
15,0.1,232|People|1,0
15,0.1,232|People|2,0
15,0.1,232|People|3,1
15,0.1,232|People|4,0
15,0.1,232|People|5,1
15,0.1,232|People|6,1
15,0.1,232|People|7,1
15,0.1,232|People|8,1
15,0.1,232|People|9,0
15,0.1,232|People|10,0
15,0.1,232|People|11,0
15,0.1,232|Lamp|0,1
15,0.1,232|Lamp|1,0
15,0.1,232|Lamp|2,1
15,0.1,232|Lamp|3,1
15,0.1,232|Lamp|4,0
15,0.1,232|Lamp|5,0
15,0.1,240|People|0,1
15,0.1,240|People|1,0
15,0.1,240|People|2,1
15,0.1,240|People|3,1
15,0.1,240|People|4,1
15,0.1,240|People|5,1
15,0.1,240|People|6,0
15,0.1,240|Lamp|0,0
15,0.1,240|Lamp|1,0
15,0.1,240|Lamp|2,1
15,0.1,240|Lamp|3,0
15,0.1,240|Lamp|4,1
15,0.1,388|People|0,1
15,0.1,388|People|1,1
15,0.1,388|People|2,1
15,0.1,388|People|3,1
15,0.1,388|People|4,1
15,0.1,388|People|5,1
15,0.1,388|People|6,1
15,0.1,388|People|7,1
15,0.1,388|People|8,1
15,0.1,388|People|9,1
15,0.1,388|Lamp|0,1
15,0.1,389|People|0,1
15,0.1,389|People|1,1
15,0.1,389|People|2,0
15,0.1,389|People|3,1
15,0.1,389|People|4,1
15,0.1,389|People|5,1
15,0.1,389|People|6,1
15,0.1,389|People|7,1
15,0.1,389|People|8,1
15,0.1,389|People|9,1
15,0.1,389|Lamp|0,0
15,0.1,389|Lamp|1,1
15,0.1,392|People|0,1
15,0.1,392|People|1,1
15,0.1,392|People|2,0
15,0.1,392|People|3,1
15,0.1,392|Lamp|0,1
15,0.1,392|Lamp|1,1
15,0.1,394|People|0,1
15,0.1,394|People|1,1
15,0.1,394|People|2,1
15,0.1,394|People|3,1
15,0.1,394|People|4,1
15,0.1,394|People|5,1
15,0.1,394|Lamp|0,1
15,0.1,394|Lamp|1,1
15,0.1,395|People|0,0
15,0.1,395|People|1,0
15,0.1,395|People|2,1
15,0.1,395|People|3,1
15,0.1,395|People|4,1
15,0.1,395|People|5,1
15,0.1,395|People|6,1
15,0.1,395|Lamp|0,1
15,0.1,395|Lamp|1,1
15,0.1,396|People|0,0
15,0.1,396|People|1,0
15,0.1,396|People|2,1
15,0.1,396|People|3,1
15,0.1,396|People|4,1
15,0.1,396|People|5,1
15,0.1,396|Lamp|0,1
15,0.1,396|Lamp|1,1
15,0.1,409|People|0,1
15,0.1,409|People|1,1
15,0.1,409|People|2,0
15,0.1,409|People|3,1
15,0.1,409|People|4,1
15,0.1,409|Lamp|0,0
15,0.1,410|People|0,1
15,0.1,410|People|1,0
15,0.1,410|People|2,0
15,0.1,410|People|3,1
15,0.1,410|People|4,0
15,0.1,410|People|5,1
15,0.1,410|Lamp|0,1
15,0.1,413|People|0,1
15,0.1,413|People|1,1
15,0.1,413|People|2,1
15,0.1,413|People|3,0
15,0.1,413|People|4,1
15,0.1,413|People|5,0
15,0.1,413|Lamp|0,0
15,0.1,419|People|0,0
15,0.1,419|People|1,0
15,0.1,419|Lamp|0,1
15,0.1,419|Lamp|1,1
15,0.1,422|People|0,1
15,0.1,422|People|1,1
15,0.1,422|People|2,1
15,0.1,422|People|3,1
15,0.1,422|People|4,1
15,0.1,422|Lamp|0,0
15,0.1,425|People|0,0
15,0.1,425|People|1,1
15,0.1,425|People|2,1
15,0.1,425|People|3,1
15,0.1,425|People|4,0
15,0.1,425|People|5,1
15,0.1,425|People|6,1
15,0.1,425|People|7,0
15,0.1,425|Lamp|0,0
15,0.1,427|People|0,0
15,0.1,427|People|1,0
15,0.1,427|People|2,0
15,0.1,427|People|3,1
15,0.1,427|People|4,1
15,0.1,427|People|5,0
15,0.1,427|People|6,1
15,0.1,427|People|7,1
15,0.1,427|Lamp|0,0
15,0.1,428|People|0,0
15,0.1,428|People|1,0
15,0.1,428|People|2,1
15,0.1,428|People|3,1
15,0.1,428|People|4,1
15,0.1,428|People|5,1
15,0.1,428|People|6,1
15,0.1,428|Lamp|0,0
15,0.1,438|People|0,1
15,0.1,438|People|1,1
15,0.1,438|People|2,0
15,0.1,438|People|3,0
15,0.1,438|People|4,0
15,0.1,438|Lamp|0,1
15,0.1,438|Lamp|1,1
15,0.1,438|Lamp|2,1
15,0.1,438|Lamp|3,1
15,0.1,440|People|0,1
15,0.1,440|People|1,1
15,0.1,440|People|2,0
15,0.1,440|People|3,0
15,0.1,440|People|4,0
15,0.1,440|People|5,0
15,0.1,440|People|6,0
15,0.1,440|Lamp|0,1
15,0.1,440|Lamp|1,1
15,0.1,440|Lamp|2,1
15,0.1,440|Lamp|3,1
15,0.1,442|People|0,1
15,0.1,442|People|1,1
15,0.1,442|People|2,0
15,0.1,442|People|3,0
15,0.1,442|People|4,0
15,0.1,442|People|5,1
15,0.1,442|People|6,1
15,0.1,442|People|7,1
15,0.1,442|Lamp|0,1
15,0.1,442|Lamp|1,1
15,0.1,442|Lamp|2,1
15,0.1,442|Lamp|3,1
15,0.1,444|People|0,1
15,0.1,444|People|1,1
15,0.1,444|People|2,0
15,0.1,444|People|3,0
15,0.1,444|People|4,0
15,0.1,444|People|5,0
15,0.1,444|Lamp|0,1
15,0.1,444|Lamp|1,1
15,0.1,444|Lamp|2,1
15,0.1,444|Lamp|3,0
15,0.1,448|People|0,1
15,0.1,448|People|1,1
15,0.1,448|People|2,1
15,0.1,448|People|3,0
15,0.1,448|People|4,0
15,0.1,448|People|5,0
15,0.1,448|People|6,0
15,0.1,448|Lamp|0,1
15,0.1,448|Lamp|1,1
15,0.1,448|Lamp|2,0
15,0.1,448|Lamp|3,1
15,0.1,448|Lamp|4,0
15,0.1,448|Lamp|5,0
15,0.1,449|People|0,1
15,0.1,449|People|1,1
15,0.1,449|People|2,1
15,0.1,449|People|3,0
15,0.1,449|People|4,0
15,0.1,449|People|5,0
15,0.1,449|Lamp|0,0
15,0.1,449|Lamp|1,1
15,0.1,449|Lamp|2,1
15,0.1,449|Lamp|3,0
15,0.1,449|Lamp|4,1
15,0.1,452|People|0,1
15,0.1,452|People|1,1
15,0.1,452|Lamp|0,1
15,0.1,452|Lamp|1,0
15,0.1,452|Lamp|2,1
15,0.1,453|People|0,1
15,0.1,453|Lamp|0,1
15,0.1,453|Lamp|1,1
15,0.1,453|Lamp|2,0
15,0.1,453|Lamp|3,1
15,0.1,459|People|0,1
15,0.1,459|People|1,0
15,0.1,459|People|2,1
15,0.1,459|People|3,1
15,0.1,459|People|4,1
15,0.1,459|People|5,1
15,0.1,459|Lamp|0,0
15,0.1,459|Lamp|1,0
15,0.1,459|Lamp|2,0
15,0.1,462|People|0,1
15,0.1,462|People|1,1
15,0.1,462|People|2,1
15,0.1,462|People|3,1
15,0.1,462|People|4,1
15,0.1,462|People|5,1
15,0.1,462|People|6,1
15,0.1,462|Lamp|0,1
15,0.1,462|Lamp|1,0
15,0.1,466|People|0,1
15,0.1,466|People|1,1
15,0.1,466|People|2,1
15,0.1,466|People|3,1
15,0.1,466|People|4,1
15,0.1,466|People|5,1
15,0.1,466|Lamp|0,1
15,0.1,466|Lamp|1,0
15,0.1,468|People|0,1
15,0.1,468|People|1,1
15,0.1,468|People|2,1
15,0.1,468|People|3,1
15,0.1,468|People|4,1
15,0.1,468|People|5,1
15,0.1,468|People|6,1
15,0.1,468|Lamp|0,1
15,0.1,468|Lamp|1,0
15,0.1,470|People|0,1
15,0.1,470|People|1,0
15,0.1,470|Lamp|0,1
15,0.1,476|People|0,0
15,0.1,476|People|1,1
15,0.1,476|Lamp|0,0
15,0.1,478|People|0,0
15,0.1,478|Lamp|0,0
15,0.1,479|People|0,1
15,0.1,479|Lamp|0,1
15,0.1,480|People|0,1
15,0.1,480|People|1,0
15,0.1,480|People|2,0
15,0.1,480|Lamp|0,0
15,0.1,486|People|0,1
15,0.1,486|People|1,0
15,0.1,486|People|2,0
15,0.1,486|People|3,0
15,0.1,486|People|4,1
15,0.1,486|People|5,1
15,0.1,486|People|6,0
15,0.1,486|Lamp|0,0
15,0.1,489|People|0,1
15,0.1,489|People|1,0
15,0.1,489|People|2,1
15,0.1,489|People|3,1
15,0.1,489|People|4,0
15,0.1,489|People|5,0
15,0.1,489|People|6,0
15,0.1,489|People|7,0
15,0.1,489|People|8,0
15,0.1,489|People|9,0
15,0.1,489|Lamp|0,1
15,0.1,489|Lamp|1,0
15,0.1,493|People|0,0
15,0.1,493|People|1,1
15,0.1,493|People|2,1
15,0.1,493|People|3,1
15,0.1,493|People|4,1
15,0.1,493|People|5,1
15,0.1,493|People|6,1
15,0.1,493|People|7,0
15,0.1,493|Lamp|0,0
15,0.1,494|People|0,1
15,0.1,494|People|1,0
15,0.1,494|People|2,0
15,0.1,494|People|3,0
15,0.1,494|People|4,0
15,0.1,494|Lamp|0,1
15,0.1,494|Lamp|1,1
15,0.1,494|Lamp|2,1
15,0.1,503|People|0,0
15,0.1,503|People|1,0
15,0.1,503|Lamp|0,1
15,0.1,503|Lamp|1,1
15,0.1,505|People|0,0
15,0.1,505|People|1,0
15,0.1,505|People|2,0
15,0.1,505|People|3,0
15,0.1,505|People|4,1
15,0.1,505|Lamp|0,1
15,0.1,507|People|0,1
15,0.1,507|People|1,0
15,0.1,507|People|2,0
15,0.1,507|People|3,0
15,0.1,507|People|4,0
15,0.1,507|People|5,1
15,0.1,507|People|6,1
15,0.1,507|Lamp|0,0
15,0.1,1190|People|0,0
15,0.1,1190|People|1,0
15,0.1,1190|People|2,0
15,0.1,1190|People|3,0
15,0.1,1190|People|4,0
15,0.1,1190|People|5,0
15,0.1,1190|People|6,1
15,0.1,1190|People|7,0
15,0.1,1190|Lamp|0,0
15,0.1,1196|People|0,1
15,0.1,1196|People|1,0
15,0.1,1196|Lamp|0,1
15,0.1,1199|People|0,0
15,0.1,1199|People|1,0
15,0.1,1199|People|2,0
15,0.1,1199|Lamp|0,1
15,0.1,1200|People|0,0
15,0.1,1200|People|1,1
15,0.1,1200|Lamp|0,1
15,0.1,1204|People|0,1
15,0.1,1204|People|1,1
15,0.1,1204|People|2,0
15,0.1,1204|People|3,0
15,0.1,1204|Lamp|0,0
15,0.1,1206|People|0,1
15,0.1,1206|People|1,1
15,0.1,1206|People|2,0
15,0.1,1206|Lamp|0,0
15,0.1,1207|People|0,1
15,0.1,1207|People|1,1
15,0.1,1207|People|2,0
15,0.1,1207|Lamp|0,0
15,0.1,1211|People|0,1
15,0.1,1211|People|1,1
15,0.1,1211|People|2,0
15,0.1,1211|People|3,0
15,0.1,1211|Lamp|0,0
15,0.1,1213|People|0,1
15,0.1,1213|People|1,1
15,0.1,1213|Lamp|0,1
15,0.1,1216|People|0,1
15,0.1,1216|People|1,1
15,0.1,1216|Lamp|0,0
15,0.1,1218|People|0,1
15,0.1,1218|People|1,1
15,0.1,1218|Lamp|0,0
15,0.1,1219|People|0,1
15,0.1,1219|People|1,0
15,0.1,1219|People|2,0
15,0.1,1219|People|3,0
15,0.1,1219|Lamp|0,1
15,0.1,1219|Lamp|1,1
15,0.1,1221|People|0,1
15,0.1,1221|People|1,1
15,0.1,1221|People|2,0
15,0.1,1221|Lamp|0,0
15,0.1,1222|People|0,1
15,0.1,1222|People|1,1
15,0.1,1222|People|2,0
15,0.1,1222|Lamp|0,0
15,0.1,1225|People|0,0
15,0.1,1225|People|1,0
15,0.1,1225|People|2,0
15,0.1,1225|People|3,0
15,0.1,1225|People|4,0
15,0.1,1225|People|5,0
15,0.1,1225|People|6,0
15,0.1,1225|Lamp|0,1
15,0.1,1225|Lamp|1,0
15,0.1,1226|People|0,0
15,0.1,1226|People|1,0
15,0.1,1226|People|2,0
15,0.1,1226|People|3,0
15,0.1,1226|People|4,0
15,0.1,1226|Lamp|0,0
15,0.1,1226|Lamp|1,1
15,0.1,1226|Lamp|2,0
15,0.1,1228|People|0,0
15,0.1,1228|Lamp|0,1
15,0.1,1266|People|0,0
15,0.1,1266|People|1,0
15,0.1,1266|Lamp|0,1
15,0.1,1266|Lamp|1,1
15,0.1,1268|People|0,1
15,0.1,1268|Lamp|0,1
15,0.1,1268|Lamp|1,0
15,0.1,1268|Lamp|2,0
15,0.1,1268|Lamp|3,0
15,0.1,1273|People|0,0
15,0.1,1273|Lamp|0,0
15,0.1,1273|Lamp|1,0
15,0.1,1274|People|0,0
15,0.1,1274|Lamp|0,0
15,0.1,1274|Lamp|1,1
15,0.1,1274|Lamp|2,0
15,0.1,1285|People|0,1
15,0.1,1285|Lamp|0,1
15,0.1,1285|Lamp|1,1
15,0.1,1285|Lamp|2,1
15,0.1,1291|People|0,0
15,0.1,1291|Lamp|0,0
15,0.1,1291|Lamp|1,1
15,0.1,1295|People|0,1
15,0.1,1295|People|1,0
15,0.1,1295|People|2,0
15,0.1,1295|Lamp|0,1
15,0.1,1299|People|0,1
15,0.1,1299|People|1,0
15,0.1,1299|People|2,0
15,0.1,1299|Lamp|0,0
15,0.1,2046|People|0,1
15,0.1,2046|People|1,1
15,0.1,2046|Lamp|0,1
15,0.1,2046|Lamp|1,1
15,0.1,2046|Lamp|2,1
15,0.1,2046|Lamp|3,0
15,0.1,2050|People|0,1
15,0.1,2050|People|1,0
15,0.1,2050|Lamp|0,0
15,0.1,2050|Lamp|1,0
15,0.1,2050|Lamp|2,1
15,0.1,2050|Lamp|3,0
15,0.1,2051|People|0,1
15,0.1,2051|People|1,0
15,0.1,2051|Lamp|0,0
15,0.1,2051|Lamp|1,0
15,0.1,2051|Lamp|2,1
15,0.1,2051|Lamp|3,0
15,0.1,2052|People|0,1
15,0.1,2052|People|1,0
15,0.1,2052|Lamp|0,1
15,0.1,2052|Lamp|1,1
15,0.1,2052|Lamp|2,0
15,0.1,2052|Lamp|3,1
15,0.1,2056|People|0,1
15,0.1,2056|People|1,1
15,0.1,2056|Lamp|0,1
15,0.1,2056|Lamp|1,0
15,0.1,2056|Lamp|2,1
15,0.1,2056|Lamp|3,0
15,0.1,2057|People|0,1
15,0.1,2057|People|1,1
15,0.1,2057|Lamp|0,1
15,0.1,2057|Lamp|1,0
15,0.1,2057|Lamp|2,0
15,0.1,2057|Lamp|3,1
15,0.1,2058|People|0,1
15,0.1,2058|People|1,1
15,0.1,2058|Lamp|0,0
15,0.1,2058|Lamp|1,0
15,0.1,2058|Lamp|2,1
15,0.1,2058|Lamp|3,0
15,0.1,2058|Lamp|4,0
15,0.1,2058|Lamp|5,0
15,0.1,2059|People|0,1
15,0.1,2059|People|1,0
15,0.1,2059|Lamp|0,1
15,0.1,2059|Lamp|1,0
15,0.1,2059|Lamp|2,0
15,0.1,2059|Lamp|3,0
15,0.1,2061|People|0,1
15,0.1,2061|People|1,1
15,0.1,2061|Lamp|0,1
15,0.1,2061|Lamp|1,0
15,0.1,2061|Lamp|2,0
15,0.1,2061|Lamp|3,1
15,0.1,2061|Lamp|4,0
15,0.1,2061|Lamp|5,0
15,0.1,2065|People|0,1
15,0.1,2065|People|1,1
15,0.1,2065|Lamp|0,1
15,0.1,2065|Lamp|1,0
15,0.1,2065|Lamp|2,1
15,0.1,2065|Lamp|3,1
15,0.1,2065|Lamp|4,0
15,0.1,2065|Lamp|5,1
15,0.1,2067|People|0,1
15,0.1,2067|People|1,0
15,0.1,2067|Lamp|0,1
15,0.1,2067|Lamp|1,0
15,0.1,2067|Lamp|2,0
15,0.1,2067|Lamp|3,1
15,0.1,2068|People|0,1
15,0.1,2068|People|1,0
15,0.1,2068|Lamp|0,1
15,0.1,2068|Lamp|1,1
15,0.1,2068|Lamp|2,0
15,0.1,2068|Lamp|3,0
15,0.1,2069|People|0,1
15,0.1,2069|People|1,0
15,0.1,2069|Lamp|0,1
15,0.1,2069|Lamp|1,1
15,0.1,2069|Lamp|2,0
15,0.1,2069|Lamp|3,0
15,0.1,2069|Lamp|4,0
15,0.1,2069|Lamp|5,0
15,0.1,2070|People|0,1
15,0.1,2070|People|1,0
15,0.1,2070|Lamp|0,1
15,0.1,2070|Lamp|1,0
15,0.1,2070|Lamp|2,1
15,0.1,2070|Lamp|3,1
15,0.1,2072|People|0,1
15,0.1,2072|People|1,1
15,0.1,2072|Lamp|0,1
15,0.1,2072|Lamp|1,0
15,0.1,2072|Lamp|2,1
15,0.1,2072|Lamp|3,0
15,0.1,2072|Lamp|4,0
15,0.1,2072|Lamp|5,1
15,0.1,2073|People|0,1
15,0.1,2073|People|1,0
15,0.1,2073|Lamp|0,1
15,0.1,2073|Lamp|1,0
15,0.1,2073|Lamp|2,1
15,0.1,2073|Lamp|3,0
15,0.1,2073|Lamp|4,0
15,0.1,2073|Lamp|5,1
15,0.1,2074|People|0,1
15,0.1,2074|People|1,0
15,0.1,2074|Lamp|0,1
15,0.1,2074|Lamp|1,0
15,0.1,2074|Lamp|2,0
15,0.1,2074|Lamp|3,0
15,0.1,2074|Lamp|4,1
15,0.1,2074|Lamp|5,1
15,0.1,2074|Lamp|6,0
15,0.1,2074|Lamp|7,1
15,0.1,2076|People|0,1
15,0.1,2076|People|1,1
15,0.1,2076|Lamp|0,1
15,0.1,2076|Lamp|1,0
15,0.1,2076|Lamp|2,0
15,0.1,2076|Lamp|3,0
15,0.1,2076|Lamp|4,1
15,0.1,2076|Lamp|5,1
15,0.1,2076|Lamp|6,1
15,0.1,2076|Lamp|7,0
15,0.1,2082|People|0,1
15,0.1,2082|People|1,1
15,0.1,2082|Lamp|0,0
15,0.1,2082|Lamp|1,0
15,0.1,2082|Lamp|2,1
15,0.1,2082|Lamp|3,0
15,0.1,2082|Lamp|4,1
15,0.1,2082|Lamp|5,0
15,0.1,2084|People|0,1
15,0.1,2084|People|1,1
15,0.1,2084|Lamp|0,1
15,0.1,2084|Lamp|1,1
15,0.1,2084|Lamp|2,0
15,0.1,2084|Lamp|3,0
15,0.1,2084|Lamp|4,0
15,0.1,2084|Lamp|5,0
15,0.1,2087|People|0,1
15,0.1,2087|People|1,1
15,0.1,2087|Lamp|0,0
15,0.1,2087|Lamp|1,1
15,0.1,2087|Lamp|2,1
15,0.1,2090|People|0,1
15,0.1,2090|People|1,1
15,0.1,2090|Lamp|0,0
15,0.1,2090|Lamp|1,0
15,0.1,2090|Lamp|2,1
15,0.1,2090|Lamp|3,1
15,0.1,2091|People|0,1
15,0.1,2091|People|1,1
15,0.1,2091|Lamp|0,0
15,0.1,2091|Lamp|1,1
15,0.1,2091|Lamp|2,1
15,0.1,2091|Lamp|3,0
15,0.1,2091|Lamp|4,0
15,0.1,2091|Lamp|5,1
15,0.1,2092|People|0,1
15,0.1,2092|People|1,1
15,0.1,2092|Lamp|0,0
15,0.1,2092|Lamp|1,0
15,0.1,2092|Lamp|2,1
15,0.1,2092|Lamp|3,0
15,0.1,2092|Lamp|4,0
15,0.1,2092|Lamp|5,1
15,0.1,2093|People|0,1
15,0.1,2093|People|1,0
15,0.1,2093|Lamp|0,0
15,0.1,2093|Lamp|1,0
15,0.1,2093|Lamp|2,0
15,0.1,2093|Lamp|3,0
15,0.1,2093|Lamp|4,1
15,0.1,2093|Lamp|5,1
15,0.1,2120|People|0,0
15,0.1,2120|People|1,1
15,0.1,2120|People|2,0
15,0.1,2120|Lamp|0,0
15,0.1,2127|People|0,0
15,0.1,2127|People|1,0
15,0.1,2127|People|2,1
15,0.1,2127|Lamp|0,1
15,0.1,2127|Lamp|1,0
15,0.1,2127|Lamp|2,0
15,0.1,2127|Lamp|3,0
15,0.1,2129|People|0,0
15,0.1,2129|People|1,1
15,0.1,2129|People|2,0
15,0.1,2129|Lamp|0,0
15,0.1,2129|Lamp|1,1
15,0.1,2139|People|0,1
15,0.1,2139|Lamp|0,1
15,0.1,2139|Lamp|1,1
15,0.1,2139|Lamp|2,0
15,0.1,2140|People|0,0
15,0.1,2140|Lamp|0,1
15,0.1,2140|Lamp|1,1
15,0.1,2140|Lamp|2,0
15,0.1,2149|People|0,1
15,0.1,2149|Lamp|0,1
15,0.1,2149|Lamp|1,1
15,0.1,2150|People|0,1
15,0.1,2150|Lamp|0,1
15,0.1,2150|Lamp|1,1
15,0.1,2151|People|0,1
15,0.1,2151|Lamp|0,1
15,0.1,2151|Lamp|1,1
15,0.1,2158|People|0,0
15,0.1,2158|Lamp|0,1
15,0.1,2158|Lamp|1,1
15,0.1,2160|People|0,1
15,0.1,2160|Lamp|0,1
15,0.1,2160|Lamp|1,1
15,0.1,2190|People|0,1
15,0.1,2190|People|1,1
15,0.1,2190|People|2,0
15,0.1,2190|Lamp|0,0
15,0.1,2190|Lamp|1,1
15,0.1,2191|People|0,1
15,0.1,2191|People|1,0
15,0.1,2191|People|2,1
15,0.1,2191|Lamp|0,1
15,0.1,2191|Lamp|1,1
15,0.1,2193|People|0,1
15,0.1,2193|People|1,1
15,0.1,2193|People|2,0
15,0.1,2193|Lamp|0,1
15,0.1,2193|Lamp|1,1
15,0.1,2195|People|0,1
15,0.1,2195|People|1,1
15,0.1,2195|People|2,1
15,0.1,2195|Lamp|0,1
15,0.1,2195|Lamp|1,1
15,0.1,2200|People|0,0
15,0.1,2200|Lamp|0,1
15,0.1,2200|Lamp|1,1
15,0.1,2217|People|0,0
15,0.1,2217|Lamp|0,0
15,0.1,2217|Lamp|1,0
15,0.1,2218|People|0,0
15,0.1,2218|Lamp|0,0
15,0.1,2218|Lamp|1,0
15,0.1,2226|People|0,0
15,0.1,2226|Lamp|0,1
15,0.1,2226|Lamp|1,1
15,0.1,2226|Lamp|2,1
15,0.1,2226|Lamp|3,1
15,0.1,2226|Lamp|4,1
15,0.1,2292|People|0,0
15,0.1,2292|Lamp|0,0
15,0.1,2292|Lamp|1,0
15,0.1,2292|Lamp|2,0
15,0.1,2292|Lamp|3,0
15,0.1,2293|People|0,0
15,0.1,2293|Lamp|0,0
15,0.1,2293|Lamp|1,0
15,0.1,2293|Lamp|2,0
15,0.1,2293|Lamp|3,0
15,0.1,2295|People|0,0
15,0.1,2295|Lamp|0,0
15,0.1,2295|Lamp|1,0
15,0.1,2295|Lamp|2,0
15,0.1,2295|Lamp|3,0
15,0.1,2295|Lamp|4,0
15,0.1,2295|Lamp|5,0
15,0.1,2295|Lamp|6,0
15,0.1,2295|Lamp|7,0
15,0.1,2297|People|0,0
15,0.1,2297|Lamp|0,0
15,0.1,2297|Lamp|1,0
15,0.1,2297|Lamp|2,0
15,0.1,2297|Lamp|3,0
15,0.1,2297|Lamp|4,0
15,0.1,2298|People|0,0
15,0.1,2298|Lamp|0,0
15,0.1,2298|Lamp|1,0
15,0.1,2298|Lamp|2,0
15,0.1,2298|Lamp|3,0
15,0.1,2298|Lamp|4,1
15,0.1,2299|People|0,0
15,0.1,2299|Lamp|0,0
15,0.1,2299|Lamp|1,0
15,0.1,2299|Lamp|2,0
15,0.1,2299|Lamp|3,0
15,0.1,2299|Lamp|4,0
15,0.1,2299|Lamp|5,1
15,0.1,2328|People|0,1
15,0.1,2328|People|1,1
15,0.1,2328|People|2,0
15,0.1,2328|Lamp|0,0
15,0.1,2332|People|0,1
15,0.1,2332|People|1,1
15,0.1,2332|People|2,0
15,0.1,2332|People|3,0
15,0.1,2332|Lamp|0,0
15,0.1,2335|People|0,1
15,0.1,2335|People|1,1
15,0.1,2335|People|2,0
15,0.1,2335|People|3,0
15,0.1,2335|Lamp|0,0
15,0.1,2337|People|0,0
15,0.1,2337|People|1,0
15,0.1,2337|Lamp|0,0
15,0.1,2453|People|0,0
15,0.1,2453|People|1,0
15,0.1,2453|Lamp|0,0
15,0.1,2456|People|0,1
15,0.1,2456|Lamp|0,0
15,0.1,2456|Lamp|1,0
15,0.1,2456|Lamp|2,0
15,0.1,2457|People|0,1
15,0.1,2457|Lamp|0,0
15,0.1,2457|Lamp|1,0
15,0.1,2457|Lamp|2,0
15,0.1,2457|Lamp|3,0
15,0.1,2465|People|0,0
15,0.1,2465|Lamp|0,0
15,0.1,2465|Lamp|1,0
15,0.1,2465|Lamp|2,0
15,0.1,2467|People|0,0
15,0.1,2467|Lamp|0,0
15,0.1,2467|Lamp|1,0
15,0.1,2468|People|0,0
15,0.1,2468|People|1,0
15,0.1,2468|Lamp|0,0
15,0.1,2468|Lamp|1,0
15,0.1,2478|People|0,1
15,0.1,2478|People|1,1
15,0.1,2478|People|2,0
15,0.1,2478|People|3,0
15,0.1,2478|Lamp|0,1
15,0.1,2478|Lamp|1,1
15,0.1,2489|People|0,0
15,0.1,2489|People|1,1
15,0.1,2489|People|2,0
15,0.1,2489|People|3,1
15,0.1,2489|People|4,0
15,0.1,2489|People|5,1
15,0.1,2489|Lamp|0,0
15,0.1,2489|Lamp|1,0
15,0.1,2490|People|0,0
15,0.1,2490|People|1,1
15,0.1,2490|People|2,0
15,0.1,2490|People|3,0
15,0.1,2490|People|4,0
15,0.1,2490|Lamp|0,0
15,0.1,2490|Lamp|1,0
15,0.1,2491|People|0,1
15,0.1,2491|People|1,1
15,0.1,2491|People|2,1
15,0.1,2491|People|3,0
15,0.1,2491|People|4,0
15,0.1,2491|Lamp|0,0
15,0.1,2491|Lamp|1,0
15,0.1,2602|People|0,0
15,0.1,2602|Lamp|0,0
15,0.1,2602|Lamp|1,0
15,0.1,2602|Lamp|2,0
15,0.1,2606|People|0,0
15,0.1,2606|Lamp|0,0
15,0.1,2606|Lamp|1,0
15,0.1,2607|People|0,0
15,0.1,2607|Lamp|0,0
15,0.1,2607|Lamp|1,0
15,0.1,2622|People|0,1
15,0.1,2622|People|1,0
15,0.1,2622|People|2,0
15,0.1,2622|Lamp|0,1
15,0.1,2622|Lamp|1,1
15,0.1,2622|Lamp|2,1
15,0.1,2717|People|0,0
15,0.1,2717|People|1,0
15,0.1,2717|People|2,0
15,0.1,2717|Lamp|0,0
15,0.1,2720|People|0,0
15,0.1,2720|People|1,0
15,0.1,2720|People|2,0
15,0.1,2720|Lamp|0,0
15,0.1,2721|People|0,0
15,0.1,2721|People|1,0
15,0.1,2721|Lamp|0,0
15,0.1,2727|People|0,1
15,0.1,2727|People|1,0
15,0.1,2727|People|2,0
15,0.1,2727|People|3,0
15,0.1,2727|Lamp|0,0
15,0.1,2732|People|0,0
15,0.1,2732|People|1,0
15,0.1,2732|Lamp|0,0
15,0.1,2735|People|0,0
15,0.1,2735|People|1,0
15,0.1,2735|Lamp|0,0
15,0.1,2736|People|0,0
15,0.1,2736|People|1,0
15,0.1,2736|Lamp|0,0
15,0.1,2738|People|0,0
15,0.1,2738|People|1,0
15,0.1,2738|People|2,0
15,0.1,2738|Lamp|0,0
15,0.1,2940|People|0,1
15,0.1,2940|Lamp|0,0
15,0.1,2940|Lamp|1,0
15,0.1,2942|People|0,1
15,0.1,2942|Lamp|0,0
15,0.1,2942|Lamp|1,0
15,0.1,2942|Lamp|2,0
15,0.1,2942|Lamp|3,0
15,0.1,2942|Lamp|4,0
15,0.1,2945|People|0,1
15,0.1,2945|Lamp|0,0
15,0.1,2945|Lamp|1,0
15,0.1,2945|Lamp|2,0
15,0.1,2947|People|0,1
15,0.1,2947|Lamp|0,1
15,0.1,2947|Lamp|1,1
15,0.1,2947|Lamp|2,0
15,0.1,2947|Lamp|3,0
15,0.1,2947|Lamp|4,0
15,0.1,2949|People|0,0
15,0.1,2949|Lamp|0,1
15,0.1,2949|Lamp|1,0
15,0.1,2949|Lamp|2,0
15,0.1,2949|Lamp|3,0
15,0.1,2949|Lamp|4,0
15,0.1,2949|Lamp|5,0
15,0.1,2950|People|0,0
15,0.1,2950|People|1,0
15,0.1,2950|Lamp|0,1
15,0.1,2950|Lamp|1,0
15,0.1,2950|Lamp|2,0
15,0.1,2950|Lamp|3,0
15,0.1,2950|Lamp|4,0
15,0.1,2951|People|0,0
15,0.1,2951|Lamp|0,1
15,0.1,2951|Lamp|1,0
15,0.1,2951|Lamp|2,0
15,0.1,2951|Lamp|3,0
15,0.1,2951|Lamp|4,0
15,0.1,2953|People|0,0
15,0.1,2953|Lamp|0,0
15,0.1,2953|Lamp|1,1
15,0.1,2953|Lamp|2,0
15,0.1,2953|Lamp|3,0
15,0.1,2957|People|0,0
15,0.1,2957|Lamp|0,1
15,0.1,2957|Lamp|1,0
15,0.1,2957|Lamp|2,1
15,0.1,2957|Lamp|3,0
15,0.1,2957|Lamp|4,0
15,0.1,2957|Lamp|5,0
15,0.1,3024|People|0,0
15,0.1,3024|Lamp|0,0
15,0.1,3024|Lamp|1,0
15,0.1,3052|People|0,0
15,0.1,3052|Lamp|0,0
15,0.1,3053|People|0,0
15,0.1,3053|People|1,0
15,0.1,3053|Lamp|0,0
15,0.1,3053|Lamp|1,0
15,0.1,3054|People|0,0
15,0.1,3054|People|1,0
15,0.1,3054|People|2,0
15,0.1,3054|Lamp|0,0
15,0.1,3054|Lamp|1,0
15,0.1,3057|People|0,0
15,0.1,3057|People|1,0
15,0.1,3057|Lamp|0,0
15,0.1,3057|Lamp|1,0
15,0.1,3059|People|0,1
15,0.1,3059|People|1,0
15,0.1,3059|People|2,0
15,0.1,3059|Lamp|0,0
15,0.1,3059|Lamp|1,0
15,0.1,3060|People|0,1
15,0.1,3060|People|1,1
15,0.1,3060|People|2,0
15,0.1,3060|People|3,0
15,0.1,3060|Lamp|0,0
15,0.1,3060|Lamp|1,0
15,0.1,3061|People|0,0
15,0.1,3061|People|1,1
15,0.1,3061|People|2,1
15,0.1,3061|People|3,0
15,0.1,3061|Lamp|0,0
15,0.1,3061|Lamp|1,0
15,0.1,3063|People|0,1
15,0.1,3063|People|1,0
15,0.1,3063|Lamp|0,0
15,0.1,3063|Lamp|1,0
15,0.1,3063|Lamp|2,0
15,0.1,3063|Lamp|3,0
15,0.1,3066|People|0,0
15,0.1,3066|Lamp|0,0
15,0.1,3066|Lamp|1,0
15,0.1,3066|Lamp|2,0
15,0.1,3066|Lamp|3,0
15,0.1,3066|Lamp|4,0
15,0.1,3066|Lamp|5,0
15,0.1,3072|People|0,1
15,0.1,3072|People|1,0
15,0.1,3072|People|2,0
15,0.1,3072|People|3,0
15,0.1,3072|People|4,0
15,0.1,3072|People|5,0
15,0.1,3072|People|6,1
15,0.1,3072|People|7,1
15,0.1,3072|Lamp|0,0
15,0.1,3072|Lamp|1,1
15,0.1,3072|Lamp|2,0
15,0.1,3072|Lamp|3,0
15,0.1,3072|Lamp|4,0
15,0.1,3072|Lamp|5,0
15,0.1,3072|Lamp|6,0
15,0.1,3072|Lamp|7,0
15,0.1,3078|People|0,1
15,0.1,3078|People|1,1
15,0.1,3078|People|2,1
15,0.1,3078|People|3,0
15,0.1,3078|People|4,0
15,0.1,3078|People|5,0
15,0.1,3078|People|6,0
15,0.1,3078|Lamp|0,1
15,0.1,3078|Lamp|1,1
15,0.1,3078|Lamp|2,0
15,0.1,3078|Lamp|3,0
15,0.1,3079|People|0,1
15,0.1,3079|People|1,1
15,0.1,3079|People|2,0
15,0.1,3079|People|3,0
15,0.1,3079|Lamp|0,1
15,0.1,3079|Lamp|1,1
15,0.1,3079|Lamp|2,1
15,0.1,3116|People|0,1
15,0.1,3116|Lamp|0,0
15,0.1,3116|Lamp|1,0
15,0.1,3118|People|0,1
15,0.1,3118|Lamp|0,1
15,0.1,3118|Lamp|1,0
15,0.1,3119|People|0,1
15,0.1,3119|Lamp|0,1
15,0.1,3119|Lamp|1,0
15,0.1,3121|People|0,1
15,0.1,3121|Lamp|0,1
15,0.1,3121|Lamp|1,0
15,0.1,3124|People|0,1
15,0.1,3124|Lamp|0,0
15,0.1,3124|Lamp|1,1
15,0.1,3125|People|0,1
15,0.1,3125|Lamp|0,1
15,0.1,3125|Lamp|1,1
15,0.1,3302|People|0,1
15,0.1,3302|Lamp|0,1
15,0.1,3302|Lamp|1,1
15,0.1,3302|Lamp|2,1
15,0.1,3302|Lamp|3,0
15,0.1,3313|People|0,1
15,0.1,3313|People|1,0
15,0.1,3313|Lamp|0,0
15,0.1,3313|Lamp|1,0
15,0.1,3347|People|0,1
15,0.1,3347|People|1,0
15,0.1,3347|People|2,0
15,0.1,3347|Lamp|0,0
15,0.1,3347|Lamp|1,0
15,0.1,3349|People|0,0
15,0.1,3349|People|1,0
15,0.1,3349|People|2,0
15,0.1,3349|Lamp|0,0
15,0.1,3349|Lamp|1,0
15,0.1,3350|People|0,1
15,0.1,3350|People|1,1
15,0.1,3350|People|2,0
15,0.1,3350|People|3,0
15,0.1,3350|People|4,0
15,0.1,3350|Lamp|0,0
15,0.1,3350|Lamp|1,0
15,0.1,3378|People|0,0
15,0.1,3378|People|1,0
15,0.1,3378|People|2,1
15,0.1,3378|People|3,1
15,0.1,3378|Lamp|0,0
15,0.1,3378|Lamp|1,1
15,0.1,3378|Lamp|2,1
15,0.1,3378|Lamp|3,1
15,0.1,3378|Lamp|4,0
15,0.1,3381|People|0,0
15,0.1,3381|People|1,1
15,0.1,3381|People|2,1
15,0.1,3381|People|3,0
15,0.1,3381|People|4,0
15,0.1,3381|Lamp|0,1
15,0.1,3381|Lamp|1,1
15,0.1,3381|Lamp|2,1
15,0.1,3381|Lamp|3,0
15,0.1,3381|Lamp|4,0
15,0.1,3382|People|0,0
15,0.1,3382|People|1,1
15,0.1,3382|People|2,1
15,0.1,3382|Lamp|0,1
15,0.1,3382|Lamp|1,1
15,0.1,3382|Lamp|2,1
15,0.1,3382|Lamp|3,0
15,0.1,3382|Lamp|4,0
15,0.1,3383|People|0,0
15,0.1,3383|People|1,1
15,0.1,3383|People|2,1
15,0.1,3383|Lamp|0,1
15,0.1,3383|Lamp|1,1
15,0.1,3383|Lamp|2,1
15,0.1,3383|Lamp|3,0
15,0.1,3383|Lamp|4,0
15,0.1,3384|People|0,0
15,0.1,3384|People|1,0
15,0.1,3384|People|2,1
15,0.1,3384|People|3,1
15,0.1,3384|Lamp|0,1
15,0.1,3384|Lamp|1,1
15,0.1,3384|Lamp|2,1
15,0.1,3384|Lamp|3,0
15,0.1,3384|Lamp|4,0
15,0.1,3389|People|0,0
15,0.1,3389|People|1,1
15,0.1,3389|People|2,0
15,0.1,3389|People|3,1
15,0.1,3389|Lamp|0,1
15,0.1,3389|Lamp|1,0
15,0.1,3389|Lamp|2,1
15,0.1,3389|Lamp|3,0
15,0.1,3389|Lamp|4,0
15,0.1,3390|People|0,1
15,0.1,3390|People|1,0
15,0.1,3390|People|2,1
15,0.1,3390|People|3,1
15,0.1,3390|Lamp|0,1
15,0.1,3390|Lamp|1,0
15,0.1,3390|Lamp|2,0
15,0.1,3390|Lamp|3,0
15,0.1,3390|Lamp|4,0
15,0.1,3392|People|0,0
15,0.1,3392|People|1,1
15,0.1,3392|People|2,1
15,0.1,3392|People|3,0
15,0.1,3392|People|4,0
15,0.1,3392|People|5,1
15,0.1,3392|Lamp|0,1
15,0.1,3392|Lamp|1,1
15,0.1,3392|Lamp|2,1
15,0.1,3392|Lamp|3,0
15,0.1,3392|Lamp|4,0
15,0.1,3395|People|0,1
15,0.1,3395|People|1,1
15,0.1,3395|People|2,0
15,0.1,3395|People|3,1
15,0.1,3395|People|4,0
15,0.1,3395|People|5,0
15,0.1,3395|People|6,0
15,0.1,3395|People|7,0
15,0.1,3395|Lamp|0,1
15,0.1,3395|Lamp|1,0
15,0.1,3395|Lamp|2,1
15,0.1,3395|Lamp|3,0
15,0.1,3395|Lamp|4,0
15,0.1,3397|People|0,1
15,0.1,3397|People|1,1
15,0.1,3397|People|2,0
15,0.1,3397|People|3,1
15,0.1,3397|People|4,0
15,0.1,3397|People|5,0
15,0.1,3397|People|6,0
15,0.1,3397|Lamp|0,1
15,0.1,3397|Lamp|1,0
15,0.1,3397|Lamp|2,1
15,0.1,3397|Lamp|3,0
15,0.1,3397|Lamp|4,0
15,0.1,3398|People|0,1
15,0.1,3398|People|1,1
15,0.1,3398|People|2,0
15,0.1,3398|People|3,0
15,0.1,3398|People|4,0
15,0.1,3398|People|5,1
15,0.1,3398|Lamp|0,1
15,0.1,3398|Lamp|1,1
15,0.1,3398|Lamp|2,1
15,0.1,3398|Lamp|3,0
15,0.1,3398|Lamp|4,0
15,0.1,3405|People|0,1
15,0.1,3405|People|1,0
15,0.1,3405|People|2,0
15,0.1,3405|Lamp|0,1
15,0.1,3405|Lamp|1,1
15,0.1,3405|Lamp|2,1
15,0.1,3405|Lamp|3,1
15,0.1,3408|People|0,1
15,0.1,3408|People|1,0
15,0.1,3408|People|2,0
15,0.1,3408|People|3,0
15,0.1,3408|Lamp|0,1
15,0.1,3408|Lamp|1,1
15,0.1,3408|Lamp|2,1
15,0.1,3408|Lamp|3,1
15,0.1,3409|People|0,0
15,0.1,3409|People|1,0
15,0.1,3409|Lamp|0,1
15,0.1,3409|Lamp|1,1
15,0.1,3409|Lamp|2,1
15,0.1,3409|Lamp|3,1
15,0.1,3566|People|0,0
15,0.1,3566|Lamp|0,1
15,0.1,3681|People|0,0
15,0.1,3681|Lamp|0,1
15,0.1,3681|Lamp|1,1
15,0.1,3681|Lamp|2,1
15,0.1,3681|Lamp|3,1
15,0.1,3682|People|0,0
15,0.1,3682|Lamp|0,1
15,0.1,3682|Lamp|1,1
15,0.1,3682|Lamp|2,1
15,0.1,3682|Lamp|3,1
15,0.1,3683|People|0,0
15,0.1,3683|Lamp|0,1
15,0.1,3683|Lamp|1,1
15,0.1,3683|Lamp|2,1
15,0.1,3683|Lamp|3,1
15,0.1,3687|People|0,0
15,0.1,3687|People|1,0
15,0.1,3687|People|2,0
15,0.1,3687|Lamp|0,1
15,0.1,3687|Lamp|1,1
15,0.1,3687|Lamp|2,1
15,0.1,3687|Lamp|3,1
15,0.1,3688|People|0,0
15,0.1,3688|People|1,0
15,0.1,3688|People|2,0
15,0.1,3688|Lamp|0,1
15,0.1,3688|Lamp|1,1
15,0.1,3688|Lamp|2,1
15,0.1,3688|Lamp|3,1
15,0.1,3689|People|0,0
15,0.1,3689|Lamp|0,0
15,0.1,3689|Lamp|1,0
15,0.1,3689|Lamp|2,0
15,0.1,3689|Lamp|3,0
15,0.15,63|People|0,1
15,0.15,63|People|1,1
15,0.15,63|People|2,1
15,0.15,63|People|3,1
15,0.15,63|People|4,0
15,0.15,63|Lamp|0,0
15,0.15,64|People|0,0
15,0.15,64|People|1,0
15,0.15,64|People|2,0
15,0.15,64|People|3,1
15,0.15,64|People|4,1
15,0.15,64|People|5,1
15,0.15,64|Lamp|0,0
15,0.15,71|People|0,0
15,0.15,71|People|1,0
15,0.15,71|Lamp|0,0
15,0.15,73|People|0,0
15,0.15,73|People|1,0
15,0.15,73|Lamp|0,0
15,0.15,78|People|0,0
15,0.15,78|People|1,1
15,0.15,78|People|2,1
15,0.15,78|People|3,1
15,0.15,78|People|4,0
15,0.15,78|People|5,0
15,0.15,78|Lamp|0,0
15,0.15,111|People|0,1
15,0.15,111|People|1,1
15,0.15,111|People|2,1
15,0.15,111|People|3,1
15,0.15,111|People|4,0
15,0.15,111|People|5,1
15,0.15,111|People|6,1
15,0.15,111|Lamp|0,1
15,0.15,111|Lamp|1,1
15,0.15,111|Lamp|2,0
15,0.15,111|Lamp|3,1
15,0.15,114|People|0,1
15,0.15,114|People|1,1
15,0.15,114|People|2,1
15,0.15,114|People|3,1
15,0.15,114|People|4,0
15,0.15,114|People|5,1
15,0.15,114|People|6,0
15,0.15,114|Lamp|0,0
15,0.15,114|Lamp|1,1
15,0.15,114|Lamp|2,1
15,0.15,116|People|0,1
15,0.15,116|People|1,1
15,0.15,116|People|2,1
15,0.15,116|People|3,1
15,0.15,116|People|4,1
15,0.15,116|People|5,1
15,0.15,116|People|6,1
15,0.15,116|People|7,0
15,0.15,116|Lamp|0,0
15,0.15,116|Lamp|1,1
15,0.15,116|Lamp|2,1
15,0.15,116|Lamp|3,1
15,0.15,118|People|0,1
15,0.15,118|People|1,1
15,0.15,118|People|2,1
15,0.15,118|People|3,1
15,0.15,118|People|4,1
15,0.15,118|People|5,0
15,0.15,118|People|6,1
15,0.15,118|People|7,1
15,0.15,118|Lamp|0,1
15,0.15,118|Lamp|1,1
15,0.15,118|Lamp|2,1
15,0.15,118|Lamp|3,1
15,0.15,123|People|0,1
15,0.15,123|People|1,1
15,0.15,123|People|2,0
15,0.15,123|People|3,0
15,0.15,123|People|4,1
15,0.15,123|People|5,0
15,0.15,123|People|6,1
15,0.15,123|Lamp|0,1
15,0.15,123|Lamp|1,1
15,0.15,123|Lamp|2,0
15,0.15,123|Lamp|3,0
15,0.15,123|Lamp|4,1
15,0.15,125|People|0,0
15,0.15,125|People|1,1
15,0.15,125|People|2,1
15,0.15,125|People|3,1
15,0.15,125|People|4,1
15,0.15,125|People|5,1
15,0.15,125|People|6,0
15,0.15,125|People|7,0
15,0.15,125|Lamp|0,1
15,0.15,125|Lamp|1,1
15,0.15,125|Lamp|2,1
15,0.15,125|Lamp|3,1
15,0.15,125|Lamp|4,1
15,0.15,126|People|0,0
15,0.15,126|People|1,1
15,0.15,126|People|2,1
15,0.15,126|People|3,0
15,0.15,126|People|4,0
15,0.15,126|People|5,1
15,0.15,126|People|6,0
15,0.15,126|People|7,1
15,0.15,126|People|8,0
15,0.15,126|Lamp|0,1
15,0.15,126|Lamp|1,1
15,0.15,126|Lamp|2,1
15,0.15,126|Lamp|3,1
15,0.15,126|Lamp|4,1
15,0.15,127|People|0,0
15,0.15,127|People|1,0
15,0.15,127|People|2,1
15,0.15,127|People|3,1
15,0.15,127|People|4,0
15,0.15,127|People|5,1
15,0.15,127|People|6,1
15,0.15,127|People|7,1
15,0.15,127|People|8,0
15,0.15,127|People|9,1
15,0.15,127|Lamp|0,1
15,0.15,127|Lamp|1,0
15,0.15,127|Lamp|2,1
15,0.15,127|Lamp|3,1
15,0.15,127|Lamp|4,1
15,0.15,129|People|0,0
15,0.15,129|People|1,1
15,0.15,129|People|2,1
15,0.15,129|People|3,0
15,0.15,129|People|4,0
15,0.15,129|People|5,0
15,0.15,129|People|6,0
15,0.15,129|People|7,1
15,0.15,129|Lamp|0,1
15,0.15,129|Lamp|1,0
15,0.15,129|Lamp|2,1
15,0.15,129|Lamp|3,1
15,0.15,129|Lamp|4,0
15,0.15,130|People|0,0
15,0.15,130|People|1,0
15,0.15,130|People|2,0
15,0.15,130|People|3,1
15,0.15,130|People|4,0
15,0.15,130|People|5,0
15,0.15,130|Lamp|0,1
15,0.15,130|Lamp|1,0
15,0.15,130|Lamp|2,1
15,0.15,130|Lamp|3,0
15,0.15,132|People|0,0
15,0.15,132|People|1,1
15,0.15,132|People|2,0
15,0.15,132|People|3,1
15,0.15,132|People|4,1
15,0.15,132|People|5,1
15,0.15,132|Lamp|0,1
15,0.15,132|Lamp|1,0
15,0.15,132|Lamp|2,0
15,0.15,132|Lamp|3,0
15,0.15,135|People|0,0
15,0.15,135|People|1,0
15,0.15,135|People|2,1
15,0.15,135|People|3,1
15,0.15,135|People|4,0
15,0.15,135|People|5,0
15,0.15,135|People|6,0
15,0.15,135|People|7,0
15,0.15,135|People|8,1
15,0.15,135|People|9,1
15,0.15,135|People|10,0
15,0.15,135|Lamp|0,0
15,0.15,135|Lamp|1,1
15,0.15,135|Lamp|2,0
15,0.15,136|People|0,0
15,0.15,136|People|1,0
15,0.15,136|People|2,1
15,0.15,136|People|3,0
15,0.15,136|People|4,1
15,0.15,136|People|5,1
15,0.15,136|People|6,1
15,0.15,136|People|7,0
15,0.15,136|Lamp|0,1
15,0.15,136|Lamp|1,0
15,0.15,136|Lamp|2,1
15,0.15,138|People|0,0
15,0.15,138|People|1,0
15,0.15,138|People|2,0
15,0.15,138|People|3,0
15,0.15,138|People|4,0
15,0.15,138|People|5,0
15,0.15,138|People|6,0
15,0.15,138|People|7,0
15,0.15,138|People|8,1
15,0.15,138|People|9,0
15,0.15,138|People|10,0
15,0.15,138|Lamp|0,1
15,0.15,138|Lamp|1,0
15,0.15,138|Lamp|2,0
15,0.15,143|People|0,0
15,0.15,143|People|1,0
15,0.15,143|People|2,1
15,0.15,143|People|3,0
15,0.15,143|People|4,0
15,0.15,143|People|5,0
15,0.15,143|People|6,0
15,0.15,143|Lamp|0,0
15,0.15,143|Lamp|1,0
15,0.15,144|People|0,0
15,0.15,144|People|1,1
15,0.15,144|People|2,1
15,0.15,144|People|3,0
15,0.15,144|People|4,0
15,0.15,144|People|5,0
15,0.15,144|People|6,0
15,0.15,144|Lamp|0,1
15,0.15,144|Lamp|1,0
15,0.15,147|People|0,1
15,0.15,147|People|1,0
15,0.15,147|People|2,1
15,0.15,147|People|3,1
15,0.15,147|People|4,0
15,0.15,147|People|5,0
15,0.15,147|People|6,1
15,0.15,147|People|7,0
15,0.15,147|People|8,0
15,0.15,147|People|9,1
15,0.15,147|People|10,0
15,0.15,147|People|11,1
15,0.15,147|Lamp|0,0
15,0.15,186|People|0,0
15,0.15,186|People|1,1
15,0.15,186|People|2,0
15,0.15,186|People|3,0
15,0.15,186|People|4,0
15,0.15,186|People|5,1
15,0.15,186|Lamp|0,1
15,0.15,187|People|0,0
15,0.15,187|People|1,1
15,0.15,187|People|2,0
15,0.15,187|People|3,1
15,0.15,187|People|4,0
15,0.15,187|People|5,0
15,0.15,187|Lamp|0,1
15,0.15,188|People|0,1
15,0.15,188|People|1,1
15,0.15,188|People|2,1
15,0.15,188|People|3,1
15,0.15,188|People|4,0
15,0.15,188|People|5,0
15,0.15,188|Lamp|0,1
15,0.15,191|People|0,1
15,0.15,191|People|1,1
15,0.15,191|People|2,1
15,0.15,191|People|3,1
15,0.15,191|People|4,1
15,0.15,191|People|5,1
15,0.15,191|Lamp|0,1
15,0.15,193|People|0,1
15,0.15,193|People|1,1
15,0.15,193|People|2,1
15,0.15,193|People|3,1
15,0.15,193|People|4,1
15,0.15,193|People|5,1
15,0.15,193|Lamp|0,1
15,0.15,196|People|0,1
15,0.15,196|People|1,1
15,0.15,196|People|2,1
15,0.15,196|People|3,1
15,0.15,196|People|4,1
15,0.15,196|People|5,0
15,0.15,196|People|6,1
15,0.15,196|People|7,1
15,0.15,196|People|8,1
15,0.15,196|Lamp|0,1
15,0.15,196|Lamp|1,1
15,0.15,196|Lamp|2,0
15,0.15,199|People|0,1
15,0.15,199|People|1,1
15,0.15,199|People|2,1
15,0.15,199|People|3,1
15,0.15,199|People|4,1
15,0.15,199|People|5,1
15,0.15,199|People|6,1
15,0.15,199|Lamp|0,1
15,0.15,199|Lamp|1,0
15,0.15,204|People|0,1
15,0.15,204|People|1,1
15,0.15,204|People|2,1
15,0.15,204|People|3,1
15,0.15,204|People|4,1
15,0.15,204|People|5,1
15,0.15,204|People|6,1
15,0.15,204|People|7,1
15,0.15,204|Lamp|0,1
15,0.15,204|Lamp|1,1
15,0.15,204|Lamp|2,0
15,0.15,205|People|0,0
15,0.15,205|People|1,1
15,0.15,205|People|2,1
15,0.15,205|People|3,1
15,0.15,205|People|4,1
15,0.15,205|People|5,1
15,0.15,205|People|6,1
15,0.15,205|People|7,0
15,0.15,205|People|8,1
15,0.15,205|Lamp|0,1
15,0.15,205|Lamp|1,1
15,0.15,205|Lamp|2,0
15,0.15,206|People|0,1
15,0.15,206|People|1,1
15,0.15,206|People|2,1
15,0.15,206|People|3,1
15,0.15,206|People|4,1
15,0.15,206|People|5,0
15,0.15,206|People|6,0
15,0.15,206|People|7,0
15,0.15,206|Lamp|0,1
15,0.15,209|People|0,1
15,0.15,209|Lamp|0,1
15,0.15,210|People|0,1
15,0.15,210|People|1,1
15,0.15,210|People|2,0
15,0.15,210|Lamp|0,1
15,0.15,213|People|0,1
15,0.15,213|People|1,1
15,0.15,213|People|2,1
15,0.15,213|People|3,0
15,0.15,213|People|4,0
15,0.15,213|People|5,0
15,0.15,213|People|6,0
15,0.15,213|People|7,0
15,0.15,213|Lamp|0,1
15,0.15,213|Lamp|1,1
15,0.15,213|Lamp|2,0
15,0.15,217|People|0,0
15,0.15,217|People|1,0
15,0.15,217|Lamp|0,0
15,0.15,222|People|0,1
15,0.15,222|People|1,1
15,0.15,222|People|2,0
15,0.15,222|People|3,1
15,0.15,222|People|4,1
15,0.15,222|People|5,1
15,0.15,222|People|6,1
15,0.15,222|People|7,0
15,0.15,222|People|8,1
15,0.15,222|Lamp|0,0
15,0.15,222|Lamp|1,0
15,0.15,222|Lamp|2,1
15,0.15,222|Lamp|3,1
15,0.15,222|Lamp|4,0
15,0.15,222|Lamp|5,1
15,0.15,222|Lamp|6,0
15,0.15,231|People|0,0
15,0.15,231|People|1,1
15,0.15,231|People|2,1
15,0.15,231|People|3,1
15,0.15,231|People|4,1
15,0.15,231|People|5,0
15,0.15,231|People|6,1
15,0.15,231|People|7,1
15,0.15,231|People|8,0
15,0.15,231|People|9,1
15,0.15,231|People|10,0
15,0.15,231|People|11,0
15,0.15,231|Lamp|0,1
15,0.15,231|Lamp|1,1
15,0.15,231|Lamp|2,1
15,0.15,231|Lamp|3,1
15,0.15,231|Lamp|4,1
15,0.15,232|People|0,0
15,0.15,232|People|1,0
15,0.15,232|People|2,0
15,0.15,232|People|3,1
15,0.15,232|People|4,0
15,0.15,232|People|5,1
15,0.15,232|People|6,1
15,0.15,232|People|7,1
15,0.15,232|People|8,1
15,0.15,232|People|9,0
15,0.15,232|People|10,0
15,0.15,232|People|11,0
15,0.15,232|Lamp|0,1
15,0.15,232|Lamp|1,0
15,0.15,232|Lamp|2,1
15,0.15,232|Lamp|3,1
15,0.15,232|Lamp|4,0
15,0.15,232|Lamp|5,0
15,0.15,240|People|0,1
15,0.15,240|People|1,0
15,0.15,240|People|2,1
15,0.15,240|People|3,1
15,0.15,240|People|4,1
15,0.15,240|People|5,1
15,0.15,240|People|6,0
15,0.15,240|Lamp|0,0
15,0.15,240|Lamp|1,0
15,0.15,240|Lamp|2,1
15,0.15,240|Lamp|3,0
15,0.15,240|Lamp|4,1
15,0.15,388|People|0,1
15,0.15,388|People|1,1
15,0.15,388|People|2,1
15,0.15,388|People|3,1
15,0.15,388|People|4,1
15,0.15,388|People|5,1
15,0.15,388|People|6,1
15,0.15,388|People|7,1
15,0.15,388|People|8,1
15,0.15,388|People|9,1
15,0.15,388|Lamp|0,1
15,0.15,389|People|0,1
15,0.15,389|People|1,1
15,0.15,389|People|2,0
15,0.15,389|People|3,1
15,0.15,389|People|4,1
15,0.15,389|People|5,1
15,0.15,389|People|6,1
15,0.15,389|People|7,1
15,0.15,389|People|8,1
15,0.15,389|People|9,1
15,0.15,389|Lamp|0,0
15,0.15,389|Lamp|1,1
15,0.15,392|People|0,1
15,0.15,392|People|1,1
15,0.15,392|People|2,0
15,0.15,392|People|3,1
15,0.15,392|Lamp|0,1
15,0.15,392|Lamp|1,1
15,0.15,394|People|0,1
15,0.15,394|People|1,1
15,0.15,394|People|2,1
15,0.15,394|People|3,1
15,0.15,394|People|4,1
15,0.15,394|People|5,1
15,0.15,394|Lamp|0,1
15,0.15,394|Lamp|1,1
15,0.15,395|People|0,0
15,0.15,395|People|1,0
15,0.15,395|People|2,1
15,0.15,395|People|3,1
15,0.15,395|People|4,1
15,0.15,395|People|5,1
15,0.15,395|People|6,1
15,0.15,395|Lamp|0,1
15,0.15,395|Lamp|1,1
15,0.15,396|People|0,0
15,0.15,396|People|1,0
15,0.15,396|People|2,1
15,0.15,396|People|3,1
15,0.15,396|People|4,1
15,0.15,396|People|5,1
15,0.15,396|Lamp|0,1
15,0.15,396|Lamp|1,1
15,0.15,409|People|0,1
15,0.15,409|People|1,1
15,0.15,409|People|2,0
15,0.15,409|People|3,1
15,0.15,409|People|4,1
15,0.15,409|Lamp|0,0
15,0.15,410|People|0,1
15,0.15,410|People|1,0
15,0.15,410|People|2,0
15,0.15,410|People|3,1
15,0.15,410|People|4,0
15,0.15,410|People|5,1
15,0.15,410|Lamp|0,1
15,0.15,413|People|0,1
15,0.15,413|People|1,1
15,0.15,413|People|2,1
15,0.15,413|People|3,0
15,0.15,413|People|4,1
15,0.15,413|People|5,0
15,0.15,413|Lamp|0,0
15,0.15,419|People|0,0
15,0.15,419|People|1,0
15,0.15,419|Lamp|0,1
15,0.15,419|Lamp|1,1
15,0.15,422|People|0,1
15,0.15,422|People|1,1
15,0.15,422|People|2,1
15,0.15,422|People|3,1
15,0.15,422|People|4,1
15,0.15,422|Lamp|0,0
15,0.15,425|People|0,0
15,0.15,425|People|1,1
15,0.15,425|People|2,1
15,0.15,425|People|3,1
15,0.15,425|People|4,0
15,0.15,425|People|5,1
15,0.15,425|People|6,1
15,0.15,425|People|7,0
15,0.15,425|Lamp|0,0
15,0.15,427|People|0,0
15,0.15,427|People|1,0
15,0.15,427|People|2,0
15,0.15,427|People|3,1
15,0.15,427|People|4,1
15,0.15,427|People|5,1
15,0.15,427|People|6,1
15,0.15,427|People|7,1
15,0.15,427|Lamp|0,0
15,0.15,428|People|0,0
15,0.15,428|People|1,0
15,0.15,428|People|2,1
15,0.15,428|People|3,1
15,0.15,428|People|4,1
15,0.15,428|People|5,1
15,0.15,428|People|6,1
15,0.15,428|Lamp|0,0
15,0.15,438|People|0,1
15,0.15,438|People|1,1
15,0.15,438|People|2,0
15,0.15,438|People|3,0
15,0.15,438|People|4,0
15,0.15,438|Lamp|0,1
15,0.15,438|Lamp|1,0
15,0.15,438|Lamp|2,1
15,0.15,438|Lamp|3,1
15,0.15,440|People|0,1
15,0.15,440|People|1,1
15,0.15,440|People|2,0
15,0.15,440|People|3,0
15,0.15,440|People|4,0
15,0.15,440|People|5,0
15,0.15,440|People|6,0
15,0.15,440|Lamp|0,1
15,0.15,440|Lamp|1,1
15,0.15,440|Lamp|2,1
15,0.15,440|Lamp|3,1
15,0.15,442|People|0,1
15,0.15,442|People|1,1
15,0.15,442|People|2,0
15,0.15,442|People|3,0
15,0.15,442|People|4,0
15,0.15,442|People|5,1
15,0.15,442|People|6,1
15,0.15,442|People|7,1
15,0.15,442|Lamp|0,1
15,0.15,442|Lamp|1,1
15,0.15,442|Lamp|2,1
15,0.15,442|Lamp|3,1
15,0.15,444|People|0,1
15,0.15,444|People|1,1
15,0.15,444|People|2,0
15,0.15,444|People|3,0
15,0.15,444|People|4,0
15,0.15,444|People|5,0
15,0.15,444|Lamp|0,1
15,0.15,444|Lamp|1,1
15,0.15,444|Lamp|2,1
15,0.15,444|Lamp|3,0
15,0.15,448|People|0,1
15,0.15,448|People|1,1
15,0.15,448|People|2,1
15,0.15,448|People|3,0
15,0.15,448|People|4,0
15,0.15,448|People|5,0
15,0.15,448|People|6,0
15,0.15,448|Lamp|0,1
15,0.15,448|Lamp|1,1
15,0.15,448|Lamp|2,0
15,0.15,448|Lamp|3,0
15,0.15,448|Lamp|4,0
15,0.15,448|Lamp|5,0
15,0.15,449|People|0,1
15,0.15,449|People|1,1
15,0.15,449|People|2,1
15,0.15,449|People|3,0
15,0.15,449|People|4,0
15,0.15,449|People|5,0
15,0.15,449|Lamp|0,0
15,0.15,449|Lamp|1,1
15,0.15,449|Lamp|2,1
15,0.15,449|Lamp|3,0
15,0.15,449|Lamp|4,1
15,0.15,452|People|0,1
15,0.15,452|People|1,1
15,0.15,452|Lamp|0,1
15,0.15,452|Lamp|1,0
15,0.15,452|Lamp|2,1
15,0.15,453|People|0,1
15,0.15,453|Lamp|0,1
15,0.15,453|Lamp|1,1
15,0.15,453|Lamp|2,0
15,0.15,453|Lamp|3,1
15,0.15,459|People|0,1
15,0.15,459|People|1,0
15,0.15,459|People|2,1
15,0.15,459|People|3,1
15,0.15,459|People|4,1
15,0.15,459|People|5,1
15,0.15,459|Lamp|0,1
15,0.15,459|Lamp|1,0
15,0.15,459|Lamp|2,0
15,0.15,462|People|0,1
15,0.15,462|People|1,1
15,0.15,462|People|2,1
15,0.15,462|People|3,1
15,0.15,462|People|4,1
15,0.15,462|People|5,1
15,0.15,462|People|6,1
15,0.15,462|Lamp|0,1
15,0.15,462|Lamp|1,0
15,0.15,466|People|0,1
15,0.15,466|People|1,1
15,0.15,466|People|2,1
15,0.15,466|People|3,1
15,0.15,466|People|4,1
15,0.15,466|People|5,1
15,0.15,466|Lamp|0,1
15,0.15,466|Lamp|1,0
15,0.15,468|People|0,1
15,0.15,468|People|1,1
15,0.15,468|People|2,1
15,0.15,468|People|3,1
15,0.15,468|People|4,1
15,0.15,468|People|5,1
15,0.15,468|People|6,1
15,0.15,468|Lamp|0,1
15,0.15,468|Lamp|1,0
15,0.15,470|People|0,1
15,0.15,470|People|1,0
15,0.15,470|Lamp|0,1
15,0.15,476|People|0,0
15,0.15,476|People|1,1
15,0.15,476|Lamp|0,0
15,0.15,478|People|0,0
15,0.15,478|Lamp|0,0
15,0.15,479|People|0,1
15,0.15,479|Lamp|0,1
15,0.15,480|People|0,1
15,0.15,480|People|1,0
15,0.15,480|People|2,0
15,0.15,480|Lamp|0,0
15,0.15,486|People|0,1
15,0.15,486|People|1,0
15,0.15,486|People|2,0
15,0.15,486|People|3,0
15,0.15,486|People|4,1
15,0.15,486|People|5,1
15,0.15,486|People|6,0
15,0.15,486|Lamp|0,0
15,0.15,489|People|0,1
15,0.15,489|People|1,0
15,0.15,489|People|2,1
15,0.15,489|People|3,1
15,0.15,489|People|4,0
15,0.15,489|People|5,0
15,0.15,489|People|6,0
15,0.15,489|People|7,0
15,0.15,489|People|8,0
15,0.15,489|People|9,0
15,0.15,489|Lamp|0,1
15,0.15,489|Lamp|1,0
15,0.15,493|People|0,0
15,0.15,493|People|1,1
15,0.15,493|People|2,1
15,0.15,493|People|3,1
15,0.15,493|People|4,1
15,0.15,493|People|5,1
15,0.15,493|People|6,1
15,0.15,493|People|7,0
15,0.15,493|Lamp|0,0
15,0.15,494|People|0,1
15,0.15,494|People|1,0
15,0.15,494|People|2,0
15,0.15,494|People|3,0
15,0.15,494|People|4,0
15,0.15,494|Lamp|0,1
15,0.15,494|Lamp|1,1
15,0.15,494|Lamp|2,1
15,0.15,503|People|0,0
15,0.15,503|People|1,0
15,0.15,503|Lamp|0,1
15,0.15,503|Lamp|1,1
15,0.15,505|People|0,0
15,0.15,505|People|1,0
15,0.15,505|People|2,0
15,0.15,505|People|3,0
15,0.15,505|People|4,1
15,0.15,505|Lamp|0,1
15,0.15,507|People|0,1
15,0.15,507|People|1,0
15,0.15,507|People|2,0
15,0.15,507|People|3,0
15,0.15,507|People|4,0
15,0.15,507|People|5,1
15,0.15,507|People|6,1
15,0.15,507|Lamp|0,0
15,0.15,1190|People|0,0
15,0.15,1190|People|1,0
15,0.15,1190|People|2,0
15,0.15,1190|People|3,0
15,0.15,1190|People|4,0
15,0.15,1190|People|5,0
15,0.15,1190|People|6,1
15,0.15,1190|People|7,0
15,0.15,1190|Lamp|0,0
15,0.15,1196|People|0,1
15,0.15,1196|People|1,0
15,0.15,1196|Lamp|0,1
15,0.15,1199|People|0,0
15,0.15,1199|People|1,0
15,0.15,1199|People|2,0
15,0.15,1199|Lamp|0,1
15,0.15,1200|People|0,0
15,0.15,1200|People|1,1
15,0.15,1200|Lamp|0,1
15,0.15,1204|People|0,1
15,0.15,1204|People|1,1
15,0.15,1204|People|2,0
15,0.15,1204|People|3,0
15,0.15,1204|Lamp|0,0
15,0.15,1206|People|0,1
15,0.15,1206|People|1,1
15,0.15,1206|People|2,0
15,0.15,1206|Lamp|0,0
15,0.15,1207|People|0,1
15,0.15,1207|People|1,1
15,0.15,1207|People|2,0
15,0.15,1207|Lamp|0,0
15,0.15,1211|People|0,1
15,0.15,1211|People|1,1
15,0.15,1211|People|2,0
15,0.15,1211|People|3,0
15,0.15,1211|Lamp|0,0
15,0.15,1213|People|0,1
15,0.15,1213|People|1,1
15,0.15,1213|Lamp|0,0
15,0.15,1216|People|0,1
15,0.15,1216|People|1,1
15,0.15,1216|Lamp|0,0
15,0.15,1218|People|0,1
15,0.15,1218|People|1,1
15,0.15,1218|Lamp|0,0
15,0.15,1219|People|0,1
15,0.15,1219|People|1,0
15,0.15,1219|People|2,0
15,0.15,1219|People|3,0
15,0.15,1219|Lamp|0,1
15,0.15,1219|Lamp|1,1
15,0.15,1221|People|0,1
15,0.15,1221|People|1,1
15,0.15,1221|People|2,0
15,0.15,1221|Lamp|0,0
15,0.15,1222|People|0,1
15,0.15,1222|People|1,1
15,0.15,1222|People|2,0
15,0.15,1222|Lamp|0,0
15,0.15,1225|People|0,0
15,0.15,1225|People|1,0
15,0.15,1225|People|2,0
15,0.15,1225|People|3,0
15,0.15,1225|People|4,0
15,0.15,1225|People|5,0
15,0.15,1225|People|6,0
15,0.15,1225|Lamp|0,1
15,0.15,1225|Lamp|1,0
15,0.15,1226|People|0,0
15,0.15,1226|People|1,0
15,0.15,1226|People|2,0
15,0.15,1226|People|3,0
15,0.15,1226|People|4,0
15,0.15,1226|Lamp|0,0
15,0.15,1226|Lamp|1,1
15,0.15,1226|Lamp|2,0
15,0.15,1228|People|0,0
15,0.15,1228|Lamp|0,1
15,0.15,1266|People|0,0
15,0.15,1266|People|1,0
15,0.15,1266|Lamp|0,1
15,0.15,1266|Lamp|1,1
15,0.15,1268|People|0,1
15,0.15,1268|Lamp|0,1
15,0.15,1268|Lamp|1,0
15,0.15,1268|Lamp|2,0
15,0.15,1268|Lamp|3,0
15,0.15,1273|People|0,0
15,0.15,1273|Lamp|0,0
15,0.15,1273|Lamp|1,0
15,0.15,1274|People|0,0
15,0.15,1274|Lamp|0,0
15,0.15,1274|Lamp|1,1
15,0.15,1274|Lamp|2,0
15,0.15,1285|People|0,1
15,0.15,1285|Lamp|0,1
15,0.15,1285|Lamp|1,1
15,0.15,1285|Lamp|2,1
15,0.15,1291|People|0,0
15,0.15,1291|Lamp|0,0
15,0.15,1291|Lamp|1,1
15,0.15,1295|People|0,1
15,0.15,1295|People|1,0
15,0.15,1295|People|2,0
15,0.15,1295|Lamp|0,1
15,0.15,1299|People|0,1
15,0.15,1299|People|1,0
15,0.15,1299|People|2,0
15,0.15,1299|Lamp|0,0
15,0.15,2046|People|0,1
15,0.15,2046|People|1,1
15,0.15,2046|Lamp|0,1
15,0.15,2046|Lamp|1,1
15,0.15,2046|Lamp|2,1
15,0.15,2046|Lamp|3,0
15,0.15,2050|People|0,1
15,0.15,2050|People|1,0
15,0.15,2050|Lamp|0,0
15,0.15,2050|Lamp|1,0
15,0.15,2050|Lamp|2,1
15,0.15,2050|Lamp|3,0
15,0.15,2051|People|0,1
15,0.15,2051|People|1,0
15,0.15,2051|Lamp|0,0
15,0.15,2051|Lamp|1,0
15,0.15,2051|Lamp|2,1
15,0.15,2051|Lamp|3,0
15,0.15,2052|People|0,1
15,0.15,2052|People|1,0
15,0.15,2052|Lamp|0,1
15,0.15,2052|Lamp|1,1
15,0.15,2052|Lamp|2,0
15,0.15,2052|Lamp|3,1
15,0.15,2056|People|0,1
15,0.15,2056|People|1,1
15,0.15,2056|Lamp|0,1
15,0.15,2056|Lamp|1,0
15,0.15,2056|Lamp|2,1
15,0.15,2056|Lamp|3,0
15,0.15,2057|People|0,1
15,0.15,2057|People|1,1
15,0.15,2057|Lamp|0,1
15,0.15,2057|Lamp|1,0
15,0.15,2057|Lamp|2,0
15,0.15,2057|Lamp|3,1
15,0.15,2058|People|0,1
15,0.15,2058|People|1,1
15,0.15,2058|Lamp|0,0
15,0.15,2058|Lamp|1,0
15,0.15,2058|Lamp|2,1
15,0.15,2058|Lamp|3,0
15,0.15,2058|Lamp|4,0
15,0.15,2058|Lamp|5,0
15,0.15,2059|People|0,1
15,0.15,2059|People|1,0
15,0.15,2059|Lamp|0,1
15,0.15,2059|Lamp|1,0
15,0.15,2059|Lamp|2,0
15,0.15,2059|Lamp|3,0
15,0.15,2061|People|0,1
15,0.15,2061|People|1,1
15,0.15,2061|Lamp|0,1
15,0.15,2061|Lamp|1,0
15,0.15,2061|Lamp|2,0
15,0.15,2061|Lamp|3,1
15,0.15,2061|Lamp|4,0
15,0.15,2061|Lamp|5,0
15,0.15,2065|People|0,1
15,0.15,2065|People|1,1
15,0.15,2065|Lamp|0,0
15,0.15,2065|Lamp|1,0
15,0.15,2065|Lamp|2,1
15,0.15,2065|Lamp|3,1
15,0.15,2065|Lamp|4,0
15,0.15,2065|Lamp|5,1
15,0.15,2067|People|0,1
15,0.15,2067|People|1,0
15,0.15,2067|Lamp|0,1
15,0.15,2067|Lamp|1,0
15,0.15,2067|Lamp|2,0
15,0.15,2067|Lamp|3,1
15,0.15,2068|People|0,1
15,0.15,2068|People|1,0
15,0.15,2068|Lamp|0,1
15,0.15,2068|Lamp|1,1
15,0.15,2068|Lamp|2,0
15,0.15,2068|Lamp|3,0
15,0.15,2069|People|0,1
15,0.15,2069|People|1,0
15,0.15,2069|Lamp|0,1
15,0.15,2069|Lamp|1,1
15,0.15,2069|Lamp|2,0
15,0.15,2069|Lamp|3,0
15,0.15,2069|Lamp|4,0
15,0.15,2069|Lamp|5,0
15,0.15,2070|People|0,1
15,0.15,2070|People|1,0
15,0.15,2070|Lamp|0,1
15,0.15,2070|Lamp|1,0
15,0.15,2070|Lamp|2,1
15,0.15,2070|Lamp|3,1
15,0.15,2072|People|0,1
15,0.15,2072|People|1,0
15,0.15,2072|Lamp|0,1
15,0.15,2072|Lamp|1,0
15,0.15,2072|Lamp|2,0
15,0.15,2072|Lamp|3,0
15,0.15,2072|Lamp|4,0
15,0.15,2072|Lamp|5,1
15,0.15,2073|People|0,1
15,0.15,2073|People|1,0
15,0.15,2073|Lamp|0,1
15,0.15,2073|Lamp|1,0
15,0.15,2073|Lamp|2,1
15,0.15,2073|Lamp|3,0
15,0.15,2073|Lamp|4,0
15,0.15,2073|Lamp|5,1
15,0.15,2074|People|0,1
15,0.15,2074|People|1,0
15,0.15,2074|Lamp|0,1
15,0.15,2074|Lamp|1,0
15,0.15,2074|Lamp|2,0
15,0.15,2074|Lamp|3,0
15,0.15,2074|Lamp|4,1
15,0.15,2074|Lamp|5,1
15,0.15,2074|Lamp|6,0
15,0.15,2074|Lamp|7,1
15,0.15,2076|People|0,1
15,0.15,2076|People|1,1
15,0.15,2076|Lamp|0,1
15,0.15,2076|Lamp|1,0
15,0.15,2076|Lamp|2,0
15,0.15,2076|Lamp|3,0
15,0.15,2076|Lamp|4,1
15,0.15,2076|Lamp|5,1
15,0.15,2076|Lamp|6,1
15,0.15,2076|Lamp|7,0
15,0.15,2082|People|0,1
15,0.15,2082|People|1,1
15,0.15,2082|Lamp|0,0
15,0.15,2082|Lamp|1,0
15,0.15,2082|Lamp|2,0
15,0.15,2082|Lamp|3,0
15,0.15,2082|Lamp|4,1
15,0.15,2082|Lamp|5,0
15,0.15,2084|People|0,1
15,0.15,2084|People|1,1
15,0.15,2084|Lamp|0,1
15,0.15,2084|Lamp|1,1
15,0.15,2084|Lamp|2,0
15,0.15,2084|Lamp|3,0
15,0.15,2084|Lamp|4,0
15,0.15,2084|Lamp|5,0
15,0.15,2087|People|0,1
15,0.15,2087|People|1,1
15,0.15,2087|Lamp|0,0
15,0.15,2087|Lamp|1,1
15,0.15,2087|Lamp|2,1
15,0.15,2090|People|0,1
15,0.15,2090|People|1,1
15,0.15,2090|Lamp|0,0
15,0.15,2090|Lamp|1,0
15,0.15,2090|Lamp|2,1
15,0.15,2090|Lamp|3,1
15,0.15,2091|People|0,1
15,0.15,2091|People|1,1
15,0.15,2091|Lamp|0,0
15,0.15,2091|Lamp|1,1
15,0.15,2091|Lamp|2,1
15,0.15,2091|Lamp|3,0
15,0.15,2091|Lamp|4,0
15,0.15,2091|Lamp|5,1
15,0.15,2092|People|0,1
15,0.15,2092|People|1,1
15,0.15,2092|Lamp|0,0
15,0.15,2092|Lamp|1,0
15,0.15,2092|Lamp|2,1
15,0.15,2092|Lamp|3,0
15,0.15,2092|Lamp|4,0
15,0.15,2092|Lamp|5,1
15,0.15,2093|People|0,1
15,0.15,2093|People|1,0
15,0.15,2093|Lamp|0,0
15,0.15,2093|Lamp|1,0
15,0.15,2093|Lamp|2,0
15,0.15,2093|Lamp|3,0
15,0.15,2093|Lamp|4,1
15,0.15,2093|Lamp|5,1
15,0.15,2120|People|0,0
15,0.15,2120|People|1,1
15,0.15,2120|People|2,0
15,0.15,2120|Lamp|0,1
15,0.15,2127|People|0,0
15,0.15,2127|People|1,0
15,0.15,2127|People|2,1
15,0.15,2127|Lamp|0,1
15,0.15,2127|Lamp|1,0
15,0.15,2127|Lamp|2,0
15,0.15,2127|Lamp|3,0
15,0.15,2129|People|0,0
15,0.15,2129|People|1,1
15,0.15,2129|People|2,0
15,0.15,2129|Lamp|0,0
15,0.15,2129|Lamp|1,1
15,0.15,2139|People|0,1
15,0.15,2139|Lamp|0,1
15,0.15,2139|Lamp|1,1
15,0.15,2139|Lamp|2,1
15,0.15,2140|People|0,0
15,0.15,2140|Lamp|0,1
15,0.15,2140|Lamp|1,1
15,0.15,2140|Lamp|2,0
15,0.15,2149|People|0,1
15,0.15,2149|Lamp|0,1
15,0.15,2149|Lamp|1,1
15,0.15,2150|People|0,1
15,0.15,2150|Lamp|0,1
15,0.15,2150|Lamp|1,1
15,0.15,2151|People|0,1
15,0.15,2151|Lamp|0,1
15,0.15,2151|Lamp|1,1
15,0.15,2158|People|0,0
15,0.15,2158|Lamp|0,1
15,0.15,2158|Lamp|1,1
15,0.15,2160|People|0,1
15,0.15,2160|Lamp|0,1
15,0.15,2160|Lamp|1,1
15,0.15,2190|People|0,1
15,0.15,2190|People|1,1
15,0.15,2190|People|2,0
15,0.15,2190|Lamp|0,1
15,0.15,2190|Lamp|1,1
15,0.15,2191|People|0,1
15,0.15,2191|People|1,0
15,0.15,2191|People|2,1
15,0.15,2191|Lamp|0,1
15,0.15,2191|Lamp|1,1
15,0.15,2193|People|0,1
15,0.15,2193|People|1,1
15,0.15,2193|People|2,0
15,0.15,2193|Lamp|0,1
15,0.15,2193|Lamp|1,1
15,0.15,2195|People|0,1
15,0.15,2195|People|1,1
15,0.15,2195|People|2,1
15,0.15,2195|Lamp|0,1
15,0.15,2195|Lamp|1,1
15,0.15,2200|People|0,0
15,0.15,2200|Lamp|0,1
15,0.15,2200|Lamp|1,1
15,0.15,2217|People|0,0
15,0.15,2217|Lamp|0,0
15,0.15,2217|Lamp|1,0
15,0.15,2218|People|0,0
15,0.15,2218|Lamp|0,0
15,0.15,2218|Lamp|1,0
15,0.15,2226|People|0,0
15,0.15,2226|Lamp|0,1
15,0.15,2226|Lamp|1,1
15,0.15,2226|Lamp|2,1
15,0.15,2226|Lamp|3,1
15,0.15,2226|Lamp|4,1
15,0.15,2292|People|0,0
15,0.15,2292|Lamp|0,0
15,0.15,2292|Lamp|1,0
15,0.15,2292|Lamp|2,0
15,0.15,2292|Lamp|3,0
15,0.15,2293|People|0,0
15,0.15,2293|Lamp|0,0
15,0.15,2293|Lamp|1,0
15,0.15,2293|Lamp|2,0
15,0.15,2293|Lamp|3,0
15,0.15,2295|People|0,0
15,0.15,2295|Lamp|0,0
15,0.15,2295|Lamp|1,0
15,0.15,2295|Lamp|2,0
15,0.15,2295|Lamp|3,0
15,0.15,2295|Lamp|4,0
15,0.15,2295|Lamp|5,0
15,0.15,2295|Lamp|6,0
15,0.15,2295|Lamp|7,0
15,0.15,2297|People|0,0
15,0.15,2297|Lamp|0,0
15,0.15,2297|Lamp|1,0
15,0.15,2297|Lamp|2,0
15,0.15,2297|Lamp|3,0
15,0.15,2297|Lamp|4,0
15,0.15,2298|People|0,0
15,0.15,2298|Lamp|0,0
15,0.15,2298|Lamp|1,0
15,0.15,2298|Lamp|2,0
15,0.15,2298|Lamp|3,0
15,0.15,2298|Lamp|4,1
15,0.15,2299|People|0,0
15,0.15,2299|Lamp|0,0
15,0.15,2299|Lamp|1,0
15,0.15,2299|Lamp|2,0
15,0.15,2299|Lamp|3,0
15,0.15,2299|Lamp|4,0
15,0.15,2299|Lamp|5,1
15,0.15,2328|People|0,1
15,0.15,2328|People|1,0
15,0.15,2328|People|2,0
15,0.15,2328|Lamp|0,0
15,0.15,2332|People|0,1
15,0.15,2332|People|1,1
15,0.15,2332|People|2,0
15,0.15,2332|People|3,0
15,0.15,2332|Lamp|0,0
15,0.15,2335|People|0,1
15,0.15,2335|People|1,1
15,0.15,2335|People|2,0
15,0.15,2335|People|3,0
15,0.15,2335|Lamp|0,0
15,0.15,2337|People|0,0
15,0.15,2337|People|1,0
15,0.15,2337|Lamp|0,0
15,0.15,2453|People|0,0
15,0.15,2453|People|1,0
15,0.15,2453|Lamp|0,0
15,0.15,2456|People|0,1
15,0.15,2456|Lamp|0,0
15,0.15,2456|Lamp|1,0
15,0.15,2456|Lamp|2,0
15,0.15,2457|People|0,1
15,0.15,2457|Lamp|0,0
15,0.15,2457|Lamp|1,0
15,0.15,2457|Lamp|2,0
15,0.15,2457|Lamp|3,0
15,0.15,2465|People|0,0
15,0.15,2465|Lamp|0,0
15,0.15,2465|Lamp|1,0
15,0.15,2465|Lamp|2,0
15,0.15,2467|People|0,0
15,0.15,2467|Lamp|0,0
15,0.15,2467|Lamp|1,0
15,0.15,2468|People|0,0
15,0.15,2468|People|1,0
15,0.15,2468|Lamp|0,0
15,0.15,2468|Lamp|1,0
15,0.15,2478|People|0,1
15,0.15,2478|People|1,1
15,0.15,2478|People|2,0
15,0.15,2478|People|3,0
15,0.15,2478|Lamp|0,1
15,0.15,2478|Lamp|1,1
15,0.15,2489|People|0,0
15,0.15,2489|People|1,1
15,0.15,2489|People|2,0
15,0.15,2489|People|3,1
15,0.15,2489|People|4,0
15,0.15,2489|People|5,1
15,0.15,2489|Lamp|0,0
15,0.15,2489|Lamp|1,0
15,0.15,2490|People|0,0
15,0.15,2490|People|1,1
15,0.15,2490|People|2,0
15,0.15,2490|People|3,0
15,0.15,2490|People|4,0
15,0.15,2490|Lamp|0,0
15,0.15,2490|Lamp|1,0
15,0.15,2491|People|0,0
15,0.15,2491|People|1,1
15,0.15,2491|People|2,1
15,0.15,2491|People|3,0
15,0.15,2491|People|4,0
15,0.15,2491|Lamp|0,0
15,0.15,2491|Lamp|1,0
15,0.15,2602|People|0,0
15,0.15,2602|Lamp|0,0
15,0.15,2602|Lamp|1,0
15,0.15,2602|Lamp|2,0
15,0.15,2606|People|0,0
15,0.15,2606|Lamp|0,0
15,0.15,2606|Lamp|1,0
15,0.15,2607|People|0,0
15,0.15,2607|Lamp|0,0
15,0.15,2607|Lamp|1,0
15,0.15,2622|People|0,1
15,0.15,2622|People|1,0
15,0.15,2622|People|2,0
15,0.15,2622|Lamp|0,1
15,0.15,2622|Lamp|1,1
15,0.15,2622|Lamp|2,1
15,0.15,2717|People|0,0
15,0.15,2717|People|1,0
15,0.15,2717|People|2,0
15,0.15,2717|Lamp|0,0
15,0.15,2720|People|0,0
15,0.15,2720|People|1,0
15,0.15,2720|People|2,0
15,0.15,2720|Lamp|0,0
15,0.15,2721|People|0,0
15,0.15,2721|People|1,0
15,0.15,2721|Lamp|0,0
15,0.15,2727|People|0,1
15,0.15,2727|People|1,0
15,0.15,2727|People|2,0
15,0.15,2727|People|3,0
15,0.15,2727|Lamp|0,0
15,0.15,2732|People|0,0
15,0.15,2732|People|1,0
15,0.15,2732|Lamp|0,0
15,0.15,2735|People|0,0
15,0.15,2735|People|1,0
15,0.15,2735|Lamp|0,0
15,0.15,2736|People|0,0
15,0.15,2736|People|1,0
15,0.15,2736|Lamp|0,0
15,0.15,2738|People|0,0
15,0.15,2738|People|1,0
15,0.15,2738|People|2,0
15,0.15,2738|Lamp|0,0
15,0.15,2940|People|0,1
15,0.15,2940|Lamp|0,0
15,0.15,2940|Lamp|1,0
15,0.15,2942|People|0,1
15,0.15,2942|Lamp|0,0
15,0.15,2942|Lamp|1,0
15,0.15,2942|Lamp|2,0
15,0.15,2942|Lamp|3,0
15,0.15,2942|Lamp|4,0
15,0.15,2945|People|0,1
15,0.15,2945|Lamp|0,0
15,0.15,2945|Lamp|1,0
15,0.15,2945|Lamp|2,0
15,0.15,2947|People|0,1
15,0.15,2947|Lamp|0,1
15,0.15,2947|Lamp|1,1
15,0.15,2947|Lamp|2,0
15,0.15,2947|Lamp|3,0
15,0.15,2947|Lamp|4,0
15,0.15,2949|People|0,0
15,0.15,2949|Lamp|0,1
15,0.15,2949|Lamp|1,0
15,0.15,2949|Lamp|2,0
15,0.15,2949|Lamp|3,0
15,0.15,2949|Lamp|4,0
15,0.15,2949|Lamp|5,0
15,0.15,2950|People|0,0
15,0.15,2950|People|1,0
15,0.15,2950|Lamp|0,1
15,0.15,2950|Lamp|1,0
15,0.15,2950|Lamp|2,0
15,0.15,2950|Lamp|3,0
15,0.15,2950|Lamp|4,0
15,0.15,2951|People|0,0
15,0.15,2951|Lamp|0,1
15,0.15,2951|Lamp|1,0
15,0.15,2951|Lamp|2,0
15,0.15,2951|Lamp|3,0
15,0.15,2951|Lamp|4,0
15,0.15,2953|People|0,0
15,0.15,2953|Lamp|0,0
15,0.15,2953|Lamp|1,1
15,0.15,2953|Lamp|2,0
15,0.15,2953|Lamp|3,0
15,0.15,2957|People|0,0
15,0.15,2957|Lamp|0,1
15,0.15,2957|Lamp|1,0
15,0.15,2957|Lamp|2,1
15,0.15,2957|Lamp|3,0
15,0.15,2957|Lamp|4,0
15,0.15,2957|Lamp|5,0
15,0.15,3024|People|0,0
15,0.15,3024|Lamp|0,0
15,0.15,3024|Lamp|1,0
15,0.15,3052|People|0,0
15,0.15,3052|Lamp|0,0
15,0.15,3053|People|0,0
15,0.15,3053|People|1,0
15,0.15,3053|Lamp|0,0
15,0.15,3053|Lamp|1,0
15,0.15,3054|People|0,0
15,0.15,3054|People|1,0
15,0.15,3054|People|2,0
15,0.15,3054|Lamp|0,0
15,0.15,3054|Lamp|1,0
15,0.15,3057|People|0,0
15,0.15,3057|People|1,0
15,0.15,3057|Lamp|0,0
15,0.15,3057|Lamp|1,0
15,0.15,3059|People|0,1
15,0.15,3059|People|1,0
15,0.15,3059|People|2,0
15,0.15,3059|Lamp|0,0
15,0.15,3059|Lamp|1,0
15,0.15,3060|People|0,1
15,0.15,3060|People|1,1
15,0.15,3060|People|2,0
15,0.15,3060|People|3,0
15,0.15,3060|Lamp|0,0
15,0.15,3060|Lamp|1,0
15,0.15,3061|People|0,0
15,0.15,3061|People|1,1
15,0.15,3061|People|2,1
15,0.15,3061|People|3,0
15,0.15,3061|Lamp|0,0
15,0.15,3061|Lamp|1,0
15,0.15,3063|People|0,1
15,0.15,3063|People|1,0
15,0.15,3063|Lamp|0,0
15,0.15,3063|Lamp|1,0
15,0.15,3063|Lamp|2,0
15,0.15,3063|Lamp|3,0
15,0.15,3066|People|0,0
15,0.15,3066|Lamp|0,0
15,0.15,3066|Lamp|1,0
15,0.15,3066|Lamp|2,1
15,0.15,3066|Lamp|3,0
15,0.15,3066|Lamp|4,0
15,0.15,3066|Lamp|5,0
15,0.15,3072|People|0,1
15,0.15,3072|People|1,0
15,0.15,3072|People|2,0
15,0.15,3072|People|3,0
15,0.15,3072|People|4,0
15,0.15,3072|People|5,0
15,0.15,3072|People|6,1
15,0.15,3072|People|7,1
15,0.15,3072|Lamp|0,0
15,0.15,3072|Lamp|1,1
15,0.15,3072|Lamp|2,0
15,0.15,3072|Lamp|3,0
15,0.15,3072|Lamp|4,0
15,0.15,3072|Lamp|5,0
15,0.15,3072|Lamp|6,0
15,0.15,3072|Lamp|7,0
15,0.15,3078|People|0,1
15,0.15,3078|People|1,1
15,0.15,3078|People|2,1
15,0.15,3078|People|3,1
15,0.15,3078|People|4,0
15,0.15,3078|People|5,0
15,0.15,3078|People|6,0
15,0.15,3078|Lamp|0,1
15,0.15,3078|Lamp|1,1
15,0.15,3078|Lamp|2,0
15,0.15,3078|Lamp|3,0
15,0.15,3079|People|0,1
15,0.15,3079|People|1,1
15,0.15,3079|People|2,0
15,0.15,3079|People|3,0
15,0.15,3079|Lamp|0,1
15,0.15,3079|Lamp|1,1
15,0.15,3079|Lamp|2,1
15,0.15,3116|People|0,1
15,0.15,3116|Lamp|0,1
15,0.15,3116|Lamp|1,0
15,0.15,3118|People|0,1
15,0.15,3118|Lamp|0,1
15,0.15,3118|Lamp|1,1
15,0.15,3119|People|0,1
15,0.15,3119|Lamp|0,1
15,0.15,3119|Lamp|1,1
15,0.15,3121|People|0,1
15,0.15,3121|Lamp|0,1
15,0.15,3121|Lamp|1,0
15,0.15,3124|People|0,1
15,0.15,3124|Lamp|0,0
15,0.15,3124|Lamp|1,1
15,0.15,3125|People|0,1
15,0.15,3125|Lamp|0,1
15,0.15,3125|Lamp|1,1
15,0.15,3302|People|0,1
15,0.15,3302|Lamp|0,1
15,0.15,3302|Lamp|1,1
15,0.15,3302|Lamp|2,1
15,0.15,3302|Lamp|3,0
15,0.15,3313|People|0,1
15,0.15,3313|People|1,0
15,0.15,3313|Lamp|0,0
15,0.15,3313|Lamp|1,0
15,0.15,3347|People|0,1
15,0.15,3347|People|1,0
15,0.15,3347|People|2,0
15,0.15,3347|Lamp|0,0
15,0.15,3347|Lamp|1,0
15,0.15,3349|People|0,0
15,0.15,3349|People|1,0
15,0.15,3349|People|2,0
15,0.15,3349|Lamp|0,0
15,0.15,3349|Lamp|1,0
15,0.15,3350|People|0,1
15,0.15,3350|People|1,0
15,0.15,3350|People|2,0
15,0.15,3350|People|3,0
15,0.15,3350|People|4,0
15,0.15,3350|Lamp|0,0
15,0.15,3350|Lamp|1,0
15,0.15,3378|People|0,0
15,0.15,3378|People|1,0
15,0.15,3378|People|2,1
15,0.15,3378|People|3,0
15,0.15,3378|Lamp|0,0
15,0.15,3378|Lamp|1,1
15,0.15,3378|Lamp|2,1
15,0.15,3378|Lamp|3,1
15,0.15,3378|Lamp|4,0
15,0.15,3381|People|0,0
15,0.15,3381|People|1,1
15,0.15,3381|People|2,1
15,0.15,3381|People|3,0
15,0.15,3381|People|4,0
15,0.15,3381|Lamp|0,1
15,0.15,3381|Lamp|1,1
15,0.15,3381|Lamp|2,1
15,0.15,3381|Lamp|3,0
15,0.15,3381|Lamp|4,0
15,0.15,3382|People|0,0
15,0.15,3382|People|1,1
15,0.15,3382|People|2,1
15,0.15,3382|Lamp|0,1
15,0.15,3382|Lamp|1,1
15,0.15,3382|Lamp|2,1
15,0.15,3382|Lamp|3,0
15,0.15,3382|Lamp|4,0
15,0.15,3383|People|0,0
15,0.15,3383|People|1,1
15,0.15,3383|People|2,1
15,0.15,3383|Lamp|0,1
15,0.15,3383|Lamp|1,1
15,0.15,3383|Lamp|2,1
15,0.15,3383|Lamp|3,0
15,0.15,3383|Lamp|4,0
15,0.15,3384|People|0,0
15,0.15,3384|People|1,0
15,0.15,3384|People|2,1
15,0.15,3384|People|3,1
15,0.15,3384|Lamp|0,1
15,0.15,3384|Lamp|1,1
15,0.15,3384|Lamp|2,1
15,0.15,3384|Lamp|3,0
15,0.15,3384|Lamp|4,0
15,0.15,3389|People|0,0
15,0.15,3389|People|1,1
15,0.15,3389|People|2,0
15,0.15,3389|People|3,1
15,0.15,3389|Lamp|0,1
15,0.15,3389|Lamp|1,0
15,0.15,3389|Lamp|2,1
15,0.15,3389|Lamp|3,0
15,0.15,3389|Lamp|4,0
15,0.15,3390|People|0,1
15,0.15,3390|People|1,0
15,0.15,3390|People|2,1
15,0.15,3390|People|3,1
15,0.15,3390|Lamp|0,1
15,0.15,3390|Lamp|1,0
15,0.15,3390|Lamp|2,0
15,0.15,3390|Lamp|3,0
15,0.15,3390|Lamp|4,0
15,0.15,3392|People|0,0
15,0.15,3392|People|1,1
15,0.15,3392|People|2,1
15,0.15,3392|People|3,0
15,0.15,3392|People|4,0
15,0.15,3392|People|5,1
15,0.15,3392|Lamp|0,1
15,0.15,3392|Lamp|1,1
15,0.15,3392|Lamp|2,1
15,0.15,3392|Lamp|3,0
15,0.15,3392|Lamp|4,0
15,0.15,3395|People|0,1
15,0.15,3395|People|1,1
15,0.15,3395|People|2,0
15,0.15,3395|People|3,1
15,0.15,3395|People|4,0
15,0.15,3395|People|5,0
15,0.15,3395|People|6,0
15,0.15,3395|People|7,0
15,0.15,3395|Lamp|0,1
15,0.15,3395|Lamp|1,0
15,0.15,3395|Lamp|2,1
15,0.15,3395|Lamp|3,0
15,0.15,3395|Lamp|4,0
15,0.15,3397|People|0,1
15,0.15,3397|People|1,1
15,0.15,3397|People|2,0
15,0.15,3397|People|3,1
15,0.15,3397|People|4,0
15,0.15,3397|People|5,0
15,0.15,3397|People|6,0
15,0.15,3397|Lamp|0,1
15,0.15,3397|Lamp|1,0
15,0.15,3397|Lamp|2,1
15,0.15,3397|Lamp|3,0
15,0.15,3397|Lamp|4,0
15,0.15,3398|People|0,1
15,0.15,3398|People|1,1
15,0.15,3398|People|2,0
15,0.15,3398|People|3,0
15,0.15,3398|People|4,0
15,0.15,3398|People|5,1
15,0.15,3398|Lamp|0,1
15,0.15,3398|Lamp|1,1
15,0.15,3398|Lamp|2,1
15,0.15,3398|Lamp|3,0
15,0.15,3398|Lamp|4,0
15,0.15,3405|People|0,1
15,0.15,3405|People|1,0
15,0.15,3405|People|2,0
15,0.15,3405|Lamp|0,1
15,0.15,3405|Lamp|1,1
15,0.15,3405|Lamp|2,1
15,0.15,3405|Lamp|3,1
15,0.15,3408|People|0,1
15,0.15,3408|People|1,0
15,0.15,3408|People|2,0
15,0.15,3408|People|3,0
15,0.15,3408|Lamp|0,1
15,0.15,3408|Lamp|1,1
15,0.15,3408|Lamp|2,1
15,0.15,3408|Lamp|3,1
15,0.15,3409|People|0,0
15,0.15,3409|People|1,0
15,0.15,3409|Lamp|0,1
15,0.15,3409|Lamp|1,1
15,0.15,3409|Lamp|2,1
15,0.15,3409|Lamp|3,1
15,0.15,3566|People|0,0
15,0.15,3566|Lamp|0,1
15,0.15,3681|People|0,0
15,0.15,3681|Lamp|0,1
15,0.15,3681|Lamp|1,1
15,0.15,3681|Lamp|2,1
15,0.15,3681|Lamp|3,1
15,0.15,3682|People|0,0
15,0.15,3682|Lamp|0,1
15,0.15,3682|Lamp|1,1
15,0.15,3682|Lamp|2,1
15,0.15,3682|Lamp|3,1
15,0.15,3683|People|0,0
15,0.15,3683|Lamp|0,1
15,0.15,3683|Lamp|1,1
15,0.15,3683|Lamp|2,1
15,0.15,3683|Lamp|3,1
15,0.15,3687|People|0,0
15,0.15,3687|People|1,0
15,0.15,3687|People|2,0
15,0.15,3687|Lamp|0,1
15,0.15,3687|Lamp|1,1
15,0.15,3687|Lamp|2,1
15,0.15,3687|Lamp|3,1
15,0.15,3688|People|0,0
15,0.15,3688|People|1,0
15,0.15,3688|People|2,0
15,0.15,3688|Lamp|0,1
15,0.15,3688|Lamp|1,1
15,0.15,3688|Lamp|2,1
15,0.15,3688|Lamp|3,1
15,0.15,3689|People|0,0
15,0.15,3689|Lamp|0,0
15,0.15,3689|Lamp|1,0
15,0.15,3689|Lamp|2,0
15,0.15,3689|Lamp|3,0
15,0.2,63|People|0,1
15,0.2,63|People|1,1
15,0.2,63|People|2,1
15,0.2,63|People|3,1
15,0.2,63|People|4,0
15,0.2,63|Lamp|0,0
15,0.2,64|People|0,0
15,0.2,64|People|1,0
15,0.2,64|People|2,0
15,0.2,64|People|3,1
15,0.2,64|People|4,1
15,0.2,64|People|5,1
15,0.2,64|Lamp|0,0
15,0.2,71|People|0,0
15,0.2,71|People|1,0
15,0.2,71|Lamp|0,0
15,0.2,73|People|0,0
15,0.2,73|People|1,0
15,0.2,73|Lamp|0,0
15,0.2,78|People|0,0
15,0.2,78|People|1,1
15,0.2,78|People|2,1
15,0.2,78|People|3,1
15,0.2,78|People|4,0
15,0.2,78|People|5,0
15,0.2,78|Lamp|0,0
15,0.2,111|People|0,1
15,0.2,111|People|1,1
15,0.2,111|People|2,1
15,0.2,111|People|3,1
15,0.2,111|People|4,0
15,0.2,111|People|5,1
15,0.2,111|People|6,1
15,0.2,111|Lamp|0,1
15,0.2,111|Lamp|1,1
15,0.2,111|Lamp|2,0
15,0.2,111|Lamp|3,1
15,0.2,114|People|0,1
15,0.2,114|People|1,1
15,0.2,114|People|2,1
15,0.2,114|People|3,1
15,0.2,114|People|4,0
15,0.2,114|People|5,1
15,0.2,114|People|6,0
15,0.2,114|Lamp|0,0
15,0.2,114|Lamp|1,1
15,0.2,114|Lamp|2,1
15,0.2,116|People|0,1
15,0.2,116|People|1,1
15,0.2,116|People|2,1
15,0.2,116|People|3,1
15,0.2,116|People|4,1
15,0.2,116|People|5,1
15,0.2,116|People|6,1
15,0.2,116|People|7,0
15,0.2,116|Lamp|0,0
15,0.2,116|Lamp|1,1
15,0.2,116|Lamp|2,1
15,0.2,116|Lamp|3,1
15,0.2,118|People|0,1
15,0.2,118|People|1,1
15,0.2,118|People|2,1
15,0.2,118|People|3,1
15,0.2,118|People|4,1
15,0.2,118|People|5,0
15,0.2,118|People|6,1
15,0.2,118|People|7,1
15,0.2,118|Lamp|0,1
15,0.2,118|Lamp|1,1
15,0.2,118|Lamp|2,1
15,0.2,118|Lamp|3,1
15,0.2,123|People|0,1
15,0.2,123|People|1,1
15,0.2,123|People|2,0
15,0.2,123|People|3,0
15,0.2,123|People|4,1
15,0.2,123|People|5,0
15,0.2,123|People|6,1
15,0.2,123|Lamp|0,1
15,0.2,123|Lamp|1,1
15,0.2,123|Lamp|2,0
15,0.2,123|Lamp|3,0
15,0.2,123|Lamp|4,1
15,0.2,125|People|0,0
15,0.2,125|People|1,1
15,0.2,125|People|2,1
15,0.2,125|People|3,1
15,0.2,125|People|4,1
15,0.2,125|People|5,1
15,0.2,125|People|6,0
15,0.2,125|People|7,0
15,0.2,125|Lamp|0,1
15,0.2,125|Lamp|1,1
15,0.2,125|Lamp|2,1
15,0.2,125|Lamp|3,1
15,0.2,125|Lamp|4,1
15,0.2,126|People|0,0
15,0.2,126|People|1,0
15,0.2,126|People|2,1
15,0.2,126|People|3,0
15,0.2,126|People|4,0
15,0.2,126|People|5,1
15,0.2,126|People|6,0
15,0.2,126|People|7,1
15,0.2,126|People|8,0
15,0.2,126|Lamp|0,1
15,0.2,126|Lamp|1,1
15,0.2,126|Lamp|2,1
15,0.2,126|Lamp|3,1
15,0.2,126|Lamp|4,1
15,0.2,127|People|0,0
15,0.2,127|People|1,0
15,0.2,127|People|2,0
15,0.2,127|People|3,1
15,0.2,127|People|4,0
15,0.2,127|People|5,1
15,0.2,127|People|6,0
15,0.2,127|People|7,1
15,0.2,127|People|8,0
15,0.2,127|People|9,1
15,0.2,127|Lamp|0,1
15,0.2,127|Lamp|1,0
15,0.2,127|Lamp|2,1
15,0.2,127|Lamp|3,1
15,0.2,127|Lamp|4,1
15,0.2,129|People|0,0
15,0.2,129|People|1,1
15,0.2,129|People|2,1
15,0.2,129|People|3,0
15,0.2,129|People|4,1
15,0.2,129|People|5,0
15,0.2,129|People|6,0
15,0.2,129|People|7,1
15,0.2,129|Lamp|0,1
15,0.2,129|Lamp|1,0
15,0.2,129|Lamp|2,1
15,0.2,129|Lamp|3,1
15,0.2,129|Lamp|4,0
15,0.2,130|People|0,0
15,0.2,130|People|1,0
15,0.2,130|People|2,0
15,0.2,130|People|3,1
15,0.2,130|People|4,0
15,0.2,130|People|5,0
15,0.2,130|Lamp|0,0
15,0.2,130|Lamp|1,0
15,0.2,130|Lamp|2,1
15,0.2,130|Lamp|3,0
15,0.2,132|People|0,0
15,0.2,132|People|1,1
15,0.2,132|People|2,0
15,0.2,132|People|3,1
15,0.2,132|People|4,1
15,0.2,132|People|5,1
15,0.2,132|Lamp|0,1
15,0.2,132|Lamp|1,0
15,0.2,132|Lamp|2,0
15,0.2,132|Lamp|3,0
15,0.2,135|People|0,0
15,0.2,135|People|1,0
15,0.2,135|People|2,1
15,0.2,135|People|3,1
15,0.2,135|People|4,0
15,0.2,135|People|5,0
15,0.2,135|People|6,0
15,0.2,135|People|7,0
15,0.2,135|People|8,1
15,0.2,135|People|9,1
15,0.2,135|People|10,0
15,0.2,135|Lamp|0,0
15,0.2,135|Lamp|1,1
15,0.2,135|Lamp|2,0
15,0.2,136|People|0,0
15,0.2,136|People|1,0
15,0.2,136|People|2,1
15,0.2,136|People|3,0
15,0.2,136|People|4,1
15,0.2,136|People|5,1
15,0.2,136|People|6,1
15,0.2,136|People|7,0
15,0.2,136|Lamp|0,1
15,0.2,136|Lamp|1,0
15,0.2,136|Lamp|2,1
15,0.2,138|People|0,0
15,0.2,138|People|1,0
15,0.2,138|People|2,0
15,0.2,138|People|3,0
15,0.2,138|People|4,0
15,0.2,138|People|5,0
15,0.2,138|People|6,0
15,0.2,138|People|7,0
15,0.2,138|People|8,1
15,0.2,138|People|9,1
15,0.2,138|People|10,0
15,0.2,138|Lamp|0,1
15,0.2,138|Lamp|1,0
15,0.2,138|Lamp|2,0
15,0.2,143|People|0,0
15,0.2,143|People|1,0
15,0.2,143|People|2,1
15,0.2,143|People|3,0
15,0.2,143|People|4,0
15,0.2,143|People|5,0
15,0.2,143|People|6,0
15,0.2,143|Lamp|0,0
15,0.2,143|Lamp|1,0
15,0.2,144|People|0,0
15,0.2,144|People|1,1
15,0.2,144|People|2,1
15,0.2,144|People|3,0
15,0.2,144|People|4,0
15,0.2,144|People|5,0
15,0.2,144|People|6,0
15,0.2,144|Lamp|0,1
15,0.2,144|Lamp|1,0
15,0.2,147|People|0,1
15,0.2,147|People|1,0
15,0.2,147|People|2,1
15,0.2,147|People|3,0
15,0.2,147|People|4,0
15,0.2,147|People|5,0
15,0.2,147|People|6,1
15,0.2,147|People|7,0
15,0.2,147|People|8,0
15,0.2,147|People|9,1
15,0.2,147|People|10,0
15,0.2,147|People|11,1
15,0.2,147|Lamp|0,0
15,0.2,186|People|0,0
15,0.2,186|People|1,1
15,0.2,186|People|2,0
15,0.2,186|People|3,0
15,0.2,186|People|4,0
15,0.2,186|People|5,1
15,0.2,186|Lamp|0,1
15,0.2,187|People|0,0
15,0.2,187|People|1,1
15,0.2,187|People|2,0
15,0.2,187|People|3,1
15,0.2,187|People|4,0
15,0.2,187|People|5,0
15,0.2,187|Lamp|0,1
15,0.2,188|People|0,1
15,0.2,188|People|1,1
15,0.2,188|People|2,1
15,0.2,188|People|3,1
15,0.2,188|People|4,0
15,0.2,188|People|5,0
15,0.2,188|Lamp|0,1
15,0.2,191|People|0,1
15,0.2,191|People|1,1
15,0.2,191|People|2,1
15,0.2,191|People|3,1
15,0.2,191|People|4,1
15,0.2,191|People|5,1
15,0.2,191|Lamp|0,1
15,0.2,193|People|0,1
15,0.2,193|People|1,1
15,0.2,193|People|2,1
15,0.2,193|People|3,1
15,0.2,193|People|4,1
15,0.2,193|People|5,1
15,0.2,193|Lamp|0,1
15,0.2,196|People|0,1
15,0.2,196|People|1,1
15,0.2,196|People|2,1
15,0.2,196|People|3,1
15,0.2,196|People|4,1
15,0.2,196|People|5,0
15,0.2,196|People|6,1
15,0.2,196|People|7,1
15,0.2,196|People|8,1
15,0.2,196|Lamp|0,1
15,0.2,196|Lamp|1,1
15,0.2,196|Lamp|2,0
15,0.2,199|People|0,1
15,0.2,199|People|1,1
15,0.2,199|People|2,1
15,0.2,199|People|3,1
15,0.2,199|People|4,1
15,0.2,199|People|5,1
15,0.2,199|People|6,1
15,0.2,199|Lamp|0,1
15,0.2,199|Lamp|1,0
15,0.2,204|People|0,1
15,0.2,204|People|1,1
15,0.2,204|People|2,1
15,0.2,204|People|3,1
15,0.2,204|People|4,1
15,0.2,204|People|5,1
15,0.2,204|People|6,1
15,0.2,204|People|7,1
15,0.2,204|Lamp|0,1
15,0.2,204|Lamp|1,1
15,0.2,204|Lamp|2,0
15,0.2,205|People|0,0
15,0.2,205|People|1,1
15,0.2,205|People|2,1
15,0.2,205|People|3,1
15,0.2,205|People|4,1
15,0.2,205|People|5,1
15,0.2,205|People|6,1
15,0.2,205|People|7,0
15,0.2,205|People|8,1
15,0.2,205|Lamp|0,1
15,0.2,205|Lamp|1,1
15,0.2,205|Lamp|2,0
15,0.2,206|People|0,1
15,0.2,206|People|1,1
15,0.2,206|People|2,1
15,0.2,206|People|3,1
15,0.2,206|People|4,1
15,0.2,206|People|5,0
15,0.2,206|People|6,0
15,0.2,206|People|7,0
15,0.2,206|Lamp|0,1
15,0.2,209|People|0,1
15,0.2,209|Lamp|0,1
15,0.2,210|People|0,1
15,0.2,210|People|1,1
15,0.2,210|People|2,0
15,0.2,210|Lamp|0,1
15,0.2,213|People|0,1
15,0.2,213|People|1,1
15,0.2,213|People|2,1
15,0.2,213|People|3,0
15,0.2,213|People|4,0
15,0.2,213|People|5,0
15,0.2,213|People|6,0
15,0.2,213|People|7,0
15,0.2,213|Lamp|0,1
15,0.2,213|Lamp|1,1
15,0.2,213|Lamp|2,0
15,0.2,217|People|0,0
15,0.2,217|People|1,0
15,0.2,217|Lamp|0,0
15,0.2,222|People|0,1
15,0.2,222|People|1,0
15,0.2,222|People|2,0
15,0.2,222|People|3,1
15,0.2,222|People|4,1
15,0.2,222|People|5,1
15,0.2,222|People|6,1
15,0.2,222|People|7,0
15,0.2,222|People|8,1
15,0.2,222|Lamp|0,0
15,0.2,222|Lamp|1,0
15,0.2,222|Lamp|2,1
15,0.2,222|Lamp|3,1
15,0.2,222|Lamp|4,0
15,0.2,222|Lamp|5,1
15,0.2,222|Lamp|6,0
15,0.2,231|People|0,0
15,0.2,231|People|1,1
15,0.2,231|People|2,1
15,0.2,231|People|3,1
15,0.2,231|People|4,1
15,0.2,231|People|5,0
15,0.2,231|People|6,1
15,0.2,231|People|7,1
15,0.2,231|People|8,0
15,0.2,231|People|9,1
15,0.2,231|People|10,0
15,0.2,231|People|11,0
15,0.2,231|Lamp|0,1
15,0.2,231|Lamp|1,1
15,0.2,231|Lamp|2,1
15,0.2,231|Lamp|3,1
15,0.2,231|Lamp|4,1
15,0.2,232|People|0,0
15,0.2,232|People|1,0
15,0.2,232|People|2,0
15,0.2,232|People|3,1
15,0.2,232|People|4,0
15,0.2,232|People|5,1
15,0.2,232|People|6,1
15,0.2,232|People|7,1
15,0.2,232|People|8,1
15,0.2,232|People|9,0
15,0.2,232|People|10,0
15,0.2,232|People|11,0
15,0.2,232|Lamp|0,1
15,0.2,232|Lamp|1,0
15,0.2,232|Lamp|2,1
15,0.2,232|Lamp|3,1
15,0.2,232|Lamp|4,0
15,0.2,232|Lamp|5,0
15,0.2,240|People|0,1
15,0.2,240|People|1,0
15,0.2,240|People|2,1
15,0.2,240|People|3,1
15,0.2,240|People|4,1
15,0.2,240|People|5,1
15,0.2,240|People|6,0
15,0.2,240|Lamp|0,0
15,0.2,240|Lamp|1,0
15,0.2,240|Lamp|2,1
15,0.2,240|Lamp|3,0
15,0.2,240|Lamp|4,0
15,0.2,388|People|0,1
15,0.2,388|People|1,1
15,0.2,388|People|2,1
15,0.2,388|People|3,1
15,0.2,388|People|4,1
15,0.2,388|People|5,1
15,0.2,388|People|6,1
15,0.2,388|People|7,1
15,0.2,388|People|8,1
15,0.2,388|People|9,1
15,0.2,388|Lamp|0,1
15,0.2,389|People|0,1
15,0.2,389|People|1,1
15,0.2,389|People|2,0
15,0.2,389|People|3,1
15,0.2,389|People|4,1
15,0.2,389|People|5,1
15,0.2,389|People|6,1
15,0.2,389|People|7,1
15,0.2,389|People|8,1
15,0.2,389|People|9,1
15,0.2,389|Lamp|0,0
15,0.2,389|Lamp|1,1
15,0.2,392|People|0,1
15,0.2,392|People|1,1
15,0.2,392|People|2,0
15,0.2,392|People|3,1
15,0.2,392|Lamp|0,1
15,0.2,392|Lamp|1,1
15,0.2,394|People|0,1
15,0.2,394|People|1,1
15,0.2,394|People|2,1
15,0.2,394|People|3,1
15,0.2,394|People|4,1
15,0.2,394|People|5,1
15,0.2,394|Lamp|0,1
15,0.2,394|Lamp|1,1
15,0.2,395|People|0,0
15,0.2,395|People|1,0
15,0.2,395|People|2,1
15,0.2,395|People|3,1
15,0.2,395|People|4,1
15,0.2,395|People|5,1
15,0.2,395|People|6,1
15,0.2,395|Lamp|0,1
15,0.2,395|Lamp|1,1
15,0.2,396|People|0,0
15,0.2,396|People|1,0
15,0.2,396|People|2,1
15,0.2,396|People|3,1
15,0.2,396|People|4,1
15,0.2,396|People|5,1
15,0.2,396|Lamp|0,1
15,0.2,396|Lamp|1,1
15,0.2,409|People|0,1
15,0.2,409|People|1,1
15,0.2,409|People|2,0
15,0.2,409|People|3,1
15,0.2,409|People|4,1
15,0.2,409|Lamp|0,0
15,0.2,410|People|0,1
15,0.2,410|People|1,0
15,0.2,410|People|2,0
15,0.2,410|People|3,1
15,0.2,410|People|4,0
15,0.2,410|People|5,1
15,0.2,410|Lamp|0,1
15,0.2,413|People|0,1
15,0.2,413|People|1,1
15,0.2,413|People|2,1
15,0.2,413|People|3,0
15,0.2,413|People|4,0
15,0.2,413|People|5,0
15,0.2,413|Lamp|0,0
15,0.2,419|People|0,0
15,0.2,419|People|1,0
15,0.2,419|Lamp|0,1
15,0.2,419|Lamp|1,1
15,0.2,422|People|0,1
15,0.2,422|People|1,1
15,0.2,422|People|2,1
15,0.2,422|People|3,1
15,0.2,422|People|4,1
15,0.2,422|Lamp|0,0
15,0.2,425|People|0,0
15,0.2,425|People|1,1
15,0.2,425|People|2,1
15,0.2,425|People|3,1
15,0.2,425|People|4,0
15,0.2,425|People|5,1
15,0.2,425|People|6,1
15,0.2,425|People|7,0
15,0.2,425|Lamp|0,0
15,0.2,427|People|0,0
15,0.2,427|People|1,0
15,0.2,427|People|2,0
15,0.2,427|People|3,1
15,0.2,427|People|4,1
15,0.2,427|People|5,1
15,0.2,427|People|6,1
15,0.2,427|People|7,1
15,0.2,427|Lamp|0,0
15,0.2,428|People|0,0
15,0.2,428|People|1,0
15,0.2,428|People|2,1
15,0.2,428|People|3,1
15,0.2,428|People|4,1
15,0.2,428|People|5,1
15,0.2,428|People|6,1
15,0.2,428|Lamp|0,0
15,0.2,438|People|0,1
15,0.2,438|People|1,1
15,0.2,438|People|2,0
15,0.2,438|People|3,0
15,0.2,438|People|4,0
15,0.2,438|Lamp|0,1
15,0.2,438|Lamp|1,0
15,0.2,438|Lamp|2,1
15,0.2,438|Lamp|3,1
15,0.2,440|People|0,1
15,0.2,440|People|1,1
15,0.2,440|People|2,0
15,0.2,440|People|3,0
15,0.2,440|People|4,0
15,0.2,440|People|5,0
15,0.2,440|People|6,0
15,0.2,440|Lamp|0,1
15,0.2,440|Lamp|1,1
15,0.2,440|Lamp|2,1
15,0.2,440|Lamp|3,1
15,0.2,442|People|0,1
15,0.2,442|People|1,1
15,0.2,442|People|2,0
15,0.2,442|People|3,0
15,0.2,442|People|4,0
15,0.2,442|People|5,1
15,0.2,442|People|6,1
15,0.2,442|People|7,1
15,0.2,442|Lamp|0,1
15,0.2,442|Lamp|1,1
15,0.2,442|Lamp|2,1
15,0.2,442|Lamp|3,1
15,0.2,444|People|0,1
15,0.2,444|People|1,1
15,0.2,444|People|2,0
15,0.2,444|People|3,0
15,0.2,444|People|4,0
15,0.2,444|People|5,0
15,0.2,444|Lamp|0,1
15,0.2,444|Lamp|1,1
15,0.2,444|Lamp|2,1
15,0.2,444|Lamp|3,0
15,0.2,448|People|0,1
15,0.2,448|People|1,1
15,0.2,448|People|2,1
15,0.2,448|People|3,0
15,0.2,448|People|4,0
15,0.2,448|People|5,0
15,0.2,448|People|6,0
15,0.2,448|Lamp|0,1
15,0.2,448|Lamp|1,1
15,0.2,448|Lamp|2,0
15,0.2,448|Lamp|3,0
15,0.2,448|Lamp|4,0
15,0.2,448|Lamp|5,0
15,0.2,449|People|0,1
15,0.2,449|People|1,1
15,0.2,449|People|2,1
15,0.2,449|People|3,0
15,0.2,449|People|4,0
15,0.2,449|People|5,0
15,0.2,449|Lamp|0,0
15,0.2,449|Lamp|1,1
15,0.2,449|Lamp|2,1
15,0.2,449|Lamp|3,0
15,0.2,449|Lamp|4,1
15,0.2,452|People|0,1
15,0.2,452|People|1,1
15,0.2,452|Lamp|0,1
15,0.2,452|Lamp|1,0
15,0.2,452|Lamp|2,1
15,0.2,453|People|0,1
15,0.2,453|Lamp|0,1
15,0.2,453|Lamp|1,1
15,0.2,453|Lamp|2,1
15,0.2,453|Lamp|3,1
15,0.2,459|People|0,1
15,0.2,459|People|1,0
15,0.2,459|People|2,1
15,0.2,459|People|3,1
15,0.2,459|People|4,1
15,0.2,459|People|5,1
15,0.2,459|Lamp|0,0
15,0.2,459|Lamp|1,0
15,0.2,459|Lamp|2,1
15,0.2,462|People|0,1
15,0.2,462|People|1,1
15,0.2,462|People|2,1
15,0.2,462|People|3,1
15,0.2,462|People|4,1
15,0.2,462|People|5,1
15,0.2,462|People|6,1
15,0.2,462|Lamp|0,1
15,0.2,462|Lamp|1,0
15,0.2,466|People|0,1
15,0.2,466|People|1,1
15,0.2,466|People|2,1
15,0.2,466|People|3,1
15,0.2,466|People|4,1
15,0.2,466|People|5,1
15,0.2,466|Lamp|0,1
15,0.2,466|Lamp|1,0
15,0.2,468|People|0,1
15,0.2,468|People|1,1
15,0.2,468|People|2,1
15,0.2,468|People|3,1
15,0.2,468|People|4,1
15,0.2,468|People|5,1
15,0.2,468|People|6,1
15,0.2,468|Lamp|0,1
15,0.2,468|Lamp|1,0
15,0.2,470|People|0,1
15,0.2,470|People|1,0
15,0.2,470|Lamp|0,1
15,0.2,476|People|0,0
15,0.2,476|People|1,1
15,0.2,476|Lamp|0,0
15,0.2,478|People|0,0
15,0.2,478|Lamp|0,0
15,0.2,479|People|0,1
15,0.2,479|Lamp|0,1
15,0.2,480|People|0,1
15,0.2,480|People|1,0
15,0.2,480|People|2,1
15,0.2,480|Lamp|0,0
15,0.2,486|People|0,1
15,0.2,486|People|1,0
15,0.2,486|People|2,0
15,0.2,486|People|3,0
15,0.2,486|People|4,1
15,0.2,486|People|5,1
15,0.2,486|People|6,0
15,0.2,486|Lamp|0,0
15,0.2,489|People|0,1
15,0.2,489|People|1,0
15,0.2,489|People|2,1
15,0.2,489|People|3,1
15,0.2,489|People|4,0
15,0.2,489|People|5,0
15,0.2,489|People|6,0
15,0.2,489|People|7,0
15,0.2,489|People|8,0
15,0.2,489|People|9,0
15,0.2,489|Lamp|0,1
15,0.2,489|Lamp|1,0
15,0.2,493|People|0,0
15,0.2,493|People|1,1
15,0.2,493|People|2,1
15,0.2,493|People|3,1
15,0.2,493|People|4,1
15,0.2,493|People|5,1
15,0.2,493|People|6,1
15,0.2,493|People|7,0
15,0.2,493|Lamp|0,0
15,0.2,494|People|0,1
15,0.2,494|People|1,0
15,0.2,494|People|2,0
15,0.2,494|People|3,0
15,0.2,494|People|4,0
15,0.2,494|Lamp|0,1
15,0.2,494|Lamp|1,1
15,0.2,494|Lamp|2,1
15,0.2,503|People|0,0
15,0.2,503|People|1,0
15,0.2,503|Lamp|0,1
15,0.2,503|Lamp|1,1
15,0.2,505|People|0,0
15,0.2,505|People|1,0
15,0.2,505|People|2,0
15,0.2,505|People|3,0
15,0.2,505|People|4,1
15,0.2,505|Lamp|0,1
15,0.2,507|People|0,1
15,0.2,507|People|1,0
15,0.2,507|People|2,0
15,0.2,507|People|3,0
15,0.2,507|People|4,0
15,0.2,507|People|5,1
15,0.2,507|People|6,1
15,0.2,507|Lamp|0,1
15,0.2,1190|People|0,0
15,0.2,1190|People|1,0
15,0.2,1190|People|2,0
15,0.2,1190|People|3,0
15,0.2,1190|People|4,0
15,0.2,1190|People|5,0
15,0.2,1190|People|6,0
15,0.2,1190|People|7,0
15,0.2,1190|Lamp|0,0
15,0.2,1196|People|0,0
15,0.2,1196|People|1,0
15,0.2,1196|Lamp|0,0
15,0.2,1199|People|0,0
15,0.2,1199|People|1,0
15,0.2,1199|People|2,0
15,0.2,1199|Lamp|0,1
15,0.2,1200|People|0,0
15,0.2,1200|People|1,1
15,0.2,1200|Lamp|0,1
15,0.2,1204|People|0,1
15,0.2,1204|People|1,1
15,0.2,1204|People|2,0
15,0.2,1204|People|3,0
15,0.2,1204|Lamp|0,0
15,0.2,1206|People|0,1
15,0.2,1206|People|1,1
15,0.2,1206|People|2,0
15,0.2,1206|Lamp|0,0
15,0.2,1207|People|0,1
15,0.2,1207|People|1,1
15,0.2,1207|People|2,0
15,0.2,1207|Lamp|0,0
15,0.2,1211|People|0,1
15,0.2,1211|People|1,1
15,0.2,1211|People|2,0
15,0.2,1211|People|3,0
15,0.2,1211|Lamp|0,0
15,0.2,1213|People|0,1
15,0.2,1213|People|1,1
15,0.2,1213|Lamp|0,0
15,0.2,1216|People|0,1
15,0.2,1216|People|1,1
15,0.2,1216|Lamp|0,0
15,0.2,1218|People|0,1
15,0.2,1218|People|1,1
15,0.2,1218|Lamp|0,0
15,0.2,1219|People|0,1
15,0.2,1219|People|1,0
15,0.2,1219|People|2,0
15,0.2,1219|People|3,0
15,0.2,1219|Lamp|0,1
15,0.2,1219|Lamp|1,1
15,0.2,1221|People|0,1
15,0.2,1221|People|1,1
15,0.2,1221|People|2,0
15,0.2,1221|Lamp|0,0
15,0.2,1222|People|0,1
15,0.2,1222|People|1,0
15,0.2,1222|People|2,0
15,0.2,1222|Lamp|0,0
15,0.2,1225|People|0,0
15,0.2,1225|People|1,0
15,0.2,1225|People|2,0
15,0.2,1225|People|3,0
15,0.2,1225|People|4,0
15,0.2,1225|People|5,0
15,0.2,1225|People|6,0
15,0.2,1225|Lamp|0,1
15,0.2,1225|Lamp|1,0
15,0.2,1226|People|0,0
15,0.2,1226|People|1,0
15,0.2,1226|People|2,0
15,0.2,1226|People|3,0
15,0.2,1226|People|4,0
15,0.2,1226|Lamp|0,0
15,0.2,1226|Lamp|1,1
15,0.2,1226|Lamp|2,0
15,0.2,1228|People|0,0
15,0.2,1228|Lamp|0,1
15,0.2,1266|People|0,0
15,0.2,1266|People|1,0
15,0.2,1266|Lamp|0,0
15,0.2,1266|Lamp|1,1
15,0.2,1268|People|0,1
15,0.2,1268|Lamp|0,1
15,0.2,1268|Lamp|1,0
15,0.2,1268|Lamp|2,0
15,0.2,1268|Lamp|3,0
15,0.2,1273|People|0,0
15,0.2,1273|Lamp|0,0
15,0.2,1273|Lamp|1,0
15,0.2,1274|People|0,0
15,0.2,1274|Lamp|0,0
15,0.2,1274|Lamp|1,1
15,0.2,1274|Lamp|2,0
15,0.2,1285|People|0,1
15,0.2,1285|Lamp|0,1
15,0.2,1285|Lamp|1,1
15,0.2,1285|Lamp|2,1
15,0.2,1291|People|0,0
15,0.2,1291|Lamp|0,0
15,0.2,1291|Lamp|1,1
15,0.2,1295|People|0,1
15,0.2,1295|People|1,1
15,0.2,1295|People|2,0
15,0.2,1295|Lamp|0,1
15,0.2,1299|People|0,1
15,0.2,1299|People|1,0
15,0.2,1299|People|2,0
15,0.2,1299|Lamp|0,1
15,0.2,2046|People|0,1
15,0.2,2046|People|1,1
15,0.2,2046|Lamp|0,1
15,0.2,2046|Lamp|1,1
15,0.2,2046|Lamp|2,1
15,0.2,2046|Lamp|3,0
15,0.2,2050|People|0,1
15,0.2,2050|People|1,0
15,0.2,2050|Lamp|0,0
15,0.2,2050|Lamp|1,0
15,0.2,2050|Lamp|2,1
15,0.2,2050|Lamp|3,0
15,0.2,2051|People|0,1
15,0.2,2051|People|1,0
15,0.2,2051|Lamp|0,0
15,0.2,2051|Lamp|1,0
15,0.2,2051|Lamp|2,1
15,0.2,2051|Lamp|3,0
15,0.2,2052|People|0,1
15,0.2,2052|People|1,0
15,0.2,2052|Lamp|0,1
15,0.2,2052|Lamp|1,1
15,0.2,2052|Lamp|2,0
15,0.2,2052|Lamp|3,1
15,0.2,2056|People|0,1
15,0.2,2056|People|1,1
15,0.2,2056|Lamp|0,1
15,0.2,2056|Lamp|1,0
15,0.2,2056|Lamp|2,1
15,0.2,2056|Lamp|3,0
15,0.2,2057|People|0,1
15,0.2,2057|People|1,1
15,0.2,2057|Lamp|0,0
15,0.2,2057|Lamp|1,0
15,0.2,2057|Lamp|2,0
15,0.2,2057|Lamp|3,1
15,0.2,2058|People|0,1
15,0.2,2058|People|1,1
15,0.2,2058|Lamp|0,0
15,0.2,2058|Lamp|1,0
15,0.2,2058|Lamp|2,1
15,0.2,2058|Lamp|3,0
15,0.2,2058|Lamp|4,0
15,0.2,2058|Lamp|5,0
15,0.2,2059|People|0,1
15,0.2,2059|People|1,0
15,0.2,2059|Lamp|0,1
15,0.2,2059|Lamp|1,0
15,0.2,2059|Lamp|2,0
15,0.2,2059|Lamp|3,0
15,0.2,2061|People|0,1
15,0.2,2061|People|1,1
15,0.2,2061|Lamp|0,1
15,0.2,2061|Lamp|1,0
15,0.2,2061|Lamp|2,0
15,0.2,2061|Lamp|3,1
15,0.2,2061|Lamp|4,0
15,0.2,2061|Lamp|5,0
15,0.2,2065|People|0,1
15,0.2,2065|People|1,1
15,0.2,2065|Lamp|0,0
15,0.2,2065|Lamp|1,0
15,0.2,2065|Lamp|2,1
15,0.2,2065|Lamp|3,1
15,0.2,2065|Lamp|4,0
15,0.2,2065|Lamp|5,1
15,0.2,2067|People|0,1
15,0.2,2067|People|1,0
15,0.2,2067|Lamp|0,1
15,0.2,2067|Lamp|1,0
15,0.2,2067|Lamp|2,0
15,0.2,2067|Lamp|3,1
15,0.2,2068|People|0,1
15,0.2,2068|People|1,0
15,0.2,2068|Lamp|0,1
15,0.2,2068|Lamp|1,1
15,0.2,2068|Lamp|2,0
15,0.2,2068|Lamp|3,0
15,0.2,2069|People|0,1
15,0.2,2069|People|1,0
15,0.2,2069|Lamp|0,1
15,0.2,2069|Lamp|1,1
15,0.2,2069|Lamp|2,0
15,0.2,2069|Lamp|3,0
15,0.2,2069|Lamp|4,0
15,0.2,2069|Lamp|5,0
15,0.2,2070|People|0,1
15,0.2,2070|People|1,0
15,0.2,2070|Lamp|0,1
15,0.2,2070|Lamp|1,0
15,0.2,2070|Lamp|2,1
15,0.2,2070|Lamp|3,1
15,0.2,2072|People|0,1
15,0.2,2072|People|1,0
15,0.2,2072|Lamp|0,1
15,0.2,2072|Lamp|1,1
15,0.2,2072|Lamp|2,1
15,0.2,2072|Lamp|3,0
15,0.2,2072|Lamp|4,0
15,0.2,2072|Lamp|5,1
15,0.2,2073|People|0,1
15,0.2,2073|People|1,0
15,0.2,2073|Lamp|0,1
15,0.2,2073|Lamp|1,0
15,0.2,2073|Lamp|2,1
15,0.2,2073|Lamp|3,0
15,0.2,2073|Lamp|4,0
15,0.2,2073|Lamp|5,1
15,0.2,2074|People|0,1
15,0.2,2074|People|1,0
15,0.2,2074|Lamp|0,1
15,0.2,2074|Lamp|1,0
15,0.2,2074|Lamp|2,0
15,0.2,2074|Lamp|3,0
15,0.2,2074|Lamp|4,1
15,0.2,2074|Lamp|5,1
15,0.2,2074|Lamp|6,0
15,0.2,2074|Lamp|7,1
15,0.2,2076|People|0,1
15,0.2,2076|People|1,1
15,0.2,2076|Lamp|0,1
15,0.2,2076|Lamp|1,0
15,0.2,2076|Lamp|2,0
15,0.2,2076|Lamp|3,0
15,0.2,2076|Lamp|4,1
15,0.2,2076|Lamp|5,1
15,0.2,2076|Lamp|6,1
15,0.2,2076|Lamp|7,0
15,0.2,2082|People|0,1
15,0.2,2082|People|1,1
15,0.2,2082|Lamp|0,0
15,0.2,2082|Lamp|1,0
15,0.2,2082|Lamp|2,0
15,0.2,2082|Lamp|3,0
15,0.2,2082|Lamp|4,1
15,0.2,2082|Lamp|5,0
15,0.2,2084|People|0,1
15,0.2,2084|People|1,1
15,0.2,2084|Lamp|0,1
15,0.2,2084|Lamp|1,1
15,0.2,2084|Lamp|2,0
15,0.2,2084|Lamp|3,0
15,0.2,2084|Lamp|4,0
15,0.2,2084|Lamp|5,0
15,0.2,2087|People|0,1
15,0.2,2087|People|1,1
15,0.2,2087|Lamp|0,0
15,0.2,2087|Lamp|1,1
15,0.2,2087|Lamp|2,1
15,0.2,2090|People|0,1
15,0.2,2090|People|1,1
15,0.2,2090|Lamp|0,0
15,0.2,2090|Lamp|1,0
15,0.2,2090|Lamp|2,1
15,0.2,2090|Lamp|3,1
15,0.2,2091|People|0,1
15,0.2,2091|People|1,1
15,0.2,2091|Lamp|0,0
15,0.2,2091|Lamp|1,1
15,0.2,2091|Lamp|2,1
15,0.2,2091|Lamp|3,0
15,0.2,2091|Lamp|4,0
15,0.2,2091|Lamp|5,1
15,0.2,2092|People|0,1
15,0.2,2092|People|1,1
15,0.2,2092|Lamp|0,0
15,0.2,2092|Lamp|1,0
15,0.2,2092|Lamp|2,1
15,0.2,2092|Lamp|3,0
15,0.2,2092|Lamp|4,0
15,0.2,2092|Lamp|5,1
15,0.2,2093|People|0,1
15,0.2,2093|People|1,0
15,0.2,2093|Lamp|0,0
15,0.2,2093|Lamp|1,0
15,0.2,2093|Lamp|2,0
15,0.2,2093|Lamp|3,0
15,0.2,2093|Lamp|4,1
15,0.2,2093|Lamp|5,1
15,0.2,2120|People|0,0
15,0.2,2120|People|1,1
15,0.2,2120|People|2,0
15,0.2,2120|Lamp|0,1
15,0.2,2127|People|0,0
15,0.2,2127|People|1,0
15,0.2,2127|People|2,1
15,0.2,2127|Lamp|0,1
15,0.2,2127|Lamp|1,0
15,0.2,2127|Lamp|2,0
15,0.2,2127|Lamp|3,0
15,0.2,2129|People|0,1
15,0.2,2129|People|1,1
15,0.2,2129|People|2,0
15,0.2,2129|Lamp|0,0
15,0.2,2129|Lamp|1,1
15,0.2,2139|People|0,1
15,0.2,2139|Lamp|0,1
15,0.2,2139|Lamp|1,1
15,0.2,2139|Lamp|2,1
15,0.2,2140|People|0,0
15,0.2,2140|Lamp|0,1
15,0.2,2140|Lamp|1,1
15,0.2,2140|Lamp|2,0
15,0.2,2149|People|0,1
15,0.2,2149|Lamp|0,1
15,0.2,2149|Lamp|1,1
15,0.2,2150|People|0,1
15,0.2,2150|Lamp|0,1
15,0.2,2150|Lamp|1,1
15,0.2,2151|People|0,1
15,0.2,2151|Lamp|0,1
15,0.2,2151|Lamp|1,1
15,0.2,2158|People|0,0
15,0.2,2158|Lamp|0,1
15,0.2,2158|Lamp|1,1
15,0.2,2160|People|0,1
15,0.2,2160|Lamp|0,1
15,0.2,2160|Lamp|1,1
15,0.2,2190|People|0,1
15,0.2,2190|People|1,0
15,0.2,2190|People|2,0
15,0.2,2190|Lamp|0,1
15,0.2,2190|Lamp|1,1
15,0.2,2191|People|0,1
15,0.2,2191|People|1,0
15,0.2,2191|People|2,1
15,0.2,2191|Lamp|0,1
15,0.2,2191|Lamp|1,1
15,0.2,2193|People|0,1
15,0.2,2193|People|1,1
15,0.2,2193|People|2,0
15,0.2,2193|Lamp|0,1
15,0.2,2193|Lamp|1,1
15,0.2,2195|People|0,1
15,0.2,2195|People|1,1
15,0.2,2195|People|2,1
15,0.2,2195|Lamp|0,1
15,0.2,2195|Lamp|1,1
15,0.2,2200|People|0,0
15,0.2,2200|Lamp|0,1
15,0.2,2200|Lamp|1,1
15,0.2,2217|People|0,0
15,0.2,2217|Lamp|0,0
15,0.2,2217|Lamp|1,0
15,0.2,2218|People|0,0
15,0.2,2218|Lamp|0,0
15,0.2,2218|Lamp|1,0
15,0.2,2226|People|0,0
15,0.2,2226|Lamp|0,1
15,0.2,2226|Lamp|1,1
15,0.2,2226|Lamp|2,1
15,0.2,2226|Lamp|3,1
15,0.2,2226|Lamp|4,1
15,0.2,2292|People|0,0
15,0.2,2292|Lamp|0,0
15,0.2,2292|Lamp|1,0
15,0.2,2292|Lamp|2,0
15,0.2,2292|Lamp|3,0
15,0.2,2293|People|0,0
15,0.2,2293|Lamp|0,0
15,0.2,2293|Lamp|1,0
15,0.2,2293|Lamp|2,0
15,0.2,2293|Lamp|3,0
15,0.2,2295|People|0,0
15,0.2,2295|Lamp|0,0
15,0.2,2295|Lamp|1,0
15,0.2,2295|Lamp|2,0
15,0.2,2295|Lamp|3,0
15,0.2,2295|Lamp|4,0
15,0.2,2295|Lamp|5,0
15,0.2,2295|Lamp|6,0
15,0.2,2295|Lamp|7,0
15,0.2,2297|People|0,0
15,0.2,2297|Lamp|0,0
15,0.2,2297|Lamp|1,0
15,0.2,2297|Lamp|2,0
15,0.2,2297|Lamp|3,0
15,0.2,2297|Lamp|4,0
15,0.2,2298|People|0,0
15,0.2,2298|Lamp|0,0
15,0.2,2298|Lamp|1,0
15,0.2,2298|Lamp|2,0
15,0.2,2298|Lamp|3,0
15,0.2,2298|Lamp|4,1
15,0.2,2299|People|0,0
15,0.2,2299|Lamp|0,0
15,0.2,2299|Lamp|1,0
15,0.2,2299|Lamp|2,0
15,0.2,2299|Lamp|3,0
15,0.2,2299|Lamp|4,0
15,0.2,2299|Lamp|5,1
15,0.2,2328|People|0,1
15,0.2,2328|People|1,0
15,0.2,2328|People|2,0
15,0.2,2328|Lamp|0,0
15,0.2,2332|People|0,1
15,0.2,2332|People|1,1
15,0.2,2332|People|2,0
15,0.2,2332|People|3,0
15,0.2,2332|Lamp|0,0
15,0.2,2335|People|0,1
15,0.2,2335|People|1,1
15,0.2,2335|People|2,0
15,0.2,2335|People|3,0
15,0.2,2335|Lamp|0,0
15,0.2,2337|People|0,0
15,0.2,2337|People|1,0
15,0.2,2337|Lamp|0,0
15,0.2,2453|People|0,0
15,0.2,2453|People|1,0
15,0.2,2453|Lamp|0,0
15,0.2,2456|People|0,1
15,0.2,2456|Lamp|0,0
15,0.2,2456|Lamp|1,0
15,0.2,2456|Lamp|2,0
15,0.2,2457|People|0,1
15,0.2,2457|Lamp|0,0
15,0.2,2457|Lamp|1,0
15,0.2,2457|Lamp|2,0
15,0.2,2457|Lamp|3,0
15,0.2,2465|People|0,0
15,0.2,2465|Lamp|0,0
15,0.2,2465|Lamp|1,0
15,0.2,2465|Lamp|2,0
15,0.2,2467|People|0,0
15,0.2,2467|Lamp|0,0
15,0.2,2467|Lamp|1,0
15,0.2,2468|People|0,0
15,0.2,2468|People|1,0
15,0.2,2468|Lamp|0,0
15,0.2,2468|Lamp|1,0
15,0.2,2478|People|0,1
15,0.2,2478|People|1,1
15,0.2,2478|People|2,0
15,0.2,2478|People|3,0
15,0.2,2478|Lamp|0,1
15,0.2,2478|Lamp|1,1
15,0.2,2489|People|0,0
15,0.2,2489|People|1,1
15,0.2,2489|People|2,0
15,0.2,2489|People|3,1
15,0.2,2489|People|4,0
15,0.2,2489|People|5,0
15,0.2,2489|Lamp|0,0
15,0.2,2489|Lamp|1,0
15,0.2,2490|People|0,0
15,0.2,2490|People|1,1
15,0.2,2490|People|2,0
15,0.2,2490|People|3,0
15,0.2,2490|People|4,0
15,0.2,2490|Lamp|0,0
15,0.2,2490|Lamp|1,0
15,0.2,2491|People|0,0
15,0.2,2491|People|1,1
15,0.2,2491|People|2,1
15,0.2,2491|People|3,0
15,0.2,2491|People|4,0
15,0.2,2491|Lamp|0,0
15,0.2,2491|Lamp|1,0
15,0.2,2602|People|0,0
15,0.2,2602|Lamp|0,0
15,0.2,2602|Lamp|1,0
15,0.2,2602|Lamp|2,0
15,0.2,2606|People|0,0
15,0.2,2606|Lamp|0,0
15,0.2,2606|Lamp|1,0
15,0.2,2607|People|0,0
15,0.2,2607|Lamp|0,0
15,0.2,2607|Lamp|1,0
15,0.2,2622|People|0,1
15,0.2,2622|People|1,0
15,0.2,2622|People|2,0
15,0.2,2622|Lamp|0,1
15,0.2,2622|Lamp|1,1
15,0.2,2622|Lamp|2,1
15,0.2,2717|People|0,0
15,0.2,2717|People|1,0
15,0.2,2717|People|2,0
15,0.2,2717|Lamp|0,0
15,0.2,2720|People|0,0
15,0.2,2720|People|1,0
15,0.2,2720|People|2,0
15,0.2,2720|Lamp|0,0
15,0.2,2721|People|0,0
15,0.2,2721|People|1,0
15,0.2,2721|Lamp|0,0
15,0.2,2727|People|0,1
15,0.2,2727|People|1,0
15,0.2,2727|People|2,0
15,0.2,2727|People|3,0
15,0.2,2727|Lamp|0,0
15,0.2,2732|People|0,0
15,0.2,2732|People|1,0
15,0.2,2732|Lamp|0,0
15,0.2,2735|People|0,0
15,0.2,2735|People|1,0
15,0.2,2735|Lamp|0,0
15,0.2,2736|People|0,0
15,0.2,2736|People|1,0
15,0.2,2736|Lamp|0,0
15,0.2,2738|People|0,0
15,0.2,2738|People|1,0
15,0.2,2738|People|2,0
15,0.2,2738|Lamp|0,0
15,0.2,2940|People|0,1
15,0.2,2940|Lamp|0,0
15,0.2,2940|Lamp|1,0
15,0.2,2942|People|0,1
15,0.2,2942|Lamp|0,0
15,0.2,2942|Lamp|1,0
15,0.2,2942|Lamp|2,0
15,0.2,2942|Lamp|3,0
15,0.2,2942|Lamp|4,0
15,0.2,2945|People|0,1
15,0.2,2945|Lamp|0,0
15,0.2,2945|Lamp|1,0
15,0.2,2945|Lamp|2,0
15,0.2,2947|People|0,1
15,0.2,2947|Lamp|0,1
15,0.2,2947|Lamp|1,1
15,0.2,2947|Lamp|2,0
15,0.2,2947|Lamp|3,0
15,0.2,2947|Lamp|4,0
15,0.2,2949|People|0,0
15,0.2,2949|Lamp|0,1
15,0.2,2949|Lamp|1,0
15,0.2,2949|Lamp|2,0
15,0.2,2949|Lamp|3,0
15,0.2,2949|Lamp|4,0
15,0.2,2949|Lamp|5,0
15,0.2,2950|People|0,0
15,0.2,2950|People|1,0
15,0.2,2950|Lamp|0,1
15,0.2,2950|Lamp|1,0
15,0.2,2950|Lamp|2,0
15,0.2,2950|Lamp|3,0
15,0.2,2950|Lamp|4,0
15,0.2,2951|People|0,0
15,0.2,2951|Lamp|0,1
15,0.2,2951|Lamp|1,0
15,0.2,2951|Lamp|2,0
15,0.2,2951|Lamp|3,0
15,0.2,2951|Lamp|4,0
15,0.2,2953|People|0,0
15,0.2,2953|Lamp|0,0
15,0.2,2953|Lamp|1,1
15,0.2,2953|Lamp|2,0
15,0.2,2953|Lamp|3,0
15,0.2,2957|People|0,0
15,0.2,2957|Lamp|0,1
15,0.2,2957|Lamp|1,0
15,0.2,2957|Lamp|2,1
15,0.2,2957|Lamp|3,0
15,0.2,2957|Lamp|4,0
15,0.2,2957|Lamp|5,0
15,0.2,3024|People|0,0
15,0.2,3024|Lamp|0,0
15,0.2,3024|Lamp|1,1
15,0.2,3052|People|0,0
15,0.2,3052|Lamp|0,0
15,0.2,3053|People|0,0
15,0.2,3053|People|1,0
15,0.2,3053|Lamp|0,0
15,0.2,3053|Lamp|1,0
15,0.2,3054|People|0,0
15,0.2,3054|People|1,0
15,0.2,3054|People|2,0
15,0.2,3054|Lamp|0,0
15,0.2,3054|Lamp|1,0
15,0.2,3057|People|0,0
15,0.2,3057|People|1,0
15,0.2,3057|Lamp|0,0
15,0.2,3057|Lamp|1,0
15,0.2,3059|People|0,1
15,0.2,3059|People|1,0
15,0.2,3059|People|2,0
15,0.2,3059|Lamp|0,0
15,0.2,3059|Lamp|1,0
15,0.2,3060|People|0,1
15,0.2,3060|People|1,1
15,0.2,3060|People|2,0
15,0.2,3060|People|3,0
15,0.2,3060|Lamp|0,0
15,0.2,3060|Lamp|1,0
15,0.2,3061|People|0,0
15,0.2,3061|People|1,1
15,0.2,3061|People|2,1
15,0.2,3061|People|3,0
15,0.2,3061|Lamp|0,0
15,0.2,3061|Lamp|1,0
15,0.2,3063|People|0,1
15,0.2,3063|People|1,0
15,0.2,3063|Lamp|0,0
15,0.2,3063|Lamp|1,0
15,0.2,3063|Lamp|2,0
15,0.2,3063|Lamp|3,0
15,0.2,3066|People|0,0
15,0.2,3066|Lamp|0,0
15,0.2,3066|Lamp|1,0
15,0.2,3066|Lamp|2,1
15,0.2,3066|Lamp|3,0
15,0.2,3066|Lamp|4,0
15,0.2,3066|Lamp|5,0
15,0.2,3072|People|0,1
15,0.2,3072|People|1,0
15,0.2,3072|People|2,0
15,0.2,3072|People|3,0
15,0.2,3072|People|4,0
15,0.2,3072|People|5,0
15,0.2,3072|People|6,1
15,0.2,3072|People|7,1
15,0.2,3072|Lamp|0,0
15,0.2,3072|Lamp|1,1
15,0.2,3072|Lamp|2,0
15,0.2,3072|Lamp|3,0
15,0.2,3072|Lamp|4,0
15,0.2,3072|Lamp|5,0
15,0.2,3072|Lamp|6,0
15,0.2,3072|Lamp|7,0
15,0.2,3078|People|0,1
15,0.2,3078|People|1,1
15,0.2,3078|People|2,1
15,0.2,3078|People|3,1
15,0.2,3078|People|4,0
15,0.2,3078|People|5,0
15,0.2,3078|People|6,0
15,0.2,3078|Lamp|0,1
15,0.2,3078|Lamp|1,1
15,0.2,3078|Lamp|2,0
15,0.2,3078|Lamp|3,0
15,0.2,3079|People|0,1
15,0.2,3079|People|1,1
15,0.2,3079|People|2,0
15,0.2,3079|People|3,0
15,0.2,3079|Lamp|0,1
15,0.2,3079|Lamp|1,1
15,0.2,3079|Lamp|2,1
15,0.2,3116|People|0,1
15,0.2,3116|Lamp|0,1
15,0.2,3116|Lamp|1,1
15,0.2,3118|People|0,1
15,0.2,3118|Lamp|0,1
15,0.2,3118|Lamp|1,1
15,0.2,3119|People|0,1
15,0.2,3119|Lamp|0,1
15,0.2,3119|Lamp|1,1
15,0.2,3121|People|0,1
15,0.2,3121|Lamp|0,1
15,0.2,3121|Lamp|1,0
15,0.2,3124|People|0,1
15,0.2,3124|Lamp|0,1
15,0.2,3124|Lamp|1,1
15,0.2,3125|People|0,1
15,0.2,3125|Lamp|0,1
15,0.2,3125|Lamp|1,1
15,0.2,3302|People|0,1
15,0.2,3302|Lamp|0,1
15,0.2,3302|Lamp|1,1
15,0.2,3302|Lamp|2,1
15,0.2,3302|Lamp|3,0
15,0.2,3313|People|0,1
15,0.2,3313|People|1,0
15,0.2,3313|Lamp|0,0
15,0.2,3313|Lamp|1,0
15,0.2,3347|People|0,1
15,0.2,3347|People|1,0
15,0.2,3347|People|2,0
15,0.2,3347|Lamp|0,0
15,0.2,3347|Lamp|1,0
15,0.2,3349|People|0,0
15,0.2,3349|People|1,0
15,0.2,3349|People|2,0
15,0.2,3349|Lamp|0,0
15,0.2,3349|Lamp|1,0
15,0.2,3350|People|0,1
15,0.2,3350|People|1,0
15,0.2,3350|People|2,0
15,0.2,3350|People|3,0
15,0.2,3350|People|4,0
15,0.2,3350|Lamp|0,0
15,0.2,3350|Lamp|1,0
15,0.2,3378|People|0,0
15,0.2,3378|People|1,0
15,0.2,3378|People|2,1
15,0.2,3378|People|3,0
15,0.2,3378|Lamp|0,0
15,0.2,3378|Lamp|1,1
15,0.2,3378|Lamp|2,0
15,0.2,3378|Lamp|3,1
15,0.2,3378|Lamp|4,0
15,0.2,3381|People|0,0
15,0.2,3381|People|1,1
15,0.2,3381|People|2,1
15,0.2,3381|People|3,0
15,0.2,3381|People|4,0
15,0.2,3381|Lamp|0,1
15,0.2,3381|Lamp|1,1
15,0.2,3381|Lamp|2,1
15,0.2,3381|Lamp|3,0
15,0.2,3381|Lamp|4,0
15,0.2,3382|People|0,0
15,0.2,3382|People|1,1
15,0.2,3382|People|2,1
15,0.2,3382|Lamp|0,1
15,0.2,3382|Lamp|1,1
15,0.2,3382|Lamp|2,1
15,0.2,3382|Lamp|3,0
15,0.2,3382|Lamp|4,0
15,0.2,3383|People|0,0
15,0.2,3383|People|1,1
15,0.2,3383|People|2,1
15,0.2,3383|Lamp|0,1
15,0.2,3383|Lamp|1,1
15,0.2,3383|Lamp|2,1
15,0.2,3383|Lamp|3,0
15,0.2,3383|Lamp|4,0
15,0.2,3384|People|0,0
15,0.2,3384|People|1,0
15,0.2,3384|People|2,1
15,0.2,3384|People|3,1
15,0.2,3384|Lamp|0,1
15,0.2,3384|Lamp|1,1
15,0.2,3384|Lamp|2,1
15,0.2,3384|Lamp|3,0
15,0.2,3384|Lamp|4,0
15,0.2,3389|People|0,0
15,0.2,3389|People|1,1
15,0.2,3389|People|2,0
15,0.2,3389|People|3,1
15,0.2,3389|Lamp|0,1
15,0.2,3389|Lamp|1,0
15,0.2,3389|Lamp|2,1
15,0.2,3389|Lamp|3,0
15,0.2,3389|Lamp|4,0
15,0.2,3390|People|0,1
15,0.2,3390|People|1,0
15,0.2,3390|People|2,1
15,0.2,3390|People|3,1
15,0.2,3390|Lamp|0,1
15,0.2,3390|Lamp|1,0
15,0.2,3390|Lamp|2,0
15,0.2,3390|Lamp|3,0
15,0.2,3390|Lamp|4,0
15,0.2,3392|People|0,0
15,0.2,3392|People|1,1
15,0.2,3392|People|2,1
15,0.2,3392|People|3,0
15,0.2,3392|People|4,0
15,0.2,3392|People|5,1
15,0.2,3392|Lamp|0,1
15,0.2,3392|Lamp|1,1
15,0.2,3392|Lamp|2,1
15,0.2,3392|Lamp|3,0
15,0.2,3392|Lamp|4,0
15,0.2,3395|People|0,1
15,0.2,3395|People|1,1
15,0.2,3395|People|2,0
15,0.2,3395|People|3,1
15,0.2,3395|People|4,0
15,0.2,3395|People|5,0
15,0.2,3395|People|6,0
15,0.2,3395|People|7,0
15,0.2,3395|Lamp|0,1
15,0.2,3395|Lamp|1,0
15,0.2,3395|Lamp|2,1
15,0.2,3395|Lamp|3,0
15,0.2,3395|Lamp|4,0
15,0.2,3397|People|0,1
15,0.2,3397|People|1,1
15,0.2,3397|People|2,0
15,0.2,3397|People|3,1
15,0.2,3397|People|4,0
15,0.2,3397|People|5,0
15,0.2,3397|People|6,0
15,0.2,3397|Lamp|0,1
15,0.2,3397|Lamp|1,0
15,0.2,3397|Lamp|2,1
15,0.2,3397|Lamp|3,0
15,0.2,3397|Lamp|4,0
15,0.2,3398|People|0,1
15,0.2,3398|People|1,1
15,0.2,3398|People|2,0
15,0.2,3398|People|3,0
15,0.2,3398|People|4,0
15,0.2,3398|People|5,1
15,0.2,3398|Lamp|0,1
15,0.2,3398|Lamp|1,0
15,0.2,3398|Lamp|2,1
15,0.2,3398|Lamp|3,0
15,0.2,3398|Lamp|4,0
15,0.2,3405|People|0,1
15,0.2,3405|People|1,0
15,0.2,3405|People|2,0
15,0.2,3405|Lamp|0,1
15,0.2,3405|Lamp|1,1
15,0.2,3405|Lamp|2,1
15,0.2,3405|Lamp|3,1
15,0.2,3408|People|0,1
15,0.2,3408|People|1,0
15,0.2,3408|People|2,0
15,0.2,3408|People|3,0
15,0.2,3408|Lamp|0,1
15,0.2,3408|Lamp|1,1
15,0.2,3408|Lamp|2,1
15,0.2,3408|Lamp|3,1
15,0.2,3409|People|0,0
15,0.2,3409|People|1,0
15,0.2,3409|Lamp|0,1
15,0.2,3409|Lamp|1,1
15,0.2,3409|Lamp|2,1
15,0.2,3409|Lamp|3,1
15,0.2,3566|People|0,0
15,0.2,3566|Lamp|0,1
15,0.2,3681|People|0,0
15,0.2,3681|Lamp|0,1
15,0.2,3681|Lamp|1,1
15,0.2,3681|Lamp|2,1
15,0.2,3681|Lamp|3,1
15,0.2,3682|People|0,0
15,0.2,3682|Lamp|0,1
15,0.2,3682|Lamp|1,1
15,0.2,3682|Lamp|2,1
15,0.2,3682|Lamp|3,1
15,0.2,3683|People|0,0
15,0.2,3683|Lamp|0,1
15,0.2,3683|Lamp|1,1
15,0.2,3683|Lamp|2,1
15,0.2,3683|Lamp|3,1
15,0.2,3687|People|0,0
15,0.2,3687|People|1,0
15,0.2,3687|People|2,0
15,0.2,3687|Lamp|0,1
15,0.2,3687|Lamp|1,1
15,0.2,3687|Lamp|2,1
15,0.2,3687|Lamp|3,1
15,0.2,3688|People|0,0
15,0.2,3688|People|1,0
15,0.2,3688|People|2,0
15,0.2,3688|Lamp|0,1
15,0.2,3688|Lamp|1,1
15,0.2,3688|Lamp|2,1
15,0.2,3688|Lamp|3,1
15,0.2,3689|People|0,0
15,0.2,3689|Lamp|0,0
15,0.2,3689|Lamp|1,0
15,0.2,3689|Lamp|2,1
15,0.2,3689|Lamp|3,0
15,0.3,63|People|0,1
15,0.3,63|People|1,1
15,0.3,63|People|2,1
15,0.3,63|People|3,1
15,0.3,63|People|4,0
15,0.3,63|Lamp|0,0
15,0.3,64|People|0,0
15,0.3,64|People|1,0
15,0.3,64|People|2,0
15,0.3,64|People|3,1
15,0.3,64|People|4,1
15,0.3,64|People|5,1
15,0.3,64|Lamp|0,0
15,0.3,71|People|0,0
15,0.3,71|People|1,0
15,0.3,71|Lamp|0,0
15,0.3,73|People|0,0
15,0.3,73|People|1,0
15,0.3,73|Lamp|0,0
15,0.3,78|People|0,0
15,0.3,78|People|1,1
15,0.3,78|People|2,1
15,0.3,78|People|3,1
15,0.3,78|People|4,0
15,0.3,78|People|5,0
15,0.3,78|Lamp|0,0
15,0.3,111|People|0,1
15,0.3,111|People|1,1
15,0.3,111|People|2,1
15,0.3,111|People|3,1
15,0.3,111|People|4,0
15,0.3,111|People|5,1
15,0.3,111|People|6,1
15,0.3,111|Lamp|0,1
15,0.3,111|Lamp|1,1
15,0.3,111|Lamp|2,0
15,0.3,111|Lamp|3,1
15,0.3,114|People|0,1
15,0.3,114|People|1,1
15,0.3,114|People|2,1
15,0.3,114|People|3,1
15,0.3,114|People|4,0
15,0.3,114|People|5,1
15,0.3,114|People|6,0
15,0.3,114|Lamp|0,0
15,0.3,114|Lamp|1,1
15,0.3,114|Lamp|2,1
15,0.3,116|People|0,1
15,0.3,116|People|1,1
15,0.3,116|People|2,1
15,0.3,116|People|3,1
15,0.3,116|People|4,1
15,0.3,116|People|5,1
15,0.3,116|People|6,1
15,0.3,116|People|7,0
15,0.3,116|Lamp|0,0
15,0.3,116|Lamp|1,1
15,0.3,116|Lamp|2,1
15,0.3,116|Lamp|3,1
15,0.3,118|People|0,1
15,0.3,118|People|1,1
15,0.3,118|People|2,1
15,0.3,118|People|3,1
15,0.3,118|People|4,1
15,0.3,118|People|5,0
15,0.3,118|People|6,1
15,0.3,118|People|7,1
15,0.3,118|Lamp|0,1
15,0.3,118|Lamp|1,1
15,0.3,118|Lamp|2,1
15,0.3,118|Lamp|3,1
15,0.3,123|People|0,1
15,0.3,123|People|1,1
15,0.3,123|People|2,0
15,0.3,123|People|3,0
15,0.3,123|People|4,1
15,0.3,123|People|5,0
15,0.3,123|People|6,1
15,0.3,123|Lamp|0,1
15,0.3,123|Lamp|1,1
15,0.3,123|Lamp|2,0
15,0.3,123|Lamp|3,1
15,0.3,123|Lamp|4,1
15,0.3,125|People|0,0
15,0.3,125|People|1,1
15,0.3,125|People|2,1
15,0.3,125|People|3,1
15,0.3,125|People|4,1
15,0.3,125|People|5,1
15,0.3,125|People|6,0
15,0.3,125|People|7,0
15,0.3,125|Lamp|0,1
15,0.3,125|Lamp|1,1
15,0.3,125|Lamp|2,1
15,0.3,125|Lamp|3,1
15,0.3,125|Lamp|4,1
15,0.3,126|People|0,1
15,0.3,126|People|1,0
15,0.3,126|People|2,1
15,0.3,126|People|3,0
15,0.3,126|People|4,0
15,0.3,126|People|5,1
15,0.3,126|People|6,0
15,0.3,126|People|7,1
15,0.3,126|People|8,0
15,0.3,126|Lamp|0,1
15,0.3,126|Lamp|1,1
15,0.3,126|Lamp|2,1
15,0.3,126|Lamp|3,1
15,0.3,126|Lamp|4,1
15,0.3,127|People|0,0
15,0.3,127|People|1,0
15,0.3,127|People|2,0
15,0.3,127|People|3,1
15,0.3,127|People|4,0
15,0.3,127|People|5,1
15,0.3,127|People|6,0
15,0.3,127|People|7,1
15,0.3,127|People|8,0
15,0.3,127|People|9,1
15,0.3,127|Lamp|0,1
15,0.3,127|Lamp|1,1
15,0.3,127|Lamp|2,1
15,0.3,127|Lamp|3,1
15,0.3,127|Lamp|4,1
15,0.3,129|People|0,0
15,0.3,129|People|1,1
15,0.3,129|People|2,1
15,0.3,129|People|3,0
15,0.3,129|People|4,0
15,0.3,129|People|5,0
15,0.3,129|People|6,0
15,0.3,129|People|7,0
15,0.3,129|Lamp|0,0
15,0.3,129|Lamp|1,0
15,0.3,129|Lamp|2,1
15,0.3,129|Lamp|3,1
15,0.3,129|Lamp|4,0
15,0.3,130|People|0,0
15,0.3,130|People|1,0
15,0.3,130|People|2,0
15,0.3,130|People|3,1
15,0.3,130|People|4,0
15,0.3,130|People|5,0
15,0.3,130|Lamp|0,0
15,0.3,130|Lamp|1,0
15,0.3,130|Lamp|2,1
15,0.3,130|Lamp|3,0
15,0.3,132|People|0,0
15,0.3,132|People|1,0
15,0.3,132|People|2,0
15,0.3,132|People|3,1
15,0.3,132|People|4,1
15,0.3,132|People|5,1
15,0.3,132|Lamp|0,1
15,0.3,132|Lamp|1,0
15,0.3,132|Lamp|2,0
15,0.3,132|Lamp|3,0
15,0.3,135|People|0,0
15,0.3,135|People|1,0
15,0.3,135|People|2,0
15,0.3,135|People|3,1
15,0.3,135|People|4,0
15,0.3,135|People|5,0
15,0.3,135|People|6,0
15,0.3,135|People|7,0
15,0.3,135|People|8,1
15,0.3,135|People|9,1
15,0.3,135|People|10,0
15,0.3,135|Lamp|0,0
15,0.3,135|Lamp|1,1
15,0.3,135|Lamp|2,0
15,0.3,136|People|0,0
15,0.3,136|People|1,0
15,0.3,136|People|2,1
15,0.3,136|People|3,0
15,0.3,136|People|4,0
15,0.3,136|People|5,1
15,0.3,136|People|6,0
15,0.3,136|People|7,0
15,0.3,136|Lamp|0,1
15,0.3,136|Lamp|1,0
15,0.3,136|Lamp|2,1
15,0.3,138|People|0,0
15,0.3,138|People|1,0
15,0.3,138|People|2,0
15,0.3,138|People|3,0
15,0.3,138|People|4,0
15,0.3,138|People|5,0
15,0.3,138|People|6,0
15,0.3,138|People|7,0
15,0.3,138|People|8,1
15,0.3,138|People|9,1
15,0.3,138|People|10,0
15,0.3,138|Lamp|0,1
15,0.3,138|Lamp|1,0
15,0.3,138|Lamp|2,1
15,0.3,143|People|0,0
15,0.3,143|People|1,0
15,0.3,143|People|2,1
15,0.3,143|People|3,0
15,0.3,143|People|4,0
15,0.3,143|People|5,0
15,0.3,143|People|6,0
15,0.3,143|Lamp|0,0
15,0.3,143|Lamp|1,0
15,0.3,144|People|0,0
15,0.3,144|People|1,1
15,0.3,144|People|2,1
15,0.3,144|People|3,0
15,0.3,144|People|4,0
15,0.3,144|People|5,0
15,0.3,144|People|6,0
15,0.3,144|Lamp|0,1
15,0.3,144|Lamp|1,0
15,0.3,147|People|0,1
15,0.3,147|People|1,0
15,0.3,147|People|2,1
15,0.3,147|People|3,0
15,0.3,147|People|4,0
15,0.3,147|People|5,0
15,0.3,147|People|6,1
15,0.3,147|People|7,0
15,0.3,147|People|8,0
15,0.3,147|People|9,1
15,0.3,147|People|10,0
15,0.3,147|People|11,0
15,0.3,147|Lamp|0,0
15,0.3,186|People|0,0
15,0.3,186|People|1,1
15,0.3,186|People|2,0
15,0.3,186|People|3,0
15,0.3,186|People|4,0
15,0.3,186|People|5,1
15,0.3,186|Lamp|0,1
15,0.3,187|People|0,0
15,0.3,187|People|1,0
15,0.3,187|People|2,0
15,0.3,187|People|3,1
15,0.3,187|People|4,0
15,0.3,187|People|5,0
15,0.3,187|Lamp|0,1
15,0.3,188|People|0,1
15,0.3,188|People|1,1
15,0.3,188|People|2,1
15,0.3,188|People|3,1
15,0.3,188|People|4,0
15,0.3,188|People|5,0
15,0.3,188|Lamp|0,1
15,0.3,191|People|0,1
15,0.3,191|People|1,1
15,0.3,191|People|2,1
15,0.3,191|People|3,1
15,0.3,191|People|4,1
15,0.3,191|People|5,1
15,0.3,191|Lamp|0,1
15,0.3,193|People|0,1
15,0.3,193|People|1,1
15,0.3,193|People|2,1
15,0.3,193|People|3,0
15,0.3,193|People|4,1
15,0.3,193|People|5,1
15,0.3,193|Lamp|0,1
15,0.3,196|People|0,1
15,0.3,196|People|1,1
15,0.3,196|People|2,1
15,0.3,196|People|3,1
15,0.3,196|People|4,1
15,0.3,196|People|5,0
15,0.3,196|People|6,1
15,0.3,196|People|7,1
15,0.3,196|People|8,1
15,0.3,196|Lamp|0,1
15,0.3,196|Lamp|1,1
15,0.3,196|Lamp|2,0
15,0.3,199|People|0,1
15,0.3,199|People|1,1
15,0.3,199|People|2,1
15,0.3,199|People|3,1
15,0.3,199|People|4,1
15,0.3,199|People|5,1
15,0.3,199|People|6,1
15,0.3,199|Lamp|0,1
15,0.3,199|Lamp|1,0
15,0.3,204|People|0,1
15,0.3,204|People|1,1
15,0.3,204|People|2,1
15,0.3,204|People|3,1
15,0.3,204|People|4,1
15,0.3,204|People|5,1
15,0.3,204|People|6,1
15,0.3,204|People|7,1
15,0.3,204|Lamp|0,0
15,0.3,204|Lamp|1,1
15,0.3,204|Lamp|2,0
15,0.3,205|People|0,0
15,0.3,205|People|1,1
15,0.3,205|People|2,1
15,0.3,205|People|3,1
15,0.3,205|People|4,1
15,0.3,205|People|5,1
15,0.3,205|People|6,1
15,0.3,205|People|7,0
15,0.3,205|People|8,1
15,0.3,205|Lamp|0,1
15,0.3,205|Lamp|1,1
15,0.3,205|Lamp|2,0
15,0.3,206|People|0,1
15,0.3,206|People|1,1
15,0.3,206|People|2,1
15,0.3,206|People|3,1
15,0.3,206|People|4,0
15,0.3,206|People|5,0
15,0.3,206|People|6,0
15,0.3,206|People|7,0
15,0.3,206|Lamp|0,1
15,0.3,209|People|0,1
15,0.3,209|Lamp|0,1
15,0.3,210|People|0,1
15,0.3,210|People|1,1
15,0.3,210|People|2,0
15,0.3,210|Lamp|0,1
15,0.3,213|People|0,1
15,0.3,213|People|1,1
15,0.3,213|People|2,1
15,0.3,213|People|3,0
15,0.3,213|People|4,0
15,0.3,213|People|5,0
15,0.3,213|People|6,0
15,0.3,213|People|7,0
15,0.3,213|Lamp|0,1
15,0.3,213|Lamp|1,1
15,0.3,213|Lamp|2,0
15,0.3,217|People|0,0
15,0.3,217|People|1,0
15,0.3,217|Lamp|0,0
15,0.3,222|People|0,1
15,0.3,222|People|1,0
15,0.3,222|People|2,0
15,0.3,222|People|3,1
15,0.3,222|People|4,1
15,0.3,222|People|5,1
15,0.3,222|People|6,1
15,0.3,222|People|7,0
15,0.3,222|People|8,0
15,0.3,222|Lamp|0,0
15,0.3,222|Lamp|1,0
15,0.3,222|Lamp|2,1
15,0.3,222|Lamp|3,1
15,0.3,222|Lamp|4,0
15,0.3,222|Lamp|5,1
15,0.3,222|Lamp|6,0
15,0.3,231|People|0,0
15,0.3,231|People|1,1
15,0.3,231|People|2,1
15,0.3,231|People|3,1
15,0.3,231|People|4,1
15,0.3,231|People|5,0
15,0.3,231|People|6,1
15,0.3,231|People|7,1
15,0.3,231|People|8,0
15,0.3,231|People|9,1
15,0.3,231|People|10,0
15,0.3,231|People|11,0
15,0.3,231|Lamp|0,1
15,0.3,231|Lamp|1,1
15,0.3,231|Lamp|2,0
15,0.3,231|Lamp|3,1
15,0.3,231|Lamp|4,1
15,0.3,232|People|0,0
15,0.3,232|People|1,0
15,0.3,232|People|2,0
15,0.3,232|People|3,0
15,0.3,232|People|4,0
15,0.3,232|People|5,1
15,0.3,232|People|6,1
15,0.3,232|People|7,1
15,0.3,232|People|8,1
15,0.3,232|People|9,0
15,0.3,232|People|10,0
15,0.3,232|People|11,0
15,0.3,232|Lamp|0,1
15,0.3,232|Lamp|1,0
15,0.3,232|Lamp|2,1
15,0.3,232|Lamp|3,1
15,0.3,232|Lamp|4,0
15,0.3,232|Lamp|5,0
15,0.3,240|People|0,0
15,0.3,240|People|1,0
15,0.3,240|People|2,1
15,0.3,240|People|3,1
15,0.3,240|People|4,1
15,0.3,240|People|5,1
15,0.3,240|People|6,0
15,0.3,240|Lamp|0,0
15,0.3,240|Lamp|1,0
15,0.3,240|Lamp|2,0
15,0.3,240|Lamp|3,0
15,0.3,240|Lamp|4,0
15,0.3,388|People|0,1
15,0.3,388|People|1,1
15,0.3,388|People|2,1
15,0.3,388|People|3,1
15,0.3,388|People|4,1
15,0.3,388|People|5,1
15,0.3,388|People|6,1
15,0.3,388|People|7,1
15,0.3,388|People|8,1
15,0.3,388|People|9,1
15,0.3,388|Lamp|0,1
15,0.3,389|People|0,1
15,0.3,389|People|1,1
15,0.3,389|People|2,0
15,0.3,389|People|3,1
15,0.3,389|People|4,1
15,0.3,389|People|5,1
15,0.3,389|People|6,1
15,0.3,389|People|7,1
15,0.3,389|People|8,1
15,0.3,389|People|9,1
15,0.3,389|Lamp|0,0
15,0.3,389|Lamp|1,1
15,0.3,392|People|0,1
15,0.3,392|People|1,1
15,0.3,392|People|2,0
15,0.3,392|People|3,1
15,0.3,392|Lamp|0,1
15,0.3,392|Lamp|1,1
15,0.3,394|People|0,1
15,0.3,394|People|1,1
15,0.3,394|People|2,1
15,0.3,394|People|3,1
15,0.3,394|People|4,1
15,0.3,394|People|5,1
15,0.3,394|Lamp|0,1
15,0.3,394|Lamp|1,1
15,0.3,395|People|0,0
15,0.3,395|People|1,0
15,0.3,395|People|2,1
15,0.3,395|People|3,1
15,0.3,395|People|4,1
15,0.3,395|People|5,1
15,0.3,395|People|6,1
15,0.3,395|Lamp|0,1
15,0.3,395|Lamp|1,1
15,0.3,396|People|0,0
15,0.3,396|People|1,0
15,0.3,396|People|2,1
15,0.3,396|People|3,1
15,0.3,396|People|4,1
15,0.3,396|People|5,1
15,0.3,396|Lamp|0,1
15,0.3,396|Lamp|1,1
15,0.3,409|People|0,1
15,0.3,409|People|1,1
15,0.3,409|People|2,0
15,0.3,409|People|3,1
15,0.3,409|People|4,1
15,0.3,409|Lamp|0,0
15,0.3,410|People|0,1
15,0.3,410|People|1,0
15,0.3,410|People|2,0
15,0.3,410|People|3,1
15,0.3,410|People|4,0
15,0.3,410|People|5,1
15,0.3,410|Lamp|0,1
15,0.3,413|People|0,1
15,0.3,413|People|1,1
15,0.3,413|People|2,1
15,0.3,413|People|3,0
15,0.3,413|People|4,0
15,0.3,413|People|5,0
15,0.3,413|Lamp|0,0
15,0.3,419|People|0,0
15,0.3,419|People|1,0
15,0.3,419|Lamp|0,1
15,0.3,419|Lamp|1,1
15,0.3,422|People|0,1
15,0.3,422|People|1,1
15,0.3,422|People|2,1
15,0.3,422|People|3,1
15,0.3,422|People|4,1
15,0.3,422|Lamp|0,0
15,0.3,425|People|0,0
15,0.3,425|People|1,1
15,0.3,425|People|2,1
15,0.3,425|People|3,1
15,0.3,425|People|4,0
15,0.3,425|People|5,1
15,0.3,425|People|6,1
15,0.3,425|People|7,0
15,0.3,425|Lamp|0,0
15,0.3,427|People|0,0
15,0.3,427|People|1,0
15,0.3,427|People|2,0
15,0.3,427|People|3,1
15,0.3,427|People|4,1
15,0.3,427|People|5,1
15,0.3,427|People|6,1
15,0.3,427|People|7,1
15,0.3,427|Lamp|0,0
15,0.3,428|People|0,0
15,0.3,428|People|1,0
15,0.3,428|People|2,1
15,0.3,428|People|3,1
15,0.3,428|People|4,1
15,0.3,428|People|5,1
15,0.3,428|People|6,1
15,0.3,428|Lamp|0,0
15,0.3,438|People|0,1
15,0.3,438|People|1,1
15,0.3,438|People|2,0
15,0.3,438|People|3,0
15,0.3,438|People|4,0
15,0.3,438|Lamp|0,1
15,0.3,438|Lamp|1,0
15,0.3,438|Lamp|2,1
15,0.3,438|Lamp|3,1
15,0.3,440|People|0,1
15,0.3,440|People|1,1
15,0.3,440|People|2,0
15,0.3,440|People|3,0
15,0.3,440|People|4,0
15,0.3,440|People|5,0
15,0.3,440|People|6,0
15,0.3,440|Lamp|0,1
15,0.3,440|Lamp|1,1
15,0.3,440|Lamp|2,1
15,0.3,440|Lamp|3,1
15,0.3,442|People|0,1
15,0.3,442|People|1,1
15,0.3,442|People|2,0
15,0.3,442|People|3,0
15,0.3,442|People|4,0
15,0.3,442|People|5,1
15,0.3,442|People|6,1
15,0.3,442|People|7,1
15,0.3,442|Lamp|0,1
15,0.3,442|Lamp|1,1
15,0.3,442|Lamp|2,1
15,0.3,442|Lamp|3,1
15,0.3,444|People|0,1
15,0.3,444|People|1,1
15,0.3,444|People|2,0
15,0.3,444|People|3,0
15,0.3,444|People|4,0
15,0.3,444|People|5,0
15,0.3,444|Lamp|0,1
15,0.3,444|Lamp|1,1
15,0.3,444|Lamp|2,1
15,0.3,444|Lamp|3,0
15,0.3,448|People|0,1
15,0.3,448|People|1,1
15,0.3,448|People|2,1
15,0.3,448|People|3,0
15,0.3,448|People|4,0
15,0.3,448|People|5,0
15,0.3,448|People|6,0
15,0.3,448|Lamp|0,1
15,0.3,448|Lamp|1,1
15,0.3,448|Lamp|2,0
15,0.3,448|Lamp|3,0
15,0.3,448|Lamp|4,0
15,0.3,448|Lamp|5,0
15,0.3,449|People|0,1
15,0.3,449|People|1,1
15,0.3,449|People|2,1
15,0.3,449|People|3,0
15,0.3,449|People|4,0
15,0.3,449|People|5,0
15,0.3,449|Lamp|0,0
15,0.3,449|Lamp|1,1
15,0.3,449|Lamp|2,1
15,0.3,449|Lamp|3,0
15,0.3,449|Lamp|4,1
15,0.3,452|People|0,1
15,0.3,452|People|1,1
15,0.3,452|Lamp|0,1
15,0.3,452|Lamp|1,1
15,0.3,452|Lamp|2,1
15,0.3,453|People|0,1
15,0.3,453|Lamp|0,1
15,0.3,453|Lamp|1,1
15,0.3,453|Lamp|2,1
15,0.3,453|Lamp|3,1
15,0.3,459|People|0,1
15,0.3,459|People|1,0
15,0.3,459|People|2,1
15,0.3,459|People|3,1
15,0.3,459|People|4,1
15,0.3,459|People|5,1
15,0.3,459|Lamp|0,0
15,0.3,459|Lamp|1,0
15,0.3,459|Lamp|2,0
15,0.3,462|People|0,1
15,0.3,462|People|1,1
15,0.3,462|People|2,1
15,0.3,462|People|3,1
15,0.3,462|People|4,1
15,0.3,462|People|5,1
15,0.3,462|People|6,1
15,0.3,462|Lamp|0,1
15,0.3,462|Lamp|1,0
15,0.3,466|People|0,1
15,0.3,466|People|1,1
15,0.3,466|People|2,1
15,0.3,466|People|3,1
15,0.3,466|People|4,1
15,0.3,466|People|5,1
15,0.3,466|Lamp|0,1
15,0.3,466|Lamp|1,0
15,0.3,468|People|0,1
15,0.3,468|People|1,1
15,0.3,468|People|2,1
15,0.3,468|People|3,1
15,0.3,468|People|4,1
15,0.3,468|People|5,1
15,0.3,468|People|6,1
15,0.3,468|Lamp|0,1
15,0.3,468|Lamp|1,0
15,0.3,470|People|0,1
15,0.3,470|People|1,0
15,0.3,470|Lamp|0,1
15,0.3,476|People|0,0
15,0.3,476|People|1,1
15,0.3,476|Lamp|0,1
15,0.3,478|People|0,1
15,0.3,478|Lamp|0,0
15,0.3,479|People|0,1
15,0.3,479|Lamp|0,1
15,0.3,480|People|0,1
15,0.3,480|People|1,0
15,0.3,480|People|2,1
15,0.3,480|Lamp|0,0
15,0.3,486|People|0,1
15,0.3,486|People|1,0
15,0.3,486|People|2,0
15,0.3,486|People|3,0
15,0.3,486|People|4,1
15,0.3,486|People|5,1
15,0.3,486|People|6,0
15,0.3,486|Lamp|0,0
15,0.3,489|People|0,1
15,0.3,489|People|1,0
15,0.3,489|People|2,1
15,0.3,489|People|3,1
15,0.3,489|People|4,0
15,0.3,489|People|5,0
15,0.3,489|People|6,0
15,0.3,489|People|7,0
15,0.3,489|People|8,0
15,0.3,489|People|9,0
15,0.3,489|Lamp|0,1
15,0.3,489|Lamp|1,0
15,0.3,493|People|0,0
15,0.3,493|People|1,1
15,0.3,493|People|2,1
15,0.3,493|People|3,1
15,0.3,493|People|4,1
15,0.3,493|People|5,1
15,0.3,493|People|6,1
15,0.3,493|People|7,0
15,0.3,493|Lamp|0,0
15,0.3,494|People|0,1
15,0.3,494|People|1,0
15,0.3,494|People|2,0
15,0.3,494|People|3,0
15,0.3,494|People|4,0
15,0.3,494|Lamp|0,1
15,0.3,494|Lamp|1,0
15,0.3,494|Lamp|2,1
15,0.3,503|People|0,0
15,0.3,503|People|1,0
15,0.3,503|Lamp|0,1
15,0.3,503|Lamp|1,1
15,0.3,505|People|0,0
15,0.3,505|People|1,0
15,0.3,505|People|2,0
15,0.3,505|People|3,0
15,0.3,505|People|4,1
15,0.3,505|Lamp|0,1
15,0.3,507|People|0,1
15,0.3,507|People|1,0
15,0.3,507|People|2,0
15,0.3,507|People|3,0
15,0.3,507|People|4,0
15,0.3,507|People|5,1
15,0.3,507|People|6,1
15,0.3,507|Lamp|0,0
15,0.3,1190|People|0,0
15,0.3,1190|People|1,0
15,0.3,1190|People|2,0
15,0.3,1190|People|3,0
15,0.3,1190|People|4,0
15,0.3,1190|People|5,0
15,0.3,1190|People|6,0
15,0.3,1190|People|7,0
15,0.3,1190|Lamp|0,0
15,0.3,1196|People|0,0
15,0.3,1196|People|1,0
15,0.3,1196|Lamp|0,0
15,0.3,1199|People|0,0
15,0.3,1199|People|1,0
15,0.3,1199|People|2,0
15,0.3,1199|Lamp|0,1
15,0.3,1200|People|0,0
15,0.3,1200|People|1,1
15,0.3,1200|Lamp|0,1
15,0.3,1204|People|0,1
15,0.3,1204|People|1,1
15,0.3,1204|People|2,0
15,0.3,1204|People|3,0
15,0.3,1204|Lamp|0,0
15,0.3,1206|People|0,1
15,0.3,1206|People|1,1
15,0.3,1206|People|2,0
15,0.3,1206|Lamp|0,0
15,0.3,1207|People|0,1
15,0.3,1207|People|1,1
15,0.3,1207|People|2,0
15,0.3,1207|Lamp|0,0
15,0.3,1211|People|0,1
15,0.3,1211|People|1,1
15,0.3,1211|People|2,0
15,0.3,1211|People|3,0
15,0.3,1211|Lamp|0,0
15,0.3,1213|People|0,1
15,0.3,1213|People|1,1
15,0.3,1213|Lamp|0,0
15,0.3,1216|People|0,1
15,0.3,1216|People|1,1
15,0.3,1216|Lamp|0,0
15,0.3,1218|People|0,1
15,0.3,1218|People|1,1
15,0.3,1218|Lamp|0,0
15,0.3,1219|People|0,1
15,0.3,1219|People|1,0
15,0.3,1219|People|2,0
15,0.3,1219|People|3,0
15,0.3,1219|Lamp|0,1
15,0.3,1219|Lamp|1,1
15,0.3,1221|People|0,1
15,0.3,1221|People|1,1
15,0.3,1221|People|2,0
15,0.3,1221|Lamp|0,0
15,0.3,1222|People|0,1
15,0.3,1222|People|1,0
15,0.3,1222|People|2,0
15,0.3,1222|Lamp|0,0
15,0.3,1225|People|0,0
15,0.3,1225|People|1,0
15,0.3,1225|People|2,0
15,0.3,1225|People|3,0
15,0.3,1225|People|4,0
15,0.3,1225|People|5,0
15,0.3,1225|People|6,0
15,0.3,1225|Lamp|0,1
15,0.3,1225|Lamp|1,0
15,0.3,1226|People|0,0
15,0.3,1226|People|1,1
15,0.3,1226|People|2,0
15,0.3,1226|People|3,0
15,0.3,1226|People|4,0
15,0.3,1226|Lamp|0,0
15,0.3,1226|Lamp|1,0
15,0.3,1226|Lamp|2,0
15,0.3,1228|People|0,0
15,0.3,1228|Lamp|0,1
15,0.3,1266|People|0,0
15,0.3,1266|People|1,0
15,0.3,1266|Lamp|0,0
15,0.3,1266|Lamp|1,1
15,0.3,1268|People|0,1
15,0.3,1268|Lamp|0,1
15,0.3,1268|Lamp|1,0
15,0.3,1268|Lamp|2,0
15,0.3,1268|Lamp|3,0
15,0.3,1273|People|0,0
15,0.3,1273|Lamp|0,0
15,0.3,1273|Lamp|1,0
15,0.3,1274|People|0,0
15,0.3,1274|Lamp|0,0
15,0.3,1274|Lamp|1,1
15,0.3,1274|Lamp|2,0
15,0.3,1285|People|0,1
15,0.3,1285|Lamp|0,1
15,0.3,1285|Lamp|1,1
15,0.3,1285|Lamp|2,1
15,0.3,1291|People|0,0
15,0.3,1291|Lamp|0,0
15,0.3,1291|Lamp|1,1
15,0.3,1295|People|0,1
15,0.3,1295|People|1,1
15,0.3,1295|People|2,0
15,0.3,1295|Lamp|0,1
15,0.3,1299|People|0,1
15,0.3,1299|People|1,0
15,0.3,1299|People|2,0
15,0.3,1299|Lamp|0,1
15,0.3,2046|People|0,1
15,0.3,2046|People|1,1
15,0.3,2046|Lamp|0,1
15,0.3,2046|Lamp|1,1
15,0.3,2046|Lamp|2,1
15,0.3,2046|Lamp|3,0
15,0.3,2050|People|0,1
15,0.3,2050|People|1,0
15,0.3,2050|Lamp|0,0
15,0.3,2050|Lamp|1,0
15,0.3,2050|Lamp|2,1
15,0.3,2050|Lamp|3,0
15,0.3,2051|People|0,1
15,0.3,2051|People|1,0
15,0.3,2051|Lamp|0,0
15,0.3,2051|Lamp|1,0
15,0.3,2051|Lamp|2,1
15,0.3,2051|Lamp|3,0
15,0.3,2052|People|0,1
15,0.3,2052|People|1,0
15,0.3,2052|Lamp|0,1
15,0.3,2052|Lamp|1,1
15,0.3,2052|Lamp|2,0
15,0.3,2052|Lamp|3,1
15,0.3,2056|People|0,1
15,0.3,2056|People|1,1
15,0.3,2056|Lamp|0,1
15,0.3,2056|Lamp|1,0
15,0.3,2056|Lamp|2,1
15,0.3,2056|Lamp|3,0
15,0.3,2057|People|0,1
15,0.3,2057|People|1,1
15,0.3,2057|Lamp|0,0
15,0.3,2057|Lamp|1,0
15,0.3,2057|Lamp|2,0
15,0.3,2057|Lamp|3,1
15,0.3,2058|People|0,1
15,0.3,2058|People|1,1
15,0.3,2058|Lamp|0,0
15,0.3,2058|Lamp|1,0
15,0.3,2058|Lamp|2,1
15,0.3,2058|Lamp|3,0
15,0.3,2058|Lamp|4,0
15,0.3,2058|Lamp|5,0
15,0.3,2059|People|0,1
15,0.3,2059|People|1,0
15,0.3,2059|Lamp|0,1
15,0.3,2059|Lamp|1,0
15,0.3,2059|Lamp|2,0
15,0.3,2059|Lamp|3,0
15,0.3,2061|People|0,1
15,0.3,2061|People|1,1
15,0.3,2061|Lamp|0,1
15,0.3,2061|Lamp|1,0
15,0.3,2061|Lamp|2,0
15,0.3,2061|Lamp|3,1
15,0.3,2061|Lamp|4,0
15,0.3,2061|Lamp|5,0
15,0.3,2065|People|0,1
15,0.3,2065|People|1,1
15,0.3,2065|Lamp|0,0
15,0.3,2065|Lamp|1,0
15,0.3,2065|Lamp|2,1
15,0.3,2065|Lamp|3,1
15,0.3,2065|Lamp|4,0
15,0.3,2065|Lamp|5,1
15,0.3,2067|People|0,1
15,0.3,2067|People|1,0
15,0.3,2067|Lamp|0,1
15,0.3,2067|Lamp|1,1
15,0.3,2067|Lamp|2,0
15,0.3,2067|Lamp|3,1
15,0.3,2068|People|0,1
15,0.3,2068|People|1,0
15,0.3,2068|Lamp|0,1
15,0.3,2068|Lamp|1,1
15,0.3,2068|Lamp|2,0
15,0.3,2068|Lamp|3,0
15,0.3,2069|People|0,1
15,0.3,2069|People|1,1
15,0.3,2069|Lamp|0,1
15,0.3,2069|Lamp|1,1
15,0.3,2069|Lamp|2,0
15,0.3,2069|Lamp|3,0
15,0.3,2069|Lamp|4,0
15,0.3,2069|Lamp|5,0
15,0.3,2070|People|0,1
15,0.3,2070|People|1,0
15,0.3,2070|Lamp|0,1
15,0.3,2070|Lamp|1,0
15,0.3,2070|Lamp|2,1
15,0.3,2070|Lamp|3,1
15,0.3,2072|People|0,1
15,0.3,2072|People|1,0
15,0.3,2072|Lamp|0,1
15,0.3,2072|Lamp|1,1
15,0.3,2072|Lamp|2,1
15,0.3,2072|Lamp|3,0
15,0.3,2072|Lamp|4,0
15,0.3,2072|Lamp|5,1
15,0.3,2073|People|0,1
15,0.3,2073|People|1,0
15,0.3,2073|Lamp|0,1
15,0.3,2073|Lamp|1,1
15,0.3,2073|Lamp|2,1
15,0.3,2073|Lamp|3,0
15,0.3,2073|Lamp|4,0
15,0.3,2073|Lamp|5,1
15,0.3,2074|People|0,1
15,0.3,2074|People|1,0
15,0.3,2074|Lamp|0,1
15,0.3,2074|Lamp|1,0
15,0.3,2074|Lamp|2,0
15,0.3,2074|Lamp|3,1
15,0.3,2074|Lamp|4,1
15,0.3,2074|Lamp|5,1
15,0.3,2074|Lamp|6,0
15,0.3,2074|Lamp|7,1
15,0.3,2076|People|0,1
15,0.3,2076|People|1,1
15,0.3,2076|Lamp|0,1
15,0.3,2076|Lamp|1,0
15,0.3,2076|Lamp|2,0
15,0.3,2076|Lamp|3,0
15,0.3,2076|Lamp|4,1
15,0.3,2076|Lamp|5,1
15,0.3,2076|Lamp|6,1
15,0.3,2076|Lamp|7,0
15,0.3,2082|People|0,1
15,0.3,2082|People|1,1
15,0.3,2082|Lamp|0,0
15,0.3,2082|Lamp|1,0
15,0.3,2082|Lamp|2,0
15,0.3,2082|Lamp|3,0
15,0.3,2082|Lamp|4,0
15,0.3,2082|Lamp|5,0
15,0.3,2084|People|0,1
15,0.3,2084|People|1,1
15,0.3,2084|Lamp|0,1
15,0.3,2084|Lamp|1,1
15,0.3,2084|Lamp|2,0
15,0.3,2084|Lamp|3,0
15,0.3,2084|Lamp|4,0
15,0.3,2084|Lamp|5,0
15,0.3,2087|People|0,1
15,0.3,2087|People|1,1
15,0.3,2087|Lamp|0,0
15,0.3,2087|Lamp|1,1
15,0.3,2087|Lamp|2,1
15,0.3,2090|People|0,1
15,0.3,2090|People|1,1
15,0.3,2090|Lamp|0,0
15,0.3,2090|Lamp|1,1
15,0.3,2090|Lamp|2,1
15,0.3,2090|Lamp|3,1
15,0.3,2091|People|0,1
15,0.3,2091|People|1,1
15,0.3,2091|Lamp|0,0
15,0.3,2091|Lamp|1,1
15,0.3,2091|Lamp|2,0
15,0.3,2091|Lamp|3,0
15,0.3,2091|Lamp|4,0
15,0.3,2091|Lamp|5,1
15,0.3,2092|People|0,1
15,0.3,2092|People|1,1
15,0.3,2092|Lamp|0,0
15,0.3,2092|Lamp|1,1
15,0.3,2092|Lamp|2,1
15,0.3,2092|Lamp|3,0
15,0.3,2092|Lamp|4,0
15,0.3,2092|Lamp|5,1
15,0.3,2093|People|0,1
15,0.3,2093|People|1,1
15,0.3,2093|Lamp|0,0
15,0.3,2093|Lamp|1,0
15,0.3,2093|Lamp|2,0
15,0.3,2093|Lamp|3,0
15,0.3,2093|Lamp|4,0
15,0.3,2093|Lamp|5,1
15,0.3,2120|People|0,0
15,0.3,2120|People|1,1
15,0.3,2120|People|2,0
15,0.3,2120|Lamp|0,1
15,0.3,2127|People|0,0
15,0.3,2127|People|1,0
15,0.3,2127|People|2,1
15,0.3,2127|Lamp|0,1
15,0.3,2127|Lamp|1,0
15,0.3,2127|Lamp|2,0
15,0.3,2127|Lamp|3,0
15,0.3,2129|People|0,1
15,0.3,2129|People|1,1
15,0.3,2129|People|2,0
15,0.3,2129|Lamp|0,0
15,0.3,2129|Lamp|1,1
15,0.3,2139|People|0,1
15,0.3,2139|Lamp|0,1
15,0.3,2139|Lamp|1,1
15,0.3,2139|Lamp|2,1
15,0.3,2140|People|0,0
15,0.3,2140|Lamp|0,1
15,0.3,2140|Lamp|1,1
15,0.3,2140|Lamp|2,0
15,0.3,2149|People|0,1
15,0.3,2149|Lamp|0,1
15,0.3,2149|Lamp|1,1
15,0.3,2150|People|0,1
15,0.3,2150|Lamp|0,1
15,0.3,2150|Lamp|1,1
15,0.3,2151|People|0,1
15,0.3,2151|Lamp|0,1
15,0.3,2151|Lamp|1,1
15,0.3,2158|People|0,0
15,0.3,2158|Lamp|0,1
15,0.3,2158|Lamp|1,1
15,0.3,2160|People|0,1
15,0.3,2160|Lamp|0,1
15,0.3,2160|Lamp|1,1
15,0.3,2190|People|0,1
15,0.3,2190|People|1,0
15,0.3,2190|People|2,0
15,0.3,2190|Lamp|0,1
15,0.3,2190|Lamp|1,1
15,0.3,2191|People|0,1
15,0.3,2191|People|1,0
15,0.3,2191|People|2,1
15,0.3,2191|Lamp|0,1
15,0.3,2191|Lamp|1,0
15,0.3,2193|People|0,1
15,0.3,2193|People|1,1
15,0.3,2193|People|2,0
15,0.3,2193|Lamp|0,1
15,0.3,2193|Lamp|1,1
15,0.3,2195|People|0,1
15,0.3,2195|People|1,1
15,0.3,2195|People|2,0
15,0.3,2195|Lamp|0,1
15,0.3,2195|Lamp|1,1
15,0.3,2200|People|0,0
15,0.3,2200|Lamp|0,1
15,0.3,2200|Lamp|1,1
15,0.3,2217|People|0,0
15,0.3,2217|Lamp|0,0
15,0.3,2217|Lamp|1,0
15,0.3,2218|People|0,0
15,0.3,2218|Lamp|0,0
15,0.3,2218|Lamp|1,0
15,0.3,2226|People|0,0
15,0.3,2226|Lamp|0,1
15,0.3,2226|Lamp|1,1
15,0.3,2226|Lamp|2,1
15,0.3,2226|Lamp|3,1
15,0.3,2226|Lamp|4,1
15,0.3,2292|People|0,0
15,0.3,2292|Lamp|0,0
15,0.3,2292|Lamp|1,0
15,0.3,2292|Lamp|2,0
15,0.3,2292|Lamp|3,0
15,0.3,2293|People|0,0
15,0.3,2293|Lamp|0,0
15,0.3,2293|Lamp|1,0
15,0.3,2293|Lamp|2,0
15,0.3,2293|Lamp|3,0
15,0.3,2295|People|0,0
15,0.3,2295|Lamp|0,0
15,0.3,2295|Lamp|1,0
15,0.3,2295|Lamp|2,0
15,0.3,2295|Lamp|3,0
15,0.3,2295|Lamp|4,0
15,0.3,2295|Lamp|5,0
15,0.3,2295|Lamp|6,0
15,0.3,2295|Lamp|7,0
15,0.3,2297|People|0,0
15,0.3,2297|Lamp|0,0
15,0.3,2297|Lamp|1,0
15,0.3,2297|Lamp|2,0
15,0.3,2297|Lamp|3,0
15,0.3,2297|Lamp|4,0
15,0.3,2298|People|0,0
15,0.3,2298|Lamp|0,0
15,0.3,2298|Lamp|1,0
15,0.3,2298|Lamp|2,0
15,0.3,2298|Lamp|3,0
15,0.3,2298|Lamp|4,1
15,0.3,2299|People|0,0
15,0.3,2299|Lamp|0,0
15,0.3,2299|Lamp|1,0
15,0.3,2299|Lamp|2,0
15,0.3,2299|Lamp|3,0
15,0.3,2299|Lamp|4,0
15,0.3,2299|Lamp|5,1
15,0.3,2328|People|0,1
15,0.3,2328|People|1,0
15,0.3,2328|People|2,0
15,0.3,2328|Lamp|0,0
15,0.3,2332|People|0,1
15,0.3,2332|People|1,1
15,0.3,2332|People|2,0
15,0.3,2332|People|3,0
15,0.3,2332|Lamp|0,0
15,0.3,2335|People|0,1
15,0.3,2335|People|1,1
15,0.3,2335|People|2,0
15,0.3,2335|People|3,0
15,0.3,2335|Lamp|0,0
15,0.3,2337|People|0,0
15,0.3,2337|People|1,0
15,0.3,2337|Lamp|0,0
15,0.3,2453|People|0,0
15,0.3,2453|People|1,0
15,0.3,2453|Lamp|0,0
15,0.3,2456|People|0,1
15,0.3,2456|Lamp|0,0
15,0.3,2456|Lamp|1,0
15,0.3,2456|Lamp|2,0
15,0.3,2457|People|0,1
15,0.3,2457|Lamp|0,0
15,0.3,2457|Lamp|1,0
15,0.3,2457|Lamp|2,0
15,0.3,2457|Lamp|3,0
15,0.3,2465|People|0,0
15,0.3,2465|Lamp|0,0
15,0.3,2465|Lamp|1,0
15,0.3,2465|Lamp|2,0
15,0.3,2467|People|0,0
15,0.3,2467|Lamp|0,0
15,0.3,2467|Lamp|1,0
15,0.3,2468|People|0,0
15,0.3,2468|People|1,0
15,0.3,2468|Lamp|0,0
15,0.3,2468|Lamp|1,0
15,0.3,2478|People|0,1
15,0.3,2478|People|1,1
15,0.3,2478|People|2,0
15,0.3,2478|People|3,0
15,0.3,2478|Lamp|0,1
15,0.3,2478|Lamp|1,1
15,0.3,2489|People|0,0
15,0.3,2489|People|1,0
15,0.3,2489|People|2,0
15,0.3,2489|People|3,1
15,0.3,2489|People|4,0
15,0.3,2489|People|5,0
15,0.3,2489|Lamp|0,0
15,0.3,2489|Lamp|1,0
15,0.3,2490|People|0,0
15,0.3,2490|People|1,1
15,0.3,2490|People|2,0
15,0.3,2490|People|3,0
15,0.3,2490|People|4,0
15,0.3,2490|Lamp|0,0
15,0.3,2490|Lamp|1,0
15,0.3,2491|People|0,0
15,0.3,2491|People|1,1
15,0.3,2491|People|2,1
15,0.3,2491|People|3,0
15,0.3,2491|People|4,0
15,0.3,2491|Lamp|0,0
15,0.3,2491|Lamp|1,0
15,0.3,2602|People|0,0
15,0.3,2602|Lamp|0,0
15,0.3,2602|Lamp|1,0
15,0.3,2602|Lamp|2,0
15,0.3,2606|People|0,0
15,0.3,2606|Lamp|0,1
15,0.3,2606|Lamp|1,0
15,0.3,2607|People|0,0
15,0.3,2607|Lamp|0,0
15,0.3,2607|Lamp|1,0
15,0.3,2622|People|0,1
15,0.3,2622|People|1,0
15,0.3,2622|People|2,0
15,0.3,2622|Lamp|0,1
15,0.3,2622|Lamp|1,1
15,0.3,2622|Lamp|2,1
15,0.3,2717|People|0,0
15,0.3,2717|People|1,0
15,0.3,2717|People|2,0
15,0.3,2717|Lamp|0,0
15,0.3,2720|People|0,0
15,0.3,2720|People|1,0
15,0.3,2720|People|2,0
15,0.3,2720|Lamp|0,0
15,0.3,2721|People|0,0
15,0.3,2721|People|1,0
15,0.3,2721|Lamp|0,0
15,0.3,2727|People|0,1
15,0.3,2727|People|1,0
15,0.3,2727|People|2,0
15,0.3,2727|People|3,0
15,0.3,2727|Lamp|0,0
15,0.3,2732|People|0,0
15,0.3,2732|People|1,0
15,0.3,2732|Lamp|0,0
15,0.3,2735|People|0,0
15,0.3,2735|People|1,0
15,0.3,2735|Lamp|0,0
15,0.3,2736|People|0,0
15,0.3,2736|People|1,0
15,0.3,2736|Lamp|0,0
15,0.3,2738|People|0,0
15,0.3,2738|People|1,0
15,0.3,2738|People|2,0
15,0.3,2738|Lamp|0,0
15,0.3,2940|People|0,1
15,0.3,2940|Lamp|0,0
15,0.3,2940|Lamp|1,0
15,0.3,2942|People|0,1
15,0.3,2942|Lamp|0,0
15,0.3,2942|Lamp|1,0
15,0.3,2942|Lamp|2,0
15,0.3,2942|Lamp|3,0
15,0.3,2942|Lamp|4,0
15,0.3,2945|People|0,1
15,0.3,2945|Lamp|0,0
15,0.3,2945|Lamp|1,0
15,0.3,2945|Lamp|2,0
15,0.3,2947|People|0,1
15,0.3,2947|Lamp|0,1
15,0.3,2947|Lamp|1,1
15,0.3,2947|Lamp|2,0
15,0.3,2947|Lamp|3,0
15,0.3,2947|Lamp|4,0
15,0.3,2949|People|0,0
15,0.3,2949|Lamp|0,1
15,0.3,2949|Lamp|1,0
15,0.3,2949|Lamp|2,0
15,0.3,2949|Lamp|3,0
15,0.3,2949|Lamp|4,0
15,0.3,2949|Lamp|5,0
15,0.3,2950|People|0,0
15,0.3,2950|People|1,0
15,0.3,2950|Lamp|0,1
15,0.3,2950|Lamp|1,0
15,0.3,2950|Lamp|2,0
15,0.3,2950|Lamp|3,0
15,0.3,2950|Lamp|4,0
15,0.3,2951|People|0,0
15,0.3,2951|Lamp|0,1
15,0.3,2951|Lamp|1,0
15,0.3,2951|Lamp|2,0
15,0.3,2951|Lamp|3,0
15,0.3,2951|Lamp|4,0
15,0.3,2953|People|0,0
15,0.3,2953|Lamp|0,0
15,0.3,2953|Lamp|1,0
15,0.3,2953|Lamp|2,0
15,0.3,2953|Lamp|3,0
15,0.3,2957|People|0,0
15,0.3,2957|Lamp|0,1
15,0.3,2957|Lamp|1,0
15,0.3,2957|Lamp|2,1
15,0.3,2957|Lamp|3,0
15,0.3,2957|Lamp|4,0
15,0.3,2957|Lamp|5,0
15,0.3,3024|People|0,0
15,0.3,3024|Lamp|0,0
15,0.3,3024|Lamp|1,1
15,0.3,3052|People|0,0
15,0.3,3052|Lamp|0,0
15,0.3,3053|People|0,0
15,0.3,3053|People|1,0
15,0.3,3053|Lamp|0,0
15,0.3,3053|Lamp|1,0
15,0.3,3054|People|0,0
15,0.3,3054|People|1,0
15,0.3,3054|People|2,0
15,0.3,3054|Lamp|0,0
15,0.3,3054|Lamp|1,0
15,0.3,3057|People|0,0
15,0.3,3057|People|1,0
15,0.3,3057|Lamp|0,0
15,0.3,3057|Lamp|1,0
15,0.3,3059|People|0,0
15,0.3,3059|People|1,0
15,0.3,3059|People|2,0
15,0.3,3059|Lamp|0,0
15,0.3,3059|Lamp|1,0
15,0.3,3060|People|0,1
15,0.3,3060|People|1,1
15,0.3,3060|People|2,0
15,0.3,3060|People|3,0
15,0.3,3060|Lamp|0,0
15,0.3,3060|Lamp|1,0
15,0.3,3061|People|0,0
15,0.3,3061|People|1,1
15,0.3,3061|People|2,1
15,0.3,3061|People|3,0
15,0.3,3061|Lamp|0,0
15,0.3,3061|Lamp|1,0
15,0.3,3063|People|0,1
15,0.3,3063|People|1,0
15,0.3,3063|Lamp|0,0
15,0.3,3063|Lamp|1,0
15,0.3,3063|Lamp|2,0
15,0.3,3063|Lamp|3,0
15,0.3,3066|People|0,0
15,0.3,3066|Lamp|0,0
15,0.3,3066|Lamp|1,0
15,0.3,3066|Lamp|2,1
15,0.3,3066|Lamp|3,0
15,0.3,3066|Lamp|4,0
15,0.3,3066|Lamp|5,0
15,0.3,3072|People|0,1
15,0.3,3072|People|1,0
15,0.3,3072|People|2,0
15,0.3,3072|People|3,0
15,0.3,3072|People|4,0
15,0.3,3072|People|5,0
15,0.3,3072|People|6,1
15,0.3,3072|People|7,0
15,0.3,3072|Lamp|0,0
15,0.3,3072|Lamp|1,1
15,0.3,3072|Lamp|2,1
15,0.3,3072|Lamp|3,0
15,0.3,3072|Lamp|4,0
15,0.3,3072|Lamp|5,0
15,0.3,3072|Lamp|6,0
15,0.3,3072|Lamp|7,0
15,0.3,3078|People|0,1
15,0.3,3078|People|1,1
15,0.3,3078|People|2,1
15,0.3,3078|People|3,1
15,0.3,3078|People|4,0
15,0.3,3078|People|5,0
15,0.3,3078|People|6,0
15,0.3,3078|Lamp|0,1
15,0.3,3078|Lamp|1,1
15,0.3,3078|Lamp|2,1
15,0.3,3078|Lamp|3,0
15,0.3,3079|People|0,1
15,0.3,3079|People|1,1
15,0.3,3079|People|2,0
15,0.3,3079|People|3,0
15,0.3,3079|Lamp|0,1
15,0.3,3079|Lamp|1,1
15,0.3,3079|Lamp|2,1
15,0.3,3116|People|0,1
15,0.3,3116|Lamp|0,1
15,0.3,3116|Lamp|1,1
15,0.3,3118|People|0,1
15,0.3,3118|Lamp|0,1
15,0.3,3118|Lamp|1,1
15,0.3,3119|People|0,1
15,0.3,3119|Lamp|0,1
15,0.3,3119|Lamp|1,1
15,0.3,3121|People|0,1
15,0.3,3121|Lamp|0,1
15,0.3,3121|Lamp|1,1
15,0.3,3124|People|0,1
15,0.3,3124|Lamp|0,1
15,0.3,3124|Lamp|1,1
15,0.3,3125|People|0,1
15,0.3,3125|Lamp|0,1
15,0.3,3125|Lamp|1,1
15,0.3,3302|People|0,1
15,0.3,3302|Lamp|0,1
15,0.3,3302|Lamp|1,1
15,0.3,3302|Lamp|2,1
15,0.3,3302|Lamp|3,0
15,0.3,3313|People|0,1
15,0.3,3313|People|1,0
15,0.3,3313|Lamp|0,0
15,0.3,3313|Lamp|1,0
15,0.3,3347|People|0,1
15,0.3,3347|People|1,0
15,0.3,3347|People|2,0
15,0.3,3347|Lamp|0,0
15,0.3,3347|Lamp|1,0
15,0.3,3349|People|0,0
15,0.3,3349|People|1,0
15,0.3,3349|People|2,0
15,0.3,3349|Lamp|0,0
15,0.3,3349|Lamp|1,0
15,0.3,3350|People|0,1
15,0.3,3350|People|1,0
15,0.3,3350|People|2,0
15,0.3,3350|People|3,0
15,0.3,3350|People|4,0
15,0.3,3350|Lamp|0,0
15,0.3,3350|Lamp|1,0
15,0.3,3378|People|0,0
15,0.3,3378|People|1,0
15,0.3,3378|People|2,1
15,0.3,3378|People|3,0
15,0.3,3378|Lamp|0,0
15,0.3,3378|Lamp|1,1
15,0.3,3378|Lamp|2,0
15,0.3,3378|Lamp|3,0
15,0.3,3378|Lamp|4,0
15,0.3,3381|People|0,0
15,0.3,3381|People|1,1
15,0.3,3381|People|2,1
15,0.3,3381|People|3,0
15,0.3,3381|People|4,0
15,0.3,3381|Lamp|0,1
15,0.3,3381|Lamp|1,1
15,0.3,3381|Lamp|2,1
15,0.3,3381|Lamp|3,0
15,0.3,3381|Lamp|4,0
15,0.3,3382|People|0,0
15,0.3,3382|People|1,1
15,0.3,3382|People|2,1
15,0.3,3382|Lamp|0,1
15,0.3,3382|Lamp|1,1
15,0.3,3382|Lamp|2,1
15,0.3,3382|Lamp|3,0
15,0.3,3382|Lamp|4,0
15,0.3,3383|People|0,0
15,0.3,3383|People|1,1
15,0.3,3383|People|2,1
15,0.3,3383|Lamp|0,1
15,0.3,3383|Lamp|1,1
15,0.3,3383|Lamp|2,1
15,0.3,3383|Lamp|3,0
15,0.3,3383|Lamp|4,0
15,0.3,3384|People|0,0
15,0.3,3384|People|1,0
15,0.3,3384|People|2,1
15,0.3,3384|People|3,1
15,0.3,3384|Lamp|0,1
15,0.3,3384|Lamp|1,1
15,0.3,3384|Lamp|2,1
15,0.3,3384|Lamp|3,0
15,0.3,3384|Lamp|4,0
15,0.3,3389|People|0,0
15,0.3,3389|People|1,1
15,0.3,3389|People|2,0
15,0.3,3389|People|3,1
15,0.3,3389|Lamp|0,1
15,0.3,3389|Lamp|1,0
15,0.3,3389|Lamp|2,1
15,0.3,3389|Lamp|3,0
15,0.3,3389|Lamp|4,0
15,0.3,3390|People|0,1
15,0.3,3390|People|1,0
15,0.3,3390|People|2,1
15,0.3,3390|People|3,1
15,0.3,3390|Lamp|0,1
15,0.3,3390|Lamp|1,0
15,0.3,3390|Lamp|2,0
15,0.3,3390|Lamp|3,0
15,0.3,3390|Lamp|4,0
15,0.3,3392|People|0,0
15,0.3,3392|People|1,1
15,0.3,3392|People|2,1
15,0.3,3392|People|3,0
15,0.3,3392|People|4,0
15,0.3,3392|People|5,1
15,0.3,3392|Lamp|0,1
15,0.3,3392|Lamp|1,0
15,0.3,3392|Lamp|2,0
15,0.3,3392|Lamp|3,0
15,0.3,3392|Lamp|4,0
15,0.3,3395|People|0,1
15,0.3,3395|People|1,1
15,0.3,3395|People|2,0
15,0.3,3395|People|3,1
15,0.3,3395|People|4,0
15,0.3,3395|People|5,0
15,0.3,3395|People|6,0
15,0.3,3395|People|7,0
15,0.3,3395|Lamp|0,1
15,0.3,3395|Lamp|1,0
15,0.3,3395|Lamp|2,1
15,0.3,3395|Lamp|3,0
15,0.3,3395|Lamp|4,0
15,0.3,3397|People|0,1
15,0.3,3397|People|1,1
15,0.3,3397|People|2,0
15,0.3,3397|People|3,1
15,0.3,3397|People|4,0
15,0.3,3397|People|5,0
15,0.3,3397|People|6,0
15,0.3,3397|Lamp|0,1
15,0.3,3397|Lamp|1,0
15,0.3,3397|Lamp|2,0
15,0.3,3397|Lamp|3,0
15,0.3,3397|Lamp|4,0
15,0.3,3398|People|0,1
15,0.3,3398|People|1,1
15,0.3,3398|People|2,0
15,0.3,3398|People|3,0
15,0.3,3398|People|4,0
15,0.3,3398|People|5,1
15,0.3,3398|Lamp|0,1
15,0.3,3398|Lamp|1,0
15,0.3,3398|Lamp|2,0
15,0.3,3398|Lamp|3,0
15,0.3,3398|Lamp|4,0
15,0.3,3405|People|0,1
15,0.3,3405|People|1,0
15,0.3,3405|People|2,0
15,0.3,3405|Lamp|0,1
15,0.3,3405|Lamp|1,1
15,0.3,3405|Lamp|2,1
15,0.3,3405|Lamp|3,1
15,0.3,3408|People|0,1
15,0.3,3408|People|1,0
15,0.3,3408|People|2,0
15,0.3,3408|People|3,0
15,0.3,3408|Lamp|0,1
15,0.3,3408|Lamp|1,1
15,0.3,3408|Lamp|2,1
15,0.3,3408|Lamp|3,1
15,0.3,3409|People|0,0
15,0.3,3409|People|1,0
15,0.3,3409|Lamp|0,1
15,0.3,3409|Lamp|1,1
15,0.3,3409|Lamp|2,1
15,0.3,3409|Lamp|3,0
15,0.3,3566|People|0,0
15,0.3,3566|Lamp|0,1
15,0.3,3681|People|0,0
15,0.3,3681|Lamp|0,1
15,0.3,3681|Lamp|1,1
15,0.3,3681|Lamp|2,1
15,0.3,3681|Lamp|3,1
15,0.3,3682|People|0,0
15,0.3,3682|Lamp|0,1
15,0.3,3682|Lamp|1,1
15,0.3,3682|Lamp|2,1
15,0.3,3682|Lamp|3,1
15,0.3,3683|People|0,0
15,0.3,3683|Lamp|0,1
15,0.3,3683|Lamp|1,1
15,0.3,3683|Lamp|2,1
15,0.3,3683|Lamp|3,1
15,0.3,3687|People|0,0
15,0.3,3687|People|1,0
15,0.3,3687|People|2,0
15,0.3,3687|Lamp|0,1
15,0.3,3687|Lamp|1,1
15,0.3,3687|Lamp|2,1
15,0.3,3687|Lamp|3,1
15,0.3,3688|People|0,0
15,0.3,3688|People|1,0
15,0.3,3688|People|2,0
15,0.3,3688|Lamp|0,1
15,0.3,3688|Lamp|1,1
15,0.3,3688|Lamp|2,1
15,0.3,3688|Lamp|3,1
15,0.3,3689|People|0,0
15,0.3,3689|Lamp|0,0
15,0.3,3689|Lamp|1,0
15,0.3,3689|Lamp|2,1
15,0.3,3689|Lamp|3,0
15,0.5,63|People|0,1
15,0.5,63|People|1,1
15,0.5,63|People|2,1
15,0.5,63|People|3,1
15,0.5,63|People|4,0
15,0.5,63|Lamp|0,0
15,0.5,64|People|0,0
15,0.5,64|People|1,0
15,0.5,64|People|2,0
15,0.5,64|People|3,1
15,0.5,64|People|4,1
15,0.5,64|People|5,1
15,0.5,64|Lamp|0,0
15,0.5,71|People|0,0
15,0.5,71|People|1,0
15,0.5,71|Lamp|0,0
15,0.5,73|People|0,0
15,0.5,73|People|1,0
15,0.5,73|Lamp|0,0
15,0.5,78|People|0,0
15,0.5,78|People|1,1
15,0.5,78|People|2,1
15,0.5,78|People|3,1
15,0.5,78|People|4,0
15,0.5,78|People|5,0
15,0.5,78|Lamp|0,0
15,0.5,111|People|0,1
15,0.5,111|People|1,1
15,0.5,111|People|2,1
15,0.5,111|People|3,1
15,0.5,111|People|4,0
15,0.5,111|People|5,1
15,0.5,111|People|6,1
15,0.5,111|Lamp|0,1
15,0.5,111|Lamp|1,1
15,0.5,111|Lamp|2,0
15,0.5,111|Lamp|3,1
15,0.5,114|People|0,1
15,0.5,114|People|1,1
15,0.5,114|People|2,1
15,0.5,114|People|3,1
15,0.5,114|People|4,0
15,0.5,114|People|5,0
15,0.5,114|People|6,0
15,0.5,114|Lamp|0,0
15,0.5,114|Lamp|1,1
15,0.5,114|Lamp|2,1
15,0.5,116|People|0,1
15,0.5,116|People|1,1
15,0.5,116|People|2,1
15,0.5,116|People|3,1
15,0.5,116|People|4,1
15,0.5,116|People|5,1
15,0.5,116|People|6,1
15,0.5,116|People|7,1
15,0.5,116|Lamp|0,0
15,0.5,116|Lamp|1,1
15,0.5,116|Lamp|2,1
15,0.5,116|Lamp|3,1
15,0.5,118|People|0,1
15,0.5,118|People|1,1
15,0.5,118|People|2,0
15,0.5,118|People|3,1
15,0.5,118|People|4,1
15,0.5,118|People|5,0
15,0.5,118|People|6,1
15,0.5,118|People|7,1
15,0.5,118|Lamp|0,1
15,0.5,118|Lamp|1,1
15,0.5,118|Lamp|2,1
15,0.5,118|Lamp|3,1
15,0.5,123|People|0,1
15,0.5,123|People|1,1
15,0.5,123|People|2,0
15,0.5,123|People|3,0
15,0.5,123|People|4,1
15,0.5,123|People|5,0
15,0.5,123|People|6,1
15,0.5,123|Lamp|0,1
15,0.5,123|Lamp|1,1
15,0.5,123|Lamp|2,0
15,0.5,123|Lamp|3,1
15,0.5,123|Lamp|4,1
15,0.5,125|People|0,0
15,0.5,125|People|1,0
15,0.5,125|People|2,0
15,0.5,125|People|3,1
15,0.5,125|People|4,1
15,0.5,125|People|5,1
15,0.5,125|People|6,0
15,0.5,125|People|7,0
15,0.5,125|Lamp|0,1
15,0.5,125|Lamp|1,1
15,0.5,125|Lamp|2,1
15,0.5,125|Lamp|3,1
15,0.5,125|Lamp|4,1
15,0.5,126|People|0,1
15,0.5,126|People|1,0
15,0.5,126|People|2,1
15,0.5,126|People|3,0
15,0.5,126|People|4,0
15,0.5,126|People|5,1
15,0.5,126|People|6,0
15,0.5,126|People|7,1
15,0.5,126|People|8,0
15,0.5,126|Lamp|0,1
15,0.5,126|Lamp|1,1
15,0.5,126|Lamp|2,1
15,0.5,126|Lamp|3,1
15,0.5,126|Lamp|4,1
15,0.5,127|People|0,0
15,0.5,127|People|1,0
15,0.5,127|People|2,0
15,0.5,127|People|3,1
15,0.5,127|People|4,0
15,0.5,127|People|5,1
15,0.5,127|People|6,0
15,0.5,127|People|7,1
15,0.5,127|People|8,0
15,0.5,127|People|9,1
15,0.5,127|Lamp|0,1
15,0.5,127|Lamp|1,0
15,0.5,127|Lamp|2,1
15,0.5,127|Lamp|3,1
15,0.5,127|Lamp|4,0
15,0.5,129|People|0,0
15,0.5,129|People|1,1
15,0.5,129|People|2,1
15,0.5,129|People|3,0
15,0.5,129|People|4,0
15,0.5,129|People|5,0
15,0.5,129|People|6,0
15,0.5,129|People|7,0
15,0.5,129|Lamp|0,0
15,0.5,129|Lamp|1,0
15,0.5,129|Lamp|2,1
15,0.5,129|Lamp|3,1
15,0.5,129|Lamp|4,0
15,0.5,130|People|0,0
15,0.5,130|People|1,0
15,0.5,130|People|2,0
15,0.5,130|People|3,0
15,0.5,130|People|4,0
15,0.5,130|People|5,0
15,0.5,130|Lamp|0,0
15,0.5,130|Lamp|1,0
15,0.5,130|Lamp|2,0
15,0.5,130|Lamp|3,0
15,0.5,132|People|0,0
15,0.5,132|People|1,0
15,0.5,132|People|2,0
15,0.5,132|People|3,1
15,0.5,132|People|4,1
15,0.5,132|People|5,0
15,0.5,132|Lamp|0,1
15,0.5,132|Lamp|1,0
15,0.5,132|Lamp|2,0
15,0.5,132|Lamp|3,0
15,0.5,135|People|0,0
15,0.5,135|People|1,0
15,0.5,135|People|2,0
15,0.5,135|People|3,1
15,0.5,135|People|4,0
15,0.5,135|People|5,0
15,0.5,135|People|6,0
15,0.5,135|People|7,0
15,0.5,135|People|8,0
15,0.5,135|People|9,0
15,0.5,135|People|10,0
15,0.5,135|Lamp|0,0
15,0.5,135|Lamp|1,0
15,0.5,135|Lamp|2,0
15,0.5,136|People|0,0
15,0.5,136|People|1,0
15,0.5,136|People|2,0
15,0.5,136|People|3,0
15,0.5,136|People|4,0
15,0.5,136|People|5,1
15,0.5,136|People|6,1
15,0.5,136|People|7,0
15,0.5,136|Lamp|0,0
15,0.5,136|Lamp|1,0
15,0.5,136|Lamp|2,1
15,0.5,138|People|0,0
15,0.5,138|People|1,0
15,0.5,138|People|2,0
15,0.5,138|People|3,0
15,0.5,138|People|4,0
15,0.5,138|People|5,0
15,0.5,138|People|6,0
15,0.5,138|People|7,0
15,0.5,138|People|8,1
15,0.5,138|People|9,0
15,0.5,138|People|10,0
15,0.5,138|Lamp|0,0
15,0.5,138|Lamp|1,0
15,0.5,138|Lamp|2,0
15,0.5,143|People|0,0
15,0.5,143|People|1,0
15,0.5,143|People|2,1
15,0.5,143|People|3,0
15,0.5,143|People|4,0
15,0.5,143|People|5,0
15,0.5,143|People|6,0
15,0.5,143|Lamp|0,0
15,0.5,143|Lamp|1,0
15,0.5,144|People|0,0
15,0.5,144|People|1,0
15,0.5,144|People|2,1
15,0.5,144|People|3,0
15,0.5,144|People|4,1
15,0.5,144|People|5,0
15,0.5,144|People|6,0
15,0.5,144|Lamp|0,1
15,0.5,144|Lamp|1,0
15,0.5,147|People|0,1
15,0.5,147|People|1,0
15,0.5,147|People|2,1
15,0.5,147|People|3,0
15,0.5,147|People|4,0
15,0.5,147|People|5,0
15,0.5,147|People|6,0
15,0.5,147|People|7,0
15,0.5,147|People|8,0
15,0.5,147|People|9,0
15,0.5,147|People|10,0
15,0.5,147|People|11,0
15,0.5,147|Lamp|0,0
15,0.5,186|People|0,0
15,0.5,186|People|1,0
15,0.5,186|People|2,0
15,0.5,186|People|3,0
15,0.5,186|People|4,0
15,0.5,186|People|5,1
15,0.5,186|Lamp|0,1
15,0.5,187|People|0,0
15,0.5,187|People|1,0
15,0.5,187|People|2,0
15,0.5,187|People|3,0
15,0.5,187|People|4,0
15,0.5,187|People|5,0
15,0.5,187|Lamp|0,1
15,0.5,188|People|0,0
15,0.5,188|People|1,0
15,0.5,188|People|2,0
15,0.5,188|People|3,1
15,0.5,188|People|4,0
15,0.5,188|People|5,0
15,0.5,188|Lamp|0,1
15,0.5,191|People|0,1
15,0.5,191|People|1,1
15,0.5,191|People|2,1
15,0.5,191|People|3,1
15,0.5,191|People|4,1
15,0.5,191|People|5,1
15,0.5,191|Lamp|0,1
15,0.5,193|People|0,1
15,0.5,193|People|1,1
15,0.5,193|People|2,0
15,0.5,193|People|3,0
15,0.5,193|People|4,1
15,0.5,193|People|5,1
15,0.5,193|Lamp|0,1
15,0.5,196|People|0,1
15,0.5,196|People|1,1
15,0.5,196|People|2,1
15,0.5,196|People|3,1
15,0.5,196|People|4,1
15,0.5,196|People|5,0
15,0.5,196|People|6,1
15,0.5,196|People|7,1
15,0.5,196|People|8,1
15,0.5,196|Lamp|0,1
15,0.5,196|Lamp|1,1
15,0.5,196|Lamp|2,0
15,0.5,199|People|0,1
15,0.5,199|People|1,1
15,0.5,199|People|2,1
15,0.5,199|People|3,1
15,0.5,199|People|4,0
15,0.5,199|People|5,1
15,0.5,199|People|6,1
15,0.5,199|Lamp|0,1
15,0.5,199|Lamp|1,0
15,0.5,204|People|0,1
15,0.5,204|People|1,1
15,0.5,204|People|2,0
15,0.5,204|People|3,1
15,0.5,204|People|4,1
15,0.5,204|People|5,1
15,0.5,204|People|6,1
15,0.5,204|People|7,1
15,0.5,204|Lamp|0,0
15,0.5,204|Lamp|1,1
15,0.5,204|Lamp|2,0
15,0.5,205|People|0,0
15,0.5,205|People|1,1
15,0.5,205|People|2,1
15,0.5,205|People|3,1
15,0.5,205|People|4,1
15,0.5,205|People|5,0
15,0.5,205|People|6,1
15,0.5,205|People|7,0
15,0.5,205|People|8,1
15,0.5,205|Lamp|0,1
15,0.5,205|Lamp|1,1
15,0.5,205|Lamp|2,0
15,0.5,206|People|0,1
15,0.5,206|People|1,1
15,0.5,206|People|2,1
15,0.5,206|People|3,1
15,0.5,206|People|4,0
15,0.5,206|People|5,0
15,0.5,206|People|6,0
15,0.5,206|People|7,0
15,0.5,206|Lamp|0,1
15,0.5,209|People|0,1
15,0.5,209|Lamp|0,1
15,0.5,210|People|0,1
15,0.5,210|People|1,1
15,0.5,210|People|2,0
15,0.5,210|Lamp|0,1
15,0.5,213|People|0,0
15,0.5,213|People|1,1
15,0.5,213|People|2,1
15,0.5,213|People|3,0
15,0.5,213|People|4,0
15,0.5,213|People|5,0
15,0.5,213|People|6,0
15,0.5,213|People|7,0
15,0.5,213|Lamp|0,1
15,0.5,213|Lamp|1,0
15,0.5,213|Lamp|2,0
15,0.5,217|People|0,0
15,0.5,217|People|1,0
15,0.5,217|Lamp|0,0
15,0.5,222|People|0,1
15,0.5,222|People|1,0
15,0.5,222|People|2,0
15,0.5,222|People|3,1
15,0.5,222|People|4,1
15,0.5,222|People|5,1
15,0.5,222|People|6,1
15,0.5,222|People|7,0
15,0.5,222|People|8,0
15,0.5,222|Lamp|0,0
15,0.5,222|Lamp|1,0
15,0.5,222|Lamp|2,1
15,0.5,222|Lamp|3,1
15,0.5,222|Lamp|4,0
15,0.5,222|Lamp|5,1
15,0.5,222|Lamp|6,0
15,0.5,231|People|0,0
15,0.5,231|People|1,1
15,0.5,231|People|2,0
15,0.5,231|People|3,1
15,0.5,231|People|4,1
15,0.5,231|People|5,0
15,0.5,231|People|6,1
15,0.5,231|People|7,1
15,0.5,231|People|8,0
15,0.5,231|People|9,1
15,0.5,231|People|10,0
15,0.5,231|People|11,0
15,0.5,231|Lamp|0,1
15,0.5,231|Lamp|1,0
15,0.5,231|Lamp|2,0
15,0.5,231|Lamp|3,1
15,0.5,231|Lamp|4,1
15,0.5,232|People|0,0
15,0.5,232|People|1,0
15,0.5,232|People|2,0
15,0.5,232|People|3,0
15,0.5,232|People|4,0
15,0.5,232|People|5,1
15,0.5,232|People|6,1
15,0.5,232|People|7,1
15,0.5,232|People|8,1
15,0.5,232|People|9,0
15,0.5,232|People|10,0
15,0.5,232|People|11,0
15,0.5,232|Lamp|0,1
15,0.5,232|Lamp|1,0
15,0.5,232|Lamp|2,0
15,0.5,232|Lamp|3,0
15,0.5,232|Lamp|4,0
15,0.5,232|Lamp|5,0
15,0.5,240|People|0,0
15,0.5,240|People|1,0
15,0.5,240|People|2,1
15,0.5,240|People|3,1
15,0.5,240|People|4,0
15,0.5,240|People|5,1
15,0.5,240|People|6,0
15,0.5,240|Lamp|0,0
15,0.5,240|Lamp|1,0
15,0.5,240|Lamp|2,0
15,0.5,240|Lamp|3,0
15,0.5,240|Lamp|4,0
15,0.5,388|People|0,1
15,0.5,388|People|1,1
15,0.5,388|People|2,1
15,0.5,388|People|3,1
15,0.5,388|People|4,1
15,0.5,388|People|5,1
15,0.5,388|People|6,1
15,0.5,388|People|7,1
15,0.5,388|People|8,1
15,0.5,388|People|9,1
15,0.5,388|Lamp|0,1
15,0.5,389|People|0,1
15,0.5,389|People|1,1
15,0.5,389|People|2,0
15,0.5,389|People|3,1
15,0.5,389|People|4,1
15,0.5,389|People|5,1
15,0.5,389|People|6,1
15,0.5,389|People|7,1
15,0.5,389|People|8,1
15,0.5,389|People|9,1
15,0.5,389|Lamp|0,0
15,0.5,389|Lamp|1,1
15,0.5,392|People|0,1
15,0.5,392|People|1,1
15,0.5,392|People|2,1
15,0.5,392|People|3,1
15,0.5,392|Lamp|0,1
15,0.5,392|Lamp|1,1
15,0.5,394|People|0,1
15,0.5,394|People|1,1
15,0.5,394|People|2,1
15,0.5,394|People|3,1
15,0.5,394|People|4,1
15,0.5,394|People|5,1
15,0.5,394|Lamp|0,1
15,0.5,394|Lamp|1,1
15,0.5,395|People|0,0
15,0.5,395|People|1,0
15,0.5,395|People|2,1
15,0.5,395|People|3,1
15,0.5,395|People|4,1
15,0.5,395|People|5,1
15,0.5,395|People|6,1
15,0.5,395|Lamp|0,1
15,0.5,395|Lamp|1,1
15,0.5,396|People|0,0
15,0.5,396|People|1,0
15,0.5,396|People|2,1
15,0.5,396|People|3,1
15,0.5,396|People|4,1
15,0.5,396|People|5,1
15,0.5,396|Lamp|0,1
15,0.5,396|Lamp|1,1
15,0.5,409|People|0,1
15,0.5,409|People|1,1
15,0.5,409|People|2,0
15,0.5,409|People|3,0
15,0.5,409|People|4,1
15,0.5,409|Lamp|0,0
15,0.5,410|People|0,1
15,0.5,410|People|1,0
15,0.5,410|People|2,0
15,0.5,410|People|3,0
15,0.5,410|People|4,0
15,0.5,410|People|5,1
15,0.5,410|Lamp|0,1
15,0.5,413|People|0,1
15,0.5,413|People|1,1
15,0.5,413|People|2,1
15,0.5,413|People|3,0
15,0.5,413|People|4,0
15,0.5,413|People|5,0
15,0.5,413|Lamp|0,0
15,0.5,419|People|0,0
15,0.5,419|People|1,0
15,0.5,419|Lamp|0,0
15,0.5,419|Lamp|1,1
15,0.5,422|People|0,1
15,0.5,422|People|1,1
15,0.5,422|People|2,1
15,0.5,422|People|3,1
15,0.5,422|People|4,1
15,0.5,422|Lamp|0,0
15,0.5,425|People|0,0
15,0.5,425|People|1,1
15,0.5,425|People|2,1
15,0.5,425|People|3,1
15,0.5,425|People|4,0
15,0.5,425|People|5,1
15,0.5,425|People|6,1
15,0.5,425|People|7,0
15,0.5,425|Lamp|0,0
15,0.5,427|People|0,0
15,0.5,427|People|1,0
15,0.5,427|People|2,0
15,0.5,427|People|3,1
15,0.5,427|People|4,1
15,0.5,427|People|5,1
15,0.5,427|People|6,1
15,0.5,427|People|7,1
15,0.5,427|Lamp|0,0
15,0.5,428|People|0,0
15,0.5,428|People|1,0
15,0.5,428|People|2,1
15,0.5,428|People|3,1
15,0.5,428|People|4,1
15,0.5,428|People|5,1
15,0.5,428|People|6,1
15,0.5,428|Lamp|0,0
15,0.5,438|People|0,1
15,0.5,438|People|1,1
15,0.5,438|People|2,0
15,0.5,438|People|3,0
15,0.5,438|People|4,0
15,0.5,438|Lamp|0,1
15,0.5,438|Lamp|1,0
15,0.5,438|Lamp|2,1
15,0.5,438|Lamp|3,1
15,0.5,440|People|0,1
15,0.5,440|People|1,1
15,0.5,440|People|2,0
15,0.5,440|People|3,0
15,0.5,440|People|4,0
15,0.5,440|People|5,0
15,0.5,440|People|6,0
15,0.5,440|Lamp|0,1
15,0.5,440|Lamp|1,1
15,0.5,440|Lamp|2,0
15,0.5,440|Lamp|3,1
15,0.5,442|People|0,1
15,0.5,442|People|1,1
15,0.5,442|People|2,0
15,0.5,442|People|3,0
15,0.5,442|People|4,0
15,0.5,442|People|5,1
15,0.5,442|People|6,1
15,0.5,442|People|7,1
15,0.5,442|Lamp|0,1
15,0.5,442|Lamp|1,1
15,0.5,442|Lamp|2,1
15,0.5,442|Lamp|3,1
15,0.5,444|People|0,1
15,0.5,444|People|1,1
15,0.5,444|People|2,0
15,0.5,444|People|3,0
15,0.5,444|People|4,0
15,0.5,444|People|5,0
15,0.5,444|Lamp|0,1
15,0.5,444|Lamp|1,1
15,0.5,444|Lamp|2,1
15,0.5,444|Lamp|3,0
15,0.5,448|People|0,1
15,0.5,448|People|1,1
15,0.5,448|People|2,1
15,0.5,448|People|3,0
15,0.5,448|People|4,0
15,0.5,448|People|5,0
15,0.5,448|People|6,0
15,0.5,448|Lamp|0,1
15,0.5,448|Lamp|1,1
15,0.5,448|Lamp|2,0
15,0.5,448|Lamp|3,0
15,0.5,448|Lamp|4,0
15,0.5,448|Lamp|5,0
15,0.5,449|People|0,1
15,0.5,449|People|1,1
15,0.5,449|People|2,1
15,0.5,449|People|3,1
15,0.5,449|People|4,0
15,0.5,449|People|5,0
15,0.5,449|Lamp|0,0
15,0.5,449|Lamp|1,1
15,0.5,449|Lamp|2,1
15,0.5,449|Lamp|3,0
15,0.5,449|Lamp|4,1
15,0.5,452|People|0,1
15,0.5,452|People|1,1
15,0.5,452|Lamp|0,1
15,0.5,452|Lamp|1,1
15,0.5,452|Lamp|2,1
15,0.5,453|People|0,1
15,0.5,453|Lamp|0,1
15,0.5,453|Lamp|1,1
15,0.5,453|Lamp|2,1
15,0.5,453|Lamp|3,1
15,0.5,459|People|0,0
15,0.5,459|People|1,0
15,0.5,459|People|2,1
15,0.5,459|People|3,1
15,0.5,459|People|4,1
15,0.5,459|People|5,1
15,0.5,459|Lamp|0,0
15,0.5,459|Lamp|1,0
15,0.5,459|Lamp|2,0
15,0.5,462|People|0,1
15,0.5,462|People|1,1
15,0.5,462|People|2,1
15,0.5,462|People|3,1
15,0.5,462|People|4,1
15,0.5,462|People|5,1
15,0.5,462|People|6,1
15,0.5,462|Lamp|0,1
15,0.5,462|Lamp|1,0
15,0.5,466|People|0,1
15,0.5,466|People|1,1
15,0.5,466|People|2,1
15,0.5,466|People|3,1
15,0.5,466|People|4,1
15,0.5,466|People|5,1
15,0.5,466|Lamp|0,1
15,0.5,466|Lamp|1,0
15,0.5,468|People|0,1
15,0.5,468|People|1,1
15,0.5,468|People|2,1
15,0.5,468|People|3,1
15,0.5,468|People|4,1
15,0.5,468|People|5,1
15,0.5,468|People|6,1
15,0.5,468|Lamp|0,1
15,0.5,468|Lamp|1,0
15,0.5,470|People|0,1
15,0.5,470|People|1,0
15,0.5,470|Lamp|0,1
15,0.5,476|People|0,0
15,0.5,476|People|1,1
15,0.5,476|Lamp|0,1
15,0.5,478|People|0,0
15,0.5,478|Lamp|0,0
15,0.5,479|People|0,1
15,0.5,479|Lamp|0,1
15,0.5,480|People|0,1
15,0.5,480|People|1,0
15,0.5,480|People|2,1
15,0.5,480|Lamp|0,0
15,0.5,486|People|0,1
15,0.5,486|People|1,0
15,0.5,486|People|2,0
15,0.5,486|People|3,0
15,0.5,486|People|4,1
15,0.5,486|People|5,1
15,0.5,486|People|6,0
15,0.5,486|Lamp|0,0
15,0.5,489|People|0,1
15,0.5,489|People|1,0
15,0.5,489|People|2,1
15,0.5,489|People|3,1
15,0.5,489|People|4,0
15,0.5,489|People|5,0
15,0.5,489|People|6,0
15,0.5,489|People|7,0
15,0.5,489|People|8,0
15,0.5,489|People|9,0
15,0.5,489|Lamp|0,0
15,0.5,489|Lamp|1,0
15,0.5,493|People|0,0
15,0.5,493|People|1,1
15,0.5,493|People|2,1
15,0.5,493|People|3,1
15,0.5,493|People|4,1
15,0.5,493|People|5,0
15,0.5,493|People|6,1
15,0.5,493|People|7,0
15,0.5,493|Lamp|0,0
15,0.5,494|People|0,1
15,0.5,494|People|1,0
15,0.5,494|People|2,0
15,0.5,494|People|3,0
15,0.5,494|People|4,0
15,0.5,494|Lamp|0,1
15,0.5,494|Lamp|1,0
15,0.5,494|Lamp|2,1
15,0.5,503|People|0,0
15,0.5,503|People|1,0
15,0.5,503|Lamp|0,1
15,0.5,503|Lamp|1,1
15,0.5,505|People|0,1
15,0.5,505|People|1,0
15,0.5,505|People|2,0
15,0.5,505|People|3,0
15,0.5,505|People|4,1
15,0.5,505|Lamp|0,1
15,0.5,507|People|0,1
15,0.5,507|People|1,0
15,0.5,507|People|2,0
15,0.5,507|People|3,0
15,0.5,507|People|4,0
15,0.5,507|People|5,1
15,0.5,507|People|6,1
15,0.5,507|Lamp|0,0
15,0.5,1190|People|0,0
15,0.5,1190|People|1,0
15,0.5,1190|People|2,0
15,0.5,1190|People|3,0
15,0.5,1190|People|4,0
15,0.5,1190|People|5,0
15,0.5,1190|People|6,0
15,0.5,1190|People|7,0
15,0.5,1190|Lamp|0,0
15,0.5,1196|People|0,0
15,0.5,1196|People|1,0
15,0.5,1196|Lamp|0,0
15,0.5,1199|People|0,0
15,0.5,1199|People|1,0
15,0.5,1199|People|2,0
15,0.5,1199|Lamp|0,0
15,0.5,1200|People|0,0
15,0.5,1200|People|1,1
15,0.5,1200|Lamp|0,0
15,0.5,1204|People|0,1
15,0.5,1204|People|1,1
15,0.5,1204|People|2,0
15,0.5,1204|People|3,0
15,0.5,1204|Lamp|0,0
15,0.5,1206|People|0,1
15,0.5,1206|People|1,1
15,0.5,1206|People|2,0
15,0.5,1206|Lamp|0,0
15,0.5,1207|People|0,1
15,0.5,1207|People|1,1
15,0.5,1207|People|2,0
15,0.5,1207|Lamp|0,0
15,0.5,1211|People|0,1
15,0.5,1211|People|1,1
15,0.5,1211|People|2,0
15,0.5,1211|People|3,0
15,0.5,1211|Lamp|0,0
15,0.5,1213|People|0,1
15,0.5,1213|People|1,1
15,0.5,1213|Lamp|0,0
15,0.5,1216|People|0,1
15,0.5,1216|People|1,1
15,0.5,1216|Lamp|0,0
15,0.5,1218|People|0,1
15,0.5,1218|People|1,1
15,0.5,1218|Lamp|0,0
15,0.5,1219|People|0,1
15,0.5,1219|People|1,0
15,0.5,1219|People|2,0
15,0.5,1219|People|3,0
15,0.5,1219|Lamp|0,1
15,0.5,1219|Lamp|1,0
15,0.5,1221|People|0,1
15,0.5,1221|People|1,0
15,0.5,1221|People|2,0
15,0.5,1221|Lamp|0,0
15,0.5,1222|People|0,0
15,0.5,1222|People|1,0
15,0.5,1222|People|2,0
15,0.5,1222|Lamp|0,0
15,0.5,1225|People|0,0
15,0.5,1225|People|1,0
15,0.5,1225|People|2,0
15,0.5,1225|People|3,0
15,0.5,1225|People|4,0
15,0.5,1225|People|5,0
15,0.5,1225|People|6,0
15,0.5,1225|Lamp|0,1
15,0.5,1225|Lamp|1,0
15,0.5,1226|People|0,0
15,0.5,1226|People|1,0
15,0.5,1226|People|2,0
15,0.5,1226|People|3,0
15,0.5,1226|People|4,0
15,0.5,1226|Lamp|0,0
15,0.5,1226|Lamp|1,0
15,0.5,1226|Lamp|2,0
15,0.5,1228|People|0,0
15,0.5,1228|Lamp|0,0
15,0.5,1266|People|0,0
15,0.5,1266|People|1,0
15,0.5,1266|Lamp|0,0
15,0.5,1266|Lamp|1,0
15,0.5,1268|People|0,1
15,0.5,1268|Lamp|0,1
15,0.5,1268|Lamp|1,0
15,0.5,1268|Lamp|2,0
15,0.5,1268|Lamp|3,0
15,0.5,1273|People|0,1
15,0.5,1273|Lamp|0,0
15,0.5,1273|Lamp|1,1
15,0.5,1274|People|0,0
15,0.5,1274|Lamp|0,0
15,0.5,1274|Lamp|1,1
15,0.5,1274|Lamp|2,0
15,0.5,1285|People|0,1
15,0.5,1285|Lamp|0,1
15,0.5,1285|Lamp|1,1
15,0.5,1285|Lamp|2,0
15,0.5,1291|People|0,1
15,0.5,1291|Lamp|0,0
15,0.5,1291|Lamp|1,0
15,0.5,1295|People|0,1
15,0.5,1295|People|1,1
15,0.5,1295|People|2,0
15,0.5,1295|Lamp|0,1
15,0.5,1299|People|0,1
15,0.5,1299|People|1,0
15,0.5,1299|People|2,0
15,0.5,1299|Lamp|0,1
15,0.5,2046|People|0,1
15,0.5,2046|People|1,1
15,0.5,2046|Lamp|0,0
15,0.5,2046|Lamp|1,0
15,0.5,2046|Lamp|2,0
15,0.5,2046|Lamp|3,0
15,0.5,2050|People|0,1
15,0.5,2050|People|1,0
15,0.5,2050|Lamp|0,0
15,0.5,2050|Lamp|1,0
15,0.5,2050|Lamp|2,1
15,0.5,2050|Lamp|3,0
15,0.5,2051|People|0,1
15,0.5,2051|People|1,0
15,0.5,2051|Lamp|0,0
15,0.5,2051|Lamp|1,0
15,0.5,2051|Lamp|2,1
15,0.5,2051|Lamp|3,0
15,0.5,2052|People|0,1
15,0.5,2052|People|1,0
15,0.5,2052|Lamp|0,0
15,0.5,2052|Lamp|1,1
15,0.5,2052|Lamp|2,0
15,0.5,2052|Lamp|3,0
15,0.5,2056|People|0,1
15,0.5,2056|People|1,1
15,0.5,2056|Lamp|0,1
15,0.5,2056|Lamp|1,0
15,0.5,2056|Lamp|2,1
15,0.5,2056|Lamp|3,0
15,0.5,2057|People|0,1
15,0.5,2057|People|1,1
15,0.5,2057|Lamp|0,0
15,0.5,2057|Lamp|1,0
15,0.5,2057|Lamp|2,0
15,0.5,2057|Lamp|3,1
15,0.5,2058|People|0,1
15,0.5,2058|People|1,1
15,0.5,2058|Lamp|0,0
15,0.5,2058|Lamp|1,0
15,0.5,2058|Lamp|2,1
15,0.5,2058|Lamp|3,0
15,0.5,2058|Lamp|4,0
15,0.5,2058|Lamp|5,0
15,0.5,2059|People|0,1
15,0.5,2059|People|1,1
15,0.5,2059|Lamp|0,1
15,0.5,2059|Lamp|1,0
15,0.5,2059|Lamp|2,0
15,0.5,2059|Lamp|3,0
15,0.5,2061|People|0,1
15,0.5,2061|People|1,1
15,0.5,2061|Lamp|0,1
15,0.5,2061|Lamp|1,0
15,0.5,2061|Lamp|2,0
15,0.5,2061|Lamp|3,0
15,0.5,2061|Lamp|4,0
15,0.5,2061|Lamp|5,0
15,0.5,2065|People|0,1
15,0.5,2065|People|1,1
15,0.5,2065|Lamp|0,0
15,0.5,2065|Lamp|1,0
15,0.5,2065|Lamp|2,1
15,0.5,2065|Lamp|3,1
15,0.5,2065|Lamp|4,0
15,0.5,2065|Lamp|5,1
15,0.5,2067|People|0,1
15,0.5,2067|People|1,0
15,0.5,2067|Lamp|0,1
15,0.5,2067|Lamp|1,0
15,0.5,2067|Lamp|2,0
15,0.5,2067|Lamp|3,1
15,0.5,2068|People|0,1
15,0.5,2068|People|1,0
15,0.5,2068|Lamp|0,1
15,0.5,2068|Lamp|1,1
15,0.5,2068|Lamp|2,0
15,0.5,2068|Lamp|3,0
15,0.5,2069|People|0,1
15,0.5,2069|People|1,1
15,0.5,2069|Lamp|0,0
15,0.5,2069|Lamp|1,1
15,0.5,2069|Lamp|2,0
15,0.5,2069|Lamp|3,0
15,0.5,2069|Lamp|4,0
15,0.5,2069|Lamp|5,0
15,0.5,2070|People|0,1
15,0.5,2070|People|1,0
15,0.5,2070|Lamp|0,1
15,0.5,2070|Lamp|1,0
15,0.5,2070|Lamp|2,1
15,0.5,2070|Lamp|3,1
15,0.5,2072|People|0,1
15,0.5,2072|People|1,0
15,0.5,2072|Lamp|0,1
15,0.5,2072|Lamp|1,0
15,0.5,2072|Lamp|2,0
15,0.5,2072|Lamp|3,0
15,0.5,2072|Lamp|4,0
15,0.5,2072|Lamp|5,1
15,0.5,2073|People|0,1
15,0.5,2073|People|1,0
15,0.5,2073|Lamp|0,0
15,0.5,2073|Lamp|1,0
15,0.5,2073|Lamp|2,1
15,0.5,2073|Lamp|3,0
15,0.5,2073|Lamp|4,0
15,0.5,2073|Lamp|5,1
15,0.5,2074|People|0,1
15,0.5,2074|People|1,1
15,0.5,2074|Lamp|0,1
15,0.5,2074|Lamp|1,0
15,0.5,2074|Lamp|2,0
15,0.5,2074|Lamp|3,1
15,0.5,2074|Lamp|4,1
15,0.5,2074|Lamp|5,0
15,0.5,2074|Lamp|6,0
15,0.5,2074|Lamp|7,1
15,0.5,2076|People|0,1
15,0.5,2076|People|1,1
15,0.5,2076|Lamp|0,1
15,0.5,2076|Lamp|1,0
15,0.5,2076|Lamp|2,0
15,0.5,2076|Lamp|3,0
15,0.5,2076|Lamp|4,1
15,0.5,2076|Lamp|5,1
15,0.5,2076|Lamp|6,0
15,0.5,2076|Lamp|7,0
15,0.5,2082|People|0,1
15,0.5,2082|People|1,1
15,0.5,2082|Lamp|0,0
15,0.5,2082|Lamp|1,0
15,0.5,2082|Lamp|2,0
15,0.5,2082|Lamp|3,0
15,0.5,2082|Lamp|4,0
15,0.5,2082|Lamp|5,0
15,0.5,2084|People|0,1
15,0.5,2084|People|1,1
15,0.5,2084|Lamp|0,1
15,0.5,2084|Lamp|1,0
15,0.5,2084|Lamp|2,1
15,0.5,2084|Lamp|3,0
15,0.5,2084|Lamp|4,0
15,0.5,2084|Lamp|5,0
15,0.5,2087|People|0,1
15,0.5,2087|People|1,1
15,0.5,2087|Lamp|0,0
15,0.5,2087|Lamp|1,1
15,0.5,2087|Lamp|2,1
15,0.5,2090|People|0,1
15,0.5,2090|People|1,1
15,0.5,2090|Lamp|0,0
15,0.5,2090|Lamp|1,0
15,0.5,2090|Lamp|2,1
15,0.5,2090|Lamp|3,0
15,0.5,2091|People|0,1
15,0.5,2091|People|1,1
15,0.5,2091|Lamp|0,0
15,0.5,2091|Lamp|1,0
15,0.5,2091|Lamp|2,0
15,0.5,2091|Lamp|3,0
15,0.5,2091|Lamp|4,0
15,0.5,2091|Lamp|5,1
15,0.5,2092|People|0,1
15,0.5,2092|People|1,1
15,0.5,2092|Lamp|0,0
15,0.5,2092|Lamp|1,0
15,0.5,2092|Lamp|2,0
15,0.5,2092|Lamp|3,0
15,0.5,2092|Lamp|4,0
15,0.5,2092|Lamp|5,1
15,0.5,2093|People|0,1
15,0.5,2093|People|1,1
15,0.5,2093|Lamp|0,0
15,0.5,2093|Lamp|1,0
15,0.5,2093|Lamp|2,0
15,0.5,2093|Lamp|3,0
15,0.5,2093|Lamp|4,0
15,0.5,2093|Lamp|5,0
15,0.5,2120|People|0,0
15,0.5,2120|People|1,1
15,0.5,2120|People|2,0
15,0.5,2120|Lamp|0,1
15,0.5,2127|People|0,0
15,0.5,2127|People|1,0
15,0.5,2127|People|2,1
15,0.5,2127|Lamp|0,1
15,0.5,2127|Lamp|1,0
15,0.5,2127|Lamp|2,0
15,0.5,2127|Lamp|3,0
15,0.5,2129|People|0,0
15,0.5,2129|People|1,1
15,0.5,2129|People|2,0
15,0.5,2129|Lamp|0,0
15,0.5,2129|Lamp|1,1
15,0.5,2139|People|0,1
15,0.5,2139|Lamp|0,1
15,0.5,2139|Lamp|1,1
15,0.5,2139|Lamp|2,1
15,0.5,2140|People|0,0
15,0.5,2140|Lamp|0,1
15,0.5,2140|Lamp|1,1
15,0.5,2140|Lamp|2,0
15,0.5,2149|People|0,1
15,0.5,2149|Lamp|0,1
15,0.5,2149|Lamp|1,1
15,0.5,2150|People|0,1
15,0.5,2150|Lamp|0,1
15,0.5,2150|Lamp|1,1
15,0.5,2151|People|0,1
15,0.5,2151|Lamp|0,1
15,0.5,2151|Lamp|1,1
15,0.5,2158|People|0,0
15,0.5,2158|Lamp|0,1
15,0.5,2158|Lamp|1,1
15,0.5,2160|People|0,1
15,0.5,2160|Lamp|0,1
15,0.5,2160|Lamp|1,1
15,0.5,2190|People|0,1
15,0.5,2190|People|1,0
15,0.5,2190|People|2,0
15,0.5,2190|Lamp|0,1
15,0.5,2190|Lamp|1,1
15,0.5,2191|People|0,1
15,0.5,2191|People|1,0
15,0.5,2191|People|2,0
15,0.5,2191|Lamp|0,1
15,0.5,2191|Lamp|1,0
15,0.5,2193|People|0,1
15,0.5,2193|People|1,1
15,0.5,2193|People|2,0
15,0.5,2193|Lamp|0,1
15,0.5,2193|Lamp|1,1
15,0.5,2195|People|0,0
15,0.5,2195|People|1,1
15,0.5,2195|People|2,0
15,0.5,2195|Lamp|0,1
15,0.5,2195|Lamp|1,1
15,0.5,2200|People|0,0
15,0.5,2200|Lamp|0,1
15,0.5,2200|Lamp|1,1
15,0.5,2217|People|0,0
15,0.5,2217|Lamp|0,0
15,0.5,2217|Lamp|1,0
15,0.5,2218|People|0,0
15,0.5,2218|Lamp|0,0
15,0.5,2218|Lamp|1,0
15,0.5,2226|People|0,0
15,0.5,2226|Lamp|0,1
15,0.5,2226|Lamp|1,1
15,0.5,2226|Lamp|2,1
15,0.5,2226|Lamp|3,0
15,0.5,2226|Lamp|4,1
15,0.5,2292|People|0,0
15,0.5,2292|Lamp|0,0
15,0.5,2292|Lamp|1,0
15,0.5,2292|Lamp|2,0
15,0.5,2292|Lamp|3,0
15,0.5,2293|People|0,0
15,0.5,2293|Lamp|0,0
15,0.5,2293|Lamp|1,0
15,0.5,2293|Lamp|2,0
15,0.5,2293|Lamp|3,0
15,0.5,2295|People|0,0
15,0.5,2295|Lamp|0,0
15,0.5,2295|Lamp|1,0
15,0.5,2295|Lamp|2,0
15,0.5,2295|Lamp|3,0
15,0.5,2295|Lamp|4,0
15,0.5,2295|Lamp|5,0
15,0.5,2295|Lamp|6,0
15,0.5,2295|Lamp|7,0
15,0.5,2297|People|0,0
15,0.5,2297|Lamp|0,0
15,0.5,2297|Lamp|1,0
15,0.5,2297|Lamp|2,0
15,0.5,2297|Lamp|3,0
15,0.5,2297|Lamp|4,0
15,0.5,2298|People|0,0
15,0.5,2298|Lamp|0,0
15,0.5,2298|Lamp|1,0
15,0.5,2298|Lamp|2,0
15,0.5,2298|Lamp|3,0
15,0.5,2298|Lamp|4,0
15,0.5,2299|People|0,0
15,0.5,2299|Lamp|0,0
15,0.5,2299|Lamp|1,0
15,0.5,2299|Lamp|2,0
15,0.5,2299|Lamp|3,0
15,0.5,2299|Lamp|4,0
15,0.5,2299|Lamp|5,0
15,0.5,2328|People|0,1
15,0.5,2328|People|1,0
15,0.5,2328|People|2,0
15,0.5,2328|Lamp|0,0
15,0.5,2332|People|0,1
15,0.5,2332|People|1,1
15,0.5,2332|People|2,0
15,0.5,2332|People|3,0
15,0.5,2332|Lamp|0,0
15,0.5,2335|People|0,1
15,0.5,2335|People|1,1
15,0.5,2335|People|2,0
15,0.5,2335|People|3,1
15,0.5,2335|Lamp|0,0
15,0.5,2337|People|0,1
15,0.5,2337|People|1,0
15,0.5,2337|Lamp|0,0
15,0.5,2453|People|0,0
15,0.5,2453|People|1,0
15,0.5,2453|Lamp|0,0
15,0.5,2456|People|0,1
15,0.5,2456|Lamp|0,0
15,0.5,2456|Lamp|1,0
15,0.5,2456|Lamp|2,0
15,0.5,2457|People|0,1
15,0.5,2457|Lamp|0,0
15,0.5,2457|Lamp|1,0
15,0.5,2457|Lamp|2,0
15,0.5,2457|Lamp|3,0
15,0.5,2465|People|0,0
15,0.5,2465|Lamp|0,0
15,0.5,2465|Lamp|1,0
15,0.5,2465|Lamp|2,0
15,0.5,2467|People|0,0
15,0.5,2467|Lamp|0,0
15,0.5,2467|Lamp|1,0
15,0.5,2468|People|0,0
15,0.5,2468|People|1,0
15,0.5,2468|Lamp|0,0
15,0.5,2468|Lamp|1,0
15,0.5,2478|People|0,1
15,0.5,2478|People|1,1
15,0.5,2478|People|2,0
15,0.5,2478|People|3,0
15,0.5,2478|Lamp|0,1
15,0.5,2478|Lamp|1,1
15,0.5,2489|People|0,0
15,0.5,2489|People|1,0
15,0.5,2489|People|2,0
15,0.5,2489|People|3,1
15,0.5,2489|People|4,0
15,0.5,2489|People|5,0
15,0.5,2489|Lamp|0,0
15,0.5,2489|Lamp|1,0
15,0.5,2490|People|0,0
15,0.5,2490|People|1,0
15,0.5,2490|People|2,0
15,0.5,2490|People|3,0
15,0.5,2490|People|4,0
15,0.5,2490|Lamp|0,0
15,0.5,2490|Lamp|1,0
15,0.5,2491|People|0,1
15,0.5,2491|People|1,0
15,0.5,2491|People|2,1
15,0.5,2491|People|3,0
15,0.5,2491|People|4,0
15,0.5,2491|Lamp|0,0
15,0.5,2491|Lamp|1,0
15,0.5,2602|People|0,0
15,0.5,2602|Lamp|0,0
15,0.5,2602|Lamp|1,0
15,0.5,2602|Lamp|2,0
15,0.5,2606|People|0,0
15,0.5,2606|Lamp|0,0
15,0.5,2606|Lamp|1,0
15,0.5,2607|People|0,0
15,0.5,2607|Lamp|0,0
15,0.5,2607|Lamp|1,0
15,0.5,2622|People|0,0
15,0.5,2622|People|1,0
15,0.5,2622|People|2,0
15,0.5,2622|Lamp|0,1
15,0.5,2622|Lamp|1,1
15,0.5,2622|Lamp|2,1
15,0.5,2717|People|0,0
15,0.5,2717|People|1,0
15,0.5,2717|People|2,0
15,0.5,2717|Lamp|0,0
15,0.5,2720|People|0,0
15,0.5,2720|People|1,0
15,0.5,2720|People|2,0
15,0.5,2720|Lamp|0,0
15,0.5,2721|People|0,0
15,0.5,2721|People|1,0
15,0.5,2721|Lamp|0,0
15,0.5,2727|People|0,0
15,0.5,2727|People|1,0
15,0.5,2727|People|2,0
15,0.5,2727|People|3,0
15,0.5,2727|Lamp|0,0
15,0.5,2732|People|0,0
15,0.5,2732|People|1,0
15,0.5,2732|Lamp|0,0
15,0.5,2735|People|0,0
15,0.5,2735|People|1,0
15,0.5,2735|Lamp|0,0
15,0.5,2736|People|0,0
15,0.5,2736|People|1,0
15,0.5,2736|Lamp|0,0
15,0.5,2738|People|0,0
15,0.5,2738|People|1,0
15,0.5,2738|People|2,0
15,0.5,2738|Lamp|0,0
15,0.5,2940|People|0,1
15,0.5,2940|Lamp|0,0
15,0.5,2940|Lamp|1,0
15,0.5,2942|People|0,1
15,0.5,2942|Lamp|0,0
15,0.5,2942|Lamp|1,0
15,0.5,2942|Lamp|2,0
15,0.5,2942|Lamp|3,0
15,0.5,2942|Lamp|4,0
15,0.5,2945|People|0,1
15,0.5,2945|Lamp|0,0
15,0.5,2945|Lamp|1,0
15,0.5,2945|Lamp|2,0
15,0.5,2947|People|0,1
15,0.5,2947|Lamp|0,1
15,0.5,2947|Lamp|1,0
15,0.5,2947|Lamp|2,0
15,0.5,2947|Lamp|3,0
15,0.5,2947|Lamp|4,0
15,0.5,2949|People|0,0
15,0.5,2949|Lamp|0,1
15,0.5,2949|Lamp|1,0
15,0.5,2949|Lamp|2,0
15,0.5,2949|Lamp|3,0
15,0.5,2949|Lamp|4,0
15,0.5,2949|Lamp|5,0
15,0.5,2950|People|0,0
15,0.5,2950|People|1,0
15,0.5,2950|Lamp|0,1
15,0.5,2950|Lamp|1,0
15,0.5,2950|Lamp|2,0
15,0.5,2950|Lamp|3,0
15,0.5,2950|Lamp|4,0
15,0.5,2951|People|0,0
15,0.5,2951|Lamp|0,1
15,0.5,2951|Lamp|1,0
15,0.5,2951|Lamp|2,0
15,0.5,2951|Lamp|3,0
15,0.5,2951|Lamp|4,0
15,0.5,2953|People|0,0
15,0.5,2953|Lamp|0,0
15,0.5,2953|Lamp|1,0
15,0.5,2953|Lamp|2,0
15,0.5,2953|Lamp|3,0
15,0.5,2957|People|0,0
15,0.5,2957|Lamp|0,0
15,0.5,2957|Lamp|1,0
15,0.5,2957|Lamp|2,1
15,0.5,2957|Lamp|3,0
15,0.5,2957|Lamp|4,0
15,0.5,2957|Lamp|5,0
15,0.5,3024|People|0,0
15,0.5,3024|Lamp|0,0
15,0.5,3024|Lamp|1,0
15,0.5,3052|People|0,0
15,0.5,3052|Lamp|0,0
15,0.5,3053|People|0,0
15,0.5,3053|People|1,0
15,0.5,3053|Lamp|0,0
15,0.5,3053|Lamp|1,0
15,0.5,3054|People|0,0
15,0.5,3054|People|1,0
15,0.5,3054|People|2,0
15,0.5,3054|Lamp|0,0
15,0.5,3054|Lamp|1,0
15,0.5,3057|People|0,0
15,0.5,3057|People|1,0
15,0.5,3057|Lamp|0,0
15,0.5,3057|Lamp|1,0
15,0.5,3059|People|0,0
15,0.5,3059|People|1,0
15,0.5,3059|People|2,0
15,0.5,3059|Lamp|0,0
15,0.5,3059|Lamp|1,0
15,0.5,3060|People|0,1
15,0.5,3060|People|1,1
15,0.5,3060|People|2,0
15,0.5,3060|People|3,0
15,0.5,3060|Lamp|0,0
15,0.5,3060|Lamp|1,0
15,0.5,3061|People|0,0
15,0.5,3061|People|1,1
15,0.5,3061|People|2,1
15,0.5,3061|People|3,0
15,0.5,3061|Lamp|0,0
15,0.5,3061|Lamp|1,0
15,0.5,3063|People|0,1
15,0.5,3063|People|1,0
15,0.5,3063|Lamp|0,0
15,0.5,3063|Lamp|1,0
15,0.5,3063|Lamp|2,0
15,0.5,3063|Lamp|3,0
15,0.5,3066|People|0,0
15,0.5,3066|Lamp|0,0
15,0.5,3066|Lamp|1,0
15,0.5,3066|Lamp|2,1
15,0.5,3066|Lamp|3,0
15,0.5,3066|Lamp|4,0
15,0.5,3066|Lamp|5,0
15,0.5,3072|People|0,1
15,0.5,3072|People|1,0
15,0.5,3072|People|2,0
15,0.5,3072|People|3,0
15,0.5,3072|People|4,0
15,0.5,3072|People|5,0
15,0.5,3072|People|6,1
15,0.5,3072|People|7,0
15,0.5,3072|Lamp|0,0
15,0.5,3072|Lamp|1,1
15,0.5,3072|Lamp|2,1
15,0.5,3072|Lamp|3,0
15,0.5,3072|Lamp|4,0
15,0.5,3072|Lamp|5,0
15,0.5,3072|Lamp|6,0
15,0.5,3072|Lamp|7,0
15,0.5,3078|People|0,1
15,0.5,3078|People|1,0
15,0.5,3078|People|2,0
15,0.5,3078|People|3,1
15,0.5,3078|People|4,0
15,0.5,3078|People|5,0
15,0.5,3078|People|6,0
15,0.5,3078|Lamp|0,1
15,0.5,3078|Lamp|1,1
15,0.5,3078|Lamp|2,1
15,0.5,3078|Lamp|3,0
15,0.5,3079|People|0,1
15,0.5,3079|People|1,1
15,0.5,3079|People|2,0
15,0.5,3079|People|3,0
15,0.5,3079|Lamp|0,1
15,0.5,3079|Lamp|1,1
15,0.5,3079|Lamp|2,0
15,0.5,3116|People|0,1
15,0.5,3116|Lamp|0,1
15,0.5,3116|Lamp|1,1
15,0.5,3118|People|0,1
15,0.5,3118|Lamp|0,1
15,0.5,3118|Lamp|1,1
15,0.5,3119|People|0,1
15,0.5,3119|Lamp|0,1
15,0.5,3119|Lamp|1,1
15,0.5,3121|People|0,1
15,0.5,3121|Lamp|0,1
15,0.5,3121|Lamp|1,1
15,0.5,3124|People|0,1
15,0.5,3124|Lamp|0,1
15,0.5,3124|Lamp|1,1
15,0.5,3125|People|0,1
15,0.5,3125|Lamp|0,1
15,0.5,3125|Lamp|1,1
15,0.5,3302|People|0,1
15,0.5,3302|Lamp|0,1
15,0.5,3302|Lamp|1,0
15,0.5,3302|Lamp|2,1
15,0.5,3302|Lamp|3,0
15,0.5,3313|People|0,0
15,0.5,3313|People|1,0
15,0.5,3313|Lamp|0,0
15,0.5,3313|Lamp|1,0
15,0.5,3347|People|0,0
15,0.5,3347|People|1,0
15,0.5,3347|People|2,0
15,0.5,3347|Lamp|0,0
15,0.5,3347|Lamp|1,0
15,0.5,3349|People|0,0
15,0.5,3349|People|1,0
15,0.5,3349|People|2,0
15,0.5,3349|Lamp|0,0
15,0.5,3349|Lamp|1,0
15,0.5,3350|People|0,0
15,0.5,3350|People|1,0
15,0.5,3350|People|2,0
15,0.5,3350|People|3,0
15,0.5,3350|People|4,0
15,0.5,3350|Lamp|0,0
15,0.5,3350|Lamp|1,0
15,0.5,3378|People|0,0
15,0.5,3378|People|1,0
15,0.5,3378|People|2,1
15,0.5,3378|People|3,0
15,0.5,3378|Lamp|0,0
15,0.5,3378|Lamp|1,0
15,0.5,3378|Lamp|2,0
15,0.5,3378|Lamp|3,0
15,0.5,3378|Lamp|4,0
15,0.5,3381|People|0,0
15,0.5,3381|People|1,1
15,0.5,3381|People|2,1
15,0.5,3381|People|3,0
15,0.5,3381|People|4,0
15,0.5,3381|Lamp|0,1
15,0.5,3381|Lamp|1,1
15,0.5,3381|Lamp|2,0
15,0.5,3381|Lamp|3,0
15,0.5,3381|Lamp|4,0
15,0.5,3382|People|0,0
15,0.5,3382|People|1,1
15,0.5,3382|People|2,1
15,0.5,3382|Lamp|0,1
15,0.5,3382|Lamp|1,1
15,0.5,3382|Lamp|2,1
15,0.5,3382|Lamp|3,0
15,0.5,3382|Lamp|4,0
15,0.5,3383|People|0,0
15,0.5,3383|People|1,1
15,0.5,3383|People|2,1
15,0.5,3383|Lamp|0,1
15,0.5,3383|Lamp|1,0
15,0.5,3383|Lamp|2,1
15,0.5,3383|Lamp|3,0
15,0.5,3383|Lamp|4,0
15,0.5,3384|People|0,0
15,0.5,3384|People|1,0
15,0.5,3384|People|2,1
15,0.5,3384|People|3,1
15,0.5,3384|Lamp|0,1
15,0.5,3384|Lamp|1,0
15,0.5,3384|Lamp|2,1
15,0.5,3384|Lamp|3,0
15,0.5,3384|Lamp|4,0
15,0.5,3389|People|0,0
15,0.5,3389|People|1,1
15,0.5,3389|People|2,0
15,0.5,3389|People|3,1
15,0.5,3389|Lamp|0,1
15,0.5,3389|Lamp|1,0
15,0.5,3389|Lamp|2,0
15,0.5,3389|Lamp|3,0
15,0.5,3389|Lamp|4,0
15,0.5,3390|People|0,1
15,0.5,3390|People|1,0
15,0.5,3390|People|2,1
15,0.5,3390|People|3,1
15,0.5,3390|Lamp|0,1
15,0.5,3390|Lamp|1,0
15,0.5,3390|Lamp|2,0
15,0.5,3390|Lamp|3,0
15,0.5,3390|Lamp|4,0
15,0.5,3392|People|0,0
15,0.5,3392|People|1,1
15,0.5,3392|People|2,1
15,0.5,3392|People|3,0
15,0.5,3392|People|4,0
15,0.5,3392|People|5,1
15,0.5,3392|Lamp|0,1
15,0.5,3392|Lamp|1,0
15,0.5,3392|Lamp|2,0
15,0.5,3392|Lamp|3,0
15,0.5,3392|Lamp|4,0
15,0.5,3395|People|0,1
15,0.5,3395|People|1,1
15,0.5,3395|People|2,0
15,0.5,3395|People|3,1
15,0.5,3395|People|4,0
15,0.5,3395|People|5,0
15,0.5,3395|People|6,0
15,0.5,3395|People|7,0
15,0.5,3395|Lamp|0,1
15,0.5,3395|Lamp|1,0
15,0.5,3395|Lamp|2,1
15,0.5,3395|Lamp|3,0
15,0.5,3395|Lamp|4,0
15,0.5,3397|People|0,1
15,0.5,3397|People|1,1
15,0.5,3397|People|2,0
15,0.5,3397|People|3,1
15,0.5,3397|People|4,0
15,0.5,3397|People|5,0
15,0.5,3397|People|6,0
15,0.5,3397|Lamp|0,1
15,0.5,3397|Lamp|1,0
15,0.5,3397|Lamp|2,1
15,0.5,3397|Lamp|3,0
15,0.5,3397|Lamp|4,1
15,0.5,3398|People|0,1
15,0.5,3398|People|1,1
15,0.5,3398|People|2,0
15,0.5,3398|People|3,0
15,0.5,3398|People|4,0
15,0.5,3398|People|5,1
15,0.5,3398|Lamp|0,1
15,0.5,3398|Lamp|1,0
15,0.5,3398|Lamp|2,0
15,0.5,3398|Lamp|3,0
15,0.5,3398|Lamp|4,0
15,0.5,3405|People|0,1
15,0.5,3405|People|1,0
15,0.5,3405|People|2,0
15,0.5,3405|Lamp|0,1
15,0.5,3405|Lamp|1,1
15,0.5,3405|Lamp|2,1
15,0.5,3405|Lamp|3,1
15,0.5,3408|People|0,1
15,0.5,3408|People|1,0
15,0.5,3408|People|2,0
15,0.5,3408|People|3,0
15,0.5,3408|Lamp|0,1
15,0.5,3408|Lamp|1,1
15,0.5,3408|Lamp|2,1
15,0.5,3408|Lamp|3,0
15,0.5,3409|People|0,0
15,0.5,3409|People|1,0
15,0.5,3409|Lamp|0,1
15,0.5,3409|Lamp|1,1
15,0.5,3409|Lamp|2,1
15,0.5,3409|Lamp|3,0
15,0.5,3566|People|0,0
15,0.5,3566|Lamp|0,1
15,0.5,3681|People|0,0
15,0.5,3681|Lamp|0,1
15,0.5,3681|Lamp|1,1
15,0.5,3681|Lamp|2,1
15,0.5,3681|Lamp|3,1
15,0.5,3682|People|0,0
15,0.5,3682|Lamp|0,1
15,0.5,3682|Lamp|1,1
15,0.5,3682|Lamp|2,1
15,0.5,3682|Lamp|3,1
15,0.5,3683|People|0,0
15,0.5,3683|Lamp|0,1
15,0.5,3683|Lamp|1,1
15,0.5,3683|Lamp|2,1
15,0.5,3683|Lamp|3,1
15,0.5,3687|People|0,0
15,0.5,3687|People|1,0
15,0.5,3687|People|2,0
15,0.5,3687|Lamp|0,1
15,0.5,3687|Lamp|1,1
15,0.5,3687|Lamp|2,1
15,0.5,3687|Lamp|3,1
15,0.5,3688|People|0,0
15,0.5,3688|People|1,0
15,0.5,3688|People|2,0
15,0.5,3688|Lamp|0,1
15,0.5,3688|Lamp|1,1
15,0.5,3688|Lamp|2,1
15,0.5,3688|Lamp|3,1
15,0.5,3689|People|0,0
15,0.5,3689|Lamp|0,0
15,0.5,3689|Lamp|1,0
15,0.5,3689|Lamp|2,0
15,0.5,3689|Lamp|3,0
25,0.05,63|People|0,1
25,0.05,63|People|1,1
25,0.05,63|People|2,1
25,0.05,63|People|3,1
25,0.05,63|People|4,0
25,0.05,63|Lamp|0,0
25,0.05,64|People|0,0
25,0.05,64|People|1,0
25,0.05,64|People|2,0
25,0.05,64|People|3,1
25,0.05,64|People|4,1
25,0.05,64|People|5,1
25,0.05,64|Lamp|0,0
25,0.05,71|People|0,0
25,0.05,71|People|1,0
25,0.05,71|Lamp|0,0
25,0.05,73|People|0,0
25,0.05,73|People|1,1
25,0.05,73|Lamp|0,0
25,0.05,78|People|0,0
25,0.05,78|People|1,1
25,0.05,78|People|2,1
25,0.05,78|People|3,1
25,0.05,78|People|4,0
25,0.05,78|People|5,0
25,0.05,78|Lamp|0,0
25,0.05,111|People|0,1
25,0.05,111|People|1,1
25,0.05,111|People|2,1
25,0.05,111|People|3,1
25,0.05,111|People|4,0
25,0.05,111|People|5,1
25,0.05,111|People|6,1
25,0.05,111|Lamp|0,1
25,0.05,111|Lamp|1,1
25,0.05,111|Lamp|2,0
25,0.05,111|Lamp|3,1
25,0.05,114|People|0,1
25,0.05,114|People|1,1
25,0.05,114|People|2,1
25,0.05,114|People|3,1
25,0.05,114|People|4,1
25,0.05,114|People|5,1
25,0.05,114|People|6,0
25,0.05,114|Lamp|0,0
25,0.05,114|Lamp|1,1
25,0.05,114|Lamp|2,1
25,0.05,116|People|0,1
25,0.05,116|People|1,1
25,0.05,116|People|2,1
25,0.05,116|People|3,1
25,0.05,116|People|4,1
25,0.05,116|People|5,1
25,0.05,116|People|6,1
25,0.05,116|People|7,0
25,0.05,116|Lamp|0,0
25,0.05,116|Lamp|1,1
25,0.05,116|Lamp|2,1
25,0.05,116|Lamp|3,1
25,0.05,118|People|0,1
25,0.05,118|People|1,1
25,0.05,118|People|2,1
25,0.05,118|People|3,1
25,0.05,118|People|4,1
25,0.05,118|People|5,1
25,0.05,118|People|6,1
25,0.05,118|People|7,1
25,0.05,118|Lamp|0,1
25,0.05,118|Lamp|1,1
25,0.05,118|Lamp|2,1
25,0.05,118|Lamp|3,1
25,0.05,123|People|0,1
25,0.05,123|People|1,1
25,0.05,123|People|2,0
25,0.05,123|People|3,1
25,0.05,123|People|4,1
25,0.05,123|People|5,1
25,0.05,123|People|6,1
25,0.05,123|Lamp|0,1
25,0.05,123|Lamp|1,1
25,0.05,123|Lamp|2,1
25,0.05,123|Lamp|3,1
25,0.05,123|Lamp|4,1
25,0.05,125|People|0,0
25,0.05,125|People|1,1
25,0.05,125|People|2,1
25,0.05,125|People|3,1
25,0.05,125|People|4,1
25,0.05,125|People|5,1
25,0.05,125|People|6,0
25,0.05,125|People|7,0
25,0.05,125|Lamp|0,1
25,0.05,125|Lamp|1,1
25,0.05,125|Lamp|2,1
25,0.05,125|Lamp|3,1
25,0.05,125|Lamp|4,1
25,0.05,126|People|0,0
25,0.05,126|People|1,1
25,0.05,126|People|2,1
25,0.05,126|People|3,0
25,0.05,126|People|4,0
25,0.05,126|People|5,1
25,0.05,126|People|6,0
25,0.05,126|People|7,1
25,0.05,126|People|8,0
25,0.05,126|Lamp|0,1
25,0.05,126|Lamp|1,1
25,0.05,126|Lamp|2,1
25,0.05,126|Lamp|3,1
25,0.05,126|Lamp|4,1
25,0.05,127|People|0,0
25,0.05,127|People|1,0
25,0.05,127|People|2,1
25,0.05,127|People|3,1
25,0.05,127|People|4,0
25,0.05,127|People|5,1
25,0.05,127|People|6,1
25,0.05,127|People|7,1
25,0.05,127|People|8,0
25,0.05,127|People|9,1
25,0.05,127|Lamp|0,1
25,0.05,127|Lamp|1,0
25,0.05,127|Lamp|2,1
25,0.05,127|Lamp|3,1
25,0.05,127|Lamp|4,1
25,0.05,129|People|0,0
25,0.05,129|People|1,1
25,0.05,129|People|2,1
25,0.05,129|People|3,0
25,0.05,129|People|4,0
25,0.05,129|People|5,0
25,0.05,129|People|6,0
25,0.05,129|People|7,1
25,0.05,129|Lamp|0,1
25,0.05,129|Lamp|1,0
25,0.05,129|Lamp|2,1
25,0.05,129|Lamp|3,1
25,0.05,129|Lamp|4,0
25,0.05,130|People|0,0
25,0.05,130|People|1,0
25,0.05,130|People|2,0
25,0.05,130|People|3,1
25,0.05,130|People|4,0
25,0.05,130|People|5,0
25,0.05,130|Lamp|0,1
25,0.05,130|Lamp|1,0
25,0.05,130|Lamp|2,1
25,0.05,130|Lamp|3,0
25,0.05,132|People|0,0
25,0.05,132|People|1,1
25,0.05,132|People|2,0
25,0.05,132|People|3,1
25,0.05,132|People|4,1
25,0.05,132|People|5,0
25,0.05,132|Lamp|0,1
25,0.05,132|Lamp|1,0
25,0.05,132|Lamp|2,0
25,0.05,132|Lamp|3,0
25,0.05,135|People|0,0
25,0.05,135|People|1,0
25,0.05,135|People|2,1
25,0.05,135|People|3,1
25,0.05,135|People|4,0
25,0.05,135|People|5,0
25,0.05,135|People|6,0
25,0.05,135|People|7,0
25,0.05,135|People|8,1
25,0.05,135|People|9,1
25,0.05,135|People|10,0
25,0.05,135|Lamp|0,0
25,0.05,135|Lamp|1,1
25,0.05,135|Lamp|2,0
25,0.05,136|People|0,0
25,0.05,136|People|1,0
25,0.05,136|People|2,1
25,0.05,136|People|3,0
25,0.05,136|People|4,1
25,0.05,136|People|5,1
25,0.05,136|People|6,1
25,0.05,136|People|7,0
25,0.05,136|Lamp|0,1
25,0.05,136|Lamp|1,0
25,0.05,136|Lamp|2,0
25,0.05,138|People|0,0
25,0.05,138|People|1,0
25,0.05,138|People|2,0
25,0.05,138|People|3,0
25,0.05,138|People|4,0
25,0.05,138|People|5,0
25,0.05,138|People|6,0
25,0.05,138|People|7,0
25,0.05,138|People|8,1
25,0.05,138|People|9,0
25,0.05,138|People|10,0
25,0.05,138|Lamp|0,1
25,0.05,138|Lamp|1,0
25,0.05,138|Lamp|2,0
25,0.05,143|People|0,0
25,0.05,143|People|1,0
25,0.05,143|People|2,1
25,0.05,143|People|3,0
25,0.05,143|People|4,1
25,0.05,143|People|5,0
25,0.05,143|People|6,0
25,0.05,143|Lamp|0,0
25,0.05,143|Lamp|1,0
25,0.05,144|People|0,0
25,0.05,144|People|1,1
25,0.05,144|People|2,1
25,0.05,144|People|3,0
25,0.05,144|People|4,0
25,0.05,144|People|5,0
25,0.05,144|People|6,0
25,0.05,144|Lamp|0,0
25,0.05,144|Lamp|1,0
25,0.05,147|People|0,1
25,0.05,147|People|1,0
25,0.05,147|People|2,1
25,0.05,147|People|3,1
25,0.05,147|People|4,0
25,0.05,147|People|5,0
25,0.05,147|People|6,1
25,0.05,147|People|7,0
25,0.05,147|People|8,0
25,0.05,147|People|9,1
25,0.05,147|People|10,0
25,0.05,147|People|11,1
25,0.05,147|Lamp|0,0
25,0.05,186|People|0,0
25,0.05,186|People|1,1
25,0.05,186|People|2,0
25,0.05,186|People|3,0
25,0.05,186|People|4,0
25,0.05,186|People|5,1
25,0.05,186|Lamp|0,1
25,0.05,187|People|0,1
25,0.05,187|People|1,1
25,0.05,187|People|2,0
25,0.05,187|People|3,1
25,0.05,187|People|4,1
25,0.05,187|People|5,0
25,0.05,187|Lamp|0,1
25,0.05,188|People|0,1
25,0.05,188|People|1,1
25,0.05,188|People|2,1
25,0.05,188|People|3,1
25,0.05,188|People|4,0
25,0.05,188|People|5,0
25,0.05,188|Lamp|0,1
25,0.05,191|People|0,1
25,0.05,191|People|1,1
25,0.05,191|People|2,1
25,0.05,191|People|3,1
25,0.05,191|People|4,1
25,0.05,191|People|5,1
25,0.05,191|Lamp|0,1
25,0.05,193|People|0,1
25,0.05,193|People|1,1
25,0.05,193|People|2,1
25,0.05,193|People|3,1
25,0.05,193|People|4,1
25,0.05,193|People|5,1
25,0.05,193|Lamp|0,1
25,0.05,196|People|0,1
25,0.05,196|People|1,1
25,0.05,196|People|2,1
25,0.05,196|People|3,1
25,0.05,196|People|4,1
25,0.05,196|People|5,0
25,0.05,196|People|6,1
25,0.05,196|People|7,1
25,0.05,196|People|8,1
25,0.05,196|Lamp|0,1
25,0.05,196|Lamp|1,1
25,0.05,196|Lamp|2,0
25,0.05,199|People|0,1
25,0.05,199|People|1,1
25,0.05,199|People|2,1
25,0.05,199|People|3,1
25,0.05,199|People|4,1
25,0.05,199|People|5,1
25,0.05,199|People|6,1
25,0.05,199|Lamp|0,1
25,0.05,199|Lamp|1,1
25,0.05,204|People|0,1
25,0.05,204|People|1,1
25,0.05,204|People|2,1
25,0.05,204|People|3,1
25,0.05,204|People|4,1
25,0.05,204|People|5,1
25,0.05,204|People|6,1
25,0.05,204|People|7,1
25,0.05,204|Lamp|0,1
25,0.05,204|Lamp|1,1
25,0.05,204|Lamp|2,0
25,0.05,205|People|0,0
25,0.05,205|People|1,1
25,0.05,205|People|2,1
25,0.05,205|People|3,1
25,0.05,205|People|4,1
25,0.05,205|People|5,1
25,0.05,205|People|6,1
25,0.05,205|People|7,0
25,0.05,205|People|8,1
25,0.05,205|Lamp|0,1
25,0.05,205|Lamp|1,1
25,0.05,205|Lamp|2,0
25,0.05,206|People|0,1
25,0.05,206|People|1,1
25,0.05,206|People|2,1
25,0.05,206|People|3,1
25,0.05,206|People|4,0
25,0.05,206|People|5,1
25,0.05,206|People|6,0
25,0.05,206|People|7,0
25,0.05,206|Lamp|0,1
25,0.05,209|People|0,1
25,0.05,209|Lamp|0,1
25,0.05,210|People|0,1
25,0.05,210|People|1,1
25,0.05,210|People|2,0
25,0.05,210|Lamp|0,1
25,0.05,213|People|0,1
25,0.05,213|People|1,1
25,0.05,213|People|2,1
25,0.05,213|People|3,0
25,0.05,213|People|4,0
25,0.05,213|People|5,0
25,0.05,213|People|6,0
25,0.05,213|People|7,0
25,0.05,213|Lamp|0,1
25,0.05,213|Lamp|1,1
25,0.05,213|Lamp|2,0
25,0.05,217|People|0,0
25,0.05,217|People|1,0
25,0.05,217|Lamp|0,0
25,0.05,222|People|0,1
25,0.05,222|People|1,1
25,0.05,222|People|2,0
25,0.05,222|People|3,1
25,0.05,222|People|4,1
25,0.05,222|People|5,1
25,0.05,222|People|6,1
25,0.05,222|People|7,0
25,0.05,222|People|8,1
25,0.05,222|Lamp|0,0
25,0.05,222|Lamp|1,0
25,0.05,222|Lamp|2,1
25,0.05,222|Lamp|3,1
25,0.05,222|Lamp|4,0
25,0.05,222|Lamp|5,1
25,0.05,222|Lamp|6,0
25,0.05,231|People|0,0
25,0.05,231|People|1,1
25,0.05,231|People|2,1
25,0.05,231|People|3,1
25,0.05,231|People|4,1
25,0.05,231|People|5,0
25,0.05,231|People|6,1
25,0.05,231|People|7,1
25,0.05,231|People|8,0
25,0.05,231|People|9,1
25,0.05,231|People|10,0
25,0.05,231|People|11,0
25,0.05,231|Lamp|0,0
25,0.05,231|Lamp|1,1
25,0.05,231|Lamp|2,1
25,0.05,231|Lamp|3,0
25,0.05,231|Lamp|4,1
25,0.05,232|People|0,0
25,0.05,232|People|1,0
25,0.05,232|People|2,0
25,0.05,232|People|3,1
25,0.05,232|People|4,0
25,0.05,232|People|5,1
25,0.05,232|People|6,1
25,0.05,232|People|7,1
25,0.05,232|People|8,1
25,0.05,232|People|9,0
25,0.05,232|People|10,0
25,0.05,232|People|11,0
25,0.05,232|Lamp|0,1
25,0.05,232|Lamp|1,0
25,0.05,232|Lamp|2,1
25,0.05,232|Lamp|3,1
25,0.05,232|Lamp|4,0
25,0.05,232|Lamp|5,0
25,0.05,240|People|0,1
25,0.05,240|People|1,0
25,0.05,240|People|2,1
25,0.05,240|People|3,1
25,0.05,240|People|4,1
25,0.05,240|People|5,1
25,0.05,240|People|6,0
25,0.05,240|Lamp|0,0
25,0.05,240|Lamp|1,0
25,0.05,240|Lamp|2,1
25,0.05,240|Lamp|3,0
25,0.05,240|Lamp|4,0
25,0.05,388|People|0,1
25,0.05,388|People|1,1
25,0.05,388|People|2,1
25,0.05,388|People|3,1
25,0.05,388|People|4,1
25,0.05,388|People|5,1
25,0.05,388|People|6,1
25,0.05,388|People|7,1
25,0.05,388|People|8,1
25,0.05,388|People|9,1
25,0.05,388|Lamp|0,1
25,0.05,389|People|0,1
25,0.05,389|People|1,1
25,0.05,389|People|2,1
25,0.05,389|People|3,1
25,0.05,389|People|4,1
25,0.05,389|People|5,1
25,0.05,389|People|6,1
25,0.05,389|People|7,1
25,0.05,389|People|8,1
25,0.05,389|People|9,1
25,0.05,389|Lamp|0,0
25,0.05,389|Lamp|1,1
25,0.05,392|People|0,1
25,0.05,392|People|1,1
25,0.05,392|People|2,0
25,0.05,392|People|3,1
25,0.05,392|Lamp|0,1
25,0.05,392|Lamp|1,1
25,0.05,394|People|0,1
25,0.05,394|People|1,1
25,0.05,394|People|2,1
25,0.05,394|People|3,1
25,0.05,394|People|4,1
25,0.05,394|People|5,1
25,0.05,394|Lamp|0,1
25,0.05,394|Lamp|1,1
25,0.05,395|People|0,0
25,0.05,395|People|1,0
25,0.05,395|People|2,1
25,0.05,395|People|3,1
25,0.05,395|People|4,1
25,0.05,395|People|5,1
25,0.05,395|People|6,1
25,0.05,395|Lamp|0,1
25,0.05,395|Lamp|1,1
25,0.05,396|People|0,0
25,0.05,396|People|1,0
25,0.05,396|People|2,1
25,0.05,396|People|3,0
25,0.05,396|People|4,1
25,0.05,396|People|5,1
25,0.05,396|Lamp|0,1
25,0.05,396|Lamp|1,1
25,0.05,409|People|0,1
25,0.05,409|People|1,1
25,0.05,409|People|2,0
25,0.05,409|People|3,1
25,0.05,409|People|4,1
25,0.05,409|Lamp|0,1
25,0.05,410|People|0,1
25,0.05,410|People|1,0
25,0.05,410|People|2,0
25,0.05,410|People|3,1
25,0.05,410|People|4,0
25,0.05,410|People|5,1
25,0.05,410|Lamp|0,1
25,0.05,413|People|0,1
25,0.05,413|People|1,1
25,0.05,413|People|2,1
25,0.05,413|People|3,0
25,0.05,413|People|4,0
25,0.05,413|People|5,0
25,0.05,413|Lamp|0,0
25,0.05,419|People|0,0
25,0.05,419|People|1,0
25,0.05,419|Lamp|0,1
25,0.05,419|Lamp|1,1
25,0.05,422|People|0,1
25,0.05,422|People|1,1
25,0.05,422|People|2,1
25,0.05,422|People|3,1
25,0.05,422|People|4,1
25,0.05,422|Lamp|0,0
25,0.05,425|People|0,0
25,0.05,425|People|1,1
25,0.05,425|People|2,1
25,0.05,425|People|3,1
25,0.05,425|People|4,0
25,0.05,425|People|5,1
25,0.05,425|People|6,1
25,0.05,425|People|7,0
25,0.05,425|Lamp|0,0
25,0.05,427|People|0,0
25,0.05,427|People|1,0
25,0.05,427|People|2,0
25,0.05,427|People|3,1
25,0.05,427|People|4,1
25,0.05,427|People|5,0
25,0.05,427|People|6,1
25,0.05,427|People|7,1
25,0.05,427|Lamp|0,0
25,0.05,428|People|0,0
25,0.05,428|People|1,0
25,0.05,428|People|2,1
25,0.05,428|People|3,1
25,0.05,428|People|4,1
25,0.05,428|People|5,1
25,0.05,428|People|6,1
25,0.05,428|Lamp|0,0
25,0.05,438|People|0,1
25,0.05,438|People|1,1
25,0.05,438|People|2,0
25,0.05,438|People|3,0
25,0.05,438|People|4,0
25,0.05,438|Lamp|0,1
25,0.05,438|Lamp|1,1
25,0.05,438|Lamp|2,1
25,0.05,438|Lamp|3,1
25,0.05,440|People|0,1
25,0.05,440|People|1,1
25,0.05,440|People|2,0
25,0.05,440|People|3,0
25,0.05,440|People|4,0
25,0.05,440|People|5,0
25,0.05,440|People|6,0
25,0.05,440|Lamp|0,1
25,0.05,440|Lamp|1,1
25,0.05,440|Lamp|2,1
25,0.05,440|Lamp|3,1
25,0.05,442|People|0,1
25,0.05,442|People|1,1
25,0.05,442|People|2,0
25,0.05,442|People|3,0
25,0.05,442|People|4,0
25,0.05,442|People|5,1
25,0.05,442|People|6,1
25,0.05,442|People|7,1
25,0.05,442|Lamp|0,1
25,0.05,442|Lamp|1,1
25,0.05,442|Lamp|2,1
25,0.05,442|Lamp|3,1
25,0.05,444|People|0,1
25,0.05,444|People|1,1
25,0.05,444|People|2,0
25,0.05,444|People|3,0
25,0.05,444|People|4,0
25,0.05,444|People|5,0
25,0.05,444|Lamp|0,1
25,0.05,444|Lamp|1,1
25,0.05,444|Lamp|2,1
25,0.05,444|Lamp|3,0
25,0.05,448|People|0,1
25,0.05,448|People|1,1
25,0.05,448|People|2,1
25,0.05,448|People|3,0
25,0.05,448|People|4,0
25,0.05,448|People|5,0
25,0.05,448|People|6,0
25,0.05,448|Lamp|0,1
25,0.05,448|Lamp|1,1
25,0.05,448|Lamp|2,0
25,0.05,448|Lamp|3,0
25,0.05,448|Lamp|4,0
25,0.05,448|Lamp|5,0
25,0.05,449|People|0,1
25,0.05,449|People|1,1
25,0.05,449|People|2,1
25,0.05,449|People|3,0
25,0.05,449|People|4,0
25,0.05,449|People|5,0
25,0.05,449|Lamp|0,0
25,0.05,449|Lamp|1,1
25,0.05,449|Lamp|2,1
25,0.05,449|Lamp|3,0
25,0.05,449|Lamp|4,1
25,0.05,452|People|0,1
25,0.05,452|People|1,1
25,0.05,452|Lamp|0,1
25,0.05,452|Lamp|1,0
25,0.05,452|Lamp|2,1
25,0.05,453|People|0,1
25,0.05,453|Lamp|0,1
25,0.05,453|Lamp|1,1
25,0.05,453|Lamp|2,0
25,0.05,453|Lamp|3,1
25,0.05,459|People|0,1
25,0.05,459|People|1,0
25,0.05,459|People|2,1
25,0.05,459|People|3,1
25,0.05,459|People|4,1
25,0.05,459|People|5,1
25,0.05,459|Lamp|0,0
25,0.05,459|Lamp|1,0
25,0.05,459|Lamp|2,0
25,0.05,462|People|0,1
25,0.05,462|People|1,1
25,0.05,462|People|2,1
25,0.05,462|People|3,1
25,0.05,462|People|4,1
25,0.05,462|People|5,1
25,0.05,462|People|6,1
25,0.05,462|Lamp|0,1
25,0.05,462|Lamp|1,0
25,0.05,466|People|0,1
25,0.05,466|People|1,1
25,0.05,466|People|2,1
25,0.05,466|People|3,1
25,0.05,466|People|4,1
25,0.05,466|People|5,1
25,0.05,466|Lamp|0,1
25,0.05,466|Lamp|1,0
25,0.05,468|People|0,1
25,0.05,468|People|1,1
25,0.05,468|People|2,1
25,0.05,468|People|3,1
25,0.05,468|People|4,1
25,0.05,468|People|5,1
25,0.05,468|People|6,1
25,0.05,468|Lamp|0,1
25,0.05,468|Lamp|1,0
25,0.05,470|People|0,1
25,0.05,470|People|1,0
25,0.05,470|Lamp|0,1
25,0.05,476|People|0,0
25,0.05,476|People|1,1
25,0.05,476|Lamp|0,0
25,0.05,478|People|0,0
25,0.05,478|Lamp|0,0
25,0.05,479|People|0,1
25,0.05,479|Lamp|0,0
25,0.05,480|People|0,1
25,0.05,480|People|1,0
25,0.05,480|People|2,0
25,0.05,480|Lamp|0,0
25,0.05,486|People|0,1
25,0.05,486|People|1,0
25,0.05,486|People|2,0
25,0.05,486|People|3,0
25,0.05,486|People|4,1
25,0.05,486|People|5,1
25,0.05,486|People|6,0
25,0.05,486|Lamp|0,0
25,0.05,489|People|0,1
25,0.05,489|People|1,0
25,0.05,489|People|2,1
25,0.05,489|People|3,1
25,0.05,489|People|4,0
25,0.05,489|People|5,1
25,0.05,489|People|6,0
25,0.05,489|People|7,0
25,0.05,489|People|8,0
25,0.05,489|People|9,0
25,0.05,489|Lamp|0,1
25,0.05,489|Lamp|1,0
25,0.05,493|People|0,0
25,0.05,493|People|1,1
25,0.05,493|People|2,1
25,0.05,493|People|3,1
25,0.05,493|People|4,1
25,0.05,493|People|5,1
25,0.05,493|People|6,1
25,0.05,493|People|7,0
25,0.05,493|Lamp|0,0
25,0.05,494|People|0,1
25,0.05,494|People|1,0
25,0.05,494|People|2,0
25,0.05,494|People|3,0
25,0.05,494|People|4,0
25,0.05,494|Lamp|0,1
25,0.05,494|Lamp|1,1
25,0.05,494|Lamp|2,1
25,0.05,503|People|0,0
25,0.05,503|People|1,0
25,0.05,503|Lamp|0,1
25,0.05,503|Lamp|1,1
25,0.05,505|People|0,0
25,0.05,505|People|1,1
25,0.05,505|People|2,0
25,0.05,505|People|3,0
25,0.05,505|People|4,1
25,0.05,505|Lamp|0,1
25,0.05,507|People|0,1
25,0.05,507|People|1,0
25,0.05,507|People|2,0
25,0.05,507|People|3,0
25,0.05,507|People|4,0
25,0.05,507|People|5,1
25,0.05,507|People|6,1
25,0.05,507|Lamp|0,0
25,0.05,1190|People|0,0
25,0.05,1190|People|1,0
25,0.05,1190|People|2,0
25,0.05,1190|People|3,0
25,0.05,1190|People|4,0
25,0.05,1190|People|5,0
25,0.05,1190|People|6,1
25,0.05,1190|People|7,0
25,0.05,1190|Lamp|0,0
25,0.05,1196|People|0,1
25,0.05,1196|People|1,0
25,0.05,1196|Lamp|0,0
25,0.05,1199|People|0,0
25,0.05,1199|People|1,0
25,0.05,1199|People|2,0
25,0.05,1199|Lamp|0,1
25,0.05,1200|People|0,0
25,0.05,1200|People|1,1
25,0.05,1200|Lamp|0,1
25,0.05,1204|People|0,1
25,0.05,1204|People|1,1
25,0.05,1204|People|2,0
25,0.05,1204|People|3,0
25,0.05,1204|Lamp|0,0
25,0.05,1206|People|0,1
25,0.05,1206|People|1,1
25,0.05,1206|People|2,0
25,0.05,1206|Lamp|0,0
25,0.05,1207|People|0,1
25,0.05,1207|People|1,1
25,0.05,1207|People|2,0
25,0.05,1207|Lamp|0,0
25,0.05,1211|People|0,1
25,0.05,1211|People|1,1
25,0.05,1211|People|2,0
25,0.05,1211|People|3,0
25,0.05,1211|Lamp|0,0
25,0.05,1213|People|0,1
25,0.05,1213|People|1,1
25,0.05,1213|Lamp|0,1
25,0.05,1216|People|0,1
25,0.05,1216|People|1,1
25,0.05,1216|Lamp|0,0
25,0.05,1218|People|0,1
25,0.05,1218|People|1,1
25,0.05,1218|Lamp|0,0
25,0.05,1219|People|0,0
25,0.05,1219|People|1,0
25,0.05,1219|People|2,0
25,0.05,1219|People|3,0
25,0.05,1219|Lamp|0,1
25,0.05,1219|Lamp|1,1
25,0.05,1221|People|0,1
25,0.05,1221|People|1,1
25,0.05,1221|People|2,0
25,0.05,1221|Lamp|0,0
25,0.05,1222|People|0,1
25,0.05,1222|People|1,1
25,0.05,1222|People|2,0
25,0.05,1222|Lamp|0,0
25,0.05,1225|People|0,0
25,0.05,1225|People|1,0
25,0.05,1225|People|2,0
25,0.05,1225|People|3,0
25,0.05,1225|People|4,0
25,0.05,1225|People|5,0
25,0.05,1225|People|6,0
25,0.05,1225|Lamp|0,1
25,0.05,1225|Lamp|1,0
25,0.05,1226|People|0,0
25,0.05,1226|People|1,0
25,0.05,1226|People|2,0
25,0.05,1226|People|3,0
25,0.05,1226|People|4,0
25,0.05,1226|Lamp|0,0
25,0.05,1226|Lamp|1,1
25,0.05,1226|Lamp|2,0
25,0.05,1228|People|0,0
25,0.05,1228|Lamp|0,1
25,0.05,1266|People|0,0
25,0.05,1266|People|1,0
25,0.05,1266|Lamp|0,1
25,0.05,1266|Lamp|1,0
25,0.05,1268|People|0,1
25,0.05,1268|Lamp|0,1
25,0.05,1268|Lamp|1,0
25,0.05,1268|Lamp|2,0
25,0.05,1268|Lamp|3,0
25,0.05,1273|People|0,0
25,0.05,1273|Lamp|0,0
25,0.05,1273|Lamp|1,0
25,0.05,1274|People|0,0
25,0.05,1274|Lamp|0,0
25,0.05,1274|Lamp|1,1
25,0.05,1274|Lamp|2,0
25,0.05,1285|People|0,1
25,0.05,1285|Lamp|0,1
25,0.05,1285|Lamp|1,1
25,0.05,1285|Lamp|2,1
25,0.05,1291|People|0,0
25,0.05,1291|Lamp|0,0
25,0.05,1291|Lamp|1,1
25,0.05,1295|People|0,0
25,0.05,1295|People|1,0
25,0.05,1295|People|2,0
25,0.05,1295|Lamp|0,1
25,0.05,1299|People|0,1
25,0.05,1299|People|1,0
25,0.05,1299|People|2,0
25,0.05,1299|Lamp|0,0
25,0.05,2046|People|0,1
25,0.05,2046|People|1,1
25,0.05,2046|Lamp|0,1
25,0.05,2046|Lamp|1,1
25,0.05,2046|Lamp|2,1
25,0.05,2046|Lamp|3,0
25,0.05,2050|People|0,1
25,0.05,2050|People|1,1
25,0.05,2050|Lamp|0,1
25,0.05,2050|Lamp|1,0
25,0.05,2050|Lamp|2,1
25,0.05,2050|Lamp|3,0
25,0.05,2051|People|0,1
25,0.05,2051|People|1,0
25,0.05,2051|Lamp|0,0
25,0.05,2051|Lamp|1,0
25,0.05,2051|Lamp|2,1
25,0.05,2051|Lamp|3,0
25,0.05,2052|People|0,1
25,0.05,2052|People|1,0
25,0.05,2052|Lamp|0,1
25,0.05,2052|Lamp|1,1
25,0.05,2052|Lamp|2,0
25,0.05,2052|Lamp|3,1
25,0.05,2056|People|0,1
25,0.05,2056|People|1,1
25,0.05,2056|Lamp|0,1
25,0.05,2056|Lamp|1,0
25,0.05,2056|Lamp|2,1
25,0.05,2056|Lamp|3,0
25,0.05,2057|People|0,1
25,0.05,2057|People|1,0
25,0.05,2057|Lamp|0,1
25,0.05,2057|Lamp|1,0
25,0.05,2057|Lamp|2,0
25,0.05,2057|Lamp|3,1
25,0.05,2058|People|0,1
25,0.05,2058|People|1,1
25,0.05,2058|Lamp|0,1
25,0.05,2058|Lamp|1,0
25,0.05,2058|Lamp|2,1
25,0.05,2058|Lamp|3,0
25,0.05,2058|Lamp|4,0
25,0.05,2058|Lamp|5,0
25,0.05,2059|People|0,1
25,0.05,2059|People|1,0
25,0.05,2059|Lamp|0,1
25,0.05,2059|Lamp|1,0
25,0.05,2059|Lamp|2,0
25,0.05,2059|Lamp|3,0
25,0.05,2061|People|0,1
25,0.05,2061|People|1,1
25,0.05,2061|Lamp|0,1
25,0.05,2061|Lamp|1,0
25,0.05,2061|Lamp|2,0
25,0.05,2061|Lamp|3,1
25,0.05,2061|Lamp|4,0
25,0.05,2061|Lamp|5,0
25,0.05,2065|People|0,1
25,0.05,2065|People|1,1
25,0.05,2065|Lamp|0,1
25,0.05,2065|Lamp|1,0
25,0.05,2065|Lamp|2,1
25,0.05,2065|Lamp|3,0
25,0.05,2065|Lamp|4,0
25,0.05,2065|Lamp|5,1
25,0.05,2067|People|0,1
25,0.05,2067|People|1,0
25,0.05,2067|Lamp|0,1
25,0.05,2067|Lamp|1,0
25,0.05,2067|Lamp|2,0
25,0.05,2067|Lamp|3,1
25,0.05,2068|People|0,1
25,0.05,2068|People|1,0
25,0.05,2068|Lamp|0,1
25,0.05,2068|Lamp|1,1
25,0.05,2068|Lamp|2,0
25,0.05,2068|Lamp|3,0
25,0.05,2069|People|0,1
25,0.05,2069|People|1,1
25,0.05,2069|Lamp|0,1
25,0.05,2069|Lamp|1,1
25,0.05,2069|Lamp|2,0
25,0.05,2069|Lamp|3,0
25,0.05,2069|Lamp|4,0
25,0.05,2069|Lamp|5,0
25,0.05,2070|People|0,1
25,0.05,2070|People|1,0
25,0.05,2070|Lamp|0,1
25,0.05,2070|Lamp|1,0
25,0.05,2070|Lamp|2,1
25,0.05,2070|Lamp|3,1
25,0.05,2072|People|0,1
25,0.05,2072|People|1,1
25,0.05,2072|Lamp|0,1
25,0.05,2072|Lamp|1,0
25,0.05,2072|Lamp|2,1
25,0.05,2072|Lamp|3,0
25,0.05,2072|Lamp|4,0
25,0.05,2072|Lamp|5,1
25,0.05,2073|People|0,1
25,0.05,2073|People|1,0
25,0.05,2073|Lamp|0,1
25,0.05,2073|Lamp|1,0
25,0.05,2073|Lamp|2,1
25,0.05,2073|Lamp|3,0
25,0.05,2073|Lamp|4,0
25,0.05,2073|Lamp|5,1
25,0.05,2074|People|0,1
25,0.05,2074|People|1,0
25,0.05,2074|Lamp|0,1
25,0.05,2074|Lamp|1,0
25,0.05,2074|Lamp|2,0
25,0.05,2074|Lamp|3,0
25,0.05,2074|Lamp|4,1
25,0.05,2074|Lamp|5,1
25,0.05,2074|Lamp|6,0
25,0.05,2074|Lamp|7,1
25,0.05,2076|People|0,1
25,0.05,2076|People|1,1
25,0.05,2076|Lamp|0,1
25,0.05,2076|Lamp|1,0
25,0.05,2076|Lamp|2,0
25,0.05,2076|Lamp|3,0
25,0.05,2076|Lamp|4,1
25,0.05,2076|Lamp|5,1
25,0.05,2076|Lamp|6,1
25,0.05,2076|Lamp|7,0
25,0.05,2082|People|0,1
25,0.05,2082|People|1,1
25,0.05,2082|Lamp|0,0
25,0.05,2082|Lamp|1,0
25,0.05,2082|Lamp|2,1
25,0.05,2082|Lamp|3,0
25,0.05,2082|Lamp|4,1
25,0.05,2082|Lamp|5,0
25,0.05,2084|People|0,1
25,0.05,2084|People|1,1
25,0.05,2084|Lamp|0,1
25,0.05,2084|Lamp|1,1
25,0.05,2084|Lamp|2,0
25,0.05,2084|Lamp|3,0
25,0.05,2084|Lamp|4,0
25,0.05,2084|Lamp|5,0
25,0.05,2087|People|0,1
25,0.05,2087|People|1,1
25,0.05,2087|Lamp|0,0
25,0.05,2087|Lamp|1,1
25,0.05,2087|Lamp|2,1
25,0.05,2090|People|0,1
25,0.05,2090|People|1,1
25,0.05,2090|Lamp|0,0
25,0.05,2090|Lamp|1,0
25,0.05,2090|Lamp|2,1
25,0.05,2090|Lamp|3,1
25,0.05,2091|People|0,1
25,0.05,2091|People|1,1
25,0.05,2091|Lamp|0,0
25,0.05,2091|Lamp|1,1
25,0.05,2091|Lamp|2,1
25,0.05,2091|Lamp|3,0
25,0.05,2091|Lamp|4,1
25,0.05,2091|Lamp|5,1
25,0.05,2092|People|0,1
25,0.05,2092|People|1,1
25,0.05,2092|Lamp|0,0
25,0.05,2092|Lamp|1,0
25,0.05,2092|Lamp|2,1
25,0.05,2092|Lamp|3,0
25,0.05,2092|Lamp|4,0
25,0.05,2092|Lamp|5,1
25,0.05,2093|People|0,1
25,0.05,2093|People|1,0
25,0.05,2093|Lamp|0,1
25,0.05,2093|Lamp|1,0
25,0.05,2093|Lamp|2,0
25,0.05,2093|Lamp|3,0
25,0.05,2093|Lamp|4,1
25,0.05,2093|Lamp|5,1
25,0.05,2120|People|0,0
25,0.05,2120|People|1,1
25,0.05,2120|People|2,0
25,0.05,2120|Lamp|0,0
25,0.05,2127|People|0,0
25,0.05,2127|People|1,0
25,0.05,2127|People|2,1
25,0.05,2127|Lamp|0,1
25,0.05,2127|Lamp|1,0
25,0.05,2127|Lamp|2,0
25,0.05,2127|Lamp|3,0
25,0.05,2129|People|0,0
25,0.05,2129|People|1,1
25,0.05,2129|People|2,0
25,0.05,2129|Lamp|0,0
25,0.05,2129|Lamp|1,1
25,0.05,2139|People|0,1
25,0.05,2139|Lamp|0,1
25,0.05,2139|Lamp|1,1
25,0.05,2139|Lamp|2,0
25,0.05,2140|People|0,0
25,0.05,2140|Lamp|0,1
25,0.05,2140|Lamp|1,1
25,0.05,2140|Lamp|2,0
25,0.05,2149|People|0,1
25,0.05,2149|Lamp|0,1
25,0.05,2149|Lamp|1,1
25,0.05,2150|People|0,1
25,0.05,2150|Lamp|0,1
25,0.05,2150|Lamp|1,1
25,0.05,2151|People|0,1
25,0.05,2151|Lamp|0,1
25,0.05,2151|Lamp|1,1
25,0.05,2158|People|0,0
25,0.05,2158|Lamp|0,1
25,0.05,2158|Lamp|1,1
25,0.05,2160|People|0,1
25,0.05,2160|Lamp|0,1
25,0.05,2160|Lamp|1,1
25,0.05,2190|People|0,1
25,0.05,2190|People|1,1
25,0.05,2190|People|2,1
25,0.05,2190|Lamp|0,0
25,0.05,2190|Lamp|1,1
25,0.05,2191|People|0,1
25,0.05,2191|People|1,0
25,0.05,2191|People|2,1
25,0.05,2191|Lamp|0,0
25,0.05,2191|Lamp|1,1
25,0.05,2193|People|0,1
25,0.05,2193|People|1,1
25,0.05,2193|People|2,0
25,0.05,2193|Lamp|0,1
25,0.05,2193|Lamp|1,0
25,0.05,2195|People|0,1
25,0.05,2195|People|1,1
25,0.05,2195|People|2,1
25,0.05,2195|Lamp|0,1
25,0.05,2195|Lamp|1,1
25,0.05,2200|People|0,0
25,0.05,2200|Lamp|0,1
25,0.05,2200|Lamp|1,1
25,0.05,2217|People|0,0
25,0.05,2217|Lamp|0,0
25,0.05,2217|Lamp|1,0
25,0.05,2218|People|0,0
25,0.05,2218|Lamp|0,0
25,0.05,2218|Lamp|1,0
25,0.05,2226|People|0,0
25,0.05,2226|Lamp|0,1
25,0.05,2226|Lamp|1,0
25,0.05,2226|Lamp|2,1
25,0.05,2226|Lamp|3,0
25,0.05,2226|Lamp|4,0
25,0.05,2292|People|0,0
25,0.05,2292|Lamp|0,0
25,0.05,2292|Lamp|1,0
25,0.05,2292|Lamp|2,0
25,0.05,2292|Lamp|3,0
25,0.05,2293|People|0,0
25,0.05,2293|Lamp|0,0
25,0.05,2293|Lamp|1,0
25,0.05,2293|Lamp|2,0
25,0.05,2293|Lamp|3,0
25,0.05,2295|People|0,0
25,0.05,2295|Lamp|0,0
25,0.05,2295|Lamp|1,0
25,0.05,2295|Lamp|2,0
25,0.05,2295|Lamp|3,0
25,0.05,2295|Lamp|4,0
25,0.05,2295|Lamp|5,0
25,0.05,2295|Lamp|6,0
25,0.05,2295|Lamp|7,0
25,0.05,2297|People|0,0
25,0.05,2297|Lamp|0,0
25,0.05,2297|Lamp|1,0
25,0.05,2297|Lamp|2,0
25,0.05,2297|Lamp|3,0
25,0.05,2297|Lamp|4,0
25,0.05,2298|People|0,0
25,0.05,2298|Lamp|0,0
25,0.05,2298|Lamp|1,0
25,0.05,2298|Lamp|2,0
25,0.05,2298|Lamp|3,0
25,0.05,2298|Lamp|4,1
25,0.05,2299|People|0,0
25,0.05,2299|Lamp|0,0
25,0.05,2299|Lamp|1,0
25,0.05,2299|Lamp|2,0
25,0.05,2299|Lamp|3,0
25,0.05,2299|Lamp|4,0
25,0.05,2299|Lamp|5,1
25,0.05,2328|People|0,1
25,0.05,2328|People|1,0
25,0.05,2328|People|2,0
25,0.05,2328|Lamp|0,0
25,0.05,2332|People|0,1
25,0.05,2332|People|1,1
25,0.05,2332|People|2,0
25,0.05,2332|People|3,0
25,0.05,2332|Lamp|0,0
25,0.05,2335|People|0,1
25,0.05,2335|People|1,1
25,0.05,2335|People|2,0
25,0.05,2335|People|3,0
25,0.05,2335|Lamp|0,0
25,0.05,2337|People|0,0
25,0.05,2337|People|1,0
25,0.05,2337|Lamp|0,0
25,0.05,2453|People|0,0
25,0.05,2453|People|1,0
25,0.05,2453|Lamp|0,0
25,0.05,2456|People|0,1
25,0.05,2456|Lamp|0,0
25,0.05,2456|Lamp|1,0
25,0.05,2456|Lamp|2,0
25,0.05,2457|People|0,1
25,0.05,2457|Lamp|0,0
25,0.05,2457|Lamp|1,0
25,0.05,2457|Lamp|2,0
25,0.05,2457|Lamp|3,0
25,0.05,2465|People|0,0
25,0.05,2465|Lamp|0,0
25,0.05,2465|Lamp|1,0
25,0.05,2465|Lamp|2,0
25,0.05,2467|People|0,0
25,0.05,2467|Lamp|0,0
25,0.05,2467|Lamp|1,0
25,0.05,2468|People|0,0
25,0.05,2468|People|1,0
25,0.05,2468|Lamp|0,0
25,0.05,2468|Lamp|1,0
25,0.05,2478|People|0,1
25,0.05,2478|People|1,1
25,0.05,2478|People|2,0
25,0.05,2478|People|3,0
25,0.05,2478|Lamp|0,1
25,0.05,2478|Lamp|1,1
25,0.05,2489|People|0,1
25,0.05,2489|People|1,1
25,0.05,2489|People|2,0
25,0.05,2489|People|3,1
25,0.05,2489|People|4,0
25,0.05,2489|People|5,1
25,0.05,2489|Lamp|0,0
25,0.05,2489|Lamp|1,0
25,0.05,2490|People|0,0
25,0.05,2490|People|1,1
25,0.05,2490|People|2,0
25,0.05,2490|People|3,0
25,0.05,2490|People|4,0
25,0.05,2490|Lamp|0,0
25,0.05,2490|Lamp|1,0
25,0.05,2491|People|0,1
25,0.05,2491|People|1,1
25,0.05,2491|People|2,1
25,0.05,2491|People|3,0
25,0.05,2491|People|4,0
25,0.05,2491|Lamp|0,0
25,0.05,2491|Lamp|1,0
25,0.05,2602|People|0,0
25,0.05,2602|Lamp|0,0
25,0.05,2602|Lamp|1,0
25,0.05,2602|Lamp|2,0
25,0.05,2606|People|0,0
25,0.05,2606|Lamp|0,0
25,0.05,2606|Lamp|1,0
25,0.05,2607|People|0,0
25,0.05,2607|Lamp|0,0
25,0.05,2607|Lamp|1,0
25,0.05,2622|People|0,1
25,0.05,2622|People|1,0
25,0.05,2622|People|2,0
25,0.05,2622|Lamp|0,1
25,0.05,2622|Lamp|1,1
25,0.05,2622|Lamp|2,1
25,0.05,2717|People|0,0
25,0.05,2717|People|1,0
25,0.05,2717|People|2,0
25,0.05,2717|Lamp|0,0
25,0.05,2720|People|0,0
25,0.05,2720|People|1,0
25,0.05,2720|People|2,0
25,0.05,2720|Lamp|0,0
25,0.05,2721|People|0,0
25,0.05,2721|People|1,0
25,0.05,2721|Lamp|0,0
25,0.05,2727|People|0,1
25,0.05,2727|People|1,0
25,0.05,2727|People|2,0
25,0.05,2727|People|3,0
25,0.05,2727|Lamp|0,0
25,0.05,2732|People|0,0
25,0.05,2732|People|1,0
25,0.05,2732|Lamp|0,0
25,0.05,2735|People|0,0
25,0.05,2735|People|1,0
25,0.05,2735|Lamp|0,0
25,0.05,2736|People|0,0
25,0.05,2736|People|1,0
25,0.05,2736|Lamp|0,0
25,0.05,2738|People|0,0
25,0.05,2738|People|1,0
25,0.05,2738|People|2,0
25,0.05,2738|Lamp|0,0
25,0.05,2940|People|0,1
25,0.05,2940|Lamp|0,0
25,0.05,2940|Lamp|1,0
25,0.05,2942|People|0,1
25,0.05,2942|Lamp|0,0
25,0.05,2942|Lamp|1,0
25,0.05,2942|Lamp|2,0
25,0.05,2942|Lamp|3,0
25,0.05,2942|Lamp|4,0
25,0.05,2945|People|0,1
25,0.05,2945|Lamp|0,0
25,0.05,2945|Lamp|1,0
25,0.05,2945|Lamp|2,0
25,0.05,2947|People|0,1
25,0.05,2947|Lamp|0,1
25,0.05,2947|Lamp|1,1
25,0.05,2947|Lamp|2,0
25,0.05,2947|Lamp|3,0
25,0.05,2947|Lamp|4,0
25,0.05,2949|People|0,0
25,0.05,2949|Lamp|0,1
25,0.05,2949|Lamp|1,0
25,0.05,2949|Lamp|2,0
25,0.05,2949|Lamp|3,0
25,0.05,2949|Lamp|4,0
25,0.05,2949|Lamp|5,0
25,0.05,2950|People|0,0
25,0.05,2950|People|1,0
25,0.05,2950|Lamp|0,1
25,0.05,2950|Lamp|1,0
25,0.05,2950|Lamp|2,0
25,0.05,2950|Lamp|3,0
25,0.05,2950|Lamp|4,0
25,0.05,2951|People|0,0
25,0.05,2951|Lamp|0,1
25,0.05,2951|Lamp|1,0
25,0.05,2951|Lamp|2,0
25,0.05,2951|Lamp|3,0
25,0.05,2951|Lamp|4,0
25,0.05,2953|People|0,0
25,0.05,2953|Lamp|0,0
25,0.05,2953|Lamp|1,1
25,0.05,2953|Lamp|2,0
25,0.05,2953|Lamp|3,0
25,0.05,2957|People|0,0
25,0.05,2957|Lamp|0,1
25,0.05,2957|Lamp|1,0
25,0.05,2957|Lamp|2,1
25,0.05,2957|Lamp|3,0
25,0.05,2957|Lamp|4,0
25,0.05,2957|Lamp|5,0
25,0.05,3024|People|0,0
25,0.05,3024|Lamp|0,0
25,0.05,3024|Lamp|1,0
25,0.05,3052|People|0,0
25,0.05,3052|Lamp|0,0
25,0.05,3053|People|0,0
25,0.05,3053|People|1,0
25,0.05,3053|Lamp|0,0
25,0.05,3053|Lamp|1,0
25,0.05,3054|People|0,0
25,0.05,3054|People|1,0
25,0.05,3054|People|2,0
25,0.05,3054|Lamp|0,0
25,0.05,3054|Lamp|1,0
25,0.05,3057|People|0,0
25,0.05,3057|People|1,0
25,0.05,3057|Lamp|0,0
25,0.05,3057|Lamp|1,0
25,0.05,3059|People|0,1
25,0.05,3059|People|1,0
25,0.05,3059|People|2,0
25,0.05,3059|Lamp|0,0
25,0.05,3059|Lamp|1,0
25,0.05,3060|People|0,1
25,0.05,3060|People|1,1
25,0.05,3060|People|2,0
25,0.05,3060|People|3,0
25,0.05,3060|Lamp|0,0
25,0.05,3060|Lamp|1,0
25,0.05,3061|People|0,0
25,0.05,3061|People|1,1
25,0.05,3061|People|2,1
25,0.05,3061|People|3,0
25,0.05,3061|Lamp|0,0
25,0.05,3061|Lamp|1,0
25,0.05,3063|People|0,1
25,0.05,3063|People|1,0
25,0.05,3063|Lamp|0,0
25,0.05,3063|Lamp|1,0
25,0.05,3063|Lamp|2,0
25,0.05,3063|Lamp|3,0
25,0.05,3066|People|0,0
25,0.05,3066|Lamp|0,0
25,0.05,3066|Lamp|1,0
25,0.05,3066|Lamp|2,0
25,0.05,3066|Lamp|3,0
25,0.05,3066|Lamp|4,0
25,0.05,3066|Lamp|5,0
25,0.05,3072|People|0,1
25,0.05,3072|People|1,0
25,0.05,3072|People|2,0
25,0.05,3072|People|3,0
25,0.05,3072|People|4,0
25,0.05,3072|People|5,0
25,0.05,3072|People|6,1
25,0.05,3072|People|7,1
25,0.05,3072|Lamp|0,0
25,0.05,3072|Lamp|1,1
25,0.05,3072|Lamp|2,0
25,0.05,3072|Lamp|3,0
25,0.05,3072|Lamp|4,0
25,0.05,3072|Lamp|5,0
25,0.05,3072|Lamp|6,0
25,0.05,3072|Lamp|7,0
25,0.05,3078|People|0,1
25,0.05,3078|People|1,1
25,0.05,3078|People|2,1
25,0.05,3078|People|3,1
25,0.05,3078|People|4,0
25,0.05,3078|People|5,0
25,0.05,3078|People|6,0
25,0.05,3078|Lamp|0,1
25,0.05,3078|Lamp|1,1
25,0.05,3078|Lamp|2,0
25,0.05,3078|Lamp|3,0
25,0.05,3079|People|0,1
25,0.05,3079|People|1,1
25,0.05,3079|People|2,0
25,0.05,3079|People|3,0
25,0.05,3079|Lamp|0,1
25,0.05,3079|Lamp|1,0
25,0.05,3079|Lamp|2,0
25,0.05,3116|People|0,1
25,0.05,3116|Lamp|0,0
25,0.05,3116|Lamp|1,0
25,0.05,3118|People|0,1
25,0.05,3118|Lamp|0,1
25,0.05,3118|Lamp|1,0
25,0.05,3119|People|0,1
25,0.05,3119|Lamp|0,1
25,0.05,3119|Lamp|1,0
25,0.05,3121|People|0,1
25,0.05,3121|Lamp|0,1
25,0.05,3121|Lamp|1,0
25,0.05,3124|People|0,1
25,0.05,3124|Lamp|0,0
25,0.05,3124|Lamp|1,1
25,0.05,3125|People|0,1
25,0.05,3125|Lamp|0,0
25,0.05,3125|Lamp|1,1
25,0.05,3302|People|0,1
25,0.05,3302|Lamp|0,1
25,0.05,3302|Lamp|1,0
25,0.05,3302|Lamp|2,1
25,0.05,3302|Lamp|3,0
25,0.05,3313|People|0,1
25,0.05,3313|People|1,0
25,0.05,3313|Lamp|0,0
25,0.05,3313|Lamp|1,0
25,0.05,3347|People|0,1
25,0.05,3347|People|1,0
25,0.05,3347|People|2,0
25,0.05,3347|Lamp|0,0
25,0.05,3347|Lamp|1,0
25,0.05,3349|People|0,0
25,0.05,3349|People|1,0
25,0.05,3349|People|2,0
25,0.05,3349|Lamp|0,0
25,0.05,3349|Lamp|1,0
25,0.05,3350|People|0,1
25,0.05,3350|People|1,1
25,0.05,3350|People|2,0
25,0.05,3350|People|3,0
25,0.05,3350|People|4,0
25,0.05,3350|Lamp|0,0
25,0.05,3350|Lamp|1,0
25,0.05,3378|People|0,0
25,0.05,3378|People|1,0
25,0.05,3378|People|2,1
25,0.05,3378|People|3,1
25,0.05,3378|Lamp|0,0
25,0.05,3378|Lamp|1,1
25,0.05,3378|Lamp|2,1
25,0.05,3378|Lamp|3,1
25,0.05,3378|Lamp|4,0
25,0.05,3381|People|0,0
25,0.05,3381|People|1,1
25,0.05,3381|People|2,1
25,0.05,3381|People|3,0
25,0.05,3381|People|4,0
25,0.05,3381|Lamp|0,1
25,0.05,3381|Lamp|1,1
25,0.05,3381|Lamp|2,1
25,0.05,3381|Lamp|3,0
25,0.05,3381|Lamp|4,0
25,0.05,3382|People|0,0
25,0.05,3382|People|1,1
25,0.05,3382|People|2,1
25,0.05,3382|Lamp|0,1
25,0.05,3382|Lamp|1,0
25,0.05,3382|Lamp|2,1
25,0.05,3382|Lamp|3,0
25,0.05,3382|Lamp|4,0
25,0.05,3383|People|0,0
25,0.05,3383|People|1,1
25,0.05,3383|People|2,1
25,0.05,3383|Lamp|0,1
25,0.05,3383|Lamp|1,1
25,0.05,3383|Lamp|2,1
25,0.05,3383|Lamp|3,0
25,0.05,3383|Lamp|4,0
25,0.05,3384|People|0,0
25,0.05,3384|People|1,0
25,0.05,3384|People|2,1
25,0.05,3384|People|3,1
25,0.05,3384|Lamp|0,1
25,0.05,3384|Lamp|1,1
25,0.05,3384|Lamp|2,1
25,0.05,3384|Lamp|3,0
25,0.05,3384|Lamp|4,0
25,0.05,3389|People|0,0
25,0.05,3389|People|1,1
25,0.05,3389|People|2,0
25,0.05,3389|People|3,1
25,0.05,3389|Lamp|0,1
25,0.05,3389|Lamp|1,0
25,0.05,3389|Lamp|2,1
25,0.05,3389|Lamp|3,0
25,0.05,3389|Lamp|4,0
25,0.05,3390|People|0,1
25,0.05,3390|People|1,0
25,0.05,3390|People|2,1
25,0.05,3390|People|3,1
25,0.05,3390|Lamp|0,1
25,0.05,3390|Lamp|1,0
25,0.05,3390|Lamp|2,0
25,0.05,3390|Lamp|3,0
25,0.05,3390|Lamp|4,0
25,0.05,3392|People|0,0
25,0.05,3392|People|1,1
25,0.05,3392|People|2,1
25,0.05,3392|People|3,0
25,0.05,3392|People|4,0
25,0.05,3392|People|5,1
25,0.05,3392|Lamp|0,1
25,0.05,3392|Lamp|1,1
25,0.05,3392|Lamp|2,1
25,0.05,3392|Lamp|3,0
25,0.05,3392|Lamp|4,0
25,0.05,3395|People|0,1
25,0.05,3395|People|1,1
25,0.05,3395|People|2,0
25,0.05,3395|People|3,1
25,0.05,3395|People|4,0
25,0.05,3395|People|5,0
25,0.05,3395|People|6,0
25,0.05,3395|People|7,0
25,0.05,3395|Lamp|0,1
25,0.05,3395|Lamp|1,0
25,0.05,3395|Lamp|2,1
25,0.05,3395|Lamp|3,1
25,0.05,3395|Lamp|4,0
25,0.05,3397|People|0,1
25,0.05,3397|People|1,1
25,0.05,3397|People|2,0
25,0.05,3397|People|3,1
25,0.05,3397|People|4,0
25,0.05,3397|People|5,0
25,0.05,3397|People|6,0
25,0.05,3397|Lamp|0,1
25,0.05,3397|Lamp|1,0
25,0.05,3397|Lamp|2,1
25,0.05,3397|Lamp|3,0
25,0.05,3397|Lamp|4,0
25,0.05,3398|People|0,1
25,0.05,3398|People|1,1
25,0.05,3398|People|2,0
25,0.05,3398|People|3,0
25,0.05,3398|People|4,0
25,0.05,3398|People|5,1
25,0.05,3398|Lamp|0,1
25,0.05,3398|Lamp|1,1
25,0.05,3398|Lamp|2,1
25,0.05,3398|Lamp|3,1
25,0.05,3398|Lamp|4,0
25,0.05,3405|People|0,1
25,0.05,3405|People|1,0
25,0.05,3405|People|2,0
25,0.05,3405|Lamp|0,1
25,0.05,3405|Lamp|1,1
25,0.05,3405|Lamp|2,1
25,0.05,3405|Lamp|3,1
25,0.05,3408|People|0,1
25,0.05,3408|People|1,1
25,0.05,3408|People|2,0
25,0.05,3408|People|3,0
25,0.05,3408|Lamp|0,1
25,0.05,3408|Lamp|1,1
25,0.05,3408|Lamp|2,1
25,0.05,3408|Lamp|3,1
25,0.05,3409|People|0,0
25,0.05,3409|People|1,0
25,0.05,3409|Lamp|0,1
25,0.05,3409|Lamp|1,1
25,0.05,3409|Lamp|2,1
25,0.05,3409|Lamp|3,1
25,0.05,3566|People|0,0
25,0.05,3566|Lamp|0,1
25,0.05,3681|People|0,0
25,0.05,3681|Lamp|0,1
25,0.05,3681|Lamp|1,1
25,0.05,3681|Lamp|2,1
25,0.05,3681|Lamp|3,1
25,0.05,3682|People|0,0
25,0.05,3682|Lamp|0,1
25,0.05,3682|Lamp|1,1
25,0.05,3682|Lamp|2,1
25,0.05,3682|Lamp|3,1
25,0.05,3683|People|0,0
25,0.05,3683|Lamp|0,1
25,0.05,3683|Lamp|1,1
25,0.05,3683|Lamp|2,1
25,0.05,3683|Lamp|3,1
25,0.05,3687|People|0,0
25,0.05,3687|People|1,0
25,0.05,3687|People|2,0
25,0.05,3687|Lamp|0,1
25,0.05,3687|Lamp|1,1
25,0.05,3687|Lamp|2,1
25,0.05,3687|Lamp|3,1
25,0.05,3688|People|0,0
25,0.05,3688|People|1,0
25,0.05,3688|People|2,0
25,0.05,3688|Lamp|0,1
25,0.05,3688|Lamp|1,1
25,0.05,3688|Lamp|2,1
25,0.05,3688|Lamp|3,1
25,0.05,3689|People|0,0
25,0.05,3689|Lamp|0,0
25,0.05,3689|Lamp|1,0
25,0.05,3689|Lamp|2,0
25,0.05,3689|Lamp|3,0
25,0.1,63|People|0,1
25,0.1,63|People|1,1
25,0.1,63|People|2,1
25,0.1,63|People|3,1
25,0.1,63|People|4,0
25,0.1,63|Lamp|0,0
25,0.1,64|People|0,0
25,0.1,64|People|1,0
25,0.1,64|People|2,0
25,0.1,64|People|3,1
25,0.1,64|People|4,1
25,0.1,64|People|5,1
25,0.1,64|Lamp|0,0
25,0.1,71|People|0,0
25,0.1,71|People|1,0
25,0.1,71|Lamp|0,0
25,0.1,73|People|0,0
25,0.1,73|People|1,1
25,0.1,73|Lamp|0,0
25,0.1,78|People|0,0
25,0.1,78|People|1,1
25,0.1,78|People|2,1
25,0.1,78|People|3,1
25,0.1,78|People|4,0
25,0.1,78|People|5,0
25,0.1,78|Lamp|0,0
25,0.1,111|People|0,1
25,0.1,111|People|1,1
25,0.1,111|People|2,1
25,0.1,111|People|3,1
25,0.1,111|People|4,0
25,0.1,111|People|5,1
25,0.1,111|People|6,1
25,0.1,111|Lamp|0,1
25,0.1,111|Lamp|1,1
25,0.1,111|Lamp|2,0
25,0.1,111|Lamp|3,1
25,0.1,114|People|0,1
25,0.1,114|People|1,1
25,0.1,114|People|2,1
25,0.1,114|People|3,1
25,0.1,114|People|4,1
25,0.1,114|People|5,1
25,0.1,114|People|6,0
25,0.1,114|Lamp|0,0
25,0.1,114|Lamp|1,1
25,0.1,114|Lamp|2,1
25,0.1,116|People|0,1
25,0.1,116|People|1,1
25,0.1,116|People|2,1
25,0.1,116|People|3,1
25,0.1,116|People|4,1
25,0.1,116|People|5,1
25,0.1,116|People|6,1
25,0.1,116|People|7,0
25,0.1,116|Lamp|0,0
25,0.1,116|Lamp|1,1
25,0.1,116|Lamp|2,1
25,0.1,116|Lamp|3,1
25,0.1,118|People|0,1
25,0.1,118|People|1,1
25,0.1,118|People|2,1
25,0.1,118|People|3,1
25,0.1,118|People|4,1
25,0.1,118|People|5,0
25,0.1,118|People|6,1
25,0.1,118|People|7,1
25,0.1,118|Lamp|0,1
25,0.1,118|Lamp|1,1
25,0.1,118|Lamp|2,1
25,0.1,118|Lamp|3,1
25,0.1,123|People|0,1
25,0.1,123|People|1,1
25,0.1,123|People|2,0
25,0.1,123|People|3,1
25,0.1,123|People|4,1
25,0.1,123|People|5,1
25,0.1,123|People|6,1
25,0.1,123|Lamp|0,1
25,0.1,123|Lamp|1,1
25,0.1,123|Lamp|2,0
25,0.1,123|Lamp|3,1
25,0.1,123|Lamp|4,1
25,0.1,125|People|0,0
25,0.1,125|People|1,1
25,0.1,125|People|2,1
25,0.1,125|People|3,1
25,0.1,125|People|4,1
25,0.1,125|People|5,1
25,0.1,125|People|6,0
25,0.1,125|People|7,0
25,0.1,125|Lamp|0,1
25,0.1,125|Lamp|1,1
25,0.1,125|Lamp|2,1
25,0.1,125|Lamp|3,1
25,0.1,125|Lamp|4,1
25,0.1,126|People|0,0
25,0.1,126|People|1,1
25,0.1,126|People|2,1
25,0.1,126|People|3,0
25,0.1,126|People|4,0
25,0.1,126|People|5,1
25,0.1,126|People|6,0
25,0.1,126|People|7,1
25,0.1,126|People|8,0
25,0.1,126|Lamp|0,1
25,0.1,126|Lamp|1,1
25,0.1,126|Lamp|2,1
25,0.1,126|Lamp|3,1
25,0.1,126|Lamp|4,1
25,0.1,127|People|0,0
25,0.1,127|People|1,0
25,0.1,127|People|2,1
25,0.1,127|People|3,1
25,0.1,127|People|4,0
25,0.1,127|People|5,1
25,0.1,127|People|6,1
25,0.1,127|People|7,1
25,0.1,127|People|8,0
25,0.1,127|People|9,1
25,0.1,127|Lamp|0,1
25,0.1,127|Lamp|1,0
25,0.1,127|Lamp|2,1
25,0.1,127|Lamp|3,1
25,0.1,127|Lamp|4,1
25,0.1,129|People|0,0
25,0.1,129|People|1,1
25,0.1,129|People|2,1
25,0.1,129|People|3,0
25,0.1,129|People|4,0
25,0.1,129|People|5,0
25,0.1,129|People|6,0
25,0.1,129|People|7,1
25,0.1,129|Lamp|0,1
25,0.1,129|Lamp|1,0
25,0.1,129|Lamp|2,1
25,0.1,129|Lamp|3,1
25,0.1,129|Lamp|4,0
25,0.1,130|People|0,0
25,0.1,130|People|1,0
25,0.1,130|People|2,0
25,0.1,130|People|3,1
25,0.1,130|People|4,0
25,0.1,130|People|5,0
25,0.1,130|Lamp|0,1
25,0.1,130|Lamp|1,0
25,0.1,130|Lamp|2,1
25,0.1,130|Lamp|3,0
25,0.1,132|People|0,0
25,0.1,132|People|1,1
25,0.1,132|People|2,0
25,0.1,132|People|3,1
25,0.1,132|People|4,1
25,0.1,132|People|5,1
25,0.1,132|Lamp|0,1
25,0.1,132|Lamp|1,0
25,0.1,132|Lamp|2,0
25,0.1,132|Lamp|3,0
25,0.1,135|People|0,0
25,0.1,135|People|1,0
25,0.1,135|People|2,1
25,0.1,135|People|3,1
25,0.1,135|People|4,0
25,0.1,135|People|5,0
25,0.1,135|People|6,0
25,0.1,135|People|7,0
25,0.1,135|People|8,1
25,0.1,135|People|9,1
25,0.1,135|People|10,0
25,0.1,135|Lamp|0,0
25,0.1,135|Lamp|1,1
25,0.1,135|Lamp|2,0
25,0.1,136|People|0,0
25,0.1,136|People|1,0
25,0.1,136|People|2,1
25,0.1,136|People|3,0
25,0.1,136|People|4,1
25,0.1,136|People|5,1
25,0.1,136|People|6,1
25,0.1,136|People|7,0
25,0.1,136|Lamp|0,1
25,0.1,136|Lamp|1,0
25,0.1,136|Lamp|2,1
25,0.1,138|People|0,0
25,0.1,138|People|1,0
25,0.1,138|People|2,0
25,0.1,138|People|3,0
25,0.1,138|People|4,0
25,0.1,138|People|5,0
25,0.1,138|People|6,0
25,0.1,138|People|7,0
25,0.1,138|People|8,1
25,0.1,138|People|9,0
25,0.1,138|People|10,0
25,0.1,138|Lamp|0,1
25,0.1,138|Lamp|1,0
25,0.1,138|Lamp|2,1
25,0.1,143|People|0,0
25,0.1,143|People|1,0
25,0.1,143|People|2,1
25,0.1,143|People|3,0
25,0.1,143|People|4,1
25,0.1,143|People|5,0
25,0.1,143|People|6,0
25,0.1,143|Lamp|0,0
25,0.1,143|Lamp|1,0
25,0.1,144|People|0,0
25,0.1,144|People|1,1
25,0.1,144|People|2,1
25,0.1,144|People|3,0
25,0.1,144|People|4,0
25,0.1,144|People|5,0
25,0.1,144|People|6,0
25,0.1,144|Lamp|0,1
25,0.1,144|Lamp|1,0
25,0.1,147|People|0,1
25,0.1,147|People|1,0
25,0.1,147|People|2,1
25,0.1,147|People|3,1
25,0.1,147|People|4,0
25,0.1,147|People|5,0
25,0.1,147|People|6,1
25,0.1,147|People|7,0
25,0.1,147|People|8,0
25,0.1,147|People|9,1
25,0.1,147|People|10,0
25,0.1,147|People|11,1
25,0.1,147|Lamp|0,0
25,0.1,186|People|0,0
25,0.1,186|People|1,1
25,0.1,186|People|2,0
25,0.1,186|People|3,0
25,0.1,186|People|4,0
25,0.1,186|People|5,1
25,0.1,186|Lamp|0,1
25,0.1,187|People|0,0
25,0.1,187|People|1,1
25,0.1,187|People|2,0
25,0.1,187|People|3,1
25,0.1,187|People|4,1
25,0.1,187|People|5,0
25,0.1,187|Lamp|0,1
25,0.1,188|People|0,1
25,0.1,188|People|1,1
25,0.1,188|People|2,1
25,0.1,188|People|3,1
25,0.1,188|People|4,0
25,0.1,188|People|5,0
25,0.1,188|Lamp|0,1
25,0.1,191|People|0,1
25,0.1,191|People|1,1
25,0.1,191|People|2,1
25,0.1,191|People|3,1
25,0.1,191|People|4,1
25,0.1,191|People|5,1
25,0.1,191|Lamp|0,1
25,0.1,193|People|0,1
25,0.1,193|People|1,1
25,0.1,193|People|2,1
25,0.1,193|People|3,1
25,0.1,193|People|4,1
25,0.1,193|People|5,1
25,0.1,193|Lamp|0,1
25,0.1,196|People|0,1
25,0.1,196|People|1,1
25,0.1,196|People|2,1
25,0.1,196|People|3,1
25,0.1,196|People|4,1
25,0.1,196|People|5,0
25,0.1,196|People|6,1
25,0.1,196|People|7,1
25,0.1,196|People|8,1
25,0.1,196|Lamp|0,1
25,0.1,196|Lamp|1,1
25,0.1,196|Lamp|2,0
25,0.1,199|People|0,1
25,0.1,199|People|1,1
25,0.1,199|People|2,1
25,0.1,199|People|3,1
25,0.1,199|People|4,1
25,0.1,199|People|5,1
25,0.1,199|People|6,1
25,0.1,199|Lamp|0,1
25,0.1,199|Lamp|1,1
25,0.1,204|People|0,1
25,0.1,204|People|1,1
25,0.1,204|People|2,1
25,0.1,204|People|3,1
25,0.1,204|People|4,1
25,0.1,204|People|5,1
25,0.1,204|People|6,1
25,0.1,204|People|7,1
25,0.1,204|Lamp|0,1
25,0.1,204|Lamp|1,1
25,0.1,204|Lamp|2,0
25,0.1,205|People|0,0
25,0.1,205|People|1,1
25,0.1,205|People|2,1
25,0.1,205|People|3,1
25,0.1,205|People|4,1
25,0.1,205|People|5,1
25,0.1,205|People|6,1
25,0.1,205|People|7,0
25,0.1,205|People|8,1
25,0.1,205|Lamp|0,1
25,0.1,205|Lamp|1,1
25,0.1,205|Lamp|2,0
25,0.1,206|People|0,1
25,0.1,206|People|1,1
25,0.1,206|People|2,1
25,0.1,206|People|3,1
25,0.1,206|People|4,1
25,0.1,206|People|5,1
25,0.1,206|People|6,0
25,0.1,206|People|7,0
25,0.1,206|Lamp|0,1
25,0.1,209|People|0,1
25,0.1,209|Lamp|0,1
25,0.1,210|People|0,1
25,0.1,210|People|1,1
25,0.1,210|People|2,0
25,0.1,210|Lamp|0,1
25,0.1,213|People|0,1
25,0.1,213|People|1,1
25,0.1,213|People|2,1
25,0.1,213|People|3,0
25,0.1,213|People|4,0
25,0.1,213|People|5,0
25,0.1,213|People|6,0
25,0.1,213|People|7,0
25,0.1,213|Lamp|0,1
25,0.1,213|Lamp|1,1
25,0.1,213|Lamp|2,0
25,0.1,217|People|0,0
25,0.1,217|People|1,0
25,0.1,217|Lamp|0,0
25,0.1,222|People|0,1
25,0.1,222|People|1,1
25,0.1,222|People|2,0
25,0.1,222|People|3,1
25,0.1,222|People|4,1
25,0.1,222|People|5,1
25,0.1,222|People|6,1
25,0.1,222|People|7,0
25,0.1,222|People|8,1
25,0.1,222|Lamp|0,0
25,0.1,222|Lamp|1,0
25,0.1,222|Lamp|2,1
25,0.1,222|Lamp|3,1
25,0.1,222|Lamp|4,0
25,0.1,222|Lamp|5,1
25,0.1,222|Lamp|6,0
25,0.1,231|People|0,0
25,0.1,231|People|1,1
25,0.1,231|People|2,1
25,0.1,231|People|3,1
25,0.1,231|People|4,1
25,0.1,231|People|5,0
25,0.1,231|People|6,1
25,0.1,231|People|7,1
25,0.1,231|People|8,0
25,0.1,231|People|9,1
25,0.1,231|People|10,0
25,0.1,231|People|11,0
25,0.1,231|Lamp|0,1
25,0.1,231|Lamp|1,1
25,0.1,231|Lamp|2,1
25,0.1,231|Lamp|3,1
25,0.1,231|Lamp|4,1
25,0.1,232|People|0,0
25,0.1,232|People|1,0
25,0.1,232|People|2,0
25,0.1,232|People|3,1
25,0.1,232|People|4,0
25,0.1,232|People|5,1
25,0.1,232|People|6,1
25,0.1,232|People|7,1
25,0.1,232|People|8,1
25,0.1,232|People|9,0
25,0.1,232|People|10,0
25,0.1,232|People|11,0
25,0.1,232|Lamp|0,1
25,0.1,232|Lamp|1,0
25,0.1,232|Lamp|2,1
25,0.1,232|Lamp|3,1
25,0.1,232|Lamp|4,0
25,0.1,232|Lamp|5,0
25,0.1,240|People|0,1
25,0.1,240|People|1,0
25,0.1,240|People|2,1
25,0.1,240|People|3,1
25,0.1,240|People|4,1
25,0.1,240|People|5,1
25,0.1,240|People|6,0
25,0.1,240|Lamp|0,0
25,0.1,240|Lamp|1,0
25,0.1,240|Lamp|2,1
25,0.1,240|Lamp|3,0
25,0.1,240|Lamp|4,0
25,0.1,388|People|0,1
25,0.1,388|People|1,1
25,0.1,388|People|2,1
25,0.1,388|People|3,1
25,0.1,388|People|4,1
25,0.1,388|People|5,1
25,0.1,388|People|6,1
25,0.1,388|People|7,1
25,0.1,388|People|8,1
25,0.1,388|People|9,1
25,0.1,388|Lamp|0,1
25,0.1,389|People|0,1
25,0.1,389|People|1,1
25,0.1,389|People|2,0
25,0.1,389|People|3,1
25,0.1,389|People|4,1
25,0.1,389|People|5,1
25,0.1,389|People|6,1
25,0.1,389|People|7,1
25,0.1,389|People|8,1
25,0.1,389|People|9,1
25,0.1,389|Lamp|0,0
25,0.1,389|Lamp|1,1
25,0.1,392|People|0,1
25,0.1,392|People|1,1
25,0.1,392|People|2,0
25,0.1,392|People|3,1
25,0.1,392|Lamp|0,1
25,0.1,392|Lamp|1,1
25,0.1,394|People|0,1
25,0.1,394|People|1,1
25,0.1,394|People|2,1
25,0.1,394|People|3,1
25,0.1,394|People|4,1
25,0.1,394|People|5,1
25,0.1,394|Lamp|0,1
25,0.1,394|Lamp|1,1
25,0.1,395|People|0,0
25,0.1,395|People|1,0
25,0.1,395|People|2,1
25,0.1,395|People|3,1
25,0.1,395|People|4,1
25,0.1,395|People|5,1
25,0.1,395|People|6,1
25,0.1,395|Lamp|0,1
25,0.1,395|Lamp|1,1
25,0.1,396|People|0,0
25,0.1,396|People|1,0
25,0.1,396|People|2,1
25,0.1,396|People|3,1
25,0.1,396|People|4,1
25,0.1,396|People|5,1
25,0.1,396|Lamp|0,1
25,0.1,396|Lamp|1,1
25,0.1,409|People|0,1
25,0.1,409|People|1,1
25,0.1,409|People|2,0
25,0.1,409|People|3,1
25,0.1,409|People|4,1
25,0.1,409|Lamp|0,0
25,0.1,410|People|0,1
25,0.1,410|People|1,0
25,0.1,410|People|2,0
25,0.1,410|People|3,1
25,0.1,410|People|4,0
25,0.1,410|People|5,1
25,0.1,410|Lamp|0,1
25,0.1,413|People|0,1
25,0.1,413|People|1,1
25,0.1,413|People|2,1
25,0.1,413|People|3,0
25,0.1,413|People|4,0
25,0.1,413|People|5,0
25,0.1,413|Lamp|0,0
25,0.1,419|People|0,0
25,0.1,419|People|1,0
25,0.1,419|Lamp|0,1
25,0.1,419|Lamp|1,1
25,0.1,422|People|0,1
25,0.1,422|People|1,1
25,0.1,422|People|2,1
25,0.1,422|People|3,1
25,0.1,422|People|4,1
25,0.1,422|Lamp|0,0
25,0.1,425|People|0,0
25,0.1,425|People|1,1
25,0.1,425|People|2,1
25,0.1,425|People|3,1
25,0.1,425|People|4,0
25,0.1,425|People|5,1
25,0.1,425|People|6,1
25,0.1,425|People|7,0
25,0.1,425|Lamp|0,0
25,0.1,427|People|0,0
25,0.1,427|People|1,0
25,0.1,427|People|2,0
25,0.1,427|People|3,1
25,0.1,427|People|4,1
25,0.1,427|People|5,0
25,0.1,427|People|6,1
25,0.1,427|People|7,1
25,0.1,427|Lamp|0,0
25,0.1,428|People|0,0
25,0.1,428|People|1,0
25,0.1,428|People|2,1
25,0.1,428|People|3,1
25,0.1,428|People|4,1
25,0.1,428|People|5,1
25,0.1,428|People|6,1
25,0.1,428|Lamp|0,0
25,0.1,438|People|0,1
25,0.1,438|People|1,1
25,0.1,438|People|2,0
25,0.1,438|People|3,0
25,0.1,438|People|4,0
25,0.1,438|Lamp|0,1
25,0.1,438|Lamp|1,1
25,0.1,438|Lamp|2,1
25,0.1,438|Lamp|3,1
25,0.1,440|People|0,1
25,0.1,440|People|1,1
25,0.1,440|People|2,0
25,0.1,440|People|3,0
25,0.1,440|People|4,0
25,0.1,440|People|5,0
25,0.1,440|People|6,0
25,0.1,440|Lamp|0,1
25,0.1,440|Lamp|1,1
25,0.1,440|Lamp|2,1
25,0.1,440|Lamp|3,1
25,0.1,442|People|0,1
25,0.1,442|People|1,1
25,0.1,442|People|2,0
25,0.1,442|People|3,0
25,0.1,442|People|4,0
25,0.1,442|People|5,1
25,0.1,442|People|6,1
25,0.1,442|People|7,1
25,0.1,442|Lamp|0,1
25,0.1,442|Lamp|1,1
25,0.1,442|Lamp|2,1
25,0.1,442|Lamp|3,1
25,0.1,444|People|0,1
25,0.1,444|People|1,1
25,0.1,444|People|2,0
25,0.1,444|People|3,0
25,0.1,444|People|4,0
25,0.1,444|People|5,0
25,0.1,444|Lamp|0,1
25,0.1,444|Lamp|1,1
25,0.1,444|Lamp|2,1
25,0.1,444|Lamp|3,0
25,0.1,448|People|0,1
25,0.1,448|People|1,1
25,0.1,448|People|2,1
25,0.1,448|People|3,0
25,0.1,448|People|4,0
25,0.1,448|People|5,0
25,0.1,448|People|6,0
25,0.1,448|Lamp|0,1
25,0.1,448|Lamp|1,1
25,0.1,448|Lamp|2,1
25,0.1,448|Lamp|3,0
25,0.1,448|Lamp|4,0
25,0.1,448|Lamp|5,0
25,0.1,449|People|0,1
25,0.1,449|People|1,1
25,0.1,449|People|2,1
25,0.1,449|People|3,0
25,0.1,449|People|4,0
25,0.1,449|People|5,0
25,0.1,449|Lamp|0,0
25,0.1,449|Lamp|1,1
25,0.1,449|Lamp|2,1
25,0.1,449|Lamp|3,0
25,0.1,449|Lamp|4,1
25,0.1,452|People|0,1
25,0.1,452|People|1,1
25,0.1,452|Lamp|0,1
25,0.1,452|Lamp|1,0
25,0.1,452|Lamp|2,1
25,0.1,453|People|0,1
25,0.1,453|Lamp|0,1
25,0.1,453|Lamp|1,1
25,0.1,453|Lamp|2,0
25,0.1,453|Lamp|3,1
25,0.1,459|People|0,1
25,0.1,459|People|1,0
25,0.1,459|People|2,1
25,0.1,459|People|3,1
25,0.1,459|People|4,1
25,0.1,459|People|5,1
25,0.1,459|Lamp|0,0
25,0.1,459|Lamp|1,0
25,0.1,459|Lamp|2,0
25,0.1,462|People|0,1
25,0.1,462|People|1,1
25,0.1,462|People|2,1
25,0.1,462|People|3,1
25,0.1,462|People|4,1
25,0.1,462|People|5,1
25,0.1,462|People|6,1
25,0.1,462|Lamp|0,1
25,0.1,462|Lamp|1,0
25,0.1,466|People|0,1
25,0.1,466|People|1,1
25,0.1,466|People|2,1
25,0.1,466|People|3,1
25,0.1,466|People|4,1
25,0.1,466|People|5,1
25,0.1,466|Lamp|0,1
25,0.1,466|Lamp|1,0
25,0.1,468|People|0,1
25,0.1,468|People|1,1
25,0.1,468|People|2,1
25,0.1,468|People|3,1
25,0.1,468|People|4,1
25,0.1,468|People|5,1
25,0.1,468|People|6,1
25,0.1,468|Lamp|0,1
25,0.1,468|Lamp|1,0
25,0.1,470|People|0,1
25,0.1,470|People|1,0
25,0.1,470|Lamp|0,1
25,0.1,476|People|0,0
25,0.1,476|People|1,1
25,0.1,476|Lamp|0,0
25,0.1,478|People|0,0
25,0.1,478|Lamp|0,0
25,0.1,479|People|0,1
25,0.1,479|Lamp|0,1
25,0.1,480|People|0,1
25,0.1,480|People|1,0
25,0.1,480|People|2,0
25,0.1,480|Lamp|0,0
25,0.1,486|People|0,1
25,0.1,486|People|1,0
25,0.1,486|People|2,0
25,0.1,486|People|3,0
25,0.1,486|People|4,1
25,0.1,486|People|5,1
25,0.1,486|People|6,0
25,0.1,486|Lamp|0,0
25,0.1,489|People|0,1
25,0.1,489|People|1,0
25,0.1,489|People|2,1
25,0.1,489|People|3,1
25,0.1,489|People|4,0
25,0.1,489|People|5,0
25,0.1,489|People|6,0
25,0.1,489|People|7,0
25,0.1,489|People|8,0
25,0.1,489|People|9,0
25,0.1,489|Lamp|0,1
25,0.1,489|Lamp|1,0
25,0.1,493|People|0,0
25,0.1,493|People|1,1
25,0.1,493|People|2,1
25,0.1,493|People|3,1
25,0.1,493|People|4,1
25,0.1,493|People|5,1
25,0.1,493|People|6,1
25,0.1,493|People|7,0
25,0.1,493|Lamp|0,0
25,0.1,494|People|0,1
25,0.1,494|People|1,0
25,0.1,494|People|2,0
25,0.1,494|People|3,0
25,0.1,494|People|4,0
25,0.1,494|Lamp|0,1
25,0.1,494|Lamp|1,1
25,0.1,494|Lamp|2,1
25,0.1,503|People|0,0
25,0.1,503|People|1,0
25,0.1,503|Lamp|0,1
25,0.1,503|Lamp|1,1
25,0.1,505|People|0,0
25,0.1,505|People|1,0
25,0.1,505|People|2,0
25,0.1,505|People|3,0
25,0.1,505|People|4,1
25,0.1,505|Lamp|0,1
25,0.1,507|People|0,1
25,0.1,507|People|1,0
25,0.1,507|People|2,0
25,0.1,507|People|3,0
25,0.1,507|People|4,0
25,0.1,507|People|5,1
25,0.1,507|People|6,1
25,0.1,507|Lamp|0,0
25,0.1,1190|People|0,0
25,0.1,1190|People|1,0
25,0.1,1190|People|2,0
25,0.1,1190|People|3,0
25,0.1,1190|People|4,0
25,0.1,1190|People|5,0
25,0.1,1190|People|6,1
25,0.1,1190|People|7,0
25,0.1,1190|Lamp|0,0
25,0.1,1196|People|0,1
25,0.1,1196|People|1,0
25,0.1,1196|Lamp|0,1
25,0.1,1199|People|0,0
25,0.1,1199|People|1,0
25,0.1,1199|People|2,0
25,0.1,1199|Lamp|0,1
25,0.1,1200|People|0,0
25,0.1,1200|People|1,1
25,0.1,1200|Lamp|0,1
25,0.1,1204|People|0,1
25,0.1,1204|People|1,1
25,0.1,1204|People|2,0
25,0.1,1204|People|3,0
25,0.1,1204|Lamp|0,0
25,0.1,1206|People|0,1
25,0.1,1206|People|1,1
25,0.1,1206|People|2,0
25,0.1,1206|Lamp|0,0
25,0.1,1207|People|0,1
25,0.1,1207|People|1,1
25,0.1,1207|People|2,0
25,0.1,1207|Lamp|0,0
25,0.1,1211|People|0,1
25,0.1,1211|People|1,1
25,0.1,1211|People|2,0
25,0.1,1211|People|3,0
25,0.1,1211|Lamp|0,0
25,0.1,1213|People|0,1
25,0.1,1213|People|1,1
25,0.1,1213|Lamp|0,0
25,0.1,1216|People|0,1
25,0.1,1216|People|1,1
25,0.1,1216|Lamp|0,0
25,0.1,1218|People|0,1
25,0.1,1218|People|1,1
25,0.1,1218|Lamp|0,0
25,0.1,1219|People|0,1
25,0.1,1219|People|1,0
25,0.1,1219|People|2,0
25,0.1,1219|People|3,0
25,0.1,1219|Lamp|0,1
25,0.1,1219|Lamp|1,1
25,0.1,1221|People|0,1
25,0.1,1221|People|1,1
25,0.1,1221|People|2,0
25,0.1,1221|Lamp|0,0
25,0.1,1222|People|0,1
25,0.1,1222|People|1,1
25,0.1,1222|People|2,0
25,0.1,1222|Lamp|0,0
25,0.1,1225|People|0,0
25,0.1,1225|People|1,0
25,0.1,1225|People|2,0
25,0.1,1225|People|3,0
25,0.1,1225|People|4,0
25,0.1,1225|People|5,0
25,0.1,1225|People|6,0
25,0.1,1225|Lamp|0,1
25,0.1,1225|Lamp|1,0
25,0.1,1226|People|0,0
25,0.1,1226|People|1,0
25,0.1,1226|People|2,0
25,0.1,1226|People|3,0
25,0.1,1226|People|4,0
25,0.1,1226|Lamp|0,0
25,0.1,1226|Lamp|1,1
25,0.1,1226|Lamp|2,0
25,0.1,1228|People|0,0
25,0.1,1228|Lamp|0,1
25,0.1,1266|People|0,0
25,0.1,1266|People|1,0
25,0.1,1266|Lamp|0,1
25,0.1,1266|Lamp|1,1
25,0.1,1268|People|0,1
25,0.1,1268|Lamp|0,1
25,0.1,1268|Lamp|1,0
25,0.1,1268|Lamp|2,0
25,0.1,1268|Lamp|3,0
25,0.1,1273|People|0,0
25,0.1,1273|Lamp|0,0
25,0.1,1273|Lamp|1,0
25,0.1,1274|People|0,0
25,0.1,1274|Lamp|0,0
25,0.1,1274|Lamp|1,1
25,0.1,1274|Lamp|2,0
25,0.1,1285|People|0,1
25,0.1,1285|Lamp|0,1
25,0.1,1285|Lamp|1,1
25,0.1,1285|Lamp|2,1
25,0.1,1291|People|0,0
25,0.1,1291|Lamp|0,0
25,0.1,1291|Lamp|1,1
25,0.1,1295|People|0,1
25,0.1,1295|People|1,0
25,0.1,1295|People|2,0
25,0.1,1295|Lamp|0,1
25,0.1,1299|People|0,1
25,0.1,1299|People|1,0
25,0.1,1299|People|2,0
25,0.1,1299|Lamp|0,0
25,0.1,2046|People|0,1
25,0.1,2046|People|1,1
25,0.1,2046|Lamp|0,1
25,0.1,2046|Lamp|1,1
25,0.1,2046|Lamp|2,1
25,0.1,2046|Lamp|3,0
25,0.1,2050|People|0,1
25,0.1,2050|People|1,0
25,0.1,2050|Lamp|0,1
25,0.1,2050|Lamp|1,0
25,0.1,2050|Lamp|2,1
25,0.1,2050|Lamp|3,0
25,0.1,2051|People|0,1
25,0.1,2051|People|1,0
25,0.1,2051|Lamp|0,0
25,0.1,2051|Lamp|1,0
25,0.1,2051|Lamp|2,1
25,0.1,2051|Lamp|3,0
25,0.1,2052|People|0,1
25,0.1,2052|People|1,0
25,0.1,2052|Lamp|0,1
25,0.1,2052|Lamp|1,1
25,0.1,2052|Lamp|2,0
25,0.1,2052|Lamp|3,1
25,0.1,2056|People|0,1
25,0.1,2056|People|1,1
25,0.1,2056|Lamp|0,1
25,0.1,2056|Lamp|1,0
25,0.1,2056|Lamp|2,1
25,0.1,2056|Lamp|3,0
25,0.1,2057|People|0,1
25,0.1,2057|People|1,1
25,0.1,2057|Lamp|0,1
25,0.1,2057|Lamp|1,0
25,0.1,2057|Lamp|2,0
25,0.1,2057|Lamp|3,1
25,0.1,2058|People|0,1
25,0.1,2058|People|1,1
25,0.1,2058|Lamp|0,0
25,0.1,2058|Lamp|1,0
25,0.1,2058|Lamp|2,1
25,0.1,2058|Lamp|3,0
25,0.1,2058|Lamp|4,0
25,0.1,2058|Lamp|5,0
25,0.1,2059|People|0,1
25,0.1,2059|People|1,0
25,0.1,2059|Lamp|0,1
25,0.1,2059|Lamp|1,0
25,0.1,2059|Lamp|2,0
25,0.1,2059|Lamp|3,0
25,0.1,2061|People|0,1
25,0.1,2061|People|1,1
25,0.1,2061|Lamp|0,1
25,0.1,2061|Lamp|1,0
25,0.1,2061|Lamp|2,0
25,0.1,2061|Lamp|3,1
25,0.1,2061|Lamp|4,0
25,0.1,2061|Lamp|5,0
25,0.1,2065|People|0,1
25,0.1,2065|People|1,1
25,0.1,2065|Lamp|0,0
25,0.1,2065|Lamp|1,0
25,0.1,2065|Lamp|2,1
25,0.1,2065|Lamp|3,0
25,0.1,2065|Lamp|4,0
25,0.1,2065|Lamp|5,1
25,0.1,2067|People|0,1
25,0.1,2067|People|1,0
25,0.1,2067|Lamp|0,1
25,0.1,2067|Lamp|1,0
25,0.1,2067|Lamp|2,0
25,0.1,2067|Lamp|3,1
25,0.1,2068|People|0,1
25,0.1,2068|People|1,0
25,0.1,2068|Lamp|0,1
25,0.1,2068|Lamp|1,1
25,0.1,2068|Lamp|2,0
25,0.1,2068|Lamp|3,0
25,0.1,2069|People|0,1
25,0.1,2069|People|1,0
25,0.1,2069|Lamp|0,1
25,0.1,2069|Lamp|1,1
25,0.1,2069|Lamp|2,0
25,0.1,2069|Lamp|3,0
25,0.1,2069|Lamp|4,0
25,0.1,2069|Lamp|5,0
25,0.1,2070|People|0,1
25,0.1,2070|People|1,0
25,0.1,2070|Lamp|0,1
25,0.1,2070|Lamp|1,0
25,0.1,2070|Lamp|2,1
25,0.1,2070|Lamp|3,1
25,0.1,2072|People|0,1
25,0.1,2072|People|1,1
25,0.1,2072|Lamp|0,1
25,0.1,2072|Lamp|1,0
25,0.1,2072|Lamp|2,1
25,0.1,2072|Lamp|3,0
25,0.1,2072|Lamp|4,0
25,0.1,2072|Lamp|5,1
25,0.1,2073|People|0,1
25,0.1,2073|People|1,0
25,0.1,2073|Lamp|0,1
25,0.1,2073|Lamp|1,0
25,0.1,2073|Lamp|2,1
25,0.1,2073|Lamp|3,0
25,0.1,2073|Lamp|4,0
25,0.1,2073|Lamp|5,1
25,0.1,2074|People|0,1
25,0.1,2074|People|1,0
25,0.1,2074|Lamp|0,1
25,0.1,2074|Lamp|1,0
25,0.1,2074|Lamp|2,0
25,0.1,2074|Lamp|3,0
25,0.1,2074|Lamp|4,1
25,0.1,2074|Lamp|5,1
25,0.1,2074|Lamp|6,0
25,0.1,2074|Lamp|7,1
25,0.1,2076|People|0,1
25,0.1,2076|People|1,1
25,0.1,2076|Lamp|0,1
25,0.1,2076|Lamp|1,0
25,0.1,2076|Lamp|2,0
25,0.1,2076|Lamp|3,0
25,0.1,2076|Lamp|4,1
25,0.1,2076|Lamp|5,1
25,0.1,2076|Lamp|6,1
25,0.1,2076|Lamp|7,0
25,0.1,2082|People|0,1
25,0.1,2082|People|1,1
25,0.1,2082|Lamp|0,0
25,0.1,2082|Lamp|1,0
25,0.1,2082|Lamp|2,1
25,0.1,2082|Lamp|3,0
25,0.1,2082|Lamp|4,1
25,0.1,2082|Lamp|5,0
25,0.1,2084|People|0,1
25,0.1,2084|People|1,1
25,0.1,2084|Lamp|0,1
25,0.1,2084|Lamp|1,1
25,0.1,2084|Lamp|2,0
25,0.1,2084|Lamp|3,0
25,0.1,2084|Lamp|4,0
25,0.1,2084|Lamp|5,0
25,0.1,2087|People|0,1
25,0.1,2087|People|1,1
25,0.1,2087|Lamp|0,0
25,0.1,2087|Lamp|1,1
25,0.1,2087|Lamp|2,1
25,0.1,2090|People|0,1
25,0.1,2090|People|1,1
25,0.1,2090|Lamp|0,0
25,0.1,2090|Lamp|1,0
25,0.1,2090|Lamp|2,1
25,0.1,2090|Lamp|3,1
25,0.1,2091|People|0,1
25,0.1,2091|People|1,1
25,0.1,2091|Lamp|0,0
25,0.1,2091|Lamp|1,1
25,0.1,2091|Lamp|2,1
25,0.1,2091|Lamp|3,0
25,0.1,2091|Lamp|4,1
25,0.1,2091|Lamp|5,1
25,0.1,2092|People|0,1
25,0.1,2092|People|1,1
25,0.1,2092|Lamp|0,0
25,0.1,2092|Lamp|1,0
25,0.1,2092|Lamp|2,1
25,0.1,2092|Lamp|3,0
25,0.1,2092|Lamp|4,0
25,0.1,2092|Lamp|5,1
25,0.1,2093|People|0,1
25,0.1,2093|People|1,0
25,0.1,2093|Lamp|0,1
25,0.1,2093|Lamp|1,0
25,0.1,2093|Lamp|2,0
25,0.1,2093|Lamp|3,0
25,0.1,2093|Lamp|4,1
25,0.1,2093|Lamp|5,1
25,0.1,2120|People|0,0
25,0.1,2120|People|1,1
25,0.1,2120|People|2,0
25,0.1,2120|Lamp|0,0
25,0.1,2127|People|0,0
25,0.1,2127|People|1,0
25,0.1,2127|People|2,1
25,0.1,2127|Lamp|0,1
25,0.1,2127|Lamp|1,0
25,0.1,2127|Lamp|2,0
25,0.1,2127|Lamp|3,0
25,0.1,2129|People|0,0
25,0.1,2129|People|1,1
25,0.1,2129|People|2,0
25,0.1,2129|Lamp|0,0
25,0.1,2129|Lamp|1,1
25,0.1,2139|People|0,1
25,0.1,2139|Lamp|0,1
25,0.1,2139|Lamp|1,1
25,0.1,2139|Lamp|2,0
25,0.1,2140|People|0,0
25,0.1,2140|Lamp|0,1
25,0.1,2140|Lamp|1,1
25,0.1,2140|Lamp|2,0
25,0.1,2149|People|0,1
25,0.1,2149|Lamp|0,1
25,0.1,2149|Lamp|1,1
25,0.1,2150|People|0,1
25,0.1,2150|Lamp|0,1
25,0.1,2150|Lamp|1,1
25,0.1,2151|People|0,1
25,0.1,2151|Lamp|0,1
25,0.1,2151|Lamp|1,1
25,0.1,2158|People|0,0
25,0.1,2158|Lamp|0,1
25,0.1,2158|Lamp|1,1
25,0.1,2160|People|0,1
25,0.1,2160|Lamp|0,1
25,0.1,2160|Lamp|1,1
25,0.1,2190|People|0,1
25,0.1,2190|People|1,0
25,0.1,2190|People|2,1
25,0.1,2190|Lamp|0,0
25,0.1,2190|Lamp|1,1
25,0.1,2191|People|0,1
25,0.1,2191|People|1,0
25,0.1,2191|People|2,1
25,0.1,2191|Lamp|0,1
25,0.1,2191|Lamp|1,1
25,0.1,2193|People|0,1
25,0.1,2193|People|1,1
25,0.1,2193|People|2,0
25,0.1,2193|Lamp|0,1
25,0.1,2193|Lamp|1,1
25,0.1,2195|People|0,1
25,0.1,2195|People|1,1
25,0.1,2195|People|2,1
25,0.1,2195|Lamp|0,1
25,0.1,2195|Lamp|1,1
25,0.1,2200|People|0,0
25,0.1,2200|Lamp|0,1
25,0.1,2200|Lamp|1,1
25,0.1,2217|People|0,0
25,0.1,2217|Lamp|0,0
25,0.1,2217|Lamp|1,0
25,0.1,2218|People|0,0
25,0.1,2218|Lamp|0,0
25,0.1,2218|Lamp|1,0
25,0.1,2226|People|0,0
25,0.1,2226|Lamp|0,1
25,0.1,2226|Lamp|1,0
25,0.1,2226|Lamp|2,1
25,0.1,2226|Lamp|3,0
25,0.1,2226|Lamp|4,1
25,0.1,2292|People|0,0
25,0.1,2292|Lamp|0,0
25,0.1,2292|Lamp|1,0
25,0.1,2292|Lamp|2,0
25,0.1,2292|Lamp|3,0
25,0.1,2293|People|0,0
25,0.1,2293|Lamp|0,0
25,0.1,2293|Lamp|1,0
25,0.1,2293|Lamp|2,0
25,0.1,2293|Lamp|3,0
25,0.1,2295|People|0,0
25,0.1,2295|Lamp|0,0
25,0.1,2295|Lamp|1,0
25,0.1,2295|Lamp|2,0
25,0.1,2295|Lamp|3,0
25,0.1,2295|Lamp|4,0
25,0.1,2295|Lamp|5,0
25,0.1,2295|Lamp|6,0
25,0.1,2295|Lamp|7,0
25,0.1,2297|People|0,0
25,0.1,2297|Lamp|0,0
25,0.1,2297|Lamp|1,0
25,0.1,2297|Lamp|2,0
25,0.1,2297|Lamp|3,0
25,0.1,2297|Lamp|4,0
25,0.1,2298|People|0,0
25,0.1,2298|Lamp|0,0
25,0.1,2298|Lamp|1,0
25,0.1,2298|Lamp|2,0
25,0.1,2298|Lamp|3,0
25,0.1,2298|Lamp|4,1
25,0.1,2299|People|0,0
25,0.1,2299|Lamp|0,0
25,0.1,2299|Lamp|1,0
25,0.1,2299|Lamp|2,0
25,0.1,2299|Lamp|3,0
25,0.1,2299|Lamp|4,0
25,0.1,2299|Lamp|5,1
25,0.1,2328|People|0,1
25,0.1,2328|People|1,0
25,0.1,2328|People|2,0
25,0.1,2328|Lamp|0,0
25,0.1,2332|People|0,1
25,0.1,2332|People|1,1
25,0.1,2332|People|2,0
25,0.1,2332|People|3,0
25,0.1,2332|Lamp|0,0
25,0.1,2335|People|0,1
25,0.1,2335|People|1,1
25,0.1,2335|People|2,0
25,0.1,2335|People|3,0
25,0.1,2335|Lamp|0,0
25,0.1,2337|People|0,0
25,0.1,2337|People|1,0
25,0.1,2337|Lamp|0,0
25,0.1,2453|People|0,0
25,0.1,2453|People|1,0
25,0.1,2453|Lamp|0,0
25,0.1,2456|People|0,1
25,0.1,2456|Lamp|0,0
25,0.1,2456|Lamp|1,0
25,0.1,2456|Lamp|2,0
25,0.1,2457|People|0,1
25,0.1,2457|Lamp|0,0
25,0.1,2457|Lamp|1,0
25,0.1,2457|Lamp|2,0
25,0.1,2457|Lamp|3,0
25,0.1,2465|People|0,0
25,0.1,2465|Lamp|0,0
25,0.1,2465|Lamp|1,0
25,0.1,2465|Lamp|2,0
25,0.1,2467|People|0,0
25,0.1,2467|Lamp|0,0
25,0.1,2467|Lamp|1,0
25,0.1,2468|People|0,0
25,0.1,2468|People|1,0
25,0.1,2468|Lamp|0,0
25,0.1,2468|Lamp|1,0
25,0.1,2478|People|0,1
25,0.1,2478|People|1,1
25,0.1,2478|People|2,0
25,0.1,2478|People|3,0
25,0.1,2478|Lamp|0,1
25,0.1,2478|Lamp|1,1
25,0.1,2489|People|0,0
25,0.1,2489|People|1,1
25,0.1,2489|People|2,0
25,0.1,2489|People|3,1
25,0.1,2489|People|4,0
25,0.1,2489|People|5,1
25,0.1,2489|Lamp|0,0
25,0.1,2489|Lamp|1,0
25,0.1,2490|People|0,0
25,0.1,2490|People|1,1
25,0.1,2490|People|2,0
25,0.1,2490|People|3,0
25,0.1,2490|People|4,0
25,0.1,2490|Lamp|0,0
25,0.1,2490|Lamp|1,0
25,0.1,2491|People|0,1
25,0.1,2491|People|1,1
25,0.1,2491|People|2,1
25,0.1,2491|People|3,0
25,0.1,2491|People|4,0
25,0.1,2491|Lamp|0,0
25,0.1,2491|Lamp|1,0
25,0.1,2602|People|0,0
25,0.1,2602|Lamp|0,0
25,0.1,2602|Lamp|1,0
25,0.1,2602|Lamp|2,0
25,0.1,2606|People|0,1
25,0.1,2606|Lamp|0,0
25,0.1,2606|Lamp|1,0
25,0.1,2607|People|0,0
25,0.1,2607|Lamp|0,0
25,0.1,2607|Lamp|1,0
25,0.1,2622|People|0,1
25,0.1,2622|People|1,0
25,0.1,2622|People|2,0
25,0.1,2622|Lamp|0,1
25,0.1,2622|Lamp|1,1
25,0.1,2622|Lamp|2,1
25,0.1,2717|People|0,0
25,0.1,2717|People|1,0
25,0.1,2717|People|2,0
25,0.1,2717|Lamp|0,0
25,0.1,2720|People|0,0
25,0.1,2720|People|1,0
25,0.1,2720|People|2,0
25,0.1,2720|Lamp|0,0
25,0.1,2721|People|0,0
25,0.1,2721|People|1,0
25,0.1,2721|Lamp|0,0
25,0.1,2727|People|0,1
25,0.1,2727|People|1,0
25,0.1,2727|People|2,0
25,0.1,2727|People|3,0
25,0.1,2727|Lamp|0,0
25,0.1,2732|People|0,0
25,0.1,2732|People|1,0
25,0.1,2732|Lamp|0,0
25,0.1,2735|People|0,0
25,0.1,2735|People|1,0
25,0.1,2735|Lamp|0,0
25,0.1,2736|People|0,0
25,0.1,2736|People|1,0
25,0.1,2736|Lamp|0,0
25,0.1,2738|People|0,0
25,0.1,2738|People|1,0
25,0.1,2738|People|2,0
25,0.1,2738|Lamp|0,0
25,0.1,2940|People|0,1
25,0.1,2940|Lamp|0,0
25,0.1,2940|Lamp|1,0
25,0.1,2942|People|0,1
25,0.1,2942|Lamp|0,0
25,0.1,2942|Lamp|1,0
25,0.1,2942|Lamp|2,0
25,0.1,2942|Lamp|3,0
25,0.1,2942|Lamp|4,0
25,0.1,2945|People|0,1
25,0.1,2945|Lamp|0,0
25,0.1,2945|Lamp|1,0
25,0.1,2945|Lamp|2,0
25,0.1,2947|People|0,1
25,0.1,2947|Lamp|0,1
25,0.1,2947|Lamp|1,1
25,0.1,2947|Lamp|2,0
25,0.1,2947|Lamp|3,0
25,0.1,2947|Lamp|4,0
25,0.1,2949|People|0,0
25,0.1,2949|Lamp|0,1
25,0.1,2949|Lamp|1,0
25,0.1,2949|Lamp|2,0
25,0.1,2949|Lamp|3,0
25,0.1,2949|Lamp|4,0
25,0.1,2949|Lamp|5,0
25,0.1,2950|People|0,0
25,0.1,2950|People|1,0
25,0.1,2950|Lamp|0,1
25,0.1,2950|Lamp|1,0
25,0.1,2950|Lamp|2,0
25,0.1,2950|Lamp|3,0
25,0.1,2950|Lamp|4,0
25,0.1,2951|People|0,0
25,0.1,2951|Lamp|0,1
25,0.1,2951|Lamp|1,0
25,0.1,2951|Lamp|2,0
25,0.1,2951|Lamp|3,0
25,0.1,2951|Lamp|4,0
25,0.1,2953|People|0,0
25,0.1,2953|Lamp|0,0
25,0.1,2953|Lamp|1,1
25,0.1,2953|Lamp|2,0
25,0.1,2953|Lamp|3,0
25,0.1,2957|People|0,0
25,0.1,2957|Lamp|0,1
25,0.1,2957|Lamp|1,0
25,0.1,2957|Lamp|2,1
25,0.1,2957|Lamp|3,0
25,0.1,2957|Lamp|4,0
25,0.1,2957|Lamp|5,0
25,0.1,3024|People|0,0
25,0.1,3024|Lamp|0,0
25,0.1,3024|Lamp|1,0
25,0.1,3052|People|0,0
25,0.1,3052|Lamp|0,0
25,0.1,3053|People|0,0
25,0.1,3053|People|1,0
25,0.1,3053|Lamp|0,0
25,0.1,3053|Lamp|1,0
25,0.1,3054|People|0,0
25,0.1,3054|People|1,0
25,0.1,3054|People|2,0
25,0.1,3054|Lamp|0,0
25,0.1,3054|Lamp|1,0
25,0.1,3057|People|0,0
25,0.1,3057|People|1,0
25,0.1,3057|Lamp|0,0
25,0.1,3057|Lamp|1,0
25,0.1,3059|People|0,1
25,0.1,3059|People|1,0
25,0.1,3059|People|2,0
25,0.1,3059|Lamp|0,0
25,0.1,3059|Lamp|1,0
25,0.1,3060|People|0,1
25,0.1,3060|People|1,1
25,0.1,3060|People|2,0
25,0.1,3060|People|3,0
25,0.1,3060|Lamp|0,0
25,0.1,3060|Lamp|1,0
25,0.1,3061|People|0,0
25,0.1,3061|People|1,1
25,0.1,3061|People|2,1
25,0.1,3061|People|3,0
25,0.1,3061|Lamp|0,0
25,0.1,3061|Lamp|1,0
25,0.1,3063|People|0,1
25,0.1,3063|People|1,0
25,0.1,3063|Lamp|0,0
25,0.1,3063|Lamp|1,0
25,0.1,3063|Lamp|2,0
25,0.1,3063|Lamp|3,0
25,0.1,3066|People|0,0
25,0.1,3066|Lamp|0,0
25,0.1,3066|Lamp|1,0
25,0.1,3066|Lamp|2,1
25,0.1,3066|Lamp|3,0
25,0.1,3066|Lamp|4,0
25,0.1,3066|Lamp|5,0
25,0.1,3072|People|0,1
25,0.1,3072|People|1,0
25,0.1,3072|People|2,0
25,0.1,3072|People|3,0
25,0.1,3072|People|4,0
25,0.1,3072|People|5,0
25,0.1,3072|People|6,1
25,0.1,3072|People|7,1
25,0.1,3072|Lamp|0,0
25,0.1,3072|Lamp|1,1
25,0.1,3072|Lamp|2,0
25,0.1,3072|Lamp|3,0
25,0.1,3072|Lamp|4,0
25,0.1,3072|Lamp|5,0
25,0.1,3072|Lamp|6,0
25,0.1,3072|Lamp|7,0
25,0.1,3078|People|0,1
25,0.1,3078|People|1,1
25,0.1,3078|People|2,1
25,0.1,3078|People|3,1
25,0.1,3078|People|4,0
25,0.1,3078|People|5,0
25,0.1,3078|People|6,0
25,0.1,3078|Lamp|0,1
25,0.1,3078|Lamp|1,1
25,0.1,3078|Lamp|2,0
25,0.1,3078|Lamp|3,0
25,0.1,3079|People|0,1
25,0.1,3079|People|1,1
25,0.1,3079|People|2,0
25,0.1,3079|People|3,0
25,0.1,3079|Lamp|0,1
25,0.1,3079|Lamp|1,1
25,0.1,3079|Lamp|2,0
25,0.1,3116|People|0,1
25,0.1,3116|Lamp|0,0
25,0.1,3116|Lamp|1,1
25,0.1,3118|People|0,1
25,0.1,3118|Lamp|0,1
25,0.1,3118|Lamp|1,1
25,0.1,3119|People|0,1
25,0.1,3119|Lamp|0,1
25,0.1,3119|Lamp|1,1
25,0.1,3121|People|0,1
25,0.1,3121|Lamp|0,1
25,0.1,3121|Lamp|1,0
25,0.1,3124|People|0,1
25,0.1,3124|Lamp|0,0
25,0.1,3124|Lamp|1,1
25,0.1,3125|People|0,1
25,0.1,3125|Lamp|0,0
25,0.1,3125|Lamp|1,1
25,0.1,3302|People|0,1
25,0.1,3302|Lamp|0,1
25,0.1,3302|Lamp|1,1
25,0.1,3302|Lamp|2,1
25,0.1,3302|Lamp|3,0
25,0.1,3313|People|0,1
25,0.1,3313|People|1,0
25,0.1,3313|Lamp|0,0
25,0.1,3313|Lamp|1,0
25,0.1,3347|People|0,1
25,0.1,3347|People|1,0
25,0.1,3347|People|2,0
25,0.1,3347|Lamp|0,0
25,0.1,3347|Lamp|1,0
25,0.1,3349|People|0,0
25,0.1,3349|People|1,0
25,0.1,3349|People|2,0
25,0.1,3349|Lamp|0,0
25,0.1,3349|Lamp|1,0
25,0.1,3350|People|0,1
25,0.1,3350|People|1,1
25,0.1,3350|People|2,0
25,0.1,3350|People|3,0
25,0.1,3350|People|4,0
25,0.1,3350|Lamp|0,0
25,0.1,3350|Lamp|1,0
25,0.1,3378|People|0,0
25,0.1,3378|People|1,0
25,0.1,3378|People|2,1
25,0.1,3378|People|3,0
25,0.1,3378|Lamp|0,0
25,0.1,3378|Lamp|1,1
25,0.1,3378|Lamp|2,0
25,0.1,3378|Lamp|3,1
25,0.1,3378|Lamp|4,0
25,0.1,3381|People|0,0
25,0.1,3381|People|1,1
25,0.1,3381|People|2,1
25,0.1,3381|People|3,0
25,0.1,3381|People|4,0
25,0.1,3381|Lamp|0,1
25,0.1,3381|Lamp|1,1
25,0.1,3381|Lamp|2,1
25,0.1,3381|Lamp|3,0
25,0.1,3381|Lamp|4,0
25,0.1,3382|People|0,0
25,0.1,3382|People|1,1
25,0.1,3382|People|2,1
25,0.1,3382|Lamp|0,1
25,0.1,3382|Lamp|1,1
25,0.1,3382|Lamp|2,1
25,0.1,3382|Lamp|3,0
25,0.1,3382|Lamp|4,0
25,0.1,3383|People|0,0
25,0.1,3383|People|1,1
25,0.1,3383|People|2,1
25,0.1,3383|Lamp|0,1
25,0.1,3383|Lamp|1,1
25,0.1,3383|Lamp|2,1
25,0.1,3383|Lamp|3,0
25,0.1,3383|Lamp|4,0
25,0.1,3384|People|0,0
25,0.1,3384|People|1,0
25,0.1,3384|People|2,1
25,0.1,3384|People|3,1
25,0.1,3384|Lamp|0,1
25,0.1,3384|Lamp|1,1
25,0.1,3384|Lamp|2,1
25,0.1,3384|Lamp|3,0
25,0.1,3384|Lamp|4,0
25,0.1,3389|People|0,0
25,0.1,3389|People|1,1
25,0.1,3389|People|2,0
25,0.1,3389|People|3,1
25,0.1,3389|Lamp|0,1
25,0.1,3389|Lamp|1,0
25,0.1,3389|Lamp|2,1
25,0.1,3389|Lamp|3,0
25,0.1,3389|Lamp|4,0
25,0.1,3390|People|0,1
25,0.1,3390|People|1,0
25,0.1,3390|People|2,1
25,0.1,3390|People|3,1
25,0.1,3390|Lamp|0,1
25,0.1,3390|Lamp|1,0
25,0.1,3390|Lamp|2,0
25,0.1,3390|Lamp|3,0
25,0.1,3390|Lamp|4,0
25,0.1,3392|People|0,0
25,0.1,3392|People|1,1
25,0.1,3392|People|2,1
25,0.1,3392|People|3,0
25,0.1,3392|People|4,0
25,0.1,3392|People|5,1
25,0.1,3392|Lamp|0,1
25,0.1,3392|Lamp|1,1
25,0.1,3392|Lamp|2,1
25,0.1,3392|Lamp|3,0
25,0.1,3392|Lamp|4,0
25,0.1,3395|People|0,1
25,0.1,3395|People|1,1
25,0.1,3395|People|2,0
25,0.1,3395|People|3,1
25,0.1,3395|People|4,0
25,0.1,3395|People|5,0
25,0.1,3395|People|6,0
25,0.1,3395|People|7,0
25,0.1,3395|Lamp|0,1
25,0.1,3395|Lamp|1,0
25,0.1,3395|Lamp|2,1
25,0.1,3395|Lamp|3,1
25,0.1,3395|Lamp|4,0
25,0.1,3397|People|0,1
25,0.1,3397|People|1,1
25,0.1,3397|People|2,0
25,0.1,3397|People|3,1
25,0.1,3397|People|4,0
25,0.1,3397|People|5,0
25,0.1,3397|People|6,0
25,0.1,3397|Lamp|0,1
25,0.1,3397|Lamp|1,0
25,0.1,3397|Lamp|2,1
25,0.1,3397|Lamp|3,0
25,0.1,3397|Lamp|4,0
25,0.1,3398|People|0,1
25,0.1,3398|People|1,1
25,0.1,3398|People|2,0
25,0.1,3398|People|3,0
25,0.1,3398|People|4,0
25,0.1,3398|People|5,1
25,0.1,3398|Lamp|0,1
25,0.1,3398|Lamp|1,1
25,0.1,3398|Lamp|2,1
25,0.1,3398|Lamp|3,0
25,0.1,3398|Lamp|4,0
25,0.1,3405|People|0,1
25,0.1,3405|People|1,0
25,0.1,3405|People|2,0
25,0.1,3405|Lamp|0,1
25,0.1,3405|Lamp|1,1
25,0.1,3405|Lamp|2,1
25,0.1,3405|Lamp|3,1
25,0.1,3408|People|0,1
25,0.1,3408|People|1,0
25,0.1,3408|People|2,0
25,0.1,3408|People|3,0
25,0.1,3408|Lamp|0,1
25,0.1,3408|Lamp|1,1
25,0.1,3408|Lamp|2,1
25,0.1,3408|Lamp|3,1
25,0.1,3409|People|0,0
25,0.1,3409|People|1,0
25,0.1,3409|Lamp|0,1
25,0.1,3409|Lamp|1,1
25,0.1,3409|Lamp|2,1
25,0.1,3409|Lamp|3,1
25,0.1,3566|People|0,0
25,0.1,3566|Lamp|0,1
25,0.1,3681|People|0,0
25,0.1,3681|Lamp|0,1
25,0.1,3681|Lamp|1,1
25,0.1,3681|Lamp|2,1
25,0.1,3681|Lamp|3,1
25,0.1,3682|People|0,0
25,0.1,3682|Lamp|0,1
25,0.1,3682|Lamp|1,1
25,0.1,3682|Lamp|2,1
25,0.1,3682|Lamp|3,1
25,0.1,3683|People|0,0
25,0.1,3683|Lamp|0,1
25,0.1,3683|Lamp|1,1
25,0.1,3683|Lamp|2,1
25,0.1,3683|Lamp|3,1
25,0.1,3687|People|0,0
25,0.1,3687|People|1,0
25,0.1,3687|People|2,0
25,0.1,3687|Lamp|0,1
25,0.1,3687|Lamp|1,1
25,0.1,3687|Lamp|2,1
25,0.1,3687|Lamp|3,1
25,0.1,3688|People|0,0
25,0.1,3688|People|1,0
25,0.1,3688|People|2,0
25,0.1,3688|Lamp|0,1
25,0.1,3688|Lamp|1,1
25,0.1,3688|Lamp|2,1
25,0.1,3688|Lamp|3,1
25,0.1,3689|People|0,0
25,0.1,3689|Lamp|0,0
25,0.1,3689|Lamp|1,0
25,0.1,3689|Lamp|2,0
25,0.1,3689|Lamp|3,0
25,0.15,63|People|0,1
25,0.15,63|People|1,1
25,0.15,63|People|2,1
25,0.15,63|People|3,1
25,0.15,63|People|4,0
25,0.15,63|Lamp|0,0
25,0.15,64|People|0,0
25,0.15,64|People|1,0
25,0.15,64|People|2,0
25,0.15,64|People|3,1
25,0.15,64|People|4,1
25,0.15,64|People|5,1
25,0.15,64|Lamp|0,0
25,0.15,71|People|0,0
25,0.15,71|People|1,0
25,0.15,71|Lamp|0,0
25,0.15,73|People|0,0
25,0.15,73|People|1,0
25,0.15,73|Lamp|0,0
25,0.15,78|People|0,0
25,0.15,78|People|1,1
25,0.15,78|People|2,1
25,0.15,78|People|3,1
25,0.15,78|People|4,0
25,0.15,78|People|5,0
25,0.15,78|Lamp|0,0
25,0.15,111|People|0,1
25,0.15,111|People|1,1
25,0.15,111|People|2,1
25,0.15,111|People|3,1
25,0.15,111|People|4,0
25,0.15,111|People|5,1
25,0.15,111|People|6,1
25,0.15,111|Lamp|0,1
25,0.15,111|Lamp|1,1
25,0.15,111|Lamp|2,0
25,0.15,111|Lamp|3,1
25,0.15,114|People|0,1
25,0.15,114|People|1,1
25,0.15,114|People|2,1
25,0.15,114|People|3,1
25,0.15,114|People|4,0
25,0.15,114|People|5,1
25,0.15,114|People|6,0
25,0.15,114|Lamp|0,0
25,0.15,114|Lamp|1,1
25,0.15,114|Lamp|2,1
25,0.15,116|People|0,1
25,0.15,116|People|1,1
25,0.15,116|People|2,1
25,0.15,116|People|3,1
25,0.15,116|People|4,1
25,0.15,116|People|5,1
25,0.15,116|People|6,1
25,0.15,116|People|7,0
25,0.15,116|Lamp|0,0
25,0.15,116|Lamp|1,1
25,0.15,116|Lamp|2,1
25,0.15,116|Lamp|3,1
25,0.15,118|People|0,1
25,0.15,118|People|1,1
25,0.15,118|People|2,1
25,0.15,118|People|3,1
25,0.15,118|People|4,1
25,0.15,118|People|5,0
25,0.15,118|People|6,1
25,0.15,118|People|7,1
25,0.15,118|Lamp|0,1
25,0.15,118|Lamp|1,1
25,0.15,118|Lamp|2,1
25,0.15,118|Lamp|3,1
25,0.15,123|People|0,1
25,0.15,123|People|1,1
25,0.15,123|People|2,0
25,0.15,123|People|3,1
25,0.15,123|People|4,1
25,0.15,123|People|5,0
25,0.15,123|People|6,1
25,0.15,123|Lamp|0,1
25,0.15,123|Lamp|1,1
25,0.15,123|Lamp|2,0
25,0.15,123|Lamp|3,1
25,0.15,123|Lamp|4,1
25,0.15,125|People|0,0
25,0.15,125|People|1,1
25,0.15,125|People|2,1
25,0.15,125|People|3,1
25,0.15,125|People|4,1
25,0.15,125|People|5,1
25,0.15,125|People|6,0
25,0.15,125|People|7,0
25,0.15,125|Lamp|0,1
25,0.15,125|Lamp|1,1
25,0.15,125|Lamp|2,1
25,0.15,125|Lamp|3,1
25,0.15,125|Lamp|4,1
25,0.15,126|People|0,0
25,0.15,126|People|1,1
25,0.15,126|People|2,1
25,0.15,126|People|3,0
25,0.15,126|People|4,0
25,0.15,126|People|5,1
25,0.15,126|People|6,0
25,0.15,126|People|7,1
25,0.15,126|People|8,0
25,0.15,126|Lamp|0,1
25,0.15,126|Lamp|1,1
25,0.15,126|Lamp|2,1
25,0.15,126|Lamp|3,1
25,0.15,126|Lamp|4,1
25,0.15,127|People|0,0
25,0.15,127|People|1,0
25,0.15,127|People|2,1
25,0.15,127|People|3,1
25,0.15,127|People|4,0
25,0.15,127|People|5,1
25,0.15,127|People|6,1
25,0.15,127|People|7,1
25,0.15,127|People|8,0
25,0.15,127|People|9,1
25,0.15,127|Lamp|0,1
25,0.15,127|Lamp|1,0
25,0.15,127|Lamp|2,1
25,0.15,127|Lamp|3,1
25,0.15,127|Lamp|4,1
25,0.15,129|People|0,0
25,0.15,129|People|1,1
25,0.15,129|People|2,1
25,0.15,129|People|3,0
25,0.15,129|People|4,0
25,0.15,129|People|5,0
25,0.15,129|People|6,0
25,0.15,129|People|7,1
25,0.15,129|Lamp|0,1
25,0.15,129|Lamp|1,0
25,0.15,129|Lamp|2,1
25,0.15,129|Lamp|3,1
25,0.15,129|Lamp|4,0
25,0.15,130|People|0,0
25,0.15,130|People|1,0
25,0.15,130|People|2,0
25,0.15,130|People|3,1
25,0.15,130|People|4,0
25,0.15,130|People|5,0
25,0.15,130|Lamp|0,0
25,0.15,130|Lamp|1,0
25,0.15,130|Lamp|2,1
25,0.15,130|Lamp|3,0
25,0.15,132|People|0,0
25,0.15,132|People|1,1
25,0.15,132|People|2,0
25,0.15,132|People|3,1
25,0.15,132|People|4,1
25,0.15,132|People|5,1
25,0.15,132|Lamp|0,1
25,0.15,132|Lamp|1,0
25,0.15,132|Lamp|2,0
25,0.15,132|Lamp|3,0
25,0.15,135|People|0,0
25,0.15,135|People|1,0
25,0.15,135|People|2,1
25,0.15,135|People|3,1
25,0.15,135|People|4,0
25,0.15,135|People|5,0
25,0.15,135|People|6,0
25,0.15,135|People|7,0
25,0.15,135|People|8,1
25,0.15,135|People|9,1
25,0.15,135|People|10,0
25,0.15,135|Lamp|0,0
25,0.15,135|Lamp|1,1
25,0.15,135|Lamp|2,0
25,0.15,136|People|0,0
25,0.15,136|People|1,0
25,0.15,136|People|2,1
25,0.15,136|People|3,0
25,0.15,136|People|4,1
25,0.15,136|People|5,1
25,0.15,136|People|6,1
25,0.15,136|People|7,0
25,0.15,136|Lamp|0,1
25,0.15,136|Lamp|1,0
25,0.15,136|Lamp|2,1
25,0.15,138|People|0,0
25,0.15,138|People|1,0
25,0.15,138|People|2,0
25,0.15,138|People|3,0
25,0.15,138|People|4,0
25,0.15,138|People|5,0
25,0.15,138|People|6,0
25,0.15,138|People|7,0
25,0.15,138|People|8,1
25,0.15,138|People|9,0
25,0.15,138|People|10,0
25,0.15,138|Lamp|0,1
25,0.15,138|Lamp|1,0
25,0.15,138|Lamp|2,1
25,0.15,143|People|0,0
25,0.15,143|People|1,0
25,0.15,143|People|2,1
25,0.15,143|People|3,0
25,0.15,143|People|4,0
25,0.15,143|People|5,0
25,0.15,143|People|6,0
25,0.15,143|Lamp|0,0
25,0.15,143|Lamp|1,0
25,0.15,144|People|0,0
25,0.15,144|People|1,1
25,0.15,144|People|2,1
25,0.15,144|People|3,0
25,0.15,144|People|4,0
25,0.15,144|People|5,0
25,0.15,144|People|6,0
25,0.15,144|Lamp|0,1
25,0.15,144|Lamp|1,0
25,0.15,147|People|0,1
25,0.15,147|People|1,0
25,0.15,147|People|2,1
25,0.15,147|People|3,0
25,0.15,147|People|4,0
25,0.15,147|People|5,0
25,0.15,147|People|6,1
25,0.15,147|People|7,0
25,0.15,147|People|8,0
25,0.15,147|People|9,1
25,0.15,147|People|10,0
25,0.15,147|People|11,1
25,0.15,147|Lamp|0,0
25,0.15,186|People|0,0
25,0.15,186|People|1,1
25,0.15,186|People|2,0
25,0.15,186|People|3,0
25,0.15,186|People|4,0
25,0.15,186|People|5,1
25,0.15,186|Lamp|0,1
25,0.15,187|People|0,0
25,0.15,187|People|1,1
25,0.15,187|People|2,0
25,0.15,187|People|3,1
25,0.15,187|People|4,0
25,0.15,187|People|5,0
25,0.15,187|Lamp|0,1
25,0.15,188|People|0,1
25,0.15,188|People|1,1
25,0.15,188|People|2,1
25,0.15,188|People|3,1
25,0.15,188|People|4,0
25,0.15,188|People|5,0
25,0.15,188|Lamp|0,1
25,0.15,191|People|0,1
25,0.15,191|People|1,1
25,0.15,191|People|2,1
25,0.15,191|People|3,1
25,0.15,191|People|4,1
25,0.15,191|People|5,1
25,0.15,191|Lamp|0,1
25,0.15,193|People|0,1
25,0.15,193|People|1,1
25,0.15,193|People|2,1
25,0.15,193|People|3,1
25,0.15,193|People|4,1
25,0.15,193|People|5,1
25,0.15,193|Lamp|0,1
25,0.15,196|People|0,1
25,0.15,196|People|1,1
25,0.15,196|People|2,1
25,0.15,196|People|3,1
25,0.15,196|People|4,1
25,0.15,196|People|5,0
25,0.15,196|People|6,1
25,0.15,196|People|7,1
25,0.15,196|People|8,1
25,0.15,196|Lamp|0,1
25,0.15,196|Lamp|1,1
25,0.15,196|Lamp|2,0
25,0.15,199|People|0,1
25,0.15,199|People|1,1
25,0.15,199|People|2,1
25,0.15,199|People|3,1
25,0.15,199|People|4,1
25,0.15,199|People|5,1
25,0.15,199|People|6,1
25,0.15,199|Lamp|0,1
25,0.15,199|Lamp|1,0
25,0.15,204|People|0,1
25,0.15,204|People|1,1
25,0.15,204|People|2,1
25,0.15,204|People|3,1
25,0.15,204|People|4,1
25,0.15,204|People|5,1
25,0.15,204|People|6,1
25,0.15,204|People|7,1
25,0.15,204|Lamp|0,1
25,0.15,204|Lamp|1,1
25,0.15,204|Lamp|2,0
25,0.15,205|People|0,0
25,0.15,205|People|1,1
25,0.15,205|People|2,1
25,0.15,205|People|3,1
25,0.15,205|People|4,1
25,0.15,205|People|5,1
25,0.15,205|People|6,1
25,0.15,205|People|7,0
25,0.15,205|People|8,1
25,0.15,205|Lamp|0,1
25,0.15,205|Lamp|1,1
25,0.15,205|Lamp|2,0
25,0.15,206|People|0,1
25,0.15,206|People|1,1
25,0.15,206|People|2,1
25,0.15,206|People|3,1
25,0.15,206|People|4,1
25,0.15,206|People|5,0
25,0.15,206|People|6,0
25,0.15,206|People|7,0
25,0.15,206|Lamp|0,1
25,0.15,209|People|0,1
25,0.15,209|Lamp|0,1
25,0.15,210|People|0,1
25,0.15,210|People|1,1
25,0.15,210|People|2,0
25,0.15,210|Lamp|0,1
25,0.15,213|People|0,1
25,0.15,213|People|1,1
25,0.15,213|People|2,1
25,0.15,213|People|3,0
25,0.15,213|People|4,0
25,0.15,213|People|5,0
25,0.15,213|People|6,0
25,0.15,213|People|7,0
25,0.15,213|Lamp|0,1
25,0.15,213|Lamp|1,1
25,0.15,213|Lamp|2,0
25,0.15,217|People|0,0
25,0.15,217|People|1,0
25,0.15,217|Lamp|0,0
25,0.15,222|People|0,1
25,0.15,222|People|1,1
25,0.15,222|People|2,0
25,0.15,222|People|3,1
25,0.15,222|People|4,1
25,0.15,222|People|5,1
25,0.15,222|People|6,1
25,0.15,222|People|7,0
25,0.15,222|People|8,1
25,0.15,222|Lamp|0,0
25,0.15,222|Lamp|1,0
25,0.15,222|Lamp|2,1
25,0.15,222|Lamp|3,1
25,0.15,222|Lamp|4,0
25,0.15,222|Lamp|5,1
25,0.15,222|Lamp|6,0
25,0.15,231|People|0,0
25,0.15,231|People|1,1
25,0.15,231|People|2,1
25,0.15,231|People|3,1
25,0.15,231|People|4,1
25,0.15,231|People|5,0
25,0.15,231|People|6,1
25,0.15,231|People|7,1
25,0.15,231|People|8,1
25,0.15,231|People|9,1
25,0.15,231|People|10,0
25,0.15,231|People|11,0
25,0.15,231|Lamp|0,1
25,0.15,231|Lamp|1,1
25,0.15,231|Lamp|2,1
25,0.15,231|Lamp|3,1
25,0.15,231|Lamp|4,1
25,0.15,232|People|0,0
25,0.15,232|People|1,0
25,0.15,232|People|2,0
25,0.15,232|People|3,1
25,0.15,232|People|4,0
25,0.15,232|People|5,1
25,0.15,232|People|6,1
25,0.15,232|People|7,1
25,0.15,232|People|8,1
25,0.15,232|People|9,0
25,0.15,232|People|10,0
25,0.15,232|People|11,0
25,0.15,232|Lamp|0,1
25,0.15,232|Lamp|1,0
25,0.15,232|Lamp|2,1
25,0.15,232|Lamp|3,1
25,0.15,232|Lamp|4,0
25,0.15,232|Lamp|5,0
25,0.15,240|People|0,1
25,0.15,240|People|1,0
25,0.15,240|People|2,1
25,0.15,240|People|3,1
25,0.15,240|People|4,1
25,0.15,240|People|5,1
25,0.15,240|People|6,0
25,0.15,240|Lamp|0,0
25,0.15,240|Lamp|1,0
25,0.15,240|Lamp|2,1
25,0.15,240|Lamp|3,0
25,0.15,240|Lamp|4,0
25,0.15,388|People|0,1
25,0.15,388|People|1,1
25,0.15,388|People|2,1
25,0.15,388|People|3,1
25,0.15,388|People|4,1
25,0.15,388|People|5,1
25,0.15,388|People|6,1
25,0.15,388|People|7,1
25,0.15,388|People|8,1
25,0.15,388|People|9,1
25,0.15,388|Lamp|0,1
25,0.15,389|People|0,1
25,0.15,389|People|1,1
25,0.15,389|People|2,0
25,0.15,389|People|3,1
25,0.15,389|People|4,1
25,0.15,389|People|5,1
25,0.15,389|People|6,1
25,0.15,389|People|7,1
25,0.15,389|People|8,1
25,0.15,389|People|9,1
25,0.15,389|Lamp|0,0
25,0.15,389|Lamp|1,1
25,0.15,392|People|0,1
25,0.15,392|People|1,1
25,0.15,392|People|2,0
25,0.15,392|People|3,1
25,0.15,392|Lamp|0,1
25,0.15,392|Lamp|1,1
25,0.15,394|People|0,1
25,0.15,394|People|1,1
25,0.15,394|People|2,1
25,0.15,394|People|3,1
25,0.15,394|People|4,1
25,0.15,394|People|5,1
25,0.15,394|Lamp|0,1
25,0.15,394|Lamp|1,1
25,0.15,395|People|0,0
25,0.15,395|People|1,0
25,0.15,395|People|2,1
25,0.15,395|People|3,1
25,0.15,395|People|4,1
25,0.15,395|People|5,1
25,0.15,395|People|6,1
25,0.15,395|Lamp|0,1
25,0.15,395|Lamp|1,1
25,0.15,396|People|0,0
25,0.15,396|People|1,0
25,0.15,396|People|2,1
25,0.15,396|People|3,1
25,0.15,396|People|4,1
25,0.15,396|People|5,1
25,0.15,396|Lamp|0,1
25,0.15,396|Lamp|1,1
25,0.15,409|People|0,1
25,0.15,409|People|1,1
25,0.15,409|People|2,0
25,0.15,409|People|3,1
25,0.15,409|People|4,1
25,0.15,409|Lamp|0,0
25,0.15,410|People|0,1
25,0.15,410|People|1,0
25,0.15,410|People|2,0
25,0.15,410|People|3,1
25,0.15,410|People|4,0
25,0.15,410|People|5,1
25,0.15,410|Lamp|0,1
25,0.15,413|People|0,1
25,0.15,413|People|1,1
25,0.15,413|People|2,1
25,0.15,413|People|3,0
25,0.15,413|People|4,0
25,0.15,413|People|5,0
25,0.15,413|Lamp|0,0
25,0.15,419|People|0,0
25,0.15,419|People|1,0
25,0.15,419|Lamp|0,1
25,0.15,419|Lamp|1,1
25,0.15,422|People|0,1
25,0.15,422|People|1,1
25,0.15,422|People|2,1
25,0.15,422|People|3,1
25,0.15,422|People|4,1
25,0.15,422|Lamp|0,0
25,0.15,425|People|0,0
25,0.15,425|People|1,1
25,0.15,425|People|2,1
25,0.15,425|People|3,1
25,0.15,425|People|4,0
25,0.15,425|People|5,1
25,0.15,425|People|6,1
25,0.15,425|People|7,0
25,0.15,425|Lamp|0,0
25,0.15,427|People|0,0
25,0.15,427|People|1,0
25,0.15,427|People|2,0
25,0.15,427|People|3,1
25,0.15,427|People|4,1
25,0.15,427|People|5,0
25,0.15,427|People|6,1
25,0.15,427|People|7,1
25,0.15,427|Lamp|0,0
25,0.15,428|People|0,0
25,0.15,428|People|1,0
25,0.15,428|People|2,1
25,0.15,428|People|3,1
25,0.15,428|People|4,1
25,0.15,428|People|5,1
25,0.15,428|People|6,1
25,0.15,428|Lamp|0,0
25,0.15,438|People|0,1
25,0.15,438|People|1,1
25,0.15,438|People|2,0
25,0.15,438|People|3,0
25,0.15,438|People|4,0
25,0.15,438|Lamp|0,1
25,0.15,438|Lamp|1,0
25,0.15,438|Lamp|2,1
25,0.15,438|Lamp|3,1
25,0.15,440|People|0,1
25,0.15,440|People|1,1
25,0.15,440|People|2,0
25,0.15,440|People|3,0
25,0.15,440|People|4,0
25,0.15,440|People|5,0
25,0.15,440|People|6,0
25,0.15,440|Lamp|0,1
25,0.15,440|Lamp|1,1
25,0.15,440|Lamp|2,1
25,0.15,440|Lamp|3,1
25,0.15,442|People|0,1
25,0.15,442|People|1,1
25,0.15,442|People|2,0
25,0.15,442|People|3,0
25,0.15,442|People|4,0
25,0.15,442|People|5,1
25,0.15,442|People|6,1
25,0.15,442|People|7,1
25,0.15,442|Lamp|0,1
25,0.15,442|Lamp|1,1
25,0.15,442|Lamp|2,1
25,0.15,442|Lamp|3,1
25,0.15,444|People|0,1
25,0.15,444|People|1,1
25,0.15,444|People|2,0
25,0.15,444|People|3,0
25,0.15,444|People|4,0
25,0.15,444|People|5,0
25,0.15,444|Lamp|0,1
25,0.15,444|Lamp|1,1
25,0.15,444|Lamp|2,1
25,0.15,444|Lamp|3,0
25,0.15,448|People|0,1
25,0.15,448|People|1,1
25,0.15,448|People|2,1
25,0.15,448|People|3,0
25,0.15,448|People|4,0
25,0.15,448|People|5,0
25,0.15,448|People|6,0
25,0.15,448|Lamp|0,1
25,0.15,448|Lamp|1,1
25,0.15,448|Lamp|2,1
25,0.15,448|Lamp|3,1
25,0.15,448|Lamp|4,0
25,0.15,448|Lamp|5,0
25,0.15,449|People|0,1
25,0.15,449|People|1,1
25,0.15,449|People|2,1
25,0.15,449|People|3,0
25,0.15,449|People|4,0
25,0.15,449|People|5,0
25,0.15,449|Lamp|0,0
25,0.15,449|Lamp|1,1
25,0.15,449|Lamp|2,1
25,0.15,449|Lamp|3,0
25,0.15,449|Lamp|4,1
25,0.15,452|People|0,1
25,0.15,452|People|1,1
25,0.15,452|Lamp|0,1
25,0.15,452|Lamp|1,0
25,0.15,452|Lamp|2,1
25,0.15,453|People|0,1
25,0.15,453|Lamp|0,1
25,0.15,453|Lamp|1,1
25,0.15,453|Lamp|2,0
25,0.15,453|Lamp|3,1
25,0.15,459|People|0,1
25,0.15,459|People|1,0
25,0.15,459|People|2,1
25,0.15,459|People|3,1
25,0.15,459|People|4,1
25,0.15,459|People|5,1
25,0.15,459|Lamp|0,1
25,0.15,459|Lamp|1,0
25,0.15,459|Lamp|2,0
25,0.15,462|People|0,1
25,0.15,462|People|1,1
25,0.15,462|People|2,1
25,0.15,462|People|3,1
25,0.15,462|People|4,1
25,0.15,462|People|5,1
25,0.15,462|People|6,1
25,0.15,462|Lamp|0,1
25,0.15,462|Lamp|1,0
25,0.15,466|People|0,1
25,0.15,466|People|1,1
25,0.15,466|People|2,1
25,0.15,466|People|3,1
25,0.15,466|People|4,1
25,0.15,466|People|5,1
25,0.15,466|Lamp|0,1
25,0.15,466|Lamp|1,0
25,0.15,468|People|0,1
25,0.15,468|People|1,1
25,0.15,468|People|2,1
25,0.15,468|People|3,1
25,0.15,468|People|4,1
25,0.15,468|People|5,1
25,0.15,468|People|6,1
25,0.15,468|Lamp|0,1
25,0.15,468|Lamp|1,0
25,0.15,470|People|0,1
25,0.15,470|People|1,0
25,0.15,470|Lamp|0,1
25,0.15,476|People|0,0
25,0.15,476|People|1,1
25,0.15,476|Lamp|0,0
25,0.15,478|People|0,0
25,0.15,478|Lamp|0,0
25,0.15,479|People|0,1
25,0.15,479|Lamp|0,1
25,0.15,480|People|0,1
25,0.15,480|People|1,0
25,0.15,480|People|2,0
25,0.15,480|Lamp|0,0
25,0.15,486|People|0,1
25,0.15,486|People|1,0
25,0.15,486|People|2,0
25,0.15,486|People|3,0
25,0.15,486|People|4,1
25,0.15,486|People|5,1
25,0.15,486|People|6,0
25,0.15,486|Lamp|0,0
25,0.15,489|People|0,1
25,0.15,489|People|1,0
25,0.15,489|People|2,1
25,0.15,489|People|3,1
25,0.15,489|People|4,0
25,0.15,489|People|5,0
25,0.15,489|People|6,0
25,0.15,489|People|7,0
25,0.15,489|People|8,0
25,0.15,489|People|9,0
25,0.15,489|Lamp|0,1
25,0.15,489|Lamp|1,0
25,0.15,493|People|0,0
25,0.15,493|People|1,1
25,0.15,493|People|2,1
25,0.15,493|People|3,1
25,0.15,493|People|4,1
25,0.15,493|People|5,1
25,0.15,493|People|6,1
25,0.15,493|People|7,0
25,0.15,493|Lamp|0,0
25,0.15,494|People|0,1
25,0.15,494|People|1,0
25,0.15,494|People|2,0
25,0.15,494|People|3,0
25,0.15,494|People|4,0
25,0.15,494|Lamp|0,1
25,0.15,494|Lamp|1,1
25,0.15,494|Lamp|2,1
25,0.15,503|People|0,0
25,0.15,503|People|1,0
25,0.15,503|Lamp|0,1
25,0.15,503|Lamp|1,1
25,0.15,505|People|0,0
25,0.15,505|People|1,0
25,0.15,505|People|2,0
25,0.15,505|People|3,0
25,0.15,505|People|4,1
25,0.15,505|Lamp|0,1
25,0.15,507|People|0,1
25,0.15,507|People|1,0
25,0.15,507|People|2,0
25,0.15,507|People|3,0
25,0.15,507|People|4,0
25,0.15,507|People|5,1
25,0.15,507|People|6,1
25,0.15,507|Lamp|0,0
25,0.15,1190|People|0,0
25,0.15,1190|People|1,0
25,0.15,1190|People|2,0
25,0.15,1190|People|3,0
25,0.15,1190|People|4,0
25,0.15,1190|People|5,0
25,0.15,1190|People|6,1
25,0.15,1190|People|7,0
25,0.15,1190|Lamp|0,0
25,0.15,1196|People|0,0
25,0.15,1196|People|1,0
25,0.15,1196|Lamp|0,0
25,0.15,1199|People|0,0
25,0.15,1199|People|1,0
25,0.15,1199|People|2,0
25,0.15,1199|Lamp|0,1
25,0.15,1200|People|0,0
25,0.15,1200|People|1,1
25,0.15,1200|Lamp|0,0
25,0.15,1204|People|0,1
25,0.15,1204|People|1,1
25,0.15,1204|People|2,0
25,0.15,1204|People|3,0
25,0.15,1204|Lamp|0,0
25,0.15,1206|People|0,1
25,0.15,1206|People|1,1
25,0.15,1206|People|2,0
25,0.15,1206|Lamp|0,0
25,0.15,1207|People|0,1
25,0.15,1207|People|1,1
25,0.15,1207|People|2,0
25,0.15,1207|Lamp|0,0
25,0.15,1211|People|0,1
25,0.15,1211|People|1,1
25,0.15,1211|People|2,0
25,0.15,1211|People|3,0
25,0.15,1211|Lamp|0,0
25,0.15,1213|People|0,1
25,0.15,1213|People|1,1
25,0.15,1213|Lamp|0,0
25,0.15,1216|People|0,1
25,0.15,1216|People|1,1
25,0.15,1216|Lamp|0,0
25,0.15,1218|People|0,1
25,0.15,1218|People|1,1
25,0.15,1218|Lamp|0,0
25,0.15,1219|People|0,1
25,0.15,1219|People|1,0
25,0.15,1219|People|2,0
25,0.15,1219|People|3,0
25,0.15,1219|Lamp|0,1
25,0.15,1219|Lamp|1,1
25,0.15,1221|People|0,1
25,0.15,1221|People|1,1
25,0.15,1221|People|2,0
25,0.15,1221|Lamp|0,0
25,0.15,1222|People|0,1
25,0.15,1222|People|1,0
25,0.15,1222|People|2,0
25,0.15,1222|Lamp|0,0
25,0.15,1225|People|0,0
25,0.15,1225|People|1,0
25,0.15,1225|People|2,0
25,0.15,1225|People|3,0
25,0.15,1225|People|4,0
25,0.15,1225|People|5,0
25,0.15,1225|People|6,0
25,0.15,1225|Lamp|0,1
25,0.15,1225|Lamp|1,0
25,0.15,1226|People|0,0
25,0.15,1226|People|1,0
25,0.15,1226|People|2,0
25,0.15,1226|People|3,0
25,0.15,1226|People|4,0
25,0.15,1226|Lamp|0,0
25,0.15,1226|Lamp|1,1
25,0.15,1226|Lamp|2,0
25,0.15,1228|People|0,0
25,0.15,1228|Lamp|0,1
25,0.15,1266|People|0,0
25,0.15,1266|People|1,0
25,0.15,1266|Lamp|0,1
25,0.15,1266|Lamp|1,1
25,0.15,1268|People|0,1
25,0.15,1268|Lamp|0,1
25,0.15,1268|Lamp|1,0
25,0.15,1268|Lamp|2,0
25,0.15,1268|Lamp|3,0
25,0.15,1273|People|0,0
25,0.15,1273|Lamp|0,0
25,0.15,1273|Lamp|1,0
25,0.15,1274|People|0,0
25,0.15,1274|Lamp|0,0
25,0.15,1274|Lamp|1,1
25,0.15,1274|Lamp|2,0
25,0.15,1285|People|0,1
25,0.15,1285|Lamp|0,1
25,0.15,1285|Lamp|1,1
25,0.15,1285|Lamp|2,1
25,0.15,1291|People|0,0
25,0.15,1291|Lamp|0,0
25,0.15,1291|Lamp|1,1
25,0.15,1295|People|0,1
25,0.15,1295|People|1,0
25,0.15,1295|People|2,0
25,0.15,1295|Lamp|0,1
25,0.15,1299|People|0,1
25,0.15,1299|People|1,0
25,0.15,1299|People|2,0
25,0.15,1299|Lamp|0,0
25,0.15,2046|People|0,1
25,0.15,2046|People|1,1
25,0.15,2046|Lamp|0,1
25,0.15,2046|Lamp|1,1
25,0.15,2046|Lamp|2,1
25,0.15,2046|Lamp|3,0
25,0.15,2050|People|0,1
25,0.15,2050|People|1,0
25,0.15,2050|Lamp|0,0
25,0.15,2050|Lamp|1,0
25,0.15,2050|Lamp|2,1
25,0.15,2050|Lamp|3,0
25,0.15,2051|People|0,1
25,0.15,2051|People|1,0
25,0.15,2051|Lamp|0,0
25,0.15,2051|Lamp|1,0
25,0.15,2051|Lamp|2,1
25,0.15,2051|Lamp|3,0
25,0.15,2052|People|0,1
25,0.15,2052|People|1,0
25,0.15,2052|Lamp|0,1
25,0.15,2052|Lamp|1,1
25,0.15,2052|Lamp|2,0
25,0.15,2052|Lamp|3,1
25,0.15,2056|People|0,1
25,0.15,2056|People|1,1
25,0.15,2056|Lamp|0,1
25,0.15,2056|Lamp|1,0
25,0.15,2056|Lamp|2,1
25,0.15,2056|Lamp|3,0
25,0.15,2057|People|0,1
25,0.15,2057|People|1,1
25,0.15,2057|Lamp|0,1
25,0.15,2057|Lamp|1,0
25,0.15,2057|Lamp|2,0
25,0.15,2057|Lamp|3,1
25,0.15,2058|People|0,1
25,0.15,2058|People|1,1
25,0.15,2058|Lamp|0,0
25,0.15,2058|Lamp|1,0
25,0.15,2058|Lamp|2,1
25,0.15,2058|Lamp|3,0
25,0.15,2058|Lamp|4,0
25,0.15,2058|Lamp|5,0
25,0.15,2059|People|0,1
25,0.15,2059|People|1,0
25,0.15,2059|Lamp|0,1
25,0.15,2059|Lamp|1,0
25,0.15,2059|Lamp|2,0
25,0.15,2059|Lamp|3,0
25,0.15,2061|People|0,1
25,0.15,2061|People|1,1
25,0.15,2061|Lamp|0,1
25,0.15,2061|Lamp|1,0
25,0.15,2061|Lamp|2,0
25,0.15,2061|Lamp|3,1
25,0.15,2061|Lamp|4,0
25,0.15,2061|Lamp|5,0
25,0.15,2065|People|0,1
25,0.15,2065|People|1,1
25,0.15,2065|Lamp|0,0
25,0.15,2065|Lamp|1,0
25,0.15,2065|Lamp|2,1
25,0.15,2065|Lamp|3,0
25,0.15,2065|Lamp|4,0
25,0.15,2065|Lamp|5,1
25,0.15,2067|People|0,1
25,0.15,2067|People|1,0
25,0.15,2067|Lamp|0,1
25,0.15,2067|Lamp|1,0
25,0.15,2067|Lamp|2,0
25,0.15,2067|Lamp|3,1
25,0.15,2068|People|0,1
25,0.15,2068|People|1,0
25,0.15,2068|Lamp|0,1
25,0.15,2068|Lamp|1,1
25,0.15,2068|Lamp|2,0
25,0.15,2068|Lamp|3,0
25,0.15,2069|People|0,1
25,0.15,2069|People|1,0
25,0.15,2069|Lamp|0,1
25,0.15,2069|Lamp|1,1
25,0.15,2069|Lamp|2,0
25,0.15,2069|Lamp|3,0
25,0.15,2069|Lamp|4,0
25,0.15,2069|Lamp|5,0
25,0.15,2070|People|0,1
25,0.15,2070|People|1,0
25,0.15,2070|Lamp|0,1
25,0.15,2070|Lamp|1,0
25,0.15,2070|Lamp|2,1
25,0.15,2070|Lamp|3,1
25,0.15,2072|People|0,1
25,0.15,2072|People|1,1
25,0.15,2072|Lamp|0,1
25,0.15,2072|Lamp|1,1
25,0.15,2072|Lamp|2,0
25,0.15,2072|Lamp|3,0
25,0.15,2072|Lamp|4,0
25,0.15,2072|Lamp|5,1
25,0.15,2073|People|0,1
25,0.15,2073|People|1,0
25,0.15,2073|Lamp|0,1
25,0.15,2073|Lamp|1,0
25,0.15,2073|Lamp|2,1
25,0.15,2073|Lamp|3,0
25,0.15,2073|Lamp|4,0
25,0.15,2073|Lamp|5,1
25,0.15,2074|People|0,1
25,0.15,2074|People|1,0
25,0.15,2074|Lamp|0,1
25,0.15,2074|Lamp|1,0
25,0.15,2074|Lamp|2,0
25,0.15,2074|Lamp|3,0
25,0.15,2074|Lamp|4,1
25,0.15,2074|Lamp|5,1
25,0.15,2074|Lamp|6,0
25,0.15,2074|Lamp|7,1
25,0.15,2076|People|0,1
25,0.15,2076|People|1,1
25,0.15,2076|Lamp|0,1
25,0.15,2076|Lamp|1,0
25,0.15,2076|Lamp|2,0
25,0.15,2076|Lamp|3,0
25,0.15,2076|Lamp|4,1
25,0.15,2076|Lamp|5,1
25,0.15,2076|Lamp|6,1
25,0.15,2076|Lamp|7,0
25,0.15,2082|People|0,1
25,0.15,2082|People|1,1
25,0.15,2082|Lamp|0,0
25,0.15,2082|Lamp|1,0
25,0.15,2082|Lamp|2,0
25,0.15,2082|Lamp|3,0
25,0.15,2082|Lamp|4,1
25,0.15,2082|Lamp|5,0
25,0.15,2084|People|0,1
25,0.15,2084|People|1,1
25,0.15,2084|Lamp|0,1
25,0.15,2084|Lamp|1,1
25,0.15,2084|Lamp|2,0
25,0.15,2084|Lamp|3,0
25,0.15,2084|Lamp|4,0
25,0.15,2084|Lamp|5,0
25,0.15,2087|People|0,1
25,0.15,2087|People|1,1
25,0.15,2087|Lamp|0,0
25,0.15,2087|Lamp|1,1
25,0.15,2087|Lamp|2,1
25,0.15,2090|People|0,1
25,0.15,2090|People|1,1
25,0.15,2090|Lamp|0,0
25,0.15,2090|Lamp|1,0
25,0.15,2090|Lamp|2,1
25,0.15,2090|Lamp|3,1
25,0.15,2091|People|0,1
25,0.15,2091|People|1,1
25,0.15,2091|Lamp|0,0
25,0.15,2091|Lamp|1,1
25,0.15,2091|Lamp|2,1
25,0.15,2091|Lamp|3,0
25,0.15,2091|Lamp|4,0
25,0.15,2091|Lamp|5,1
25,0.15,2092|People|0,1
25,0.15,2092|People|1,1
25,0.15,2092|Lamp|0,0
25,0.15,2092|Lamp|1,0
25,0.15,2092|Lamp|2,1
25,0.15,2092|Lamp|3,0
25,0.15,2092|Lamp|4,0
25,0.15,2092|Lamp|5,1
25,0.15,2093|People|0,1
25,0.15,2093|People|1,0
25,0.15,2093|Lamp|0,0
25,0.15,2093|Lamp|1,0
25,0.15,2093|Lamp|2,0
25,0.15,2093|Lamp|3,0
25,0.15,2093|Lamp|4,1
25,0.15,2093|Lamp|5,1
25,0.15,2120|People|0,1
25,0.15,2120|People|1,1
25,0.15,2120|People|2,0
25,0.15,2120|Lamp|0,1
25,0.15,2127|People|0,0
25,0.15,2127|People|1,0
25,0.15,2127|People|2,1
25,0.15,2127|Lamp|0,1
25,0.15,2127|Lamp|1,0
25,0.15,2127|Lamp|2,0
25,0.15,2127|Lamp|3,0
25,0.15,2129|People|0,1
25,0.15,2129|People|1,1
25,0.15,2129|People|2,0
25,0.15,2129|Lamp|0,0
25,0.15,2129|Lamp|1,1
25,0.15,2139|People|0,1
25,0.15,2139|Lamp|0,1
25,0.15,2139|Lamp|1,1
25,0.15,2139|Lamp|2,1
25,0.15,2140|People|0,0
25,0.15,2140|Lamp|0,1
25,0.15,2140|Lamp|1,1
25,0.15,2140|Lamp|2,0
25,0.15,2149|People|0,1
25,0.15,2149|Lamp|0,1
25,0.15,2149|Lamp|1,1
25,0.15,2150|People|0,1
25,0.15,2150|Lamp|0,1
25,0.15,2150|Lamp|1,1
25,0.15,2151|People|0,1
25,0.15,2151|Lamp|0,1
25,0.15,2151|Lamp|1,1
25,0.15,2158|People|0,0
25,0.15,2158|Lamp|0,1
25,0.15,2158|Lamp|1,1
25,0.15,2160|People|0,1
25,0.15,2160|Lamp|0,1
25,0.15,2160|Lamp|1,1
25,0.15,2190|People|0,1
25,0.15,2190|People|1,0
25,0.15,2190|People|2,1
25,0.15,2190|Lamp|0,1
25,0.15,2190|Lamp|1,1
25,0.15,2191|People|0,1
25,0.15,2191|People|1,0
25,0.15,2191|People|2,1
25,0.15,2191|Lamp|0,1
25,0.15,2191|Lamp|1,1
25,0.15,2193|People|0,1
25,0.15,2193|People|1,1
25,0.15,2193|People|2,0
25,0.15,2193|Lamp|0,1
25,0.15,2193|Lamp|1,1
25,0.15,2195|People|0,1
25,0.15,2195|People|1,1
25,0.15,2195|People|2,1
25,0.15,2195|Lamp|0,1
25,0.15,2195|Lamp|1,1
25,0.15,2200|People|0,0
25,0.15,2200|Lamp|0,1
25,0.15,2200|Lamp|1,1
25,0.15,2217|People|0,0
25,0.15,2217|Lamp|0,0
25,0.15,2217|Lamp|1,0
25,0.15,2218|People|0,0
25,0.15,2218|Lamp|0,0
25,0.15,2218|Lamp|1,0
25,0.15,2226|People|0,0
25,0.15,2226|Lamp|0,1
25,0.15,2226|Lamp|1,1
25,0.15,2226|Lamp|2,1
25,0.15,2226|Lamp|3,1
25,0.15,2226|Lamp|4,1
25,0.15,2292|People|0,0
25,0.15,2292|Lamp|0,0
25,0.15,2292|Lamp|1,0
25,0.15,2292|Lamp|2,0
25,0.15,2292|Lamp|3,0
25,0.15,2293|People|0,0
25,0.15,2293|Lamp|0,0
25,0.15,2293|Lamp|1,0
25,0.15,2293|Lamp|2,0
25,0.15,2293|Lamp|3,0
25,0.15,2295|People|0,0
25,0.15,2295|Lamp|0,0
25,0.15,2295|Lamp|1,0
25,0.15,2295|Lamp|2,0
25,0.15,2295|Lamp|3,0
25,0.15,2295|Lamp|4,0
25,0.15,2295|Lamp|5,0
25,0.15,2295|Lamp|6,0
25,0.15,2295|Lamp|7,0
25,0.15,2297|People|0,0
25,0.15,2297|Lamp|0,0
25,0.15,2297|Lamp|1,0
25,0.15,2297|Lamp|2,0
25,0.15,2297|Lamp|3,0
25,0.15,2297|Lamp|4,0
25,0.15,2298|People|0,0
25,0.15,2298|Lamp|0,0
25,0.15,2298|Lamp|1,0
25,0.15,2298|Lamp|2,0
25,0.15,2298|Lamp|3,0
25,0.15,2298|Lamp|4,1
25,0.15,2299|People|0,0
25,0.15,2299|Lamp|0,0
25,0.15,2299|Lamp|1,0
25,0.15,2299|Lamp|2,0
25,0.15,2299|Lamp|3,0
25,0.15,2299|Lamp|4,0
25,0.15,2299|Lamp|5,1
25,0.15,2328|People|0,1
25,0.15,2328|People|1,0
25,0.15,2328|People|2,0
25,0.15,2328|Lamp|0,0
25,0.15,2332|People|0,1
25,0.15,2332|People|1,1
25,0.15,2332|People|2,0
25,0.15,2332|People|3,0
25,0.15,2332|Lamp|0,0
25,0.15,2335|People|0,1
25,0.15,2335|People|1,1
25,0.15,2335|People|2,0
25,0.15,2335|People|3,0
25,0.15,2335|Lamp|0,0
25,0.15,2337|People|0,0
25,0.15,2337|People|1,0
25,0.15,2337|Lamp|0,0
25,0.15,2453|People|0,0
25,0.15,2453|People|1,0
25,0.15,2453|Lamp|0,0
25,0.15,2456|People|0,1
25,0.15,2456|Lamp|0,0
25,0.15,2456|Lamp|1,0
25,0.15,2456|Lamp|2,0
25,0.15,2457|People|0,1
25,0.15,2457|Lamp|0,0
25,0.15,2457|Lamp|1,0
25,0.15,2457|Lamp|2,0
25,0.15,2457|Lamp|3,0
25,0.15,2465|People|0,0
25,0.15,2465|Lamp|0,0
25,0.15,2465|Lamp|1,0
25,0.15,2465|Lamp|2,0
25,0.15,2467|People|0,0
25,0.15,2467|Lamp|0,0
25,0.15,2467|Lamp|1,0
25,0.15,2468|People|0,0
25,0.15,2468|People|1,0
25,0.15,2468|Lamp|0,0
25,0.15,2468|Lamp|1,0
25,0.15,2478|People|0,1
25,0.15,2478|People|1,1
25,0.15,2478|People|2,0
25,0.15,2478|People|3,0
25,0.15,2478|Lamp|0,1
25,0.15,2478|Lamp|1,1
25,0.15,2489|People|0,0
25,0.15,2489|People|1,1
25,0.15,2489|People|2,0
25,0.15,2489|People|3,1
25,0.15,2489|People|4,0
25,0.15,2489|People|5,1
25,0.15,2489|Lamp|0,0
25,0.15,2489|Lamp|1,0
25,0.15,2490|People|0,0
25,0.15,2490|People|1,1
25,0.15,2490|People|2,0
25,0.15,2490|People|3,0
25,0.15,2490|People|4,0
25,0.15,2490|Lamp|0,0
25,0.15,2490|Lamp|1,0
25,0.15,2491|People|0,0
25,0.15,2491|People|1,1
25,0.15,2491|People|2,1
25,0.15,2491|People|3,0
25,0.15,2491|People|4,0
25,0.15,2491|Lamp|0,0
25,0.15,2491|Lamp|1,0
25,0.15,2602|People|0,0
25,0.15,2602|Lamp|0,0
25,0.15,2602|Lamp|1,0
25,0.15,2602|Lamp|2,0
25,0.15,2606|People|0,1
25,0.15,2606|Lamp|0,0
25,0.15,2606|Lamp|1,0
25,0.15,2607|People|0,0
25,0.15,2607|Lamp|0,0
25,0.15,2607|Lamp|1,0
25,0.15,2622|People|0,1
25,0.15,2622|People|1,0
25,0.15,2622|People|2,0
25,0.15,2622|Lamp|0,1
25,0.15,2622|Lamp|1,1
25,0.15,2622|Lamp|2,1
25,0.15,2717|People|0,0
25,0.15,2717|People|1,0
25,0.15,2717|People|2,0
25,0.15,2717|Lamp|0,0
25,0.15,2720|People|0,0
25,0.15,2720|People|1,0
25,0.15,2720|People|2,0
25,0.15,2720|Lamp|0,0
25,0.15,2721|People|0,0
25,0.15,2721|People|1,0
25,0.15,2721|Lamp|0,0
25,0.15,2727|People|0,1
25,0.15,2727|People|1,0
25,0.15,2727|People|2,0
25,0.15,2727|People|3,0
25,0.15,2727|Lamp|0,0
25,0.15,2732|People|0,0
25,0.15,2732|People|1,0
25,0.15,2732|Lamp|0,0
25,0.15,2735|People|0,0
25,0.15,2735|People|1,0
25,0.15,2735|Lamp|0,0
25,0.15,2736|People|0,0
25,0.15,2736|People|1,0
25,0.15,2736|Lamp|0,0
25,0.15,2738|People|0,0
25,0.15,2738|People|1,0
25,0.15,2738|People|2,0
25,0.15,2738|Lamp|0,0
25,0.15,2940|People|0,1
25,0.15,2940|Lamp|0,0
25,0.15,2940|Lamp|1,0
25,0.15,2942|People|0,1
25,0.15,2942|Lamp|0,0
25,0.15,2942|Lamp|1,0
25,0.15,2942|Lamp|2,0
25,0.15,2942|Lamp|3,0
25,0.15,2942|Lamp|4,0
25,0.15,2945|People|0,0
25,0.15,2945|Lamp|0,0
25,0.15,2945|Lamp|1,0
25,0.15,2945|Lamp|2,0
25,0.15,2947|People|0,1
25,0.15,2947|Lamp|0,1
25,0.15,2947|Lamp|1,1
25,0.15,2947|Lamp|2,0
25,0.15,2947|Lamp|3,0
25,0.15,2947|Lamp|4,0
25,0.15,2949|People|0,0
25,0.15,2949|Lamp|0,1
25,0.15,2949|Lamp|1,0
25,0.15,2949|Lamp|2,0
25,0.15,2949|Lamp|3,0
25,0.15,2949|Lamp|4,0
25,0.15,2949|Lamp|5,0
25,0.15,2950|People|0,0
25,0.15,2950|People|1,0
25,0.15,2950|Lamp|0,1
25,0.15,2950|Lamp|1,0
25,0.15,2950|Lamp|2,0
25,0.15,2950|Lamp|3,0
25,0.15,2950|Lamp|4,0
25,0.15,2951|People|0,0
25,0.15,2951|Lamp|0,1
25,0.15,2951|Lamp|1,0
25,0.15,2951|Lamp|2,0
25,0.15,2951|Lamp|3,0
25,0.15,2951|Lamp|4,0
25,0.15,2953|People|0,0
25,0.15,2953|Lamp|0,0
25,0.15,2953|Lamp|1,1
25,0.15,2953|Lamp|2,0
25,0.15,2953|Lamp|3,0
25,0.15,2957|People|0,0
25,0.15,2957|Lamp|0,1
25,0.15,2957|Lamp|1,0
25,0.15,2957|Lamp|2,1
25,0.15,2957|Lamp|3,0
25,0.15,2957|Lamp|4,0
25,0.15,2957|Lamp|5,0
25,0.15,3024|People|0,0
25,0.15,3024|Lamp|0,1
25,0.15,3024|Lamp|1,0
25,0.15,3052|People|0,0
25,0.15,3052|Lamp|0,0
25,0.15,3053|People|0,0
25,0.15,3053|People|1,0
25,0.15,3053|Lamp|0,0
25,0.15,3053|Lamp|1,0
25,0.15,3054|People|0,0
25,0.15,3054|People|1,0
25,0.15,3054|People|2,0
25,0.15,3054|Lamp|0,0
25,0.15,3054|Lamp|1,0
25,0.15,3057|People|0,0
25,0.15,3057|People|1,0
25,0.15,3057|Lamp|0,0
25,0.15,3057|Lamp|1,0
25,0.15,3059|People|0,1
25,0.15,3059|People|1,0
25,0.15,3059|People|2,0
25,0.15,3059|Lamp|0,0
25,0.15,3059|Lamp|1,0
25,0.15,3060|People|0,1
25,0.15,3060|People|1,1
25,0.15,3060|People|2,0
25,0.15,3060|People|3,0
25,0.15,3060|Lamp|0,0
25,0.15,3060|Lamp|1,0
25,0.15,3061|People|0,0
25,0.15,3061|People|1,1
25,0.15,3061|People|2,1
25,0.15,3061|People|3,0
25,0.15,3061|Lamp|0,0
25,0.15,3061|Lamp|1,0
25,0.15,3063|People|0,1
25,0.15,3063|People|1,0
25,0.15,3063|Lamp|0,0
25,0.15,3063|Lamp|1,0
25,0.15,3063|Lamp|2,0
25,0.15,3063|Lamp|3,0
25,0.15,3066|People|0,0
25,0.15,3066|Lamp|0,0
25,0.15,3066|Lamp|1,0
25,0.15,3066|Lamp|2,1
25,0.15,3066|Lamp|3,0
25,0.15,3066|Lamp|4,0
25,0.15,3066|Lamp|5,0
25,0.15,3072|People|0,1
25,0.15,3072|People|1,0
25,0.15,3072|People|2,0
25,0.15,3072|People|3,0
25,0.15,3072|People|4,0
25,0.15,3072|People|5,0
25,0.15,3072|People|6,1
25,0.15,3072|People|7,0
25,0.15,3072|Lamp|0,0
25,0.15,3072|Lamp|1,1
25,0.15,3072|Lamp|2,0
25,0.15,3072|Lamp|3,0
25,0.15,3072|Lamp|4,0
25,0.15,3072|Lamp|5,0
25,0.15,3072|Lamp|6,0
25,0.15,3072|Lamp|7,0
25,0.15,3078|People|0,1
25,0.15,3078|People|1,1
25,0.15,3078|People|2,1
25,0.15,3078|People|3,1
25,0.15,3078|People|4,0
25,0.15,3078|People|5,0
25,0.15,3078|People|6,0
25,0.15,3078|Lamp|0,1
25,0.15,3078|Lamp|1,1
25,0.15,3078|Lamp|2,0
25,0.15,3078|Lamp|3,0
25,0.15,3079|People|0,1
25,0.15,3079|People|1,1
25,0.15,3079|People|2,0
25,0.15,3079|People|3,0
25,0.15,3079|Lamp|0,1
25,0.15,3079|Lamp|1,1
25,0.15,3079|Lamp|2,1
25,0.15,3116|People|0,1
25,0.15,3116|Lamp|0,1
25,0.15,3116|Lamp|1,1
25,0.15,3118|People|0,1
25,0.15,3118|Lamp|0,1
25,0.15,3118|Lamp|1,1
25,0.15,3119|People|0,1
25,0.15,3119|Lamp|0,1
25,0.15,3119|Lamp|1,1
25,0.15,3121|People|0,1
25,0.15,3121|Lamp|0,1
25,0.15,3121|Lamp|1,1
25,0.15,3124|People|0,1
25,0.15,3124|Lamp|0,0
25,0.15,3124|Lamp|1,1
25,0.15,3125|People|0,1
25,0.15,3125|Lamp|0,1
25,0.15,3125|Lamp|1,1
25,0.15,3302|People|0,1
25,0.15,3302|Lamp|0,1
25,0.15,3302|Lamp|1,1
25,0.15,3302|Lamp|2,1
25,0.15,3302|Lamp|3,0
25,0.15,3313|People|0,1
25,0.15,3313|People|1,0
25,0.15,3313|Lamp|0,0
25,0.15,3313|Lamp|1,0
25,0.15,3347|People|0,1
25,0.15,3347|People|1,0
25,0.15,3347|People|2,0
25,0.15,3347|Lamp|0,0
25,0.15,3347|Lamp|1,0
25,0.15,3349|People|0,0
25,0.15,3349|People|1,0
25,0.15,3349|People|2,0
25,0.15,3349|Lamp|0,0
25,0.15,3349|Lamp|1,0
25,0.15,3350|People|0,1
25,0.15,3350|People|1,0
25,0.15,3350|People|2,0
25,0.15,3350|People|3,0
25,0.15,3350|People|4,0
25,0.15,3350|Lamp|0,0
25,0.15,3350|Lamp|1,0
25,0.15,3378|People|0,0
25,0.15,3378|People|1,0
25,0.15,3378|People|2,1
25,0.15,3378|People|3,0
25,0.15,3378|Lamp|0,0
25,0.15,3378|Lamp|1,1
25,0.15,3378|Lamp|2,0
25,0.15,3378|Lamp|3,1
25,0.15,3378|Lamp|4,0
25,0.15,3381|People|0,0
25,0.15,3381|People|1,1
25,0.15,3381|People|2,1
25,0.15,3381|People|3,0
25,0.15,3381|People|4,0
25,0.15,3381|Lamp|0,1
25,0.15,3381|Lamp|1,1
25,0.15,3381|Lamp|2,1
25,0.15,3381|Lamp|3,0
25,0.15,3381|Lamp|4,0
25,0.15,3382|People|0,0
25,0.15,3382|People|1,1
25,0.15,3382|People|2,1
25,0.15,3382|Lamp|0,1
25,0.15,3382|Lamp|1,1
25,0.15,3382|Lamp|2,1
25,0.15,3382|Lamp|3,0
25,0.15,3382|Lamp|4,0
25,0.15,3383|People|0,0
25,0.15,3383|People|1,1
25,0.15,3383|People|2,1
25,0.15,3383|Lamp|0,1
25,0.15,3383|Lamp|1,1
25,0.15,3383|Lamp|2,1
25,0.15,3383|Lamp|3,0
25,0.15,3383|Lamp|4,0
25,0.15,3384|People|0,0
25,0.15,3384|People|1,0
25,0.15,3384|People|2,1
25,0.15,3384|People|3,1
25,0.15,3384|Lamp|0,1
25,0.15,3384|Lamp|1,1
25,0.15,3384|Lamp|2,1
25,0.15,3384|Lamp|3,0
25,0.15,3384|Lamp|4,0
25,0.15,3389|People|0,0
25,0.15,3389|People|1,1
25,0.15,3389|People|2,0
25,0.15,3389|People|3,1
25,0.15,3389|Lamp|0,1
25,0.15,3389|Lamp|1,0
25,0.15,3389|Lamp|2,1
25,0.15,3389|Lamp|3,0
25,0.15,3389|Lamp|4,0
25,0.15,3390|People|0,1
25,0.15,3390|People|1,0
25,0.15,3390|People|2,1
25,0.15,3390|People|3,1
25,0.15,3390|Lamp|0,1
25,0.15,3390|Lamp|1,0
25,0.15,3390|Lamp|2,0
25,0.15,3390|Lamp|3,0
25,0.15,3390|Lamp|4,0
25,0.15,3392|People|0,0
25,0.15,3392|People|1,1
25,0.15,3392|People|2,1
25,0.15,3392|People|3,0
25,0.15,3392|People|4,0
25,0.15,3392|People|5,1
25,0.15,3392|Lamp|0,1
25,0.15,3392|Lamp|1,1
25,0.15,3392|Lamp|2,1
25,0.15,3392|Lamp|3,0
25,0.15,3392|Lamp|4,0
25,0.15,3395|People|0,1
25,0.15,3395|People|1,1
25,0.15,3395|People|2,0
25,0.15,3395|People|3,1
25,0.15,3395|People|4,0
25,0.15,3395|People|5,0
25,0.15,3395|People|6,0
25,0.15,3395|People|7,0
25,0.15,3395|Lamp|0,1
25,0.15,3395|Lamp|1,0
25,0.15,3395|Lamp|2,1
25,0.15,3395|Lamp|3,0
25,0.15,3395|Lamp|4,0
25,0.15,3397|People|0,1
25,0.15,3397|People|1,1
25,0.15,3397|People|2,0
25,0.15,3397|People|3,1
25,0.15,3397|People|4,0
25,0.15,3397|People|5,0
25,0.15,3397|People|6,0
25,0.15,3397|Lamp|0,1
25,0.15,3397|Lamp|1,0
25,0.15,3397|Lamp|2,1
25,0.15,3397|Lamp|3,0
25,0.15,3397|Lamp|4,0
25,0.15,3398|People|0,1
25,0.15,3398|People|1,1
25,0.15,3398|People|2,0
25,0.15,3398|People|3,0
25,0.15,3398|People|4,0
25,0.15,3398|People|5,1
25,0.15,3398|Lamp|0,1
25,0.15,3398|Lamp|1,1
25,0.15,3398|Lamp|2,1
25,0.15,3398|Lamp|3,0
25,0.15,3398|Lamp|4,0
25,0.15,3405|People|0,1
25,0.15,3405|People|1,0
25,0.15,3405|People|2,0
25,0.15,3405|Lamp|0,1
25,0.15,3405|Lamp|1,1
25,0.15,3405|Lamp|2,1
25,0.15,3405|Lamp|3,1
25,0.15,3408|People|0,1
25,0.15,3408|People|1,0
25,0.15,3408|People|2,0
25,0.15,3408|People|3,0
25,0.15,3408|Lamp|0,1
25,0.15,3408|Lamp|1,1
25,0.15,3408|Lamp|2,1
25,0.15,3408|Lamp|3,1
25,0.15,3409|People|0,0
25,0.15,3409|People|1,0
25,0.15,3409|Lamp|0,1
25,0.15,3409|Lamp|1,1
25,0.15,3409|Lamp|2,1
25,0.15,3409|Lamp|3,1
25,0.15,3566|People|0,0
25,0.15,3566|Lamp|0,1
25,0.15,3681|People|0,0
25,0.15,3681|Lamp|0,1
25,0.15,3681|Lamp|1,1
25,0.15,3681|Lamp|2,1
25,0.15,3681|Lamp|3,1
25,0.15,3682|People|0,0
25,0.15,3682|Lamp|0,1
25,0.15,3682|Lamp|1,1
25,0.15,3682|Lamp|2,1
25,0.15,3682|Lamp|3,1
25,0.15,3683|People|0,0
25,0.15,3683|Lamp|0,1
25,0.15,3683|Lamp|1,1
25,0.15,3683|Lamp|2,1
25,0.15,3683|Lamp|3,1
25,0.15,3687|People|0,0
25,0.15,3687|People|1,0
25,0.15,3687|People|2,0
25,0.15,3687|Lamp|0,1
25,0.15,3687|Lamp|1,1
25,0.15,3687|Lamp|2,1
25,0.15,3687|Lamp|3,1
25,0.15,3688|People|0,0
25,0.15,3688|People|1,0
25,0.15,3688|People|2,0
25,0.15,3688|Lamp|0,1
25,0.15,3688|Lamp|1,1
25,0.15,3688|Lamp|2,1
25,0.15,3688|Lamp|3,1
25,0.15,3689|People|0,0
25,0.15,3689|Lamp|0,0
25,0.15,3689|Lamp|1,0
25,0.15,3689|Lamp|2,0
25,0.15,3689|Lamp|3,0
25,0.2,63|People|0,1
25,0.2,63|People|1,1
25,0.2,63|People|2,1
25,0.2,63|People|3,1
25,0.2,63|People|4,0
25,0.2,63|Lamp|0,0
25,0.2,64|People|0,0
25,0.2,64|People|1,0
25,0.2,64|People|2,0
25,0.2,64|People|3,1
25,0.2,64|People|4,1
25,0.2,64|People|5,1
25,0.2,64|Lamp|0,0
25,0.2,71|People|0,0
25,0.2,71|People|1,0
25,0.2,71|Lamp|0,0
25,0.2,73|People|0,0
25,0.2,73|People|1,0
25,0.2,73|Lamp|0,0
25,0.2,78|People|0,0
25,0.2,78|People|1,1
25,0.2,78|People|2,1
25,0.2,78|People|3,1
25,0.2,78|People|4,0
25,0.2,78|People|5,0
25,0.2,78|Lamp|0,0
25,0.2,111|People|0,1
25,0.2,111|People|1,1
25,0.2,111|People|2,1
25,0.2,111|People|3,1
25,0.2,111|People|4,0
25,0.2,111|People|5,1
25,0.2,111|People|6,1
25,0.2,111|Lamp|0,1
25,0.2,111|Lamp|1,1
25,0.2,111|Lamp|2,0
25,0.2,111|Lamp|3,1
25,0.2,114|People|0,1
25,0.2,114|People|1,1
25,0.2,114|People|2,1
25,0.2,114|People|3,1
25,0.2,114|People|4,0
25,0.2,114|People|5,1
25,0.2,114|People|6,0
25,0.2,114|Lamp|0,0
25,0.2,114|Lamp|1,1
25,0.2,114|Lamp|2,1
25,0.2,116|People|0,1
25,0.2,116|People|1,1
25,0.2,116|People|2,1
25,0.2,116|People|3,1
25,0.2,116|People|4,1
25,0.2,116|People|5,1
25,0.2,116|People|6,1
25,0.2,116|People|7,0
25,0.2,116|Lamp|0,0
25,0.2,116|Lamp|1,1
25,0.2,116|Lamp|2,1
25,0.2,116|Lamp|3,1
25,0.2,118|People|0,1
25,0.2,118|People|1,1
25,0.2,118|People|2,1
25,0.2,118|People|3,1
25,0.2,118|People|4,1
25,0.2,118|People|5,0
25,0.2,118|People|6,1
25,0.2,118|People|7,1
25,0.2,118|Lamp|0,1
25,0.2,118|Lamp|1,1
25,0.2,118|Lamp|2,1
25,0.2,118|Lamp|3,1
25,0.2,123|People|0,1
25,0.2,123|People|1,1
25,0.2,123|People|2,0
25,0.2,123|People|3,0
25,0.2,123|People|4,1
25,0.2,123|People|5,0
25,0.2,123|People|6,1
25,0.2,123|Lamp|0,1
25,0.2,123|Lamp|1,1
25,0.2,123|Lamp|2,0
25,0.2,123|Lamp|3,1
25,0.2,123|Lamp|4,1
25,0.2,125|People|0,0
25,0.2,125|People|1,1
25,0.2,125|People|2,1
25,0.2,125|People|3,1
25,0.2,125|People|4,1
25,0.2,125|People|5,1
25,0.2,125|People|6,0
25,0.2,125|People|7,0
25,0.2,125|Lamp|0,1
25,0.2,125|Lamp|1,1
25,0.2,125|Lamp|2,1
25,0.2,125|Lamp|3,1
25,0.2,125|Lamp|4,1
25,0.2,126|People|0,0
25,0.2,126|People|1,1
25,0.2,126|People|2,1
25,0.2,126|People|3,0
25,0.2,126|People|4,0
25,0.2,126|People|5,1
25,0.2,126|People|6,0
25,0.2,126|People|7,1
25,0.2,126|People|8,0
25,0.2,126|Lamp|0,1
25,0.2,126|Lamp|1,1
25,0.2,126|Lamp|2,1
25,0.2,126|Lamp|3,1
25,0.2,126|Lamp|4,1
25,0.2,127|People|0,0
25,0.2,127|People|1,0
25,0.2,127|People|2,1
25,0.2,127|People|3,1
25,0.2,127|People|4,0
25,0.2,127|People|5,1
25,0.2,127|People|6,0
25,0.2,127|People|7,1
25,0.2,127|People|8,0
25,0.2,127|People|9,1
25,0.2,127|Lamp|0,1
25,0.2,127|Lamp|1,0
25,0.2,127|Lamp|2,1
25,0.2,127|Lamp|3,1
25,0.2,127|Lamp|4,1
25,0.2,129|People|0,0
25,0.2,129|People|1,1
25,0.2,129|People|2,1
25,0.2,129|People|3,0
25,0.2,129|People|4,1
25,0.2,129|People|5,0
25,0.2,129|People|6,0
25,0.2,129|People|7,1
25,0.2,129|Lamp|0,0
25,0.2,129|Lamp|1,0
25,0.2,129|Lamp|2,1
25,0.2,129|Lamp|3,1
25,0.2,129|Lamp|4,0
25,0.2,130|People|0,0
25,0.2,130|People|1,0
25,0.2,130|People|2,0
25,0.2,130|People|3,1
25,0.2,130|People|4,0
25,0.2,130|People|5,0
25,0.2,130|Lamp|0,0
25,0.2,130|Lamp|1,0
25,0.2,130|Lamp|2,1
25,0.2,130|Lamp|3,0
25,0.2,132|People|0,0
25,0.2,132|People|1,1
25,0.2,132|People|2,0
25,0.2,132|People|3,1
25,0.2,132|People|4,1
25,0.2,132|People|5,1
25,0.2,132|Lamp|0,1
25,0.2,132|Lamp|1,0
25,0.2,132|Lamp|2,0
25,0.2,132|Lamp|3,0
25,0.2,135|People|0,0
25,0.2,135|People|1,0
25,0.2,135|People|2,1
25,0.2,135|People|3,1
25,0.2,135|People|4,0
25,0.2,135|People|5,0
25,0.2,135|People|6,0
25,0.2,135|People|7,0
25,0.2,135|People|8,1
25,0.2,135|People|9,1
25,0.2,135|People|10,0
25,0.2,135|Lamp|0,0
25,0.2,135|Lamp|1,1
25,0.2,135|Lamp|2,0
25,0.2,136|People|0,0
25,0.2,136|People|1,0
25,0.2,136|People|2,1
25,0.2,136|People|3,0
25,0.2,136|People|4,1
25,0.2,136|People|5,1
25,0.2,136|People|6,1
25,0.2,136|People|7,0
25,0.2,136|Lamp|0,1
25,0.2,136|Lamp|1,0
25,0.2,136|Lamp|2,1
25,0.2,138|People|0,0
25,0.2,138|People|1,0
25,0.2,138|People|2,0
25,0.2,138|People|3,0
25,0.2,138|People|4,0
25,0.2,138|People|5,0
25,0.2,138|People|6,0
25,0.2,138|People|7,0
25,0.2,138|People|8,1
25,0.2,138|People|9,1
25,0.2,138|People|10,0
25,0.2,138|Lamp|0,1
25,0.2,138|Lamp|1,0
25,0.2,138|Lamp|2,1
25,0.2,143|People|0,0
25,0.2,143|People|1,0
25,0.2,143|People|2,1
25,0.2,143|People|3,0
25,0.2,143|People|4,0
25,0.2,143|People|5,0
25,0.2,143|People|6,0
25,0.2,143|Lamp|0,0
25,0.2,143|Lamp|1,0
25,0.2,144|People|0,0
25,0.2,144|People|1,1
25,0.2,144|People|2,1
25,0.2,144|People|3,0
25,0.2,144|People|4,0
25,0.2,144|People|5,0
25,0.2,144|People|6,0
25,0.2,144|Lamp|0,1
25,0.2,144|Lamp|1,0
25,0.2,147|People|0,1
25,0.2,147|People|1,0
25,0.2,147|People|2,1
25,0.2,147|People|3,0
25,0.2,147|People|4,0
25,0.2,147|People|5,0
25,0.2,147|People|6,1
25,0.2,147|People|7,0
25,0.2,147|People|8,0
25,0.2,147|People|9,1
25,0.2,147|People|10,0
25,0.2,147|People|11,0
25,0.2,147|Lamp|0,0
25,0.2,186|People|0,0
25,0.2,186|People|1,1
25,0.2,186|People|2,0
25,0.2,186|People|3,0
25,0.2,186|People|4,0
25,0.2,186|People|5,1
25,0.2,186|Lamp|0,1
25,0.2,187|People|0,0
25,0.2,187|People|1,1
25,0.2,187|People|2,0
25,0.2,187|People|3,0
25,0.2,187|People|4,0
25,0.2,187|People|5,0
25,0.2,187|Lamp|0,1
25,0.2,188|People|0,1
25,0.2,188|People|1,1
25,0.2,188|People|2,1
25,0.2,188|People|3,0
25,0.2,188|People|4,0
25,0.2,188|People|5,0
25,0.2,188|Lamp|0,1
25,0.2,191|People|0,1
25,0.2,191|People|1,1
25,0.2,191|People|2,1
25,0.2,191|People|3,1
25,0.2,191|People|4,1
25,0.2,191|People|5,1
25,0.2,191|Lamp|0,1
25,0.2,193|People|0,1
25,0.2,193|People|1,1
25,0.2,193|People|2,1
25,0.2,193|People|3,1
25,0.2,193|People|4,1
25,0.2,193|People|5,1
25,0.2,193|Lamp|0,1
25,0.2,196|People|0,1
25,0.2,196|People|1,1
25,0.2,196|People|2,1
25,0.2,196|People|3,1
25,0.2,196|People|4,1
25,0.2,196|People|5,0
25,0.2,196|People|6,1
25,0.2,196|People|7,1
25,0.2,196|People|8,1
25,0.2,196|Lamp|0,1
25,0.2,196|Lamp|1,1
25,0.2,196|Lamp|2,0
25,0.2,199|People|0,1
25,0.2,199|People|1,1
25,0.2,199|People|2,1
25,0.2,199|People|3,1
25,0.2,199|People|4,1
25,0.2,199|People|5,1
25,0.2,199|People|6,1
25,0.2,199|Lamp|0,1
25,0.2,199|Lamp|1,0
25,0.2,204|People|0,1
25,0.2,204|People|1,1
25,0.2,204|People|2,1
25,0.2,204|People|3,1
25,0.2,204|People|4,1
25,0.2,204|People|5,1
25,0.2,204|People|6,1
25,0.2,204|People|7,1
25,0.2,204|Lamp|0,1
25,0.2,204|Lamp|1,1
25,0.2,204|Lamp|2,0
25,0.2,205|People|0,0
25,0.2,205|People|1,1
25,0.2,205|People|2,1
25,0.2,205|People|3,1
25,0.2,205|People|4,1
25,0.2,205|People|5,1
25,0.2,205|People|6,1
25,0.2,205|People|7,0
25,0.2,205|People|8,1
25,0.2,205|Lamp|0,1
25,0.2,205|Lamp|1,1
25,0.2,205|Lamp|2,0
25,0.2,206|People|0,1
25,0.2,206|People|1,1
25,0.2,206|People|2,1
25,0.2,206|People|3,1
25,0.2,206|People|4,1
25,0.2,206|People|5,0
25,0.2,206|People|6,0
25,0.2,206|People|7,0
25,0.2,206|Lamp|0,1
25,0.2,209|People|0,1
25,0.2,209|Lamp|0,1
25,0.2,210|People|0,1
25,0.2,210|People|1,1
25,0.2,210|People|2,0
25,0.2,210|Lamp|0,1
25,0.2,213|People|0,1
25,0.2,213|People|1,1
25,0.2,213|People|2,1
25,0.2,213|People|3,0
25,0.2,213|People|4,0
25,0.2,213|People|5,0
25,0.2,213|People|6,0
25,0.2,213|People|7,0
25,0.2,213|Lamp|0,1
25,0.2,213|Lamp|1,1
25,0.2,213|Lamp|2,0
25,0.2,217|People|0,0
25,0.2,217|People|1,0
25,0.2,217|Lamp|0,0
25,0.2,222|People|0,1
25,0.2,222|People|1,1
25,0.2,222|People|2,0
25,0.2,222|People|3,1
25,0.2,222|People|4,1
25,0.2,222|People|5,1
25,0.2,222|People|6,1
25,0.2,222|People|7,0
25,0.2,222|People|8,1
25,0.2,222|Lamp|0,0
25,0.2,222|Lamp|1,0
25,0.2,222|Lamp|2,1
25,0.2,222|Lamp|3,1
25,0.2,222|Lamp|4,0
25,0.2,222|Lamp|5,1
25,0.2,222|Lamp|6,0
25,0.2,231|People|0,0
25,0.2,231|People|1,1
25,0.2,231|People|2,1
25,0.2,231|People|3,1
25,0.2,231|People|4,1
25,0.2,231|People|5,0
25,0.2,231|People|6,1
25,0.2,231|People|7,1
25,0.2,231|People|8,1
25,0.2,231|People|9,1
25,0.2,231|People|10,0
25,0.2,231|People|11,0
25,0.2,231|Lamp|0,1
25,0.2,231|Lamp|1,1
25,0.2,231|Lamp|2,1
25,0.2,231|Lamp|3,1
25,0.2,231|Lamp|4,1
25,0.2,232|People|0,0
25,0.2,232|People|1,0
25,0.2,232|People|2,0
25,0.2,232|People|3,1
25,0.2,232|People|4,0
25,0.2,232|People|5,1
25,0.2,232|People|6,1
25,0.2,232|People|7,1
25,0.2,232|People|8,1
25,0.2,232|People|9,0
25,0.2,232|People|10,0
25,0.2,232|People|11,0
25,0.2,232|Lamp|0,1
25,0.2,232|Lamp|1,0
25,0.2,232|Lamp|2,1
25,0.2,232|Lamp|3,1
25,0.2,232|Lamp|4,0
25,0.2,232|Lamp|5,0
25,0.2,240|People|0,0
25,0.2,240|People|1,0
25,0.2,240|People|2,1
25,0.2,240|People|3,1
25,0.2,240|People|4,1
25,0.2,240|People|5,1
25,0.2,240|People|6,0
25,0.2,240|Lamp|0,0
25,0.2,240|Lamp|1,0
25,0.2,240|Lamp|2,1
25,0.2,240|Lamp|3,0
25,0.2,240|Lamp|4,0
25,0.2,388|People|0,1
25,0.2,388|People|1,1
25,0.2,388|People|2,1
25,0.2,388|People|3,1
25,0.2,388|People|4,1
25,0.2,388|People|5,1
25,0.2,388|People|6,1
25,0.2,388|People|7,1
25,0.2,388|People|8,1
25,0.2,388|People|9,1
25,0.2,388|Lamp|0,1
25,0.2,389|People|0,1
25,0.2,389|People|1,1
25,0.2,389|People|2,0
25,0.2,389|People|3,1
25,0.2,389|People|4,1
25,0.2,389|People|5,1
25,0.2,389|People|6,1
25,0.2,389|People|7,1
25,0.2,389|People|8,1
25,0.2,389|People|9,1
25,0.2,389|Lamp|0,0
25,0.2,389|Lamp|1,1
25,0.2,392|People|0,1
25,0.2,392|People|1,1
25,0.2,392|People|2,0
25,0.2,392|People|3,1
25,0.2,392|Lamp|0,1
25,0.2,392|Lamp|1,1
25,0.2,394|People|0,1
25,0.2,394|People|1,1
25,0.2,394|People|2,1
25,0.2,394|People|3,1
25,0.2,394|People|4,1
25,0.2,394|People|5,1
25,0.2,394|Lamp|0,1
25,0.2,394|Lamp|1,1
25,0.2,395|People|0,0
25,0.2,395|People|1,0
25,0.2,395|People|2,1
25,0.2,395|People|3,1
25,0.2,395|People|4,1
25,0.2,395|People|5,1
25,0.2,395|People|6,1
25,0.2,395|Lamp|0,1
25,0.2,395|Lamp|1,1
25,0.2,396|People|0,0
25,0.2,396|People|1,0
25,0.2,396|People|2,1
25,0.2,396|People|3,1
25,0.2,396|People|4,1
25,0.2,396|People|5,1
25,0.2,396|Lamp|0,1
25,0.2,396|Lamp|1,1
25,0.2,409|People|0,1
25,0.2,409|People|1,1
25,0.2,409|People|2,0
25,0.2,409|People|3,1
25,0.2,409|People|4,1
25,0.2,409|Lamp|0,0
25,0.2,410|People|0,1
25,0.2,410|People|1,0
25,0.2,410|People|2,0
25,0.2,410|People|3,1
25,0.2,410|People|4,0
25,0.2,410|People|5,1
25,0.2,410|Lamp|0,1
25,0.2,413|People|0,1
25,0.2,413|People|1,1
25,0.2,413|People|2,1
25,0.2,413|People|3,0
25,0.2,413|People|4,0
25,0.2,413|People|5,0
25,0.2,413|Lamp|0,0
25,0.2,419|People|0,0
25,0.2,419|People|1,0
25,0.2,419|Lamp|0,1
25,0.2,419|Lamp|1,1
25,0.2,422|People|0,1
25,0.2,422|People|1,1
25,0.2,422|People|2,1
25,0.2,422|People|3,1
25,0.2,422|People|4,1
25,0.2,422|Lamp|0,0
25,0.2,425|People|0,0
25,0.2,425|People|1,1
25,0.2,425|People|2,1
25,0.2,425|People|3,1
25,0.2,425|People|4,0
25,0.2,425|People|5,1
25,0.2,425|People|6,1
25,0.2,425|People|7,0
25,0.2,425|Lamp|0,0
25,0.2,427|People|0,0
25,0.2,427|People|1,0
25,0.2,427|People|2,0
25,0.2,427|People|3,1
25,0.2,427|People|4,1
25,0.2,427|People|5,1
25,0.2,427|People|6,1
25,0.2,427|People|7,1
25,0.2,427|Lamp|0,0
25,0.2,428|People|0,0
25,0.2,428|People|1,0
25,0.2,428|People|2,1
25,0.2,428|People|3,1
25,0.2,428|People|4,1
25,0.2,428|People|5,1
25,0.2,428|People|6,1
25,0.2,428|Lamp|0,0
25,0.2,438|People|0,1
25,0.2,438|People|1,1
25,0.2,438|People|2,0
25,0.2,438|People|3,0
25,0.2,438|People|4,0
25,0.2,438|Lamp|0,1
25,0.2,438|Lamp|1,0
25,0.2,438|Lamp|2,1
25,0.2,438|Lamp|3,1
25,0.2,440|People|0,1
25,0.2,440|People|1,1
25,0.2,440|People|2,0
25,0.2,440|People|3,0
25,0.2,440|People|4,0
25,0.2,440|People|5,0
25,0.2,440|People|6,0
25,0.2,440|Lamp|0,1
25,0.2,440|Lamp|1,1
25,0.2,440|Lamp|2,1
25,0.2,440|Lamp|3,1
25,0.2,442|People|0,1
25,0.2,442|People|1,1
25,0.2,442|People|2,0
25,0.2,442|People|3,0
25,0.2,442|People|4,0
25,0.2,442|People|5,1
25,0.2,442|People|6,1
25,0.2,442|People|7,1
25,0.2,442|Lamp|0,1
25,0.2,442|Lamp|1,1
25,0.2,442|Lamp|2,1
25,0.2,442|Lamp|3,1
25,0.2,444|People|0,1
25,0.2,444|People|1,1
25,0.2,444|People|2,0
25,0.2,444|People|3,0
25,0.2,444|People|4,0
25,0.2,444|People|5,0
25,0.2,444|Lamp|0,1
25,0.2,444|Lamp|1,1
25,0.2,444|Lamp|2,1
25,0.2,444|Lamp|3,0
25,0.2,448|People|0,1
25,0.2,448|People|1,1
25,0.2,448|People|2,1
25,0.2,448|People|3,0
25,0.2,448|People|4,0
25,0.2,448|People|5,0
25,0.2,448|People|6,0
25,0.2,448|Lamp|0,1
25,0.2,448|Lamp|1,1
25,0.2,448|Lamp|2,0
25,0.2,448|Lamp|3,1
25,0.2,448|Lamp|4,0
25,0.2,448|Lamp|5,0
25,0.2,449|People|0,1
25,0.2,449|People|1,1
25,0.2,449|People|2,1
25,0.2,449|People|3,0
25,0.2,449|People|4,0
25,0.2,449|People|5,0
25,0.2,449|Lamp|0,1
25,0.2,449|Lamp|1,1
25,0.2,449|Lamp|2,1
25,0.2,449|Lamp|3,0
25,0.2,449|Lamp|4,1
25,0.2,452|People|0,1
25,0.2,452|People|1,1
25,0.2,452|Lamp|0,1
25,0.2,452|Lamp|1,0
25,0.2,452|Lamp|2,1
25,0.2,453|People|0,1
25,0.2,453|Lamp|0,1
25,0.2,453|Lamp|1,1
25,0.2,453|Lamp|2,0
25,0.2,453|Lamp|3,1
25,0.2,459|People|0,1
25,0.2,459|People|1,0
25,0.2,459|People|2,1
25,0.2,459|People|3,1
25,0.2,459|People|4,1
25,0.2,459|People|5,1
25,0.2,459|Lamp|0,1
25,0.2,459|Lamp|1,0
25,0.2,459|Lamp|2,0
25,0.2,462|People|0,1
25,0.2,462|People|1,1
25,0.2,462|People|2,1
25,0.2,462|People|3,1
25,0.2,462|People|4,1
25,0.2,462|People|5,1
25,0.2,462|People|6,1
25,0.2,462|Lamp|0,1
25,0.2,462|Lamp|1,0
25,0.2,466|People|0,1
25,0.2,466|People|1,1
25,0.2,466|People|2,1
25,0.2,466|People|3,1
25,0.2,466|People|4,1
25,0.2,466|People|5,1
25,0.2,466|Lamp|0,1
25,0.2,466|Lamp|1,0
25,0.2,468|People|0,1
25,0.2,468|People|1,1
25,0.2,468|People|2,1
25,0.2,468|People|3,1
25,0.2,468|People|4,1
25,0.2,468|People|5,1
25,0.2,468|People|6,1
25,0.2,468|Lamp|0,1
25,0.2,468|Lamp|1,0
25,0.2,470|People|0,1
25,0.2,470|People|1,0
25,0.2,470|Lamp|0,1
25,0.2,476|People|0,0
25,0.2,476|People|1,1
25,0.2,476|Lamp|0,0
25,0.2,478|People|0,0
25,0.2,478|Lamp|0,0
25,0.2,479|People|0,1
25,0.2,479|Lamp|0,1
25,0.2,480|People|0,1
25,0.2,480|People|1,0
25,0.2,480|People|2,0
25,0.2,480|Lamp|0,0
25,0.2,486|People|0,1
25,0.2,486|People|1,0
25,0.2,486|People|2,0
25,0.2,486|People|3,0
25,0.2,486|People|4,1
25,0.2,486|People|5,1
25,0.2,486|People|6,0
25,0.2,486|Lamp|0,0
25,0.2,489|People|0,1
25,0.2,489|People|1,0
25,0.2,489|People|2,1
25,0.2,489|People|3,1
25,0.2,489|People|4,0
25,0.2,489|People|5,0
25,0.2,489|People|6,0
25,0.2,489|People|7,1
25,0.2,489|People|8,0
25,0.2,489|People|9,0
25,0.2,489|Lamp|0,1
25,0.2,489|Lamp|1,0
25,0.2,493|People|0,0
25,0.2,493|People|1,1
25,0.2,493|People|2,1
25,0.2,493|People|3,1
25,0.2,493|People|4,1
25,0.2,493|People|5,1
25,0.2,493|People|6,1
25,0.2,493|People|7,0
25,0.2,493|Lamp|0,0
25,0.2,494|People|0,1
25,0.2,494|People|1,0
25,0.2,494|People|2,0
25,0.2,494|People|3,0
25,0.2,494|People|4,0
25,0.2,494|Lamp|0,1
25,0.2,494|Lamp|1,1
25,0.2,494|Lamp|2,1
25,0.2,503|People|0,0
25,0.2,503|People|1,0
25,0.2,503|Lamp|0,1
25,0.2,503|Lamp|1,1
25,0.2,505|People|0,0
25,0.2,505|People|1,0
25,0.2,505|People|2,0
25,0.2,505|People|3,0
25,0.2,505|People|4,1
25,0.2,505|Lamp|0,1
25,0.2,507|People|0,1
25,0.2,507|People|1,0
25,0.2,507|People|2,0
25,0.2,507|People|3,0
25,0.2,507|People|4,0
25,0.2,507|People|5,1
25,0.2,507|People|6,1
25,0.2,507|Lamp|0,1
25,0.2,1190|People|0,0
25,0.2,1190|People|1,0
25,0.2,1190|People|2,0
25,0.2,1190|People|3,0
25,0.2,1190|People|4,0
25,0.2,1190|People|5,0
25,0.2,1190|People|6,0
25,0.2,1190|People|7,0
25,0.2,1190|Lamp|0,0
25,0.2,1196|People|0,0
25,0.2,1196|People|1,0
25,0.2,1196|Lamp|0,0
25,0.2,1199|People|0,0
25,0.2,1199|People|1,0
25,0.2,1199|People|2,0
25,0.2,1199|Lamp|0,1
25,0.2,1200|People|0,0
25,0.2,1200|People|1,1
25,0.2,1200|Lamp|0,0
25,0.2,1204|People|0,1
25,0.2,1204|People|1,1
25,0.2,1204|People|2,0
25,0.2,1204|People|3,0
25,0.2,1204|Lamp|0,0
25,0.2,1206|People|0,1
25,0.2,1206|People|1,1
25,0.2,1206|People|2,0
25,0.2,1206|Lamp|0,0
25,0.2,1207|People|0,1
25,0.2,1207|People|1,1
25,0.2,1207|People|2,0
25,0.2,1207|Lamp|0,0
25,0.2,1211|People|0,1
25,0.2,1211|People|1,1
25,0.2,1211|People|2,0
25,0.2,1211|People|3,0
25,0.2,1211|Lamp|0,0
25,0.2,1213|People|0,1
25,0.2,1213|People|1,1
25,0.2,1213|Lamp|0,0
25,0.2,1216|People|0,1
25,0.2,1216|People|1,1
25,0.2,1216|Lamp|0,0
25,0.2,1218|People|0,1
25,0.2,1218|People|1,1
25,0.2,1218|Lamp|0,0
25,0.2,1219|People|0,1
25,0.2,1219|People|1,0
25,0.2,1219|People|2,0
25,0.2,1219|People|3,0
25,0.2,1219|Lamp|0,1
25,0.2,1219|Lamp|1,1
25,0.2,1221|People|0,1
25,0.2,1221|People|1,0
25,0.2,1221|People|2,0
25,0.2,1221|Lamp|0,0
25,0.2,1222|People|0,1
25,0.2,1222|People|1,0
25,0.2,1222|People|2,0
25,0.2,1222|Lamp|0,0
25,0.2,1225|People|0,0
25,0.2,1225|People|1,0
25,0.2,1225|People|2,0
25,0.2,1225|People|3,0
25,0.2,1225|People|4,0
25,0.2,1225|People|5,0
25,0.2,1225|People|6,0
25,0.2,1225|Lamp|0,1
25,0.2,1225|Lamp|1,0
25,0.2,1226|People|0,0
25,0.2,1226|People|1,0
25,0.2,1226|People|2,0
25,0.2,1226|People|3,0
25,0.2,1226|People|4,0
25,0.2,1226|Lamp|0,0
25,0.2,1226|Lamp|1,0
25,0.2,1226|Lamp|2,0
25,0.2,1228|People|0,0
25,0.2,1228|Lamp|0,1
25,0.2,1266|People|0,0
25,0.2,1266|People|1,0
25,0.2,1266|Lamp|0,1
25,0.2,1266|Lamp|1,1
25,0.2,1268|People|0,1
25,0.2,1268|Lamp|0,1
25,0.2,1268|Lamp|1,0
25,0.2,1268|Lamp|2,0
25,0.2,1268|Lamp|3,0
25,0.2,1273|People|0,0
25,0.2,1273|Lamp|0,0
25,0.2,1273|Lamp|1,0
25,0.2,1274|People|0,0
25,0.2,1274|Lamp|0,0
25,0.2,1274|Lamp|1,1
25,0.2,1274|Lamp|2,0
25,0.2,1285|People|0,1
25,0.2,1285|Lamp|0,1
25,0.2,1285|Lamp|1,1
25,0.2,1285|Lamp|2,1
25,0.2,1291|People|0,0
25,0.2,1291|Lamp|0,0
25,0.2,1291|Lamp|1,1
25,0.2,1295|People|0,1
25,0.2,1295|People|1,0
25,0.2,1295|People|2,0
25,0.2,1295|Lamp|0,1
25,0.2,1299|People|0,1
25,0.2,1299|People|1,0
25,0.2,1299|People|2,0
25,0.2,1299|Lamp|0,0
25,0.2,2046|People|0,1
25,0.2,2046|People|1,1
25,0.2,2046|Lamp|0,1
25,0.2,2046|Lamp|1,1
25,0.2,2046|Lamp|2,1
25,0.2,2046|Lamp|3,0
25,0.2,2050|People|0,1
25,0.2,2050|People|1,0
25,0.2,2050|Lamp|0,0
25,0.2,2050|Lamp|1,0
25,0.2,2050|Lamp|2,1
25,0.2,2050|Lamp|3,0
25,0.2,2051|People|0,1
25,0.2,2051|People|1,0
25,0.2,2051|Lamp|0,0
25,0.2,2051|Lamp|1,0
25,0.2,2051|Lamp|2,1
25,0.2,2051|Lamp|3,0
25,0.2,2052|People|0,1
25,0.2,2052|People|1,0
25,0.2,2052|Lamp|0,1
25,0.2,2052|Lamp|1,1
25,0.2,2052|Lamp|2,0
25,0.2,2052|Lamp|3,1
25,0.2,2056|People|0,1
25,0.2,2056|People|1,1
25,0.2,2056|Lamp|0,1
25,0.2,2056|Lamp|1,0
25,0.2,2056|Lamp|2,1
25,0.2,2056|Lamp|3,0
25,0.2,2057|People|0,1
25,0.2,2057|People|1,1
25,0.2,2057|Lamp|0,0
25,0.2,2057|Lamp|1,0
25,0.2,2057|Lamp|2,0
25,0.2,2057|Lamp|3,1
25,0.2,2058|People|0,1
25,0.2,2058|People|1,1
25,0.2,2058|Lamp|0,0
25,0.2,2058|Lamp|1,0
25,0.2,2058|Lamp|2,1
25,0.2,2058|Lamp|3,0
25,0.2,2058|Lamp|4,0
25,0.2,2058|Lamp|5,0
25,0.2,2059|People|0,1
25,0.2,2059|People|1,0
25,0.2,2059|Lamp|0,1
25,0.2,2059|Lamp|1,0
25,0.2,2059|Lamp|2,0
25,0.2,2059|Lamp|3,0
25,0.2,2061|People|0,1
25,0.2,2061|People|1,1
25,0.2,2061|Lamp|0,1
25,0.2,2061|Lamp|1,0
25,0.2,2061|Lamp|2,0
25,0.2,2061|Lamp|3,1
25,0.2,2061|Lamp|4,0
25,0.2,2061|Lamp|5,0
25,0.2,2065|People|0,1
25,0.2,2065|People|1,1
25,0.2,2065|Lamp|0,0
25,0.2,2065|Lamp|1,0
25,0.2,2065|Lamp|2,1
25,0.2,2065|Lamp|3,0
25,0.2,2065|Lamp|4,0
25,0.2,2065|Lamp|5,1
25,0.2,2067|People|0,1
25,0.2,2067|People|1,0
25,0.2,2067|Lamp|0,1
25,0.2,2067|Lamp|1,0
25,0.2,2067|Lamp|2,0
25,0.2,2067|Lamp|3,1
25,0.2,2068|People|0,1
25,0.2,2068|People|1,0
25,0.2,2068|Lamp|0,1
25,0.2,2068|Lamp|1,1
25,0.2,2068|Lamp|2,0
25,0.2,2068|Lamp|3,0
25,0.2,2069|People|0,1
25,0.2,2069|People|1,0
25,0.2,2069|Lamp|0,1
25,0.2,2069|Lamp|1,1
25,0.2,2069|Lamp|2,0
25,0.2,2069|Lamp|3,0
25,0.2,2069|Lamp|4,0
25,0.2,2069|Lamp|5,0
25,0.2,2070|People|0,1
25,0.2,2070|People|1,0
25,0.2,2070|Lamp|0,1
25,0.2,2070|Lamp|1,0
25,0.2,2070|Lamp|2,1
25,0.2,2070|Lamp|3,1
25,0.2,2072|People|0,1
25,0.2,2072|People|1,0
25,0.2,2072|Lamp|0,1
25,0.2,2072|Lamp|1,1
25,0.2,2072|Lamp|2,1
25,0.2,2072|Lamp|3,0
25,0.2,2072|Lamp|4,0
25,0.2,2072|Lamp|5,1
25,0.2,2073|People|0,1
25,0.2,2073|People|1,0
25,0.2,2073|Lamp|0,1
25,0.2,2073|Lamp|1,0
25,0.2,2073|Lamp|2,1
25,0.2,2073|Lamp|3,0
25,0.2,2073|Lamp|4,0
25,0.2,2073|Lamp|5,1
25,0.2,2074|People|0,1
25,0.2,2074|People|1,0
25,0.2,2074|Lamp|0,1
25,0.2,2074|Lamp|1,0
25,0.2,2074|Lamp|2,0
25,0.2,2074|Lamp|3,0
25,0.2,2074|Lamp|4,1
25,0.2,2074|Lamp|5,1
25,0.2,2074|Lamp|6,0
25,0.2,2074|Lamp|7,1
25,0.2,2076|People|0,1
25,0.2,2076|People|1,1
25,0.2,2076|Lamp|0,1
25,0.2,2076|Lamp|1,0
25,0.2,2076|Lamp|2,0
25,0.2,2076|Lamp|3,0
25,0.2,2076|Lamp|4,1
25,0.2,2076|Lamp|5,1
25,0.2,2076|Lamp|6,1
25,0.2,2076|Lamp|7,0
25,0.2,2082|People|0,1
25,0.2,2082|People|1,1
25,0.2,2082|Lamp|0,0
25,0.2,2082|Lamp|1,0
25,0.2,2082|Lamp|2,0
25,0.2,2082|Lamp|3,0
25,0.2,2082|Lamp|4,1
25,0.2,2082|Lamp|5,0
25,0.2,2084|People|0,1
25,0.2,2084|People|1,1
25,0.2,2084|Lamp|0,1
25,0.2,2084|Lamp|1,1
25,0.2,2084|Lamp|2,0
25,0.2,2084|Lamp|3,0
25,0.2,2084|Lamp|4,0
25,0.2,2084|Lamp|5,0
25,0.2,2087|People|0,1
25,0.2,2087|People|1,1
25,0.2,2087|Lamp|0,0
25,0.2,2087|Lamp|1,1
25,0.2,2087|Lamp|2,1
25,0.2,2090|People|0,1
25,0.2,2090|People|1,1
25,0.2,2090|Lamp|0,0
25,0.2,2090|Lamp|1,1
25,0.2,2090|Lamp|2,1
25,0.2,2090|Lamp|3,1
25,0.2,2091|People|0,1
25,0.2,2091|People|1,1
25,0.2,2091|Lamp|0,0
25,0.2,2091|Lamp|1,1
25,0.2,2091|Lamp|2,1
25,0.2,2091|Lamp|3,0
25,0.2,2091|Lamp|4,0
25,0.2,2091|Lamp|5,1
25,0.2,2092|People|0,1
25,0.2,2092|People|1,1
25,0.2,2092|Lamp|0,0
25,0.2,2092|Lamp|1,0
25,0.2,2092|Lamp|2,1
25,0.2,2092|Lamp|3,0
25,0.2,2092|Lamp|4,0
25,0.2,2092|Lamp|5,1
25,0.2,2093|People|0,1
25,0.2,2093|People|1,1
25,0.2,2093|Lamp|0,0
25,0.2,2093|Lamp|1,0
25,0.2,2093|Lamp|2,0
25,0.2,2093|Lamp|3,0
25,0.2,2093|Lamp|4,1
25,0.2,2093|Lamp|5,1
25,0.2,2120|People|0,1
25,0.2,2120|People|1,1
25,0.2,2120|People|2,0
25,0.2,2120|Lamp|0,1
25,0.2,2127|People|0,0
25,0.2,2127|People|1,0
25,0.2,2127|People|2,1
25,0.2,2127|Lamp|0,1
25,0.2,2127|Lamp|1,0
25,0.2,2127|Lamp|2,0
25,0.2,2127|Lamp|3,0
25,0.2,2129|People|0,1
25,0.2,2129|People|1,1
25,0.2,2129|People|2,0
25,0.2,2129|Lamp|0,0
25,0.2,2129|Lamp|1,1
25,0.2,2139|People|0,1
25,0.2,2139|Lamp|0,1
25,0.2,2139|Lamp|1,1
25,0.2,2139|Lamp|2,1
25,0.2,2140|People|0,0
25,0.2,2140|Lamp|0,1
25,0.2,2140|Lamp|1,1
25,0.2,2140|Lamp|2,0
25,0.2,2149|People|0,1
25,0.2,2149|Lamp|0,1
25,0.2,2149|Lamp|1,1
25,0.2,2150|People|0,1
25,0.2,2150|Lamp|0,1
25,0.2,2150|Lamp|1,1
25,0.2,2151|People|0,1
25,0.2,2151|Lamp|0,1
25,0.2,2151|Lamp|1,1
25,0.2,2158|People|0,0
25,0.2,2158|Lamp|0,1
25,0.2,2158|Lamp|1,1
25,0.2,2160|People|0,1
25,0.2,2160|Lamp|0,1
25,0.2,2160|Lamp|1,1
25,0.2,2190|People|0,1
25,0.2,2190|People|1,0
25,0.2,2190|People|2,1
25,0.2,2190|Lamp|0,1
25,0.2,2190|Lamp|1,1
25,0.2,2191|People|0,1
25,0.2,2191|People|1,0
25,0.2,2191|People|2,0
25,0.2,2191|Lamp|0,1
25,0.2,2191|Lamp|1,1
25,0.2,2193|People|0,1
25,0.2,2193|People|1,1
25,0.2,2193|People|2,0
25,0.2,2193|Lamp|0,1
25,0.2,2193|Lamp|1,1
25,0.2,2195|People|0,1
25,0.2,2195|People|1,1
25,0.2,2195|People|2,1
25,0.2,2195|Lamp|0,1
25,0.2,2195|Lamp|1,1
25,0.2,2200|People|0,0
25,0.2,2200|Lamp|0,1
25,0.2,2200|Lamp|1,1
25,0.2,2217|People|0,0
25,0.2,2217|Lamp|0,0
25,0.2,2217|Lamp|1,0
25,0.2,2218|People|0,0
25,0.2,2218|Lamp|0,0
25,0.2,2218|Lamp|1,0
25,0.2,2226|People|0,0
25,0.2,2226|Lamp|0,1
25,0.2,2226|Lamp|1,1
25,0.2,2226|Lamp|2,1
25,0.2,2226|Lamp|3,0
25,0.2,2226|Lamp|4,1
25,0.2,2292|People|0,0
25,0.2,2292|Lamp|0,0
25,0.2,2292|Lamp|1,0
25,0.2,2292|Lamp|2,0
25,0.2,2292|Lamp|3,0
25,0.2,2293|People|0,0
25,0.2,2293|Lamp|0,0
25,0.2,2293|Lamp|1,0
25,0.2,2293|Lamp|2,0
25,0.2,2293|Lamp|3,0
25,0.2,2295|People|0,0
25,0.2,2295|Lamp|0,0
25,0.2,2295|Lamp|1,0
25,0.2,2295|Lamp|2,0
25,0.2,2295|Lamp|3,0
25,0.2,2295|Lamp|4,0
25,0.2,2295|Lamp|5,0
25,0.2,2295|Lamp|6,0
25,0.2,2295|Lamp|7,0
25,0.2,2297|People|0,0
25,0.2,2297|Lamp|0,0
25,0.2,2297|Lamp|1,0
25,0.2,2297|Lamp|2,0
25,0.2,2297|Lamp|3,0
25,0.2,2297|Lamp|4,0
25,0.2,2298|People|0,0
25,0.2,2298|Lamp|0,0
25,0.2,2298|Lamp|1,0
25,0.2,2298|Lamp|2,0
25,0.2,2298|Lamp|3,0
25,0.2,2298|Lamp|4,1
25,0.2,2299|People|0,0
25,0.2,2299|Lamp|0,0
25,0.2,2299|Lamp|1,0
25,0.2,2299|Lamp|2,0
25,0.2,2299|Lamp|3,0
25,0.2,2299|Lamp|4,0
25,0.2,2299|Lamp|5,1
25,0.2,2328|People|0,1
25,0.2,2328|People|1,0
25,0.2,2328|People|2,0
25,0.2,2328|Lamp|0,0
25,0.2,2332|People|0,1
25,0.2,2332|People|1,1
25,0.2,2332|People|2,0
25,0.2,2332|People|3,0
25,0.2,2332|Lamp|0,0
25,0.2,2335|People|0,1
25,0.2,2335|People|1,1
25,0.2,2335|People|2,0
25,0.2,2335|People|3,1
25,0.2,2335|Lamp|0,0
25,0.2,2337|People|0,0
25,0.2,2337|People|1,0
25,0.2,2337|Lamp|0,0
25,0.2,2453|People|0,0
25,0.2,2453|People|1,0
25,0.2,2453|Lamp|0,0
25,0.2,2456|People|0,1
25,0.2,2456|Lamp|0,0
25,0.2,2456|Lamp|1,0
25,0.2,2456|Lamp|2,0
25,0.2,2457|People|0,1
25,0.2,2457|Lamp|0,0
25,0.2,2457|Lamp|1,0
25,0.2,2457|Lamp|2,0
25,0.2,2457|Lamp|3,0
25,0.2,2465|People|0,0
25,0.2,2465|Lamp|0,0
25,0.2,2465|Lamp|1,0
25,0.2,2465|Lamp|2,0
25,0.2,2467|People|0,0
25,0.2,2467|Lamp|0,0
25,0.2,2467|Lamp|1,0
25,0.2,2468|People|0,0
25,0.2,2468|People|1,0
25,0.2,2468|Lamp|0,0
25,0.2,2468|Lamp|1,0
25,0.2,2478|People|0,1
25,0.2,2478|People|1,1
25,0.2,2478|People|2,0
25,0.2,2478|People|3,0
25,0.2,2478|Lamp|0,1
25,0.2,2478|Lamp|1,1
25,0.2,2489|People|0,0
25,0.2,2489|People|1,0
25,0.2,2489|People|2,0
25,0.2,2489|People|3,1
25,0.2,2489|People|4,0
25,0.2,2489|People|5,1
25,0.2,2489|Lamp|0,0
25,0.2,2489|Lamp|1,0
25,0.2,2490|People|0,0
25,0.2,2490|People|1,1
25,0.2,2490|People|2,0
25,0.2,2490|People|3,0
25,0.2,2490|People|4,0
25,0.2,2490|Lamp|0,0
25,0.2,2490|Lamp|1,0
25,0.2,2491|People|0,0
25,0.2,2491|People|1,1
25,0.2,2491|People|2,1
25,0.2,2491|People|3,0
25,0.2,2491|People|4,0
25,0.2,2491|Lamp|0,0
25,0.2,2491|Lamp|1,0
25,0.2,2602|People|0,0
25,0.2,2602|Lamp|0,0
25,0.2,2602|Lamp|1,0
25,0.2,2602|Lamp|2,0
25,0.2,2606|People|0,1
25,0.2,2606|Lamp|0,0
25,0.2,2606|Lamp|1,0
25,0.2,2607|People|0,0
25,0.2,2607|Lamp|0,0
25,0.2,2607|Lamp|1,0
25,0.2,2622|People|0,1
25,0.2,2622|People|1,0
25,0.2,2622|People|2,0
25,0.2,2622|Lamp|0,1
25,0.2,2622|Lamp|1,1
25,0.2,2622|Lamp|2,1
25,0.2,2717|People|0,0
25,0.2,2717|People|1,0
25,0.2,2717|People|2,0
25,0.2,2717|Lamp|0,0
25,0.2,2720|People|0,0
25,0.2,2720|People|1,0
25,0.2,2720|People|2,0
25,0.2,2720|Lamp|0,0
25,0.2,2721|People|0,0
25,0.2,2721|People|1,0
25,0.2,2721|Lamp|0,0
25,0.2,2727|People|0,1
25,0.2,2727|People|1,0
25,0.2,2727|People|2,0
25,0.2,2727|People|3,0
25,0.2,2727|Lamp|0,0
25,0.2,2732|People|0,0
25,0.2,2732|People|1,0
25,0.2,2732|Lamp|0,0
25,0.2,2735|People|0,0
25,0.2,2735|People|1,0
25,0.2,2735|Lamp|0,0
25,0.2,2736|People|0,0
25,0.2,2736|People|1,0
25,0.2,2736|Lamp|0,0
25,0.2,2738|People|0,0
25,0.2,2738|People|1,0
25,0.2,2738|People|2,0
25,0.2,2738|Lamp|0,0
25,0.2,2940|People|0,1
25,0.2,2940|Lamp|0,0
25,0.2,2940|Lamp|1,0
25,0.2,2942|People|0,1
25,0.2,2942|Lamp|0,0
25,0.2,2942|Lamp|1,0
25,0.2,2942|Lamp|2,0
25,0.2,2942|Lamp|3,0
25,0.2,2942|Lamp|4,0
25,0.2,2945|People|0,0
25,0.2,2945|Lamp|0,0
25,0.2,2945|Lamp|1,0
25,0.2,2945|Lamp|2,0
25,0.2,2947|People|0,1
25,0.2,2947|Lamp|0,1
25,0.2,2947|Lamp|1,1
25,0.2,2947|Lamp|2,0
25,0.2,2947|Lamp|3,0
25,0.2,2947|Lamp|4,0
25,0.2,2949|People|0,0
25,0.2,2949|Lamp|0,1
25,0.2,2949|Lamp|1,0
25,0.2,2949|Lamp|2,0
25,0.2,2949|Lamp|3,0
25,0.2,2949|Lamp|4,0
25,0.2,2949|Lamp|5,0
25,0.2,2950|People|0,0
25,0.2,2950|People|1,0
25,0.2,2950|Lamp|0,1
25,0.2,2950|Lamp|1,0
25,0.2,2950|Lamp|2,0
25,0.2,2950|Lamp|3,0
25,0.2,2950|Lamp|4,0
25,0.2,2951|People|0,0
25,0.2,2951|Lamp|0,1
25,0.2,2951|Lamp|1,0
25,0.2,2951|Lamp|2,0
25,0.2,2951|Lamp|3,0
25,0.2,2951|Lamp|4,0
25,0.2,2953|People|0,0
25,0.2,2953|Lamp|0,0
25,0.2,2953|Lamp|1,1
25,0.2,2953|Lamp|2,0
25,0.2,2953|Lamp|3,0
25,0.2,2957|People|0,0
25,0.2,2957|Lamp|0,1
25,0.2,2957|Lamp|1,0
25,0.2,2957|Lamp|2,1
25,0.2,2957|Lamp|3,0
25,0.2,2957|Lamp|4,0
25,0.2,2957|Lamp|5,0
25,0.2,3024|People|0,0
25,0.2,3024|Lamp|0,1
25,0.2,3024|Lamp|1,0
25,0.2,3052|People|0,0
25,0.2,3052|Lamp|0,0
25,0.2,3053|People|0,0
25,0.2,3053|People|1,0
25,0.2,3053|Lamp|0,0
25,0.2,3053|Lamp|1,0
25,0.2,3054|People|0,0
25,0.2,3054|People|1,0
25,0.2,3054|People|2,0
25,0.2,3054|Lamp|0,0
25,0.2,3054|Lamp|1,0
25,0.2,3057|People|0,0
25,0.2,3057|People|1,0
25,0.2,3057|Lamp|0,0
25,0.2,3057|Lamp|1,0
25,0.2,3059|People|0,1
25,0.2,3059|People|1,0
25,0.2,3059|People|2,0
25,0.2,3059|Lamp|0,0
25,0.2,3059|Lamp|1,0
25,0.2,3060|People|0,1
25,0.2,3060|People|1,1
25,0.2,3060|People|2,0
25,0.2,3060|People|3,0
25,0.2,3060|Lamp|0,0
25,0.2,3060|Lamp|1,0
25,0.2,3061|People|0,0
25,0.2,3061|People|1,1
25,0.2,3061|People|2,1
25,0.2,3061|People|3,0
25,0.2,3061|Lamp|0,0
25,0.2,3061|Lamp|1,0
25,0.2,3063|People|0,1
25,0.2,3063|People|1,0
25,0.2,3063|Lamp|0,0
25,0.2,3063|Lamp|1,0
25,0.2,3063|Lamp|2,0
25,0.2,3063|Lamp|3,0
25,0.2,3066|People|0,0
25,0.2,3066|Lamp|0,0
25,0.2,3066|Lamp|1,0
25,0.2,3066|Lamp|2,1
25,0.2,3066|Lamp|3,0
25,0.2,3066|Lamp|4,0
25,0.2,3066|Lamp|5,0
25,0.2,3072|People|0,1
25,0.2,3072|People|1,0
25,0.2,3072|People|2,0
25,0.2,3072|People|3,0
25,0.2,3072|People|4,0
25,0.2,3072|People|5,0
25,0.2,3072|People|6,1
25,0.2,3072|People|7,0
25,0.2,3072|Lamp|0,0
25,0.2,3072|Lamp|1,1
25,0.2,3072|Lamp|2,0
25,0.2,3072|Lamp|3,0
25,0.2,3072|Lamp|4,0
25,0.2,3072|Lamp|5,0
25,0.2,3072|Lamp|6,0
25,0.2,3072|Lamp|7,0
25,0.2,3078|People|0,1
25,0.2,3078|People|1,1
25,0.2,3078|People|2,1
25,0.2,3078|People|3,1
25,0.2,3078|People|4,0
25,0.2,3078|People|5,0
25,0.2,3078|People|6,0
25,0.2,3078|Lamp|0,1
25,0.2,3078|Lamp|1,1
25,0.2,3078|Lamp|2,0
25,0.2,3078|Lamp|3,0
25,0.2,3079|People|0,1
25,0.2,3079|People|1,1
25,0.2,3079|People|2,0
25,0.2,3079|People|3,0
25,0.2,3079|Lamp|0,1
25,0.2,3079|Lamp|1,1
25,0.2,3079|Lamp|2,1
25,0.2,3116|People|0,1
25,0.2,3116|Lamp|0,1
25,0.2,3116|Lamp|1,1
25,0.2,3118|People|0,1
25,0.2,3118|Lamp|0,1
25,0.2,3118|Lamp|1,1
25,0.2,3119|People|0,1
25,0.2,3119|Lamp|0,1
25,0.2,3119|Lamp|1,1
25,0.2,3121|People|0,1
25,0.2,3121|Lamp|0,1
25,0.2,3121|Lamp|1,1
25,0.2,3124|People|0,1
25,0.2,3124|Lamp|0,1
25,0.2,3124|Lamp|1,1
25,0.2,3125|People|0,1
25,0.2,3125|Lamp|0,1
25,0.2,3125|Lamp|1,1
25,0.2,3302|People|0,1
25,0.2,3302|Lamp|0,1
25,0.2,3302|Lamp|1,1
25,0.2,3302|Lamp|2,1
25,0.2,3302|Lamp|3,0
25,0.2,3313|People|0,1
25,0.2,3313|People|1,0
25,0.2,3313|Lamp|0,0
25,0.2,3313|Lamp|1,0
25,0.2,3347|People|0,1
25,0.2,3347|People|1,0
25,0.2,3347|People|2,0
25,0.2,3347|Lamp|0,0
25,0.2,3347|Lamp|1,0
25,0.2,3349|People|0,0
25,0.2,3349|People|1,0
25,0.2,3349|People|2,0
25,0.2,3349|Lamp|0,0
25,0.2,3349|Lamp|1,0
25,0.2,3350|People|0,1
25,0.2,3350|People|1,0
25,0.2,3350|People|2,0
25,0.2,3350|People|3,0
25,0.2,3350|People|4,0
25,0.2,3350|Lamp|0,0
25,0.2,3350|Lamp|1,0
25,0.2,3378|People|0,0
25,0.2,3378|People|1,0
25,0.2,3378|People|2,1
25,0.2,3378|People|3,0
25,0.2,3378|Lamp|0,0
25,0.2,3378|Lamp|1,1
25,0.2,3378|Lamp|2,0
25,0.2,3378|Lamp|3,1
25,0.2,3378|Lamp|4,0
25,0.2,3381|People|0,0
25,0.2,3381|People|1,1
25,0.2,3381|People|2,1
25,0.2,3381|People|3,0
25,0.2,3381|People|4,0
25,0.2,3381|Lamp|0,1
25,0.2,3381|Lamp|1,1
25,0.2,3381|Lamp|2,1
25,0.2,3381|Lamp|3,0
25,0.2,3381|Lamp|4,0
25,0.2,3382|People|0,0
25,0.2,3382|People|1,1
25,0.2,3382|People|2,1
25,0.2,3382|Lamp|0,1
25,0.2,3382|Lamp|1,1
25,0.2,3382|Lamp|2,1
25,0.2,3382|Lamp|3,0
25,0.2,3382|Lamp|4,0
25,0.2,3383|People|0,0
25,0.2,3383|People|1,1
25,0.2,3383|People|2,1
25,0.2,3383|Lamp|0,1
25,0.2,3383|Lamp|1,1
25,0.2,3383|Lamp|2,1
25,0.2,3383|Lamp|3,0
25,0.2,3383|Lamp|4,0
25,0.2,3384|People|0,0
25,0.2,3384|People|1,0
25,0.2,3384|People|2,1
25,0.2,3384|People|3,1
25,0.2,3384|Lamp|0,1
25,0.2,3384|Lamp|1,1
25,0.2,3384|Lamp|2,1
25,0.2,3384|Lamp|3,0
25,0.2,3384|Lamp|4,0
25,0.2,3389|People|0,0
25,0.2,3389|People|1,1
25,0.2,3389|People|2,0
25,0.2,3389|People|3,1
25,0.2,3389|Lamp|0,1
25,0.2,3389|Lamp|1,0
25,0.2,3389|Lamp|2,1
25,0.2,3389|Lamp|3,0
25,0.2,3389|Lamp|4,0
25,0.2,3390|People|0,1
25,0.2,3390|People|1,0
25,0.2,3390|People|2,1
25,0.2,3390|People|3,1
25,0.2,3390|Lamp|0,1
25,0.2,3390|Lamp|1,0
25,0.2,3390|Lamp|2,0
25,0.2,3390|Lamp|3,0
25,0.2,3390|Lamp|4,0
25,0.2,3392|People|0,0
25,0.2,3392|People|1,1
25,0.2,3392|People|2,1
25,0.2,3392|People|3,0
25,0.2,3392|People|4,0
25,0.2,3392|People|5,1
25,0.2,3392|Lamp|0,1
25,0.2,3392|Lamp|1,0
25,0.2,3392|Lamp|2,1
25,0.2,3392|Lamp|3,0
25,0.2,3392|Lamp|4,0
25,0.2,3395|People|0,1
25,0.2,3395|People|1,1
25,0.2,3395|People|2,0
25,0.2,3395|People|3,1
25,0.2,3395|People|4,0
25,0.2,3395|People|5,0
25,0.2,3395|People|6,0
25,0.2,3395|People|7,0
25,0.2,3395|Lamp|0,1
25,0.2,3395|Lamp|1,0
25,0.2,3395|Lamp|2,1
25,0.2,3395|Lamp|3,0
25,0.2,3395|Lamp|4,0
25,0.2,3397|People|0,1
25,0.2,3397|People|1,1
25,0.2,3397|People|2,0
25,0.2,3397|People|3,1
25,0.2,3397|People|4,0
25,0.2,3397|People|5,0
25,0.2,3397|People|6,0
25,0.2,3397|Lamp|0,1
25,0.2,3397|Lamp|1,0
25,0.2,3397|Lamp|2,1
25,0.2,3397|Lamp|3,0
25,0.2,3397|Lamp|4,0
25,0.2,3398|People|0,1
25,0.2,3398|People|1,1
25,0.2,3398|People|2,0
25,0.2,3398|People|3,0
25,0.2,3398|People|4,0
25,0.2,3398|People|5,1
25,0.2,3398|Lamp|0,1
25,0.2,3398|Lamp|1,1
25,0.2,3398|Lamp|2,0
25,0.2,3398|Lamp|3,0
25,0.2,3398|Lamp|4,0
25,0.2,3405|People|0,1
25,0.2,3405|People|1,0
25,0.2,3405|People|2,0
25,0.2,3405|Lamp|0,1
25,0.2,3405|Lamp|1,1
25,0.2,3405|Lamp|2,1
25,0.2,3405|Lamp|3,1
25,0.2,3408|People|0,1
25,0.2,3408|People|1,0
25,0.2,3408|People|2,0
25,0.2,3408|People|3,0
25,0.2,3408|Lamp|0,1
25,0.2,3408|Lamp|1,1
25,0.2,3408|Lamp|2,1
25,0.2,3408|Lamp|3,1
25,0.2,3409|People|0,0
25,0.2,3409|People|1,0
25,0.2,3409|Lamp|0,1
25,0.2,3409|Lamp|1,1
25,0.2,3409|Lamp|2,1
25,0.2,3409|Lamp|3,1
25,0.2,3566|People|0,0
25,0.2,3566|Lamp|0,1
25,0.2,3681|People|0,0
25,0.2,3681|Lamp|0,1
25,0.2,3681|Lamp|1,1
25,0.2,3681|Lamp|2,1
25,0.2,3681|Lamp|3,1
25,0.2,3682|People|0,0
25,0.2,3682|Lamp|0,1
25,0.2,3682|Lamp|1,1
25,0.2,3682|Lamp|2,1
25,0.2,3682|Lamp|3,1
25,0.2,3683|People|0,0
25,0.2,3683|Lamp|0,1
25,0.2,3683|Lamp|1,1
25,0.2,3683|Lamp|2,1
25,0.2,3683|Lamp|3,1
25,0.2,3687|People|0,0
25,0.2,3687|People|1,0
25,0.2,3687|People|2,0
25,0.2,3687|Lamp|0,1
25,0.2,3687|Lamp|1,1
25,0.2,3687|Lamp|2,1
25,0.2,3687|Lamp|3,1
25,0.2,3688|People|0,0
25,0.2,3688|People|1,0
25,0.2,3688|People|2,0
25,0.2,3688|Lamp|0,1
25,0.2,3688|Lamp|1,1
25,0.2,3688|Lamp|2,1
25,0.2,3688|Lamp|3,1
25,0.2,3689|People|0,0
25,0.2,3689|Lamp|0,0
25,0.2,3689|Lamp|1,0
25,0.2,3689|Lamp|2,0
25,0.2,3689|Lamp|3,0
25,0.3,63|People|0,0
25,0.3,63|People|1,1
25,0.3,63|People|2,1
25,0.3,63|People|3,1
25,0.3,63|People|4,0
25,0.3,63|Lamp|0,0
25,0.3,64|People|0,0
25,0.3,64|People|1,0
25,0.3,64|People|2,0
25,0.3,64|People|3,1
25,0.3,64|People|4,1
25,0.3,64|People|5,1
25,0.3,64|Lamp|0,0
25,0.3,71|People|0,0
25,0.3,71|People|1,0
25,0.3,71|Lamp|0,0
25,0.3,73|People|0,0
25,0.3,73|People|1,0
25,0.3,73|Lamp|0,0
25,0.3,78|People|0,0
25,0.3,78|People|1,1
25,0.3,78|People|2,1
25,0.3,78|People|3,1
25,0.3,78|People|4,0
25,0.3,78|People|5,0
25,0.3,78|Lamp|0,0
25,0.3,111|People|0,1
25,0.3,111|People|1,1
25,0.3,111|People|2,1
25,0.3,111|People|3,1
25,0.3,111|People|4,0
25,0.3,111|People|5,1
25,0.3,111|People|6,1
25,0.3,111|Lamp|0,1
25,0.3,111|Lamp|1,1
25,0.3,111|Lamp|2,0
25,0.3,111|Lamp|3,1
25,0.3,114|People|0,1
25,0.3,114|People|1,1
25,0.3,114|People|2,1
25,0.3,114|People|3,1
25,0.3,114|People|4,0
25,0.3,114|People|5,1
25,0.3,114|People|6,0
25,0.3,114|Lamp|0,0
25,0.3,114|Lamp|1,1
25,0.3,114|Lamp|2,1
25,0.3,116|People|0,1
25,0.3,116|People|1,1
25,0.3,116|People|2,1
25,0.3,116|People|3,1
25,0.3,116|People|4,1
25,0.3,116|People|5,1
25,0.3,116|People|6,1
25,0.3,116|People|7,1
25,0.3,116|Lamp|0,0
25,0.3,116|Lamp|1,1
25,0.3,116|Lamp|2,1
25,0.3,116|Lamp|3,1
25,0.3,118|People|0,1
25,0.3,118|People|1,1
25,0.3,118|People|2,0
25,0.3,118|People|3,1
25,0.3,118|People|4,1
25,0.3,118|People|5,0
25,0.3,118|People|6,1
25,0.3,118|People|7,1
25,0.3,118|Lamp|0,1
25,0.3,118|Lamp|1,1
25,0.3,118|Lamp|2,1
25,0.3,118|Lamp|3,1
25,0.3,123|People|0,1
25,0.3,123|People|1,1
25,0.3,123|People|2,0
25,0.3,123|People|3,0
25,0.3,123|People|4,1
25,0.3,123|People|5,0
25,0.3,123|People|6,1
25,0.3,123|Lamp|0,1
25,0.3,123|Lamp|1,1
25,0.3,123|Lamp|2,0
25,0.3,123|Lamp|3,1
25,0.3,123|Lamp|4,1
25,0.3,125|People|0,0
25,0.3,125|People|1,1
25,0.3,125|People|2,1
25,0.3,125|People|3,1
25,0.3,125|People|4,0
25,0.3,125|People|5,1
25,0.3,125|People|6,0
25,0.3,125|People|7,0
25,0.3,125|Lamp|0,1
25,0.3,125|Lamp|1,1
25,0.3,125|Lamp|2,1
25,0.3,125|Lamp|3,1
25,0.3,125|Lamp|4,1
25,0.3,126|People|0,0
25,0.3,126|People|1,1
25,0.3,126|People|2,1
25,0.3,126|People|3,0
25,0.3,126|People|4,0
25,0.3,126|People|5,1
25,0.3,126|People|6,0
25,0.3,126|People|7,1
25,0.3,126|People|8,0
25,0.3,126|Lamp|0,1
25,0.3,126|Lamp|1,1
25,0.3,126|Lamp|2,1
25,0.3,126|Lamp|3,1
25,0.3,126|Lamp|4,1
25,0.3,127|People|0,0
25,0.3,127|People|1,0
25,0.3,127|People|2,1
25,0.3,127|People|3,1
25,0.3,127|People|4,0
25,0.3,127|People|5,1
25,0.3,127|People|6,0
25,0.3,127|People|7,1
25,0.3,127|People|8,0
25,0.3,127|People|9,1
25,0.3,127|Lamp|0,1
25,0.3,127|Lamp|1,0
25,0.3,127|Lamp|2,1
25,0.3,127|Lamp|3,1
25,0.3,127|Lamp|4,1
25,0.3,129|People|0,0
25,0.3,129|People|1,1
25,0.3,129|People|2,1
25,0.3,129|People|3,0
25,0.3,129|People|4,0
25,0.3,129|People|5,0
25,0.3,129|People|6,0
25,0.3,129|People|7,0
25,0.3,129|Lamp|0,0
25,0.3,129|Lamp|1,0
25,0.3,129|Lamp|2,1
25,0.3,129|Lamp|3,1
25,0.3,129|Lamp|4,0
25,0.3,130|People|0,0
25,0.3,130|People|1,0
25,0.3,130|People|2,0
25,0.3,130|People|3,1
25,0.3,130|People|4,0
25,0.3,130|People|5,0
25,0.3,130|Lamp|0,0
25,0.3,130|Lamp|1,0
25,0.3,130|Lamp|2,1
25,0.3,130|Lamp|3,0
25,0.3,132|People|0,0
25,0.3,132|People|1,0
25,0.3,132|People|2,0
25,0.3,132|People|3,1
25,0.3,132|People|4,1
25,0.3,132|People|5,0
25,0.3,132|Lamp|0,1
25,0.3,132|Lamp|1,0
25,0.3,132|Lamp|2,0
25,0.3,132|Lamp|3,0
25,0.3,135|People|0,0
25,0.3,135|People|1,0
25,0.3,135|People|2,0
25,0.3,135|People|3,1
25,0.3,135|People|4,0
25,0.3,135|People|5,0
25,0.3,135|People|6,0
25,0.3,135|People|7,0
25,0.3,135|People|8,1
25,0.3,135|People|9,1
25,0.3,135|People|10,0
25,0.3,135|Lamp|0,0
25,0.3,135|Lamp|1,1
25,0.3,135|Lamp|2,0
25,0.3,136|People|0,0
25,0.3,136|People|1,0
25,0.3,136|People|2,1
25,0.3,136|People|3,0
25,0.3,136|People|4,0
25,0.3,136|People|5,1
25,0.3,136|People|6,1
25,0.3,136|People|7,0
25,0.3,136|Lamp|0,1
25,0.3,136|Lamp|1,0
25,0.3,136|Lamp|2,1
25,0.3,138|People|0,0
25,0.3,138|People|1,0
25,0.3,138|People|2,0
25,0.3,138|People|3,0
25,0.3,138|People|4,0
25,0.3,138|People|5,0
25,0.3,138|People|6,0
25,0.3,138|People|7,0
25,0.3,138|People|8,1
25,0.3,138|People|9,1
25,0.3,138|People|10,0
25,0.3,138|Lamp|0,1
25,0.3,138|Lamp|1,0
25,0.3,138|Lamp|2,1
25,0.3,143|People|0,0
25,0.3,143|People|1,0
25,0.3,143|People|2,1
25,0.3,143|People|3,0
25,0.3,143|People|4,0
25,0.3,143|People|5,0
25,0.3,143|People|6,0
25,0.3,143|Lamp|0,0
25,0.3,143|Lamp|1,0
25,0.3,144|People|0,0
25,0.3,144|People|1,1
25,0.3,144|People|2,1
25,0.3,144|People|3,0
25,0.3,144|People|4,0
25,0.3,144|People|5,0
25,0.3,144|People|6,0
25,0.3,144|Lamp|0,1
25,0.3,144|Lamp|1,0
25,0.3,147|People|0,1
25,0.3,147|People|1,0
25,0.3,147|People|2,1
25,0.3,147|People|3,0
25,0.3,147|People|4,0
25,0.3,147|People|5,0
25,0.3,147|People|6,0
25,0.3,147|People|7,0
25,0.3,147|People|8,0
25,0.3,147|People|9,0
25,0.3,147|People|10,0
25,0.3,147|People|11,0
25,0.3,147|Lamp|0,0
25,0.3,186|People|0,0
25,0.3,186|People|1,0
25,0.3,186|People|2,0
25,0.3,186|People|3,0
25,0.3,186|People|4,0
25,0.3,186|People|5,1
25,0.3,186|Lamp|0,1
25,0.3,187|People|0,0
25,0.3,187|People|1,0
25,0.3,187|People|2,0
25,0.3,187|People|3,0
25,0.3,187|People|4,0
25,0.3,187|People|5,0
25,0.3,187|Lamp|0,1
25,0.3,188|People|0,0
25,0.3,188|People|1,0
25,0.3,188|People|2,0
25,0.3,188|People|3,0
25,0.3,188|People|4,0
25,0.3,188|People|5,0
25,0.3,188|Lamp|0,1
25,0.3,191|People|0,1
25,0.3,191|People|1,1
25,0.3,191|People|2,1
25,0.3,191|People|3,1
25,0.3,191|People|4,1
25,0.3,191|People|5,1
25,0.3,191|Lamp|0,1
25,0.3,193|People|0,1
25,0.3,193|People|1,1
25,0.3,193|People|2,0
25,0.3,193|People|3,0
25,0.3,193|People|4,1
25,0.3,193|People|5,1
25,0.3,193|Lamp|0,1
25,0.3,196|People|0,1
25,0.3,196|People|1,1
25,0.3,196|People|2,1
25,0.3,196|People|3,1
25,0.3,196|People|4,1
25,0.3,196|People|5,0
25,0.3,196|People|6,1
25,0.3,196|People|7,1
25,0.3,196|People|8,1
25,0.3,196|Lamp|0,1
25,0.3,196|Lamp|1,1
25,0.3,196|Lamp|2,0
25,0.3,199|People|0,1
25,0.3,199|People|1,1
25,0.3,199|People|2,1
25,0.3,199|People|3,1
25,0.3,199|People|4,0
25,0.3,199|People|5,1
25,0.3,199|People|6,1
25,0.3,199|Lamp|0,1
25,0.3,199|Lamp|1,0
25,0.3,204|People|0,1
25,0.3,204|People|1,1
25,0.3,204|People|2,1
25,0.3,204|People|3,1
25,0.3,204|People|4,1
25,0.3,204|People|5,1
25,0.3,204|People|6,1
25,0.3,204|People|7,1
25,0.3,204|Lamp|0,1
25,0.3,204|Lamp|1,1
25,0.3,204|Lamp|2,0
25,0.3,205|People|0,0
25,0.3,205|People|1,1
25,0.3,205|People|2,1
25,0.3,205|People|3,1
25,0.3,205|People|4,1
25,0.3,205|People|5,1
25,0.3,205|People|6,1
25,0.3,205|People|7,0
25,0.3,205|People|8,1
25,0.3,205|Lamp|0,1
25,0.3,205|Lamp|1,1
25,0.3,205|Lamp|2,0
25,0.3,206|People|0,1
25,0.3,206|People|1,1
25,0.3,206|People|2,1
25,0.3,206|People|3,1
25,0.3,206|People|4,0
25,0.3,206|People|5,0
25,0.3,206|People|6,0
25,0.3,206|People|7,0
25,0.3,206|Lamp|0,1
25,0.3,209|People|0,1
25,0.3,209|Lamp|0,1
25,0.3,210|People|0,1
25,0.3,210|People|1,1
25,0.3,210|People|2,0
25,0.3,210|Lamp|0,1
25,0.3,213|People|0,1
25,0.3,213|People|1,1
25,0.3,213|People|2,1
25,0.3,213|People|3,0
25,0.3,213|People|4,0
25,0.3,213|People|5,0
25,0.3,213|People|6,0
25,0.3,213|People|7,0
25,0.3,213|Lamp|0,1
25,0.3,213|Lamp|1,1
25,0.3,213|Lamp|2,0
25,0.3,217|People|0,0
25,0.3,217|People|1,0
25,0.3,217|Lamp|0,0
25,0.3,222|People|0,1
25,0.3,222|People|1,1
25,0.3,222|People|2,0
25,0.3,222|People|3,1
25,0.3,222|People|4,1
25,0.3,222|People|5,1
25,0.3,222|People|6,1
25,0.3,222|People|7,0
25,0.3,222|People|8,0
25,0.3,222|Lamp|0,0
25,0.3,222|Lamp|1,0
25,0.3,222|Lamp|2,1
25,0.3,222|Lamp|3,1
25,0.3,222|Lamp|4,0
25,0.3,222|Lamp|5,1
25,0.3,222|Lamp|6,0
25,0.3,231|People|0,0
25,0.3,231|People|1,1
25,0.3,231|People|2,1
25,0.3,231|People|3,1
25,0.3,231|People|4,1
25,0.3,231|People|5,0
25,0.3,231|People|6,1
25,0.3,231|People|7,1
25,0.3,231|People|8,1
25,0.3,231|People|9,1
25,0.3,231|People|10,0
25,0.3,231|People|11,0
25,0.3,231|Lamp|0,1
25,0.3,231|Lamp|1,0
25,0.3,231|Lamp|2,0
25,0.3,231|Lamp|3,1
25,0.3,231|Lamp|4,1
25,0.3,232|People|0,0
25,0.3,232|People|1,0
25,0.3,232|People|2,0
25,0.3,232|People|3,0
25,0.3,232|People|4,0
25,0.3,232|People|5,1
25,0.3,232|People|6,1
25,0.3,232|People|7,1
25,0.3,232|People|8,1
25,0.3,232|People|9,0
25,0.3,232|People|10,0
25,0.3,232|People|11,0
25,0.3,232|Lamp|0,1
25,0.3,232|Lamp|1,0
25,0.3,232|Lamp|2,1
25,0.3,232|Lamp|3,0
25,0.3,232|Lamp|4,0
25,0.3,232|Lamp|5,0
25,0.3,240|People|0,0
25,0.3,240|People|1,0
25,0.3,240|People|2,1
25,0.3,240|People|3,1
25,0.3,240|People|4,1
25,0.3,240|People|5,0
25,0.3,240|People|6,0
25,0.3,240|Lamp|0,0
25,0.3,240|Lamp|1,0
25,0.3,240|Lamp|2,0
25,0.3,240|Lamp|3,0
25,0.3,240|Lamp|4,0
25,0.3,388|People|0,1
25,0.3,388|People|1,1
25,0.3,388|People|2,1
25,0.3,388|People|3,1
25,0.3,388|People|4,1
25,0.3,388|People|5,1
25,0.3,388|People|6,1
25,0.3,388|People|7,1
25,0.3,388|People|8,1
25,0.3,388|People|9,1
25,0.3,388|Lamp|0,1
25,0.3,389|People|0,1
25,0.3,389|People|1,1
25,0.3,389|People|2,0
25,0.3,389|People|3,1
25,0.3,389|People|4,1
25,0.3,389|People|5,1
25,0.3,389|People|6,1
25,0.3,389|People|7,1
25,0.3,389|People|8,1
25,0.3,389|People|9,1
25,0.3,389|Lamp|0,0
25,0.3,389|Lamp|1,1
25,0.3,392|People|0,1
25,0.3,392|People|1,1
25,0.3,392|People|2,0
25,0.3,392|People|3,1
25,0.3,392|Lamp|0,1
25,0.3,392|Lamp|1,1
25,0.3,394|People|0,1
25,0.3,394|People|1,1
25,0.3,394|People|2,1
25,0.3,394|People|3,1
25,0.3,394|People|4,1
25,0.3,394|People|5,1
25,0.3,394|Lamp|0,1
25,0.3,394|Lamp|1,1
25,0.3,395|People|0,0
25,0.3,395|People|1,0
25,0.3,395|People|2,1
25,0.3,395|People|3,1
25,0.3,395|People|4,1
25,0.3,395|People|5,1
25,0.3,395|People|6,1
25,0.3,395|Lamp|0,1
25,0.3,395|Lamp|1,1
25,0.3,396|People|0,0
25,0.3,396|People|1,0
25,0.3,396|People|2,1
25,0.3,396|People|3,1
25,0.3,396|People|4,1
25,0.3,396|People|5,1
25,0.3,396|Lamp|0,1
25,0.3,396|Lamp|1,1
25,0.3,409|People|0,1
25,0.3,409|People|1,1
25,0.3,409|People|2,0
25,0.3,409|People|3,1
25,0.3,409|People|4,1
25,0.3,409|Lamp|0,0
25,0.3,410|People|0,1
25,0.3,410|People|1,0
25,0.3,410|People|2,0
25,0.3,410|People|3,1
25,0.3,410|People|4,0
25,0.3,410|People|5,1
25,0.3,410|Lamp|0,1
25,0.3,413|People|0,1
25,0.3,413|People|1,1
25,0.3,413|People|2,1
25,0.3,413|People|3,0
25,0.3,413|People|4,0
25,0.3,413|People|5,0
25,0.3,413|Lamp|0,0
25,0.3,419|People|0,0
25,0.3,419|People|1,0
25,0.3,419|Lamp|0,0
25,0.3,419|Lamp|1,1
25,0.3,422|People|0,1
25,0.3,422|People|1,1
25,0.3,422|People|2,1
25,0.3,422|People|3,1
25,0.3,422|People|4,1
25,0.3,422|Lamp|0,0
25,0.3,425|People|0,0
25,0.3,425|People|1,1
25,0.3,425|People|2,1
25,0.3,425|People|3,1
25,0.3,425|People|4,0
25,0.3,425|People|5,1
25,0.3,425|People|6,1
25,0.3,425|People|7,0
25,0.3,425|Lamp|0,0
25,0.3,427|People|0,0
25,0.3,427|People|1,0
25,0.3,427|People|2,0
25,0.3,427|People|3,1
25,0.3,427|People|4,1
25,0.3,427|People|5,1
25,0.3,427|People|6,1
25,0.3,427|People|7,1
25,0.3,427|Lamp|0,0
25,0.3,428|People|0,0
25,0.3,428|People|1,0
25,0.3,428|People|2,1
25,0.3,428|People|3,1
25,0.3,428|People|4,1
25,0.3,428|People|5,1
25,0.3,428|People|6,1
25,0.3,428|Lamp|0,0
25,0.3,438|People|0,1
25,0.3,438|People|1,1
25,0.3,438|People|2,0
25,0.3,438|People|3,0
25,0.3,438|People|4,0
25,0.3,438|Lamp|0,1
25,0.3,438|Lamp|1,0
25,0.3,438|Lamp|2,1
25,0.3,438|Lamp|3,1
25,0.3,440|People|0,1
25,0.3,440|People|1,1
25,0.3,440|People|2,0
25,0.3,440|People|3,0
25,0.3,440|People|4,0
25,0.3,440|People|5,0
25,0.3,440|People|6,0
25,0.3,440|Lamp|0,1
25,0.3,440|Lamp|1,1
25,0.3,440|Lamp|2,0
25,0.3,440|Lamp|3,1
25,0.3,442|People|0,1
25,0.3,442|People|1,1
25,0.3,442|People|2,0
25,0.3,442|People|3,0
25,0.3,442|People|4,0
25,0.3,442|People|5,1
25,0.3,442|People|6,1
25,0.3,442|People|7,1
25,0.3,442|Lamp|0,1
25,0.3,442|Lamp|1,1
25,0.3,442|Lamp|2,1
25,0.3,442|Lamp|3,1
25,0.3,444|People|0,1
25,0.3,444|People|1,1
25,0.3,444|People|2,0
25,0.3,444|People|3,0
25,0.3,444|People|4,0
25,0.3,444|People|5,0
25,0.3,444|Lamp|0,1
25,0.3,444|Lamp|1,1
25,0.3,444|Lamp|2,1
25,0.3,444|Lamp|3,0
25,0.3,448|People|0,1
25,0.3,448|People|1,1
25,0.3,448|People|2,1
25,0.3,448|People|3,0
25,0.3,448|People|4,0
25,0.3,448|People|5,0
25,0.3,448|People|6,0
25,0.3,448|Lamp|0,1
25,0.3,448|Lamp|1,1
25,0.3,448|Lamp|2,0
25,0.3,448|Lamp|3,0
25,0.3,448|Lamp|4,0
25,0.3,448|Lamp|5,0
25,0.3,449|People|0,1
25,0.3,449|People|1,1
25,0.3,449|People|2,1
25,0.3,449|People|3,1
25,0.3,449|People|4,0
25,0.3,449|People|5,0
25,0.3,449|Lamp|0,0
25,0.3,449|Lamp|1,1
25,0.3,449|Lamp|2,1
25,0.3,449|Lamp|3,0
25,0.3,449|Lamp|4,1
25,0.3,452|People|0,1
25,0.3,452|People|1,1
25,0.3,452|Lamp|0,1
25,0.3,452|Lamp|1,0
25,0.3,452|Lamp|2,1
25,0.3,453|People|0,1
25,0.3,453|Lamp|0,1
25,0.3,453|Lamp|1,1
25,0.3,453|Lamp|2,1
25,0.3,453|Lamp|3,1
25,0.3,459|People|0,1
25,0.3,459|People|1,0
25,0.3,459|People|2,1
25,0.3,459|People|3,1
25,0.3,459|People|4,1
25,0.3,459|People|5,1
25,0.3,459|Lamp|0,0
25,0.3,459|Lamp|1,0
25,0.3,459|Lamp|2,0
25,0.3,462|People|0,1
25,0.3,462|People|1,1
25,0.3,462|People|2,1
25,0.3,462|People|3,1
25,0.3,462|People|4,1
25,0.3,462|People|5,1
25,0.3,462|People|6,1
25,0.3,462|Lamp|0,1
25,0.3,462|Lamp|1,0
25,0.3,466|People|0,1
25,0.3,466|People|1,1
25,0.3,466|People|2,1
25,0.3,466|People|3,1
25,0.3,466|People|4,1
25,0.3,466|People|5,1
25,0.3,466|Lamp|0,1
25,0.3,466|Lamp|1,0
25,0.3,468|People|0,1
25,0.3,468|People|1,1
25,0.3,468|People|2,1
25,0.3,468|People|3,1
25,0.3,468|People|4,1
25,0.3,468|People|5,1
25,0.3,468|People|6,1
25,0.3,468|Lamp|0,0
25,0.3,468|Lamp|1,0
25,0.3,470|People|0,1
25,0.3,470|People|1,0
25,0.3,470|Lamp|0,0
25,0.3,476|People|0,0
25,0.3,476|People|1,1
25,0.3,476|Lamp|0,0
25,0.3,478|People|0,0
25,0.3,478|Lamp|0,0
25,0.3,479|People|0,1
25,0.3,479|Lamp|0,1
25,0.3,480|People|0,1
25,0.3,480|People|1,0
25,0.3,480|People|2,0
25,0.3,480|Lamp|0,0
25,0.3,486|People|0,1
25,0.3,486|People|1,0
25,0.3,486|People|2,0
25,0.3,486|People|3,0
25,0.3,486|People|4,1
25,0.3,486|People|5,1
25,0.3,486|People|6,0
25,0.3,486|Lamp|0,0
25,0.3,489|People|0,1
25,0.3,489|People|1,0
25,0.3,489|People|2,1
25,0.3,489|People|3,1
25,0.3,489|People|4,0
25,0.3,489|People|5,0
25,0.3,489|People|6,0
25,0.3,489|People|7,0
25,0.3,489|People|8,0
25,0.3,489|People|9,0
25,0.3,489|Lamp|0,1
25,0.3,489|Lamp|1,0
25,0.3,493|People|0,0
25,0.3,493|People|1,1
25,0.3,493|People|2,1
25,0.3,493|People|3,1
25,0.3,493|People|4,1
25,0.3,493|People|5,1
25,0.3,493|People|6,1
25,0.3,493|People|7,0
25,0.3,493|Lamp|0,0
25,0.3,494|People|0,1
25,0.3,494|People|1,0
25,0.3,494|People|2,0
25,0.3,494|People|3,0
25,0.3,494|People|4,0
25,0.3,494|Lamp|0,1
25,0.3,494|Lamp|1,0
25,0.3,494|Lamp|2,1
25,0.3,503|People|0,0
25,0.3,503|People|1,0
25,0.3,503|Lamp|0,1
25,0.3,503|Lamp|1,1
25,0.3,505|People|0,0
25,0.3,505|People|1,0
25,0.3,505|People|2,0
25,0.3,505|People|3,0
25,0.3,505|People|4,1
25,0.3,505|Lamp|0,1
25,0.3,507|People|0,1
25,0.3,507|People|1,0
25,0.3,507|People|2,0
25,0.3,507|People|3,0
25,0.3,507|People|4,0
25,0.3,507|People|5,1
25,0.3,507|People|6,1
25,0.3,507|Lamp|0,0
25,0.3,1190|People|0,0
25,0.3,1190|People|1,0
25,0.3,1190|People|2,0
25,0.3,1190|People|3,0
25,0.3,1190|People|4,0
25,0.3,1190|People|5,0
25,0.3,1190|People|6,0
25,0.3,1190|People|7,0
25,0.3,1190|Lamp|0,0
25,0.3,1196|People|0,0
25,0.3,1196|People|1,0
25,0.3,1196|Lamp|0,0
25,0.3,1199|People|0,0
25,0.3,1199|People|1,0
25,0.3,1199|People|2,0
25,0.3,1199|Lamp|0,1
25,0.3,1200|People|0,0
25,0.3,1200|People|1,1
25,0.3,1200|Lamp|0,0
25,0.3,1204|People|0,1
25,0.3,1204|People|1,1
25,0.3,1204|People|2,0
25,0.3,1204|People|3,0
25,0.3,1204|Lamp|0,0
25,0.3,1206|People|0,1
25,0.3,1206|People|1,1
25,0.3,1206|People|2,0
25,0.3,1206|Lamp|0,0
25,0.3,1207|People|0,1
25,0.3,1207|People|1,1
25,0.3,1207|People|2,0
25,0.3,1207|Lamp|0,0
25,0.3,1211|People|0,1
25,0.3,1211|People|1,1
25,0.3,1211|People|2,0
25,0.3,1211|People|3,0
25,0.3,1211|Lamp|0,0
25,0.3,1213|People|0,1
25,0.3,1213|People|1,1
25,0.3,1213|Lamp|0,0
25,0.3,1216|People|0,1
25,0.3,1216|People|1,1
25,0.3,1216|Lamp|0,0
25,0.3,1218|People|0,1
25,0.3,1218|People|1,1
25,0.3,1218|Lamp|0,0
25,0.3,1219|People|0,1
25,0.3,1219|People|1,0
25,0.3,1219|People|2,0
25,0.3,1219|People|3,0
25,0.3,1219|Lamp|0,1
25,0.3,1219|Lamp|1,0
25,0.3,1221|People|0,1
25,0.3,1221|People|1,0
25,0.3,1221|People|2,0
25,0.3,1221|Lamp|0,0
25,0.3,1222|People|0,0
25,0.3,1222|People|1,0
25,0.3,1222|People|2,0
25,0.3,1222|Lamp|0,0
25,0.3,1225|People|0,0
25,0.3,1225|People|1,0
25,0.3,1225|People|2,0
25,0.3,1225|People|3,0
25,0.3,1225|People|4,0
25,0.3,1225|People|5,0
25,0.3,1225|People|6,0
25,0.3,1225|Lamp|0,1
25,0.3,1225|Lamp|1,0
25,0.3,1226|People|0,0
25,0.3,1226|People|1,1
25,0.3,1226|People|2,0
25,0.3,1226|People|3,0
25,0.3,1226|People|4,0
25,0.3,1226|Lamp|0,0
25,0.3,1226|Lamp|1,0
25,0.3,1226|Lamp|2,0
25,0.3,1228|People|0,0
25,0.3,1228|Lamp|0,0
25,0.3,1266|People|0,0
25,0.3,1266|People|1,0
25,0.3,1266|Lamp|0,1
25,0.3,1266|Lamp|1,1
25,0.3,1268|People|0,1
25,0.3,1268|Lamp|0,1
25,0.3,1268|Lamp|1,0
25,0.3,1268|Lamp|2,0
25,0.3,1268|Lamp|3,0
25,0.3,1273|People|0,0
25,0.3,1273|Lamp|0,0
25,0.3,1273|Lamp|1,1
25,0.3,1274|People|0,0
25,0.3,1274|Lamp|0,0
25,0.3,1274|Lamp|1,1
25,0.3,1274|Lamp|2,0
25,0.3,1285|People|0,1
25,0.3,1285|Lamp|0,0
25,0.3,1285|Lamp|1,1
25,0.3,1285|Lamp|2,0
25,0.3,1291|People|0,0
25,0.3,1291|Lamp|0,0
25,0.3,1291|Lamp|1,1
25,0.3,1295|People|0,1
25,0.3,1295|People|1,1
25,0.3,1295|People|2,0
25,0.3,1295|Lamp|0,1
25,0.3,1299|People|0,1
25,0.3,1299|People|1,0
25,0.3,1299|People|2,0
25,0.3,1299|Lamp|0,0
25,0.3,2046|People|0,1
25,0.3,2046|People|1,1
25,0.3,2046|Lamp|0,1
25,0.3,2046|Lamp|1,1
25,0.3,2046|Lamp|2,1
25,0.3,2046|Lamp|3,0
25,0.3,2050|People|0,1
25,0.3,2050|People|1,0
25,0.3,2050|Lamp|0,1
25,0.3,2050|Lamp|1,0
25,0.3,2050|Lamp|2,1
25,0.3,2050|Lamp|3,0
25,0.3,2051|People|0,1
25,0.3,2051|People|1,0
25,0.3,2051|Lamp|0,0
25,0.3,2051|Lamp|1,0
25,0.3,2051|Lamp|2,1
25,0.3,2051|Lamp|3,0
25,0.3,2052|People|0,1
25,0.3,2052|People|1,0
25,0.3,2052|Lamp|0,1
25,0.3,2052|Lamp|1,1
25,0.3,2052|Lamp|2,0
25,0.3,2052|Lamp|3,1
25,0.3,2056|People|0,1
25,0.3,2056|People|1,1
25,0.3,2056|Lamp|0,1
25,0.3,2056|Lamp|1,0
25,0.3,2056|Lamp|2,1
25,0.3,2056|Lamp|3,0
25,0.3,2057|People|0,1
25,0.3,2057|People|1,1
25,0.3,2057|Lamp|0,0
25,0.3,2057|Lamp|1,0
25,0.3,2057|Lamp|2,0
25,0.3,2057|Lamp|3,1
25,0.3,2058|People|0,1
25,0.3,2058|People|1,1
25,0.3,2058|Lamp|0,0
25,0.3,2058|Lamp|1,0
25,0.3,2058|Lamp|2,1
25,0.3,2058|Lamp|3,0
25,0.3,2058|Lamp|4,0
25,0.3,2058|Lamp|5,0
25,0.3,2059|People|0,1
25,0.3,2059|People|1,0
25,0.3,2059|Lamp|0,1
25,0.3,2059|Lamp|1,0
25,0.3,2059|Lamp|2,0
25,0.3,2059|Lamp|3,0
25,0.3,2061|People|0,1
25,0.3,2061|People|1,1
25,0.3,2061|Lamp|0,1
25,0.3,2061|Lamp|1,0
25,0.3,2061|Lamp|2,0
25,0.3,2061|Lamp|3,1
25,0.3,2061|Lamp|4,0
25,0.3,2061|Lamp|5,0
25,0.3,2065|People|0,1
25,0.3,2065|People|1,1
25,0.3,2065|Lamp|0,0
25,0.3,2065|Lamp|1,0
25,0.3,2065|Lamp|2,1
25,0.3,2065|Lamp|3,0
25,0.3,2065|Lamp|4,0
25,0.3,2065|Lamp|5,1
25,0.3,2067|People|0,1
25,0.3,2067|People|1,0
25,0.3,2067|Lamp|0,1
25,0.3,2067|Lamp|1,0
25,0.3,2067|Lamp|2,0
25,0.3,2067|Lamp|3,1
25,0.3,2068|People|0,1
25,0.3,2068|People|1,0
25,0.3,2068|Lamp|0,1
25,0.3,2068|Lamp|1,1
25,0.3,2068|Lamp|2,0
25,0.3,2068|Lamp|3,0
25,0.3,2069|People|0,1
25,0.3,2069|People|1,0
25,0.3,2069|Lamp|0,1
25,0.3,2069|Lamp|1,1
25,0.3,2069|Lamp|2,0
25,0.3,2069|Lamp|3,0
25,0.3,2069|Lamp|4,0
25,0.3,2069|Lamp|5,0
25,0.3,2070|People|0,1
25,0.3,2070|People|1,0
25,0.3,2070|Lamp|0,1
25,0.3,2070|Lamp|1,0
25,0.3,2070|Lamp|2,1
25,0.3,2070|Lamp|3,1
25,0.3,2072|People|0,1
25,0.3,2072|People|1,0
25,0.3,2072|Lamp|0,1
25,0.3,2072|Lamp|1,0
25,0.3,2072|Lamp|2,0
25,0.3,2072|Lamp|3,0
25,0.3,2072|Lamp|4,0
25,0.3,2072|Lamp|5,1
25,0.3,2073|People|0,1
25,0.3,2073|People|1,0
25,0.3,2073|Lamp|0,1
25,0.3,2073|Lamp|1,0
25,0.3,2073|Lamp|2,1
25,0.3,2073|Lamp|3,0
25,0.3,2073|Lamp|4,0
25,0.3,2073|Lamp|5,1
25,0.3,2074|People|0,1
25,0.3,2074|People|1,0
25,0.3,2074|Lamp|0,1
25,0.3,2074|Lamp|1,0
25,0.3,2074|Lamp|2,0
25,0.3,2074|Lamp|3,0
25,0.3,2074|Lamp|4,1
25,0.3,2074|Lamp|5,1
25,0.3,2074|Lamp|6,0
25,0.3,2074|Lamp|7,1
25,0.3,2076|People|0,1
25,0.3,2076|People|1,1
25,0.3,2076|Lamp|0,1
25,0.3,2076|Lamp|1,0
25,0.3,2076|Lamp|2,0
25,0.3,2076|Lamp|3,0
25,0.3,2076|Lamp|4,1
25,0.3,2076|Lamp|5,1
25,0.3,2076|Lamp|6,1
25,0.3,2076|Lamp|7,0
25,0.3,2082|People|0,1
25,0.3,2082|People|1,1
25,0.3,2082|Lamp|0,0
25,0.3,2082|Lamp|1,0
25,0.3,2082|Lamp|2,0
25,0.3,2082|Lamp|3,0
25,0.3,2082|Lamp|4,0
25,0.3,2082|Lamp|5,0
25,0.3,2084|People|0,1
25,0.3,2084|People|1,1
25,0.3,2084|Lamp|0,1
25,0.3,2084|Lamp|1,1
25,0.3,2084|Lamp|2,0
25,0.3,2084|Lamp|3,0
25,0.3,2084|Lamp|4,0
25,0.3,2084|Lamp|5,0
25,0.3,2087|People|0,1
25,0.3,2087|People|1,1
25,0.3,2087|Lamp|0,0
25,0.3,2087|Lamp|1,1
25,0.3,2087|Lamp|2,1
25,0.3,2090|People|0,1
25,0.3,2090|People|1,1
25,0.3,2090|Lamp|0,0
25,0.3,2090|Lamp|1,1
25,0.3,2090|Lamp|2,1
25,0.3,2090|Lamp|3,1
25,0.3,2091|People|0,1
25,0.3,2091|People|1,1
25,0.3,2091|Lamp|0,0
25,0.3,2091|Lamp|1,1
25,0.3,2091|Lamp|2,0
25,0.3,2091|Lamp|3,0
25,0.3,2091|Lamp|4,0
25,0.3,2091|Lamp|5,1
25,0.3,2092|People|0,1
25,0.3,2092|People|1,1
25,0.3,2092|Lamp|0,0
25,0.3,2092|Lamp|1,1
25,0.3,2092|Lamp|2,1
25,0.3,2092|Lamp|3,0
25,0.3,2092|Lamp|4,0
25,0.3,2092|Lamp|5,1
25,0.3,2093|People|0,1
25,0.3,2093|People|1,1
25,0.3,2093|Lamp|0,0
25,0.3,2093|Lamp|1,0
25,0.3,2093|Lamp|2,1
25,0.3,2093|Lamp|3,0
25,0.3,2093|Lamp|4,1
25,0.3,2093|Lamp|5,1
25,0.3,2120|People|0,1
25,0.3,2120|People|1,1
25,0.3,2120|People|2,0
25,0.3,2120|Lamp|0,1
25,0.3,2127|People|0,0
25,0.3,2127|People|1,0
25,0.3,2127|People|2,1
25,0.3,2127|Lamp|0,1
25,0.3,2127|Lamp|1,0
25,0.3,2127|Lamp|2,0
25,0.3,2127|Lamp|3,0
25,0.3,2129|People|0,1
25,0.3,2129|People|1,1
25,0.3,2129|People|2,0
25,0.3,2129|Lamp|0,0
25,0.3,2129|Lamp|1,1
25,0.3,2139|People|0,1
25,0.3,2139|Lamp|0,1
25,0.3,2139|Lamp|1,1
25,0.3,2139|Lamp|2,1
25,0.3,2140|People|0,0
25,0.3,2140|Lamp|0,1
25,0.3,2140|Lamp|1,1
25,0.3,2140|Lamp|2,0
25,0.3,2149|People|0,1
25,0.3,2149|Lamp|0,1
25,0.3,2149|Lamp|1,1
25,0.3,2150|People|0,1
25,0.3,2150|Lamp|0,1
25,0.3,2150|Lamp|1,1
25,0.3,2151|People|0,1
25,0.3,2151|Lamp|0,1
25,0.3,2151|Lamp|1,1
25,0.3,2158|People|0,0
25,0.3,2158|Lamp|0,1
25,0.3,2158|Lamp|1,1
25,0.3,2160|People|0,1
25,0.3,2160|Lamp|0,1
25,0.3,2160|Lamp|1,1
25,0.3,2190|People|0,1
25,0.3,2190|People|1,0
25,0.3,2190|People|2,1
25,0.3,2190|Lamp|0,1
25,0.3,2190|Lamp|1,1
25,0.3,2191|People|0,1
25,0.3,2191|People|1,0
25,0.3,2191|People|2,1
25,0.3,2191|Lamp|0,1
25,0.3,2191|Lamp|1,0
25,0.3,2193|People|0,1
25,0.3,2193|People|1,1
25,0.3,2193|People|2,0
25,0.3,2193|Lamp|0,1
25,0.3,2193|Lamp|1,1
25,0.3,2195|People|0,1
25,0.3,2195|People|1,1
25,0.3,2195|People|2,0
25,0.3,2195|Lamp|0,1
25,0.3,2195|Lamp|1,1
25,0.3,2200|People|0,0
25,0.3,2200|Lamp|0,1
25,0.3,2200|Lamp|1,1
25,0.3,2217|People|0,0
25,0.3,2217|Lamp|0,0
25,0.3,2217|Lamp|1,0
25,0.3,2218|People|0,0
25,0.3,2218|Lamp|0,0
25,0.3,2218|Lamp|1,0
25,0.3,2226|People|0,0
25,0.3,2226|Lamp|0,1
25,0.3,2226|Lamp|1,1
25,0.3,2226|Lamp|2,1
25,0.3,2226|Lamp|3,0
25,0.3,2226|Lamp|4,0
25,0.3,2292|People|0,0
25,0.3,2292|Lamp|0,0
25,0.3,2292|Lamp|1,0
25,0.3,2292|Lamp|2,0
25,0.3,2292|Lamp|3,0
25,0.3,2293|People|0,0
25,0.3,2293|Lamp|0,0
25,0.3,2293|Lamp|1,0
25,0.3,2293|Lamp|2,0
25,0.3,2293|Lamp|3,0
25,0.3,2295|People|0,0
25,0.3,2295|Lamp|0,0
25,0.3,2295|Lamp|1,0
25,0.3,2295|Lamp|2,0
25,0.3,2295|Lamp|3,0
25,0.3,2295|Lamp|4,0
25,0.3,2295|Lamp|5,0
25,0.3,2295|Lamp|6,0
25,0.3,2295|Lamp|7,0
25,0.3,2297|People|0,0
25,0.3,2297|Lamp|0,0
25,0.3,2297|Lamp|1,0
25,0.3,2297|Lamp|2,0
25,0.3,2297|Lamp|3,0
25,0.3,2297|Lamp|4,0
25,0.3,2298|People|0,0
25,0.3,2298|Lamp|0,0
25,0.3,2298|Lamp|1,0
25,0.3,2298|Lamp|2,0
25,0.3,2298|Lamp|3,0
25,0.3,2298|Lamp|4,1
25,0.3,2299|People|0,0
25,0.3,2299|Lamp|0,0
25,0.3,2299|Lamp|1,0
25,0.3,2299|Lamp|2,0
25,0.3,2299|Lamp|3,0
25,0.3,2299|Lamp|4,0
25,0.3,2299|Lamp|5,1
25,0.3,2328|People|0,1
25,0.3,2328|People|1,0
25,0.3,2328|People|2,0
25,0.3,2328|Lamp|0,0
25,0.3,2332|People|0,1
25,0.3,2332|People|1,1
25,0.3,2332|People|2,0
25,0.3,2332|People|3,0
25,0.3,2332|Lamp|0,0
25,0.3,2335|People|0,1
25,0.3,2335|People|1,1
25,0.3,2335|People|2,0
25,0.3,2335|People|3,1
25,0.3,2335|Lamp|0,0
25,0.3,2337|People|0,0
25,0.3,2337|People|1,0
25,0.3,2337|Lamp|0,0
25,0.3,2453|People|0,0
25,0.3,2453|People|1,0
25,0.3,2453|Lamp|0,0
25,0.3,2456|People|0,1
25,0.3,2456|Lamp|0,0
25,0.3,2456|Lamp|1,0
25,0.3,2456|Lamp|2,0
25,0.3,2457|People|0,1
25,0.3,2457|Lamp|0,0
25,0.3,2457|Lamp|1,0
25,0.3,2457|Lamp|2,0
25,0.3,2457|Lamp|3,0
25,0.3,2465|People|0,0
25,0.3,2465|Lamp|0,0
25,0.3,2465|Lamp|1,0
25,0.3,2465|Lamp|2,0
25,0.3,2467|People|0,0
25,0.3,2467|Lamp|0,0
25,0.3,2467|Lamp|1,0
25,0.3,2468|People|0,0
25,0.3,2468|People|1,0
25,0.3,2468|Lamp|0,0
25,0.3,2468|Lamp|1,0
25,0.3,2478|People|0,1
25,0.3,2478|People|1,1
25,0.3,2478|People|2,0
25,0.3,2478|People|3,0
25,0.3,2478|Lamp|0,1
25,0.3,2478|Lamp|1,1
25,0.3,2489|People|0,0
25,0.3,2489|People|1,0
25,0.3,2489|People|2,0
25,0.3,2489|People|3,1
25,0.3,2489|People|4,0
25,0.3,2489|People|5,0
25,0.3,2489|Lamp|0,0
25,0.3,2489|Lamp|1,0
25,0.3,2490|People|0,0
25,0.3,2490|People|1,0
25,0.3,2490|People|2,0
25,0.3,2490|People|3,0
25,0.3,2490|People|4,0
25,0.3,2490|Lamp|0,0
25,0.3,2490|Lamp|1,0
25,0.3,2491|People|0,0
25,0.3,2491|People|1,0
25,0.3,2491|People|2,1
25,0.3,2491|People|3,0
25,0.3,2491|People|4,0
25,0.3,2491|Lamp|0,0
25,0.3,2491|Lamp|1,0
25,0.3,2602|People|0,0
25,0.3,2602|Lamp|0,0
25,0.3,2602|Lamp|1,0
25,0.3,2602|Lamp|2,0
25,0.3,2606|People|0,1
25,0.3,2606|Lamp|0,0
25,0.3,2606|Lamp|1,0
25,0.3,2607|People|0,0
25,0.3,2607|Lamp|0,0
25,0.3,2607|Lamp|1,0
25,0.3,2622|People|0,1
25,0.3,2622|People|1,0
25,0.3,2622|People|2,0
25,0.3,2622|Lamp|0,1
25,0.3,2622|Lamp|1,1
25,0.3,2622|Lamp|2,1
25,0.3,2717|People|0,0
25,0.3,2717|People|1,0
25,0.3,2717|People|2,0
25,0.3,2717|Lamp|0,0
25,0.3,2720|People|0,0
25,0.3,2720|People|1,0
25,0.3,2720|People|2,0
25,0.3,2720|Lamp|0,0
25,0.3,2721|People|0,0
25,0.3,2721|People|1,0
25,0.3,2721|Lamp|0,0
25,0.3,2727|People|0,1
25,0.3,2727|People|1,0
25,0.3,2727|People|2,0
25,0.3,2727|People|3,0
25,0.3,2727|Lamp|0,0
25,0.3,2732|People|0,0
25,0.3,2732|People|1,0
25,0.3,2732|Lamp|0,0
25,0.3,2735|People|0,0
25,0.3,2735|People|1,0
25,0.3,2735|Lamp|0,0
25,0.3,2736|People|0,0
25,0.3,2736|People|1,0
25,0.3,2736|Lamp|0,0
25,0.3,2738|People|0,0
25,0.3,2738|People|1,0
25,0.3,2738|People|2,0
25,0.3,2738|Lamp|0,0
25,0.3,2940|People|0,1
25,0.3,2940|Lamp|0,0
25,0.3,2940|Lamp|1,0
25,0.3,2942|People|0,1
25,0.3,2942|Lamp|0,0
25,0.3,2942|Lamp|1,0
25,0.3,2942|Lamp|2,0
25,0.3,2942|Lamp|3,0
25,0.3,2942|Lamp|4,0
25,0.3,2945|People|0,0
25,0.3,2945|Lamp|0,0
25,0.3,2945|Lamp|1,0
25,0.3,2945|Lamp|2,0
25,0.3,2947|People|0,1
25,0.3,2947|Lamp|0,1
25,0.3,2947|Lamp|1,1
25,0.3,2947|Lamp|2,0
25,0.3,2947|Lamp|3,0
25,0.3,2947|Lamp|4,0
25,0.3,2949|People|0,0
25,0.3,2949|Lamp|0,1
25,0.3,2949|Lamp|1,0
25,0.3,2949|Lamp|2,0
25,0.3,2949|Lamp|3,0
25,0.3,2949|Lamp|4,0
25,0.3,2949|Lamp|5,0
25,0.3,2950|People|0,0
25,0.3,2950|People|1,0
25,0.3,2950|Lamp|0,1
25,0.3,2950|Lamp|1,0
25,0.3,2950|Lamp|2,0
25,0.3,2950|Lamp|3,0
25,0.3,2950|Lamp|4,0
25,0.3,2951|People|0,0
25,0.3,2951|Lamp|0,1
25,0.3,2951|Lamp|1,0
25,0.3,2951|Lamp|2,0
25,0.3,2951|Lamp|3,0
25,0.3,2951|Lamp|4,0
25,0.3,2953|People|0,0
25,0.3,2953|Lamp|0,0
25,0.3,2953|Lamp|1,0
25,0.3,2953|Lamp|2,0
25,0.3,2953|Lamp|3,0
25,0.3,2957|People|0,0
25,0.3,2957|Lamp|0,1
25,0.3,2957|Lamp|1,0
25,0.3,2957|Lamp|2,1
25,0.3,2957|Lamp|3,0
25,0.3,2957|Lamp|4,0
25,0.3,2957|Lamp|5,0
25,0.3,3024|People|0,0
25,0.3,3024|Lamp|0,1
25,0.3,3024|Lamp|1,0
25,0.3,3052|People|0,0
25,0.3,3052|Lamp|0,0
25,0.3,3053|People|0,0
25,0.3,3053|People|1,0
25,0.3,3053|Lamp|0,0
25,0.3,3053|Lamp|1,0
25,0.3,3054|People|0,0
25,0.3,3054|People|1,0
25,0.3,3054|People|2,0
25,0.3,3054|Lamp|0,0
25,0.3,3054|Lamp|1,0
25,0.3,3057|People|0,0
25,0.3,3057|People|1,0
25,0.3,3057|Lamp|0,0
25,0.3,3057|Lamp|1,0
25,0.3,3059|People|0,0
25,0.3,3059|People|1,0
25,0.3,3059|People|2,0
25,0.3,3059|Lamp|0,0
25,0.3,3059|Lamp|1,0
25,0.3,3060|People|0,1
25,0.3,3060|People|1,1
25,0.3,3060|People|2,0
25,0.3,3060|People|3,0
25,0.3,3060|Lamp|0,0
25,0.3,3060|Lamp|1,0
25,0.3,3061|People|0,0
25,0.3,3061|People|1,1
25,0.3,3061|People|2,1
25,0.3,3061|People|3,0
25,0.3,3061|Lamp|0,0
25,0.3,3061|Lamp|1,0
25,0.3,3063|People|0,1
25,0.3,3063|People|1,0
25,0.3,3063|Lamp|0,0
25,0.3,3063|Lamp|1,0
25,0.3,3063|Lamp|2,0
25,0.3,3063|Lamp|3,0
25,0.3,3066|People|0,0
25,0.3,3066|Lamp|0,0
25,0.3,3066|Lamp|1,0
25,0.3,3066|Lamp|2,1
25,0.3,3066|Lamp|3,0
25,0.3,3066|Lamp|4,0
25,0.3,3066|Lamp|5,0
25,0.3,3072|People|0,1
25,0.3,3072|People|1,0
25,0.3,3072|People|2,0
25,0.3,3072|People|3,0
25,0.3,3072|People|4,0
25,0.3,3072|People|5,0
25,0.3,3072|People|6,1
25,0.3,3072|People|7,0
25,0.3,3072|Lamp|0,0
25,0.3,3072|Lamp|1,1
25,0.3,3072|Lamp|2,1
25,0.3,3072|Lamp|3,0
25,0.3,3072|Lamp|4,0
25,0.3,3072|Lamp|5,0
25,0.3,3072|Lamp|6,0
25,0.3,3072|Lamp|7,0
25,0.3,3078|People|0,1
25,0.3,3078|People|1,1
25,0.3,3078|People|2,1
25,0.3,3078|People|3,1
25,0.3,3078|People|4,0
25,0.3,3078|People|5,0
25,0.3,3078|People|6,0
25,0.3,3078|Lamp|0,1
25,0.3,3078|Lamp|1,1
25,0.3,3078|Lamp|2,1
25,0.3,3078|Lamp|3,0
25,0.3,3079|People|0,1
25,0.3,3079|People|1,1
25,0.3,3079|People|2,0
25,0.3,3079|People|3,0
25,0.3,3079|Lamp|0,1
25,0.3,3079|Lamp|1,1
25,0.3,3079|Lamp|2,0
25,0.3,3116|People|0,1
25,0.3,3116|Lamp|0,1
25,0.3,3116|Lamp|1,1
25,0.3,3118|People|0,1
25,0.3,3118|Lamp|0,1
25,0.3,3118|Lamp|1,1
25,0.3,3119|People|0,1
25,0.3,3119|Lamp|0,1
25,0.3,3119|Lamp|1,1
25,0.3,3121|People|0,1
25,0.3,3121|Lamp|0,1
25,0.3,3121|Lamp|1,1
25,0.3,3124|People|0,1
25,0.3,3124|Lamp|0,1
25,0.3,3124|Lamp|1,1
25,0.3,3125|People|0,1
25,0.3,3125|Lamp|0,1
25,0.3,3125|Lamp|1,1
25,0.3,3302|People|0,1
25,0.3,3302|Lamp|0,1
25,0.3,3302|Lamp|1,0
25,0.3,3302|Lamp|2,1
25,0.3,3302|Lamp|3,0
25,0.3,3313|People|0,1
25,0.3,3313|People|1,0
25,0.3,3313|Lamp|0,0
25,0.3,3313|Lamp|1,0
25,0.3,3347|People|0,1
25,0.3,3347|People|1,0
25,0.3,3347|People|2,0
25,0.3,3347|Lamp|0,0
25,0.3,3347|Lamp|1,0
25,0.3,3349|People|0,0
25,0.3,3349|People|1,0
25,0.3,3349|People|2,0
25,0.3,3349|Lamp|0,0
25,0.3,3349|Lamp|1,0
25,0.3,3350|People|0,0
25,0.3,3350|People|1,0
25,0.3,3350|People|2,0
25,0.3,3350|People|3,0
25,0.3,3350|People|4,0
25,0.3,3350|Lamp|0,0
25,0.3,3350|Lamp|1,0
25,0.3,3378|People|0,0
25,0.3,3378|People|1,0
25,0.3,3378|People|2,1
25,0.3,3378|People|3,0
25,0.3,3378|Lamp|0,0
25,0.3,3378|Lamp|1,1
25,0.3,3378|Lamp|2,0
25,0.3,3378|Lamp|3,0
25,0.3,3378|Lamp|4,0
25,0.3,3381|People|0,0
25,0.3,3381|People|1,1
25,0.3,3381|People|2,1
25,0.3,3381|People|3,0
25,0.3,3381|People|4,0
25,0.3,3381|Lamp|0,1
25,0.3,3381|Lamp|1,1
25,0.3,3381|Lamp|2,1
25,0.3,3381|Lamp|3,0
25,0.3,3381|Lamp|4,0
25,0.3,3382|People|0,0
25,0.3,3382|People|1,1
25,0.3,3382|People|2,1
25,0.3,3382|Lamp|0,1
25,0.3,3382|Lamp|1,1
25,0.3,3382|Lamp|2,1
25,0.3,3382|Lamp|3,0
25,0.3,3382|Lamp|4,0
25,0.3,3383|People|0,0
25,0.3,3383|People|1,1
25,0.3,3383|People|2,1
25,0.3,3383|Lamp|0,1
25,0.3,3383|Lamp|1,1
25,0.3,3383|Lamp|2,1
25,0.3,3383|Lamp|3,0
25,0.3,3383|Lamp|4,0
25,0.3,3384|People|0,0
25,0.3,3384|People|1,0
25,0.3,3384|People|2,1
25,0.3,3384|People|3,1
25,0.3,3384|Lamp|0,1
25,0.3,3384|Lamp|1,0
25,0.3,3384|Lamp|2,1
25,0.3,3384|Lamp|3,0
25,0.3,3384|Lamp|4,0
25,0.3,3389|People|0,0
25,0.3,3389|People|1,1
25,0.3,3389|People|2,0
25,0.3,3389|People|3,1
25,0.3,3389|Lamp|0,1
25,0.3,3389|Lamp|1,0
25,0.3,3389|Lamp|2,1
25,0.3,3389|Lamp|3,0
25,0.3,3389|Lamp|4,0
25,0.3,3390|People|0,1
25,0.3,3390|People|1,0
25,0.3,3390|People|2,1
25,0.3,3390|People|3,1
25,0.3,3390|Lamp|0,1
25,0.3,3390|Lamp|1,0
25,0.3,3390|Lamp|2,0
25,0.3,3390|Lamp|3,0
25,0.3,3390|Lamp|4,0
25,0.3,3392|People|0,0
25,0.3,3392|People|1,1
25,0.3,3392|People|2,1
25,0.3,3392|People|3,0
25,0.3,3392|People|4,0
25,0.3,3392|People|5,1
25,0.3,3392|Lamp|0,1
25,0.3,3392|Lamp|1,0
25,0.3,3392|Lamp|2,0
25,0.3,3392|Lamp|3,0
25,0.3,3392|Lamp|4,0
25,0.3,3395|People|0,1
25,0.3,3395|People|1,1
25,0.3,3395|People|2,0
25,0.3,3395|People|3,1
25,0.3,3395|People|4,0
25,0.3,3395|People|5,0
25,0.3,3395|People|6,0
25,0.3,3395|People|7,0
25,0.3,3395|Lamp|0,1
25,0.3,3395|Lamp|1,0
25,0.3,3395|Lamp|2,1
25,0.3,3395|Lamp|3,0
25,0.3,3395|Lamp|4,0
25,0.3,3397|People|0,1
25,0.3,3397|People|1,1
25,0.3,3397|People|2,0
25,0.3,3397|People|3,1
25,0.3,3397|People|4,0
25,0.3,3397|People|5,0
25,0.3,3397|People|6,0
25,0.3,3397|Lamp|0,1
25,0.3,3397|Lamp|1,0
25,0.3,3397|Lamp|2,1
25,0.3,3397|Lamp|3,0
25,0.3,3397|Lamp|4,1
25,0.3,3398|People|0,1
25,0.3,3398|People|1,1
25,0.3,3398|People|2,0
25,0.3,3398|People|3,0
25,0.3,3398|People|4,0
25,0.3,3398|People|5,1
25,0.3,3398|Lamp|0,1
25,0.3,3398|Lamp|1,0
25,0.3,3398|Lamp|2,0
25,0.3,3398|Lamp|3,0
25,0.3,3398|Lamp|4,0
25,0.3,3405|People|0,1
25,0.3,3405|People|1,0
25,0.3,3405|People|2,0
25,0.3,3405|Lamp|0,1
25,0.3,3405|Lamp|1,1
25,0.3,3405|Lamp|2,1
25,0.3,3405|Lamp|3,1
25,0.3,3408|People|0,1
25,0.3,3408|People|1,0
25,0.3,3408|People|2,0
25,0.3,3408|People|3,0
25,0.3,3408|Lamp|0,1
25,0.3,3408|Lamp|1,1
25,0.3,3408|Lamp|2,1
25,0.3,3408|Lamp|3,1
25,0.3,3409|People|0,0
25,0.3,3409|People|1,0
25,0.3,3409|Lamp|0,1
25,0.3,3409|Lamp|1,1
25,0.3,3409|Lamp|2,1
25,0.3,3409|Lamp|3,1
25,0.3,3566|People|0,0
25,0.3,3566|Lamp|0,1
25,0.3,3681|People|0,0
25,0.3,3681|Lamp|0,1
25,0.3,3681|Lamp|1,1
25,0.3,3681|Lamp|2,1
25,0.3,3681|Lamp|3,1
25,0.3,3682|People|0,0
25,0.3,3682|Lamp|0,1
25,0.3,3682|Lamp|1,1
25,0.3,3682|Lamp|2,1
25,0.3,3682|Lamp|3,1
25,0.3,3683|People|0,0
25,0.3,3683|Lamp|0,1
25,0.3,3683|Lamp|1,1
25,0.3,3683|Lamp|2,1
25,0.3,3683|Lamp|3,1
25,0.3,3687|People|0,0
25,0.3,3687|People|1,0
25,0.3,3687|People|2,0
25,0.3,3687|Lamp|0,1
25,0.3,3687|Lamp|1,1
25,0.3,3687|Lamp|2,1
25,0.3,3687|Lamp|3,1
25,0.3,3688|People|0,0
25,0.3,3688|People|1,0
25,0.3,3688|People|2,0
25,0.3,3688|Lamp|0,1
25,0.3,3688|Lamp|1,1
25,0.3,3688|Lamp|2,1
25,0.3,3688|Lamp|3,1
25,0.3,3689|People|0,0
25,0.3,3689|Lamp|0,0
25,0.3,3689|Lamp|1,0
25,0.3,3689|Lamp|2,0
25,0.3,3689|Lamp|3,0
25,0.5,63|People|0,0
25,0.5,63|People|1,1
25,0.5,63|People|2,1
25,0.5,63|People|3,1
25,0.5,63|People|4,0
25,0.5,63|Lamp|0,0
25,0.5,64|People|0,0
25,0.5,64|People|1,0
25,0.5,64|People|2,0
25,0.5,64|People|3,1
25,0.5,64|People|4,1
25,0.5,64|People|5,1
25,0.5,64|Lamp|0,0
25,0.5,71|People|0,0
25,0.5,71|People|1,0
25,0.5,71|Lamp|0,0
25,0.5,73|People|0,0
25,0.5,73|People|1,0
25,0.5,73|Lamp|0,0
25,0.5,78|People|0,0
25,0.5,78|People|1,1
25,0.5,78|People|2,1
25,0.5,78|People|3,1
25,0.5,78|People|4,0
25,0.5,78|People|5,0
25,0.5,78|Lamp|0,0
25,0.5,111|People|0,1
25,0.5,111|People|1,1
25,0.5,111|People|2,1
25,0.5,111|People|3,1
25,0.5,111|People|4,0
25,0.5,111|People|5,1
25,0.5,111|People|6,1
25,0.5,111|Lamp|0,1
25,0.5,111|Lamp|1,1
25,0.5,111|Lamp|2,0
25,0.5,111|Lamp|3,1
25,0.5,114|People|0,1
25,0.5,114|People|1,1
25,0.5,114|People|2,1
25,0.5,114|People|3,1
25,0.5,114|People|4,0
25,0.5,114|People|5,0
25,0.5,114|People|6,0
25,0.5,114|Lamp|0,0
25,0.5,114|Lamp|1,1
25,0.5,114|Lamp|2,1
25,0.5,116|People|0,1
25,0.5,116|People|1,1
25,0.5,116|People|2,1
25,0.5,116|People|3,1
25,0.5,116|People|4,1
25,0.5,116|People|5,1
25,0.5,116|People|6,1
25,0.5,116|People|7,1
25,0.5,116|Lamp|0,0
25,0.5,116|Lamp|1,1
25,0.5,116|Lamp|2,1
25,0.5,116|Lamp|3,1
25,0.5,118|People|0,1
25,0.5,118|People|1,1
25,0.5,118|People|2,0
25,0.5,118|People|3,1
25,0.5,118|People|4,1
25,0.5,118|People|5,0
25,0.5,118|People|6,1
25,0.5,118|People|7,1
25,0.5,118|Lamp|0,1
25,0.5,118|Lamp|1,1
25,0.5,118|Lamp|2,1
25,0.5,118|Lamp|3,1
25,0.5,123|People|0,1
25,0.5,123|People|1,1
25,0.5,123|People|2,0
25,0.5,123|People|3,0
25,0.5,123|People|4,1
25,0.5,123|People|5,0
25,0.5,123|People|6,1
25,0.5,123|Lamp|0,1
25,0.5,123|Lamp|1,1
25,0.5,123|Lamp|2,0
25,0.5,123|Lamp|3,1
25,0.5,123|Lamp|4,1
25,0.5,125|People|0,0
25,0.5,125|People|1,0
25,0.5,125|People|2,0
25,0.5,125|People|3,1
25,0.5,125|People|4,0
25,0.5,125|People|5,1
25,0.5,125|People|6,0
25,0.5,125|People|7,0
25,0.5,125|Lamp|0,1
25,0.5,125|Lamp|1,1
25,0.5,125|Lamp|2,1
25,0.5,125|Lamp|3,1
25,0.5,125|Lamp|4,1
25,0.5,126|People|0,1
25,0.5,126|People|1,0
25,0.5,126|People|2,1
25,0.5,126|People|3,0
25,0.5,126|People|4,0
25,0.5,126|People|5,1
25,0.5,126|People|6,0
25,0.5,126|People|7,1
25,0.5,126|People|8,0
25,0.5,126|Lamp|0,1
25,0.5,126|Lamp|1,1
25,0.5,126|Lamp|2,1
25,0.5,126|Lamp|3,0
25,0.5,126|Lamp|4,1
25,0.5,127|People|0,0
25,0.5,127|People|1,0
25,0.5,127|People|2,0
25,0.5,127|People|3,1
25,0.5,127|People|4,0
25,0.5,127|People|5,0
25,0.5,127|People|6,0
25,0.5,127|People|7,1
25,0.5,127|People|8,0
25,0.5,127|People|9,1
25,0.5,127|Lamp|0,0
25,0.5,127|Lamp|1,0
25,0.5,127|Lamp|2,1
25,0.5,127|Lamp|3,1
25,0.5,127|Lamp|4,0
25,0.5,129|People|0,0
25,0.5,129|People|1,1
25,0.5,129|People|2,1
25,0.5,129|People|3,0
25,0.5,129|People|4,0
25,0.5,129|People|5,0
25,0.5,129|People|6,0
25,0.5,129|People|7,0
25,0.5,129|Lamp|0,0
25,0.5,129|Lamp|1,0
25,0.5,129|Lamp|2,1
25,0.5,129|Lamp|3,1
25,0.5,129|Lamp|4,0
25,0.5,130|People|0,0
25,0.5,130|People|1,0
25,0.5,130|People|2,0
25,0.5,130|People|3,0
25,0.5,130|People|4,0
25,0.5,130|People|5,0
25,0.5,130|Lamp|0,0
25,0.5,130|Lamp|1,0
25,0.5,130|Lamp|2,0
25,0.5,130|Lamp|3,0
25,0.5,132|People|0,0
25,0.5,132|People|1,0
25,0.5,132|People|2,0
25,0.5,132|People|3,0
25,0.5,132|People|4,1
25,0.5,132|People|5,0
25,0.5,132|Lamp|0,1
25,0.5,132|Lamp|1,0
25,0.5,132|Lamp|2,0
25,0.5,132|Lamp|3,0
25,0.5,135|People|0,0
25,0.5,135|People|1,0
25,0.5,135|People|2,0
25,0.5,135|People|3,1
25,0.5,135|People|4,0
25,0.5,135|People|5,0
25,0.5,135|People|6,0
25,0.5,135|People|7,0
25,0.5,135|People|8,0
25,0.5,135|People|9,0
25,0.5,135|People|10,0
25,0.5,135|Lamp|0,0
25,0.5,135|Lamp|1,1
25,0.5,135|Lamp|2,0
25,0.5,136|People|0,0
25,0.5,136|People|1,0
25,0.5,136|People|2,0
25,0.5,136|People|3,0
25,0.5,136|People|4,0
25,0.5,136|People|5,1
25,0.5,136|People|6,1
25,0.5,136|People|7,0
25,0.5,136|Lamp|0,0
25,0.5,136|Lamp|1,0
25,0.5,136|Lamp|2,1
25,0.5,138|People|0,0
25,0.5,138|People|1,0
25,0.5,138|People|2,0
25,0.5,138|People|3,0
25,0.5,138|People|4,0
25,0.5,138|People|5,0
25,0.5,138|People|6,0
25,0.5,138|People|7,0
25,0.5,138|People|8,1
25,0.5,138|People|9,0
25,0.5,138|People|10,0
25,0.5,138|Lamp|0,0
25,0.5,138|Lamp|1,0
25,0.5,138|Lamp|2,0
25,0.5,143|People|0,0
25,0.5,143|People|1,0
25,0.5,143|People|2,1
25,0.5,143|People|3,0
25,0.5,143|People|4,0
25,0.5,143|People|5,0
25,0.5,143|People|6,0
25,0.5,143|Lamp|0,0
25,0.5,143|Lamp|1,0
25,0.5,144|People|0,0
25,0.5,144|People|1,0
25,0.5,144|People|2,1
25,0.5,144|People|3,0
25,0.5,144|People|4,0
25,0.5,144|People|5,0
25,0.5,144|People|6,0
25,0.5,144|Lamp|0,1
25,0.5,144|Lamp|1,0
25,0.5,147|People|0,1
25,0.5,147|People|1,0
25,0.5,147|People|2,1
25,0.5,147|People|3,0
25,0.5,147|People|4,0
25,0.5,147|People|5,0
25,0.5,147|People|6,0
25,0.5,147|People|7,0
25,0.5,147|People|8,0
25,0.5,147|People|9,0
25,0.5,147|People|10,0
25,0.5,147|People|11,0
25,0.5,147|Lamp|0,0
25,0.5,186|People|0,0
25,0.5,186|People|1,0
25,0.5,186|People|2,0
25,0.5,186|People|3,0
25,0.5,186|People|4,0
25,0.5,186|People|5,1
25,0.5,186|Lamp|0,1
25,0.5,187|People|0,0
25,0.5,187|People|1,0
25,0.5,187|People|2,0
25,0.5,187|People|3,0
25,0.5,187|People|4,0
25,0.5,187|People|5,0
25,0.5,187|Lamp|0,1
25,0.5,188|People|0,0
25,0.5,188|People|1,0
25,0.5,188|People|2,0
25,0.5,188|People|3,0
25,0.5,188|People|4,0
25,0.5,188|People|5,0
25,0.5,188|Lamp|0,1
25,0.5,191|People|0,1
25,0.5,191|People|1,1
25,0.5,191|People|2,0
25,0.5,191|People|3,1
25,0.5,191|People|4,1
25,0.5,191|People|5,1
25,0.5,191|Lamp|0,1
25,0.5,193|People|0,1
25,0.5,193|People|1,1
25,0.5,193|People|2,0
25,0.5,193|People|3,0
25,0.5,193|People|4,1
25,0.5,193|People|5,1
25,0.5,193|Lamp|0,1
25,0.5,196|People|0,1
25,0.5,196|People|1,1
25,0.5,196|People|2,1
25,0.5,196|People|3,1
25,0.5,196|People|4,1
25,0.5,196|People|5,0
25,0.5,196|People|6,1
25,0.5,196|People|7,1
25,0.5,196|People|8,1
25,0.5,196|Lamp|0,1
25,0.5,196|Lamp|1,1
25,0.5,196|Lamp|2,0
25,0.5,199|People|0,1
25,0.5,199|People|1,1
25,0.5,199|People|2,1
25,0.5,199|People|3,1
25,0.5,199|People|4,0
25,0.5,199|People|5,0
25,0.5,199|People|6,1
25,0.5,199|Lamp|0,1
25,0.5,199|Lamp|1,0
25,0.5,204|People|0,1
25,0.5,204|People|1,1
25,0.5,204|People|2,0
25,0.5,204|People|3,1
25,0.5,204|People|4,1
25,0.5,204|People|5,1
25,0.5,204|People|6,1
25,0.5,204|People|7,1
25,0.5,204|Lamp|0,1
25,0.5,204|Lamp|1,0
25,0.5,204|Lamp|2,0
25,0.5,205|People|0,0
25,0.5,205|People|1,1
25,0.5,205|People|2,1
25,0.5,205|People|3,1
25,0.5,205|People|4,1
25,0.5,205|People|5,0
25,0.5,205|People|6,1
25,0.5,205|People|7,0
25,0.5,205|People|8,1
25,0.5,205|Lamp|0,1
25,0.5,205|Lamp|1,0
25,0.5,205|Lamp|2,0
25,0.5,206|People|0,1
25,0.5,206|People|1,1
25,0.5,206|People|2,1
25,0.5,206|People|3,1
25,0.5,206|People|4,0
25,0.5,206|People|5,0
25,0.5,206|People|6,0
25,0.5,206|People|7,0
25,0.5,206|Lamp|0,1
25,0.5,209|People|0,1
25,0.5,209|Lamp|0,1
25,0.5,210|People|0,1
25,0.5,210|People|1,1
25,0.5,210|People|2,0
25,0.5,210|Lamp|0,1
25,0.5,213|People|0,1
25,0.5,213|People|1,1
25,0.5,213|People|2,1
25,0.5,213|People|3,0
25,0.5,213|People|4,0
25,0.5,213|People|5,0
25,0.5,213|People|6,0
25,0.5,213|People|7,0
25,0.5,213|Lamp|0,1
25,0.5,213|Lamp|1,0
25,0.5,213|Lamp|2,0
25,0.5,217|People|0,0
25,0.5,217|People|1,0
25,0.5,217|Lamp|0,0
25,0.5,222|People|0,1
25,0.5,222|People|1,0
25,0.5,222|People|2,0
25,0.5,222|People|3,1
25,0.5,222|People|4,1
25,0.5,222|People|5,1
25,0.5,222|People|6,1
25,0.5,222|People|7,0
25,0.5,222|People|8,0
25,0.5,222|Lamp|0,0
25,0.5,222|Lamp|1,0
25,0.5,222|Lamp|2,1
25,0.5,222|Lamp|3,1
25,0.5,222|Lamp|4,0
25,0.5,222|Lamp|5,1
25,0.5,222|Lamp|6,0
25,0.5,231|People|0,0
25,0.5,231|People|1,1
25,0.5,231|People|2,0
25,0.5,231|People|3,1
25,0.5,231|People|4,0
25,0.5,231|People|5,0
25,0.5,231|People|6,1
25,0.5,231|People|7,1
25,0.5,231|People|8,1
25,0.5,231|People|9,0
25,0.5,231|People|10,0
25,0.5,231|People|11,0
25,0.5,231|Lamp|0,1
25,0.5,231|Lamp|1,0
25,0.5,231|Lamp|2,0
25,0.5,231|Lamp|3,1
25,0.5,231|Lamp|4,1
25,0.5,232|People|0,0
25,0.5,232|People|1,0
25,0.5,232|People|2,0
25,0.5,232|People|3,0
25,0.5,232|People|4,0
25,0.5,232|People|5,1
25,0.5,232|People|6,1
25,0.5,232|People|7,1
25,0.5,232|People|8,1
25,0.5,232|People|9,0
25,0.5,232|People|10,0
25,0.5,232|People|11,0
25,0.5,232|Lamp|0,1
25,0.5,232|Lamp|1,0
25,0.5,232|Lamp|2,0
25,0.5,232|Lamp|3,0
25,0.5,232|Lamp|4,0
25,0.5,232|Lamp|5,0
25,0.5,240|People|0,0
25,0.5,240|People|1,0
25,0.5,240|People|2,1
25,0.5,240|People|3,1
25,0.5,240|People|4,1
25,0.5,240|People|5,1
25,0.5,240|People|6,0
25,0.5,240|Lamp|0,0
25,0.5,240|Lamp|1,0
25,0.5,240|Lamp|2,0
25,0.5,240|Lamp|3,0
25,0.5,240|Lamp|4,0
25,0.5,388|People|0,1
25,0.5,388|People|1,1
25,0.5,388|People|2,1
25,0.5,388|People|3,1
25,0.5,388|People|4,1
25,0.5,388|People|5,1
25,0.5,388|People|6,1
25,0.5,388|People|7,1
25,0.5,388|People|8,1
25,0.5,388|People|9,1
25,0.5,388|Lamp|0,1
25,0.5,389|People|0,1
25,0.5,389|People|1,1
25,0.5,389|People|2,0
25,0.5,389|People|3,1
25,0.5,389|People|4,1
25,0.5,389|People|5,1
25,0.5,389|People|6,1
25,0.5,389|People|7,1
25,0.5,389|People|8,1
25,0.5,389|People|9,1
25,0.5,389|Lamp|0,0
25,0.5,389|Lamp|1,1
25,0.5,392|People|0,1
25,0.5,392|People|1,1
25,0.5,392|People|2,0
25,0.5,392|People|3,1
25,0.5,392|Lamp|0,1
25,0.5,392|Lamp|1,1
25,0.5,394|People|0,1
25,0.5,394|People|1,1
25,0.5,394|People|2,1
25,0.5,394|People|3,1
25,0.5,394|People|4,1
25,0.5,394|People|5,1
25,0.5,394|Lamp|0,1
25,0.5,394|Lamp|1,1
25,0.5,395|People|0,0
25,0.5,395|People|1,0
25,0.5,395|People|2,1
25,0.5,395|People|3,1
25,0.5,395|People|4,1
25,0.5,395|People|5,1
25,0.5,395|People|6,1
25,0.5,395|Lamp|0,1
25,0.5,395|Lamp|1,1
25,0.5,396|People|0,0
25,0.5,396|People|1,0
25,0.5,396|People|2,1
25,0.5,396|People|3,1
25,0.5,396|People|4,1
25,0.5,396|People|5,1
25,0.5,396|Lamp|0,0
25,0.5,396|Lamp|1,1
25,0.5,409|People|0,1
25,0.5,409|People|1,1
25,0.5,409|People|2,0
25,0.5,409|People|3,0
25,0.5,409|People|4,1
25,0.5,409|Lamp|0,0
25,0.5,410|People|0,1
25,0.5,410|People|1,0
25,0.5,410|People|2,0
25,0.5,410|People|3,0
25,0.5,410|People|4,0
25,0.5,410|People|5,1
25,0.5,410|Lamp|0,1
25,0.5,413|People|0,1
25,0.5,413|People|1,1
25,0.5,413|People|2,1
25,0.5,413|People|3,0
25,0.5,413|People|4,0
25,0.5,413|People|5,0
25,0.5,413|Lamp|0,0
25,0.5,419|People|0,0
25,0.5,419|People|1,0
25,0.5,419|Lamp|0,0
25,0.5,419|Lamp|1,1
25,0.5,422|People|0,1
25,0.5,422|People|1,1
25,0.5,422|People|2,1
25,0.5,422|People|3,1
25,0.5,422|People|4,1
25,0.5,422|Lamp|0,0
25,0.5,425|People|0,0
25,0.5,425|People|1,1
25,0.5,425|People|2,1
25,0.5,425|People|3,1
25,0.5,425|People|4,0
25,0.5,425|People|5,1
25,0.5,425|People|6,1
25,0.5,425|People|7,0
25,0.5,425|Lamp|0,0
25,0.5,427|People|0,0
25,0.5,427|People|1,0
25,0.5,427|People|2,0
25,0.5,427|People|3,1
25,0.5,427|People|4,1
25,0.5,427|People|5,1
25,0.5,427|People|6,1
25,0.5,427|People|7,1
25,0.5,427|Lamp|0,0
25,0.5,428|People|0,0
25,0.5,428|People|1,0
25,0.5,428|People|2,1
25,0.5,428|People|3,1
25,0.5,428|People|4,1
25,0.5,428|People|5,1
25,0.5,428|People|6,1
25,0.5,428|Lamp|0,0
25,0.5,438|People|0,1
25,0.5,438|People|1,1
25,0.5,438|People|2,0
25,0.5,438|People|3,0
25,0.5,438|People|4,0
25,0.5,438|Lamp|0,1
25,0.5,438|Lamp|1,0
25,0.5,438|Lamp|2,1
25,0.5,438|Lamp|3,1
25,0.5,440|People|0,1
25,0.5,440|People|1,1
25,0.5,440|People|2,0
25,0.5,440|People|3,0
25,0.5,440|People|4,1
25,0.5,440|People|5,0
25,0.5,440|People|6,0
25,0.5,440|Lamp|0,1
25,0.5,440|Lamp|1,1
25,0.5,440|Lamp|2,0
25,0.5,440|Lamp|3,1
25,0.5,442|People|0,1
25,0.5,442|People|1,1
25,0.5,442|People|2,0
25,0.5,442|People|3,0
25,0.5,442|People|4,0
25,0.5,442|People|5,1
25,0.5,442|People|6,1
25,0.5,442|People|7,1
25,0.5,442|Lamp|0,1
25,0.5,442|Lamp|1,1
25,0.5,442|Lamp|2,1
25,0.5,442|Lamp|3,1
25,0.5,444|People|0,1
25,0.5,444|People|1,1
25,0.5,444|People|2,0
25,0.5,444|People|3,0
25,0.5,444|People|4,0
25,0.5,444|People|5,0
25,0.5,444|Lamp|0,1
25,0.5,444|Lamp|1,1
25,0.5,444|Lamp|2,0
25,0.5,444|Lamp|3,0
25,0.5,448|People|0,1
25,0.5,448|People|1,1
25,0.5,448|People|2,1
25,0.5,448|People|3,0
25,0.5,448|People|4,0
25,0.5,448|People|5,0
25,0.5,448|People|6,0
25,0.5,448|Lamp|0,1
25,0.5,448|Lamp|1,1
25,0.5,448|Lamp|2,0
25,0.5,448|Lamp|3,0
25,0.5,448|Lamp|4,0
25,0.5,448|Lamp|5,0
25,0.5,449|People|0,1
25,0.5,449|People|1,1
25,0.5,449|People|2,1
25,0.5,449|People|3,1
25,0.5,449|People|4,0
25,0.5,449|People|5,0
25,0.5,449|Lamp|0,0
25,0.5,449|Lamp|1,1
25,0.5,449|Lamp|2,0
25,0.5,449|Lamp|3,0
25,0.5,449|Lamp|4,1
25,0.5,452|People|0,1
25,0.5,452|People|1,1
25,0.5,452|Lamp|0,1
25,0.5,452|Lamp|1,0
25,0.5,452|Lamp|2,1
25,0.5,453|People|0,1
25,0.5,453|Lamp|0,1
25,0.5,453|Lamp|1,1
25,0.5,453|Lamp|2,1
25,0.5,453|Lamp|3,1
25,0.5,459|People|0,0
25,0.5,459|People|1,0
25,0.5,459|People|2,1
25,0.5,459|People|3,1
25,0.5,459|People|4,1
25,0.5,459|People|5,1
25,0.5,459|Lamp|0,0
25,0.5,459|Lamp|1,0
25,0.5,459|Lamp|2,0
25,0.5,462|People|0,1
25,0.5,462|People|1,1
25,0.5,462|People|2,1
25,0.5,462|People|3,1
25,0.5,462|People|4,0
25,0.5,462|People|5,1
25,0.5,462|People|6,1
25,0.5,462|Lamp|0,1
25,0.5,462|Lamp|1,0
25,0.5,466|People|0,1
25,0.5,466|People|1,1
25,0.5,466|People|2,1
25,0.5,466|People|3,1
25,0.5,466|People|4,1
25,0.5,466|People|5,1
25,0.5,466|Lamp|0,1
25,0.5,466|Lamp|1,0
25,0.5,468|People|0,1
25,0.5,468|People|1,1
25,0.5,468|People|2,1
25,0.5,468|People|3,1
25,0.5,468|People|4,1
25,0.5,468|People|5,1
25,0.5,468|People|6,1
25,0.5,468|Lamp|0,0
25,0.5,468|Lamp|1,0
25,0.5,470|People|0,1
25,0.5,470|People|1,0
25,0.5,470|Lamp|0,0
25,0.5,476|People|0,0
25,0.5,476|People|1,1
25,0.5,476|Lamp|0,1
25,0.5,478|People|0,1
25,0.5,478|Lamp|0,0
25,0.5,479|People|0,1
25,0.5,479|Lamp|0,0
25,0.5,480|People|0,1
25,0.5,480|People|1,0
25,0.5,480|People|2,0
25,0.5,480|Lamp|0,0
25,0.5,486|People|0,1
25,0.5,486|People|1,0
25,0.5,486|People|2,0
25,0.5,486|People|3,0
25,0.5,486|People|4,1
25,0.5,486|People|5,1
25,0.5,486|People|6,0
25,0.5,486|Lamp|0,0
25,0.5,489|People|0,1
25,0.5,489|People|1,0
25,0.5,489|People|2,1
25,0.5,489|People|3,1
25,0.5,489|People|4,0
25,0.5,489|People|5,0
25,0.5,489|People|6,0
25,0.5,489|People|7,0
25,0.5,489|People|8,0
25,0.5,489|People|9,0
25,0.5,489|Lamp|0,0
25,0.5,489|Lamp|1,0
25,0.5,493|People|0,0
25,0.5,493|People|1,1
25,0.5,493|People|2,1
25,0.5,493|People|3,1
25,0.5,493|People|4,1
25,0.5,493|People|5,0
25,0.5,493|People|6,1
25,0.5,493|People|7,0
25,0.5,493|Lamp|0,0
25,0.5,494|People|0,1
25,0.5,494|People|1,0
25,0.5,494|People|2,0
25,0.5,494|People|3,0
25,0.5,494|People|4,0
25,0.5,494|Lamp|0,1
25,0.5,494|Lamp|1,0
25,0.5,494|Lamp|2,1
25,0.5,503|People|0,0
25,0.5,503|People|1,0
25,0.5,503|Lamp|0,1
25,0.5,503|Lamp|1,1
25,0.5,505|People|0,0
25,0.5,505|People|1,0
25,0.5,505|People|2,0
25,0.5,505|People|3,0
25,0.5,505|People|4,1
25,0.5,505|Lamp|0,0
25,0.5,507|People|0,1
25,0.5,507|People|1,0
25,0.5,507|People|2,0
25,0.5,507|People|3,0
25,0.5,507|People|4,0
25,0.5,507|People|5,1
25,0.5,507|People|6,1
25,0.5,507|Lamp|0,0
25,0.5,1190|People|0,0
25,0.5,1190|People|1,0
25,0.5,1190|People|2,0
25,0.5,1190|People|3,0
25,0.5,1190|People|4,0
25,0.5,1190|People|5,0
25,0.5,1190|People|6,0
25,0.5,1190|People|7,0
25,0.5,1190|Lamp|0,0
25,0.5,1196|People|0,0
25,0.5,1196|People|1,0
25,0.5,1196|Lamp|0,0
25,0.5,1199|People|0,0
25,0.5,1199|People|1,0
25,0.5,1199|People|2,0
25,0.5,1199|Lamp|0,0
25,0.5,1200|People|0,0
25,0.5,1200|People|1,1
25,0.5,1200|Lamp|0,0
25,0.5,1204|People|0,1
25,0.5,1204|People|1,1
25,0.5,1204|People|2,0
25,0.5,1204|People|3,0
25,0.5,1204|Lamp|0,0
25,0.5,1206|People|0,1
25,0.5,1206|People|1,1
25,0.5,1206|People|2,0
25,0.5,1206|Lamp|0,0
25,0.5,1207|People|0,1
25,0.5,1207|People|1,1
25,0.5,1207|People|2,0
25,0.5,1207|Lamp|0,0
25,0.5,1211|People|0,1
25,0.5,1211|People|1,1
25,0.5,1211|People|2,0
25,0.5,1211|People|3,0
25,0.5,1211|Lamp|0,0
25,0.5,1213|People|0,1
25,0.5,1213|People|1,1
25,0.5,1213|Lamp|0,0
25,0.5,1216|People|0,1
25,0.5,1216|People|1,1
25,0.5,1216|Lamp|0,0
25,0.5,1218|People|0,1
25,0.5,1218|People|1,1
25,0.5,1218|Lamp|0,0
25,0.5,1219|People|0,1
25,0.5,1219|People|1,0
25,0.5,1219|People|2,0
25,0.5,1219|People|3,0
25,0.5,1219|Lamp|0,1
25,0.5,1219|Lamp|1,0
25,0.5,1221|People|0,0
25,0.5,1221|People|1,0
25,0.5,1221|People|2,0
25,0.5,1221|Lamp|0,0
25,0.5,1222|People|0,0
25,0.5,1222|People|1,0
25,0.5,1222|People|2,0
25,0.5,1222|Lamp|0,0
25,0.5,1225|People|0,0
25,0.5,1225|People|1,0
25,0.5,1225|People|2,0
25,0.5,1225|People|3,0
25,0.5,1225|People|4,0
25,0.5,1225|People|5,0
25,0.5,1225|People|6,0
25,0.5,1225|Lamp|0,1
25,0.5,1225|Lamp|1,0
25,0.5,1226|People|0,0
25,0.5,1226|People|1,0
25,0.5,1226|People|2,0
25,0.5,1226|People|3,0
25,0.5,1226|People|4,0
25,0.5,1226|Lamp|0,0
25,0.5,1226|Lamp|1,0
25,0.5,1226|Lamp|2,0
25,0.5,1228|People|0,0
25,0.5,1228|Lamp|0,0
25,0.5,1266|People|0,0
25,0.5,1266|People|1,0
25,0.5,1266|Lamp|0,0
25,0.5,1266|Lamp|1,0
25,0.5,1268|People|0,1
25,0.5,1268|Lamp|0,1
25,0.5,1268|Lamp|1,0
25,0.5,1268|Lamp|2,0
25,0.5,1268|Lamp|3,0
25,0.5,1273|People|0,0
25,0.5,1273|Lamp|0,0
25,0.5,1273|Lamp|1,1
25,0.5,1274|People|0,0
25,0.5,1274|Lamp|0,0
25,0.5,1274|Lamp|1,1
25,0.5,1274|Lamp|2,0
25,0.5,1285|People|0,1
25,0.5,1285|Lamp|0,0
25,0.5,1285|Lamp|1,0
25,0.5,1285|Lamp|2,0
25,0.5,1291|People|0,1
25,0.5,1291|Lamp|0,0
25,0.5,1291|Lamp|1,1
25,0.5,1295|People|0,1
25,0.5,1295|People|1,1
25,0.5,1295|People|2,0
25,0.5,1295|Lamp|0,1
25,0.5,1299|People|0,1
25,0.5,1299|People|1,0
25,0.5,1299|People|2,0
25,0.5,1299|Lamp|0,0
25,0.5,2046|People|0,1
25,0.5,2046|People|1,1
25,0.5,2046|Lamp|0,0
25,0.5,2046|Lamp|1,0
25,0.5,2046|Lamp|2,1
25,0.5,2046|Lamp|3,0
25,0.5,2050|People|0,1
25,0.5,2050|People|1,0
25,0.5,2050|Lamp|0,0
25,0.5,2050|Lamp|1,0
25,0.5,2050|Lamp|2,1
25,0.5,2050|Lamp|3,0
25,0.5,2051|People|0,1
25,0.5,2051|People|1,0
25,0.5,2051|Lamp|0,0
25,0.5,2051|Lamp|1,0
25,0.5,2051|Lamp|2,1
25,0.5,2051|Lamp|3,0
25,0.5,2052|People|0,1
25,0.5,2052|People|1,0
25,0.5,2052|Lamp|0,0
25,0.5,2052|Lamp|1,1
25,0.5,2052|Lamp|2,0
25,0.5,2052|Lamp|3,0
25,0.5,2056|People|0,1
25,0.5,2056|People|1,1
25,0.5,2056|Lamp|0,1
25,0.5,2056|Lamp|1,0
25,0.5,2056|Lamp|2,1
25,0.5,2056|Lamp|3,0
25,0.5,2057|People|0,1
25,0.5,2057|People|1,1
25,0.5,2057|Lamp|0,0
25,0.5,2057|Lamp|1,0
25,0.5,2057|Lamp|2,0
25,0.5,2057|Lamp|3,1
25,0.5,2058|People|0,1
25,0.5,2058|People|1,1
25,0.5,2058|Lamp|0,0
25,0.5,2058|Lamp|1,0
25,0.5,2058|Lamp|2,1
25,0.5,2058|Lamp|3,0
25,0.5,2058|Lamp|4,0
25,0.5,2058|Lamp|5,0
25,0.5,2059|People|0,1
25,0.5,2059|People|1,1
25,0.5,2059|Lamp|0,1
25,0.5,2059|Lamp|1,0
25,0.5,2059|Lamp|2,0
25,0.5,2059|Lamp|3,0
25,0.5,2061|People|0,1
25,0.5,2061|People|1,1
25,0.5,2061|Lamp|0,1
25,0.5,2061|Lamp|1,0
25,0.5,2061|Lamp|2,0
25,0.5,2061|Lamp|3,0
25,0.5,2061|Lamp|4,0
25,0.5,2061|Lamp|5,0
25,0.5,2065|People|0,1
25,0.5,2065|People|1,1
25,0.5,2065|Lamp|0,0
25,0.5,2065|Lamp|1,0
25,0.5,2065|Lamp|2,1
25,0.5,2065|Lamp|3,1
25,0.5,2065|Lamp|4,0
25,0.5,2065|Lamp|5,1
25,0.5,2067|People|0,1
25,0.5,2067|People|1,0
25,0.5,2067|Lamp|0,1
25,0.5,2067|Lamp|1,0
25,0.5,2067|Lamp|2,0
25,0.5,2067|Lamp|3,1
25,0.5,2068|People|0,1
25,0.5,2068|People|1,0
25,0.5,2068|Lamp|0,1
25,0.5,2068|Lamp|1,1
25,0.5,2068|Lamp|2,0
25,0.5,2068|Lamp|3,0
25,0.5,2069|People|0,1
25,0.5,2069|People|1,0
25,0.5,2069|Lamp|0,0
25,0.5,2069|Lamp|1,1
25,0.5,2069|Lamp|2,0
25,0.5,2069|Lamp|3,0
25,0.5,2069|Lamp|4,0
25,0.5,2069|Lamp|5,0
25,0.5,2070|People|0,1
25,0.5,2070|People|1,0
25,0.5,2070|Lamp|0,1
25,0.5,2070|Lamp|1,0
25,0.5,2070|Lamp|2,1
25,0.5,2070|Lamp|3,1
25,0.5,2072|People|0,1
25,0.5,2072|People|1,0
25,0.5,2072|Lamp|0,1
25,0.5,2072|Lamp|1,0
25,0.5,2072|Lamp|2,0
25,0.5,2072|Lamp|3,0
25,0.5,2072|Lamp|4,0
25,0.5,2072|Lamp|5,1
25,0.5,2073|People|0,1
25,0.5,2073|People|1,0
25,0.5,2073|Lamp|0,0
25,0.5,2073|Lamp|1,0
25,0.5,2073|Lamp|2,1
25,0.5,2073|Lamp|3,0
25,0.5,2073|Lamp|4,0
25,0.5,2073|Lamp|5,1
25,0.5,2074|People|0,1
25,0.5,2074|People|1,1
25,0.5,2074|Lamp|0,1
25,0.5,2074|Lamp|1,0
25,0.5,2074|Lamp|2,0
25,0.5,2074|Lamp|3,1
25,0.5,2074|Lamp|4,1
25,0.5,2074|Lamp|5,1
25,0.5,2074|Lamp|6,0
25,0.5,2074|Lamp|7,1
25,0.5,2076|People|0,1
25,0.5,2076|People|1,1
25,0.5,2076|Lamp|0,1
25,0.5,2076|Lamp|1,0
25,0.5,2076|Lamp|2,0
25,0.5,2076|Lamp|3,0
25,0.5,2076|Lamp|4,1
25,0.5,2076|Lamp|5,1
25,0.5,2076|Lamp|6,1
25,0.5,2076|Lamp|7,0
25,0.5,2082|People|0,1
25,0.5,2082|People|1,1
25,0.5,2082|Lamp|0,0
25,0.5,2082|Lamp|1,0
25,0.5,2082|Lamp|2,0
25,0.5,2082|Lamp|3,0
25,0.5,2082|Lamp|4,0
25,0.5,2082|Lamp|5,0
25,0.5,2084|People|0,1
25,0.5,2084|People|1,1
25,0.5,2084|Lamp|0,1
25,0.5,2084|Lamp|1,0
25,0.5,2084|Lamp|2,1
25,0.5,2084|Lamp|3,0
25,0.5,2084|Lamp|4,0
25,0.5,2084|Lamp|5,0
25,0.5,2087|People|0,1
25,0.5,2087|People|1,1
25,0.5,2087|Lamp|0,0
25,0.5,2087|Lamp|1,1
25,0.5,2087|Lamp|2,1
25,0.5,2090|People|0,1
25,0.5,2090|People|1,1
25,0.5,2090|Lamp|0,0
25,0.5,2090|Lamp|1,0
25,0.5,2090|Lamp|2,1
25,0.5,2090|Lamp|3,1
25,0.5,2091|People|0,1
25,0.5,2091|People|1,1
25,0.5,2091|Lamp|0,0
25,0.5,2091|Lamp|1,1
25,0.5,2091|Lamp|2,0
25,0.5,2091|Lamp|3,0
25,0.5,2091|Lamp|4,0
25,0.5,2091|Lamp|5,1
25,0.5,2092|People|0,1
25,0.5,2092|People|1,1
25,0.5,2092|Lamp|0,0
25,0.5,2092|Lamp|1,0
25,0.5,2092|Lamp|2,0
25,0.5,2092|Lamp|3,0
25,0.5,2092|Lamp|4,0
25,0.5,2092|Lamp|5,1
25,0.5,2093|People|0,1
25,0.5,2093|People|1,1
25,0.5,2093|Lamp|0,0
25,0.5,2093|Lamp|1,0
25,0.5,2093|Lamp|2,0
25,0.5,2093|Lamp|3,0
25,0.5,2093|Lamp|4,0
25,0.5,2093|Lamp|5,0
25,0.5,2120|People|0,1
25,0.5,2120|People|1,0
25,0.5,2120|People|2,0
25,0.5,2120|Lamp|0,1
25,0.5,2127|People|0,0
25,0.5,2127|People|1,0
25,0.5,2127|People|2,1
25,0.5,2127|Lamp|0,1
25,0.5,2127|Lamp|1,0
25,0.5,2127|Lamp|2,0
25,0.5,2127|Lamp|3,0
25,0.5,2129|People|0,1
25,0.5,2129|People|1,1
25,0.5,2129|People|2,0
25,0.5,2129|Lamp|0,0
25,0.5,2129|Lamp|1,1
25,0.5,2139|People|0,1
25,0.5,2139|Lamp|0,1
25,0.5,2139|Lamp|1,1
25,0.5,2139|Lamp|2,1
25,0.5,2140|People|0,0
25,0.5,2140|Lamp|0,1
25,0.5,2140|Lamp|1,1
25,0.5,2140|Lamp|2,0
25,0.5,2149|People|0,1
25,0.5,2149|Lamp|0,1
25,0.5,2149|Lamp|1,1
25,0.5,2150|People|0,1
25,0.5,2150|Lamp|0,1
25,0.5,2150|Lamp|1,1
25,0.5,2151|People|0,1
25,0.5,2151|Lamp|0,1
25,0.5,2151|Lamp|1,1
25,0.5,2158|People|0,0
25,0.5,2158|Lamp|0,1
25,0.5,2158|Lamp|1,1
25,0.5,2160|People|0,1
25,0.5,2160|Lamp|0,1
25,0.5,2160|Lamp|1,1
25,0.5,2190|People|0,1
25,0.5,2190|People|1,0
25,0.5,2190|People|2,0
25,0.5,2190|Lamp|0,1
25,0.5,2190|Lamp|1,1
25,0.5,2191|People|0,1
25,0.5,2191|People|1,0
25,0.5,2191|People|2,0
25,0.5,2191|Lamp|0,1
25,0.5,2191|Lamp|1,0
25,0.5,2193|People|0,1
25,0.5,2193|People|1,1
25,0.5,2193|People|2,0
25,0.5,2193|Lamp|0,1
25,0.5,2193|Lamp|1,1
25,0.5,2195|People|0,1
25,0.5,2195|People|1,0
25,0.5,2195|People|2,0
25,0.5,2195|Lamp|0,1
25,0.5,2195|Lamp|1,1
25,0.5,2200|People|0,0
25,0.5,2200|Lamp|0,1
25,0.5,2200|Lamp|1,1
25,0.5,2217|People|0,0
25,0.5,2217|Lamp|0,0
25,0.5,2217|Lamp|1,0
25,0.5,2218|People|0,0
25,0.5,2218|Lamp|0,0
25,0.5,2218|Lamp|1,0
25,0.5,2226|People|0,0
25,0.5,2226|Lamp|0,1
25,0.5,2226|Lamp|1,1
25,0.5,2226|Lamp|2,1
25,0.5,2226|Lamp|3,1
25,0.5,2226|Lamp|4,0
25,0.5,2292|People|0,0
25,0.5,2292|Lamp|0,0
25,0.5,2292|Lamp|1,0
25,0.5,2292|Lamp|2,0
25,0.5,2292|Lamp|3,0
25,0.5,2293|People|0,0
25,0.5,2293|Lamp|0,0
25,0.5,2293|Lamp|1,0
25,0.5,2293|Lamp|2,0
25,0.5,2293|Lamp|3,0
25,0.5,2295|People|0,0
25,0.5,2295|Lamp|0,0
25,0.5,2295|Lamp|1,0
25,0.5,2295|Lamp|2,0
25,0.5,2295|Lamp|3,0
25,0.5,2295|Lamp|4,0
25,0.5,2295|Lamp|5,0
25,0.5,2295|Lamp|6,0
25,0.5,2295|Lamp|7,0
25,0.5,2297|People|0,0
25,0.5,2297|Lamp|0,0
25,0.5,2297|Lamp|1,0
25,0.5,2297|Lamp|2,0
25,0.5,2297|Lamp|3,0
25,0.5,2297|Lamp|4,0
25,0.5,2298|People|0,0
25,0.5,2298|Lamp|0,0
25,0.5,2298|Lamp|1,0
25,0.5,2298|Lamp|2,0
25,0.5,2298|Lamp|3,0
25,0.5,2298|Lamp|4,0
25,0.5,2299|People|0,0
25,0.5,2299|Lamp|0,0
25,0.5,2299|Lamp|1,0
25,0.5,2299|Lamp|2,0
25,0.5,2299|Lamp|3,0
25,0.5,2299|Lamp|4,0
25,0.5,2299|Lamp|5,0
25,0.5,2328|People|0,1
25,0.5,2328|People|1,0
25,0.5,2328|People|2,0
25,0.5,2328|Lamp|0,0
25,0.5,2332|People|0,1
25,0.5,2332|People|1,1
25,0.5,2332|People|2,0
25,0.5,2332|People|3,0
25,0.5,2332|Lamp|0,0
25,0.5,2335|People|0,1
25,0.5,2335|People|1,1
25,0.5,2335|People|2,0
25,0.5,2335|People|3,1
25,0.5,2335|Lamp|0,0
25,0.5,2337|People|0,0
25,0.5,2337|People|1,0
25,0.5,2337|Lamp|0,0
25,0.5,2453|People|0,0
25,0.5,2453|People|1,0
25,0.5,2453|Lamp|0,0
25,0.5,2456|People|0,1
25,0.5,2456|Lamp|0,0
25,0.5,2456|Lamp|1,0
25,0.5,2456|Lamp|2,0
25,0.5,2457|People|0,1
25,0.5,2457|Lamp|0,0
25,0.5,2457|Lamp|1,0
25,0.5,2457|Lamp|2,0
25,0.5,2457|Lamp|3,0
25,0.5,2465|People|0,0
25,0.5,2465|Lamp|0,0
25,0.5,2465|Lamp|1,0
25,0.5,2465|Lamp|2,0
25,0.5,2467|People|0,0
25,0.5,2467|Lamp|0,0
25,0.5,2467|Lamp|1,0
25,0.5,2468|People|0,0
25,0.5,2468|People|1,0
25,0.5,2468|Lamp|0,0
25,0.5,2468|Lamp|1,0
25,0.5,2478|People|0,1
25,0.5,2478|People|1,1
25,0.5,2478|People|2,0
25,0.5,2478|People|3,0
25,0.5,2478|Lamp|0,1
25,0.5,2478|Lamp|1,1
25,0.5,2489|People|0,0
25,0.5,2489|People|1,0
25,0.5,2489|People|2,0
25,0.5,2489|People|3,1
25,0.5,2489|People|4,0
25,0.5,2489|People|5,0
25,0.5,2489|Lamp|0,0
25,0.5,2489|Lamp|1,0
25,0.5,2490|People|0,0
25,0.5,2490|People|1,0
25,0.5,2490|People|2,0
25,0.5,2490|People|3,0
25,0.5,2490|People|4,0
25,0.5,2490|Lamp|0,0
25,0.5,2490|Lamp|1,0
25,0.5,2491|People|0,1
25,0.5,2491|People|1,0
25,0.5,2491|People|2,1
25,0.5,2491|People|3,0
25,0.5,2491|People|4,0
25,0.5,2491|Lamp|0,0
25,0.5,2491|Lamp|1,0
25,0.5,2602|People|0,0
25,0.5,2602|Lamp|0,0
25,0.5,2602|Lamp|1,0
25,0.5,2602|Lamp|2,0
25,0.5,2606|People|0,0
25,0.5,2606|Lamp|0,0
25,0.5,2606|Lamp|1,0
25,0.5,2607|People|0,0
25,0.5,2607|Lamp|0,0
25,0.5,2607|Lamp|1,0
25,0.5,2622|People|0,0
25,0.5,2622|People|1,0
25,0.5,2622|People|2,0
25,0.5,2622|Lamp|0,1
25,0.5,2622|Lamp|1,1
25,0.5,2622|Lamp|2,1
25,0.5,2717|People|0,0
25,0.5,2717|People|1,0
25,0.5,2717|People|2,0
25,0.5,2717|Lamp|0,0
25,0.5,2720|People|0,0
25,0.5,2720|People|1,0
25,0.5,2720|People|2,0
25,0.5,2720|Lamp|0,0
25,0.5,2721|People|0,0
25,0.5,2721|People|1,0
25,0.5,2721|Lamp|0,0
25,0.5,2727|People|0,0
25,0.5,2727|People|1,0
25,0.5,2727|People|2,0
25,0.5,2727|People|3,0
25,0.5,2727|Lamp|0,0
25,0.5,2732|People|0,0
25,0.5,2732|People|1,0
25,0.5,2732|Lamp|0,0
25,0.5,2735|People|0,0
25,0.5,2735|People|1,0
25,0.5,2735|Lamp|0,0
25,0.5,2736|People|0,0
25,0.5,2736|People|1,0
25,0.5,2736|Lamp|0,0
25,0.5,2738|People|0,0
25,0.5,2738|People|1,0
25,0.5,2738|People|2,0
25,0.5,2738|Lamp|0,0
25,0.5,2940|People|0,1
25,0.5,2940|Lamp|0,0
25,0.5,2940|Lamp|1,0
25,0.5,2942|People|0,1
25,0.5,2942|Lamp|0,0
25,0.5,2942|Lamp|1,0
25,0.5,2942|Lamp|2,0
25,0.5,2942|Lamp|3,0
25,0.5,2942|Lamp|4,0
25,0.5,2945|People|0,0
25,0.5,2945|Lamp|0,0
25,0.5,2945|Lamp|1,0
25,0.5,2945|Lamp|2,0
25,0.5,2947|People|0,1
25,0.5,2947|Lamp|0,1
25,0.5,2947|Lamp|1,0
25,0.5,2947|Lamp|2,0
25,0.5,2947|Lamp|3,0
25,0.5,2947|Lamp|4,0
25,0.5,2949|People|0,0
25,0.5,2949|Lamp|0,1
25,0.5,2949|Lamp|1,0
25,0.5,2949|Lamp|2,0
25,0.5,2949|Lamp|3,0
25,0.5,2949|Lamp|4,0
25,0.5,2949|Lamp|5,0
25,0.5,2950|People|0,0
25,0.5,2950|People|1,0
25,0.5,2950|Lamp|0,1
25,0.5,2950|Lamp|1,0
25,0.5,2950|Lamp|2,0
25,0.5,2950|Lamp|3,0
25,0.5,2950|Lamp|4,0
25,0.5,2951|People|0,0
25,0.5,2951|Lamp|0,1
25,0.5,2951|Lamp|1,0
25,0.5,2951|Lamp|2,0
25,0.5,2951|Lamp|3,0
25,0.5,2951|Lamp|4,0
25,0.5,2953|People|0,0
25,0.5,2953|Lamp|0,0
25,0.5,2953|Lamp|1,0
25,0.5,2953|Lamp|2,0
25,0.5,2953|Lamp|3,0
25,0.5,2957|People|0,0
25,0.5,2957|Lamp|0,0
25,0.5,2957|Lamp|1,0
25,0.5,2957|Lamp|2,1
25,0.5,2957|Lamp|3,0
25,0.5,2957|Lamp|4,0
25,0.5,2957|Lamp|5,0
25,0.5,3024|People|0,0
25,0.5,3024|Lamp|0,0
25,0.5,3024|Lamp|1,0
25,0.5,3052|People|0,0
25,0.5,3052|Lamp|0,0
25,0.5,3053|People|0,0
25,0.5,3053|People|1,0
25,0.5,3053|Lamp|0,0
25,0.5,3053|Lamp|1,0
25,0.5,3054|People|0,0
25,0.5,3054|People|1,0
25,0.5,3054|People|2,0
25,0.5,3054|Lamp|0,0
25,0.5,3054|Lamp|1,0
25,0.5,3057|People|0,0
25,0.5,3057|People|1,0
25,0.5,3057|Lamp|0,0
25,0.5,3057|Lamp|1,0
25,0.5,3059|People|0,0
25,0.5,3059|People|1,1
25,0.5,3059|People|2,0
25,0.5,3059|Lamp|0,0
25,0.5,3059|Lamp|1,0
25,0.5,3060|People|0,1
25,0.5,3060|People|1,1
25,0.5,3060|People|2,0
25,0.5,3060|People|3,0
25,0.5,3060|Lamp|0,0
25,0.5,3060|Lamp|1,0
25,0.5,3061|People|0,0
25,0.5,3061|People|1,1
25,0.5,3061|People|2,1
25,0.5,3061|People|3,0
25,0.5,3061|Lamp|0,0
25,0.5,3061|Lamp|1,0
25,0.5,3063|People|0,1
25,0.5,3063|People|1,0
25,0.5,3063|Lamp|0,0
25,0.5,3063|Lamp|1,0
25,0.5,3063|Lamp|2,0
25,0.5,3063|Lamp|3,0
25,0.5,3066|People|0,0
25,0.5,3066|Lamp|0,0
25,0.5,3066|Lamp|1,0
25,0.5,3066|Lamp|2,1
25,0.5,3066|Lamp|3,0
25,0.5,3066|Lamp|4,0
25,0.5,3066|Lamp|5,0
25,0.5,3072|People|0,1
25,0.5,3072|People|1,0
25,0.5,3072|People|2,0
25,0.5,3072|People|3,0
25,0.5,3072|People|4,0
25,0.5,3072|People|5,0
25,0.5,3072|People|6,1
25,0.5,3072|People|7,0
25,0.5,3072|Lamp|0,0
25,0.5,3072|Lamp|1,1
25,0.5,3072|Lamp|2,1
25,0.5,3072|Lamp|3,0
25,0.5,3072|Lamp|4,0
25,0.5,3072|Lamp|5,0
25,0.5,3072|Lamp|6,0
25,0.5,3072|Lamp|7,0
25,0.5,3078|People|0,1
25,0.5,3078|People|1,1
25,0.5,3078|People|2,0
25,0.5,3078|People|3,0
25,0.5,3078|People|4,0
25,0.5,3078|People|5,0
25,0.5,3078|People|6,0
25,0.5,3078|Lamp|0,1
25,0.5,3078|Lamp|1,1
25,0.5,3078|Lamp|2,1
25,0.5,3078|Lamp|3,0
25,0.5,3079|People|0,1
25,0.5,3079|People|1,1
25,0.5,3079|People|2,0
25,0.5,3079|People|3,0
25,0.5,3079|Lamp|0,1
25,0.5,3079|Lamp|1,1
25,0.5,3079|Lamp|2,0
25,0.5,3116|People|0,1
25,0.5,3116|Lamp|0,1
25,0.5,3116|Lamp|1,1
25,0.5,3118|People|0,1
25,0.5,3118|Lamp|0,1
25,0.5,3118|Lamp|1,1
25,0.5,3119|People|0,1
25,0.5,3119|Lamp|0,1
25,0.5,3119|Lamp|1,1
25,0.5,3121|People|0,1
25,0.5,3121|Lamp|0,1
25,0.5,3121|Lamp|1,1
25,0.5,3124|People|0,1
25,0.5,3124|Lamp|0,1
25,0.5,3124|Lamp|1,1
25,0.5,3125|People|0,1
25,0.5,3125|Lamp|0,1
25,0.5,3125|Lamp|1,1
25,0.5,3302|People|0,1
25,0.5,3302|Lamp|0,1
25,0.5,3302|Lamp|1,0
25,0.5,3302|Lamp|2,1
25,0.5,3302|Lamp|3,0
25,0.5,3313|People|0,0
25,0.5,3313|People|1,0
25,0.5,3313|Lamp|0,1
25,0.5,3313|Lamp|1,0
25,0.5,3347|People|0,1
25,0.5,3347|People|1,0
25,0.5,3347|People|2,0
25,0.5,3347|Lamp|0,0
25,0.5,3347|Lamp|1,0
25,0.5,3349|People|0,0
25,0.5,3349|People|1,0
25,0.5,3349|People|2,0
25,0.5,3349|Lamp|0,0
25,0.5,3349|Lamp|1,0
25,0.5,3350|People|0,0
25,0.5,3350|People|1,0
25,0.5,3350|People|2,0
25,0.5,3350|People|3,0
25,0.5,3350|People|4,0
25,0.5,3350|Lamp|0,0
25,0.5,3350|Lamp|1,0
25,0.5,3378|People|0,0
25,0.5,3378|People|1,0
25,0.5,3378|People|2,1
25,0.5,3378|People|3,0
25,0.5,3378|Lamp|0,0
25,0.5,3378|Lamp|1,1
25,0.5,3378|Lamp|2,0
25,0.5,3378|Lamp|3,0
25,0.5,3378|Lamp|4,0
25,0.5,3381|People|0,0
25,0.5,3381|People|1,1
25,0.5,3381|People|2,1
25,0.5,3381|People|3,0
25,0.5,3381|People|4,0
25,0.5,3381|Lamp|0,1
25,0.5,3381|Lamp|1,0
25,0.5,3381|Lamp|2,0
25,0.5,3381|Lamp|3,0
25,0.5,3381|Lamp|4,0
25,0.5,3382|People|0,0
25,0.5,3382|People|1,1
25,0.5,3382|People|2,1
25,0.5,3382|Lamp|0,1
25,0.5,3382|Lamp|1,1
25,0.5,3382|Lamp|2,1
25,0.5,3382|Lamp|3,0
25,0.5,3382|Lamp|4,0
25,0.5,3383|People|0,0
25,0.5,3383|People|1,1
25,0.5,3383|People|2,1
25,0.5,3383|Lamp|0,1
25,0.5,3383|Lamp|1,0
25,0.5,3383|Lamp|2,1
25,0.5,3383|Lamp|3,0
25,0.5,3383|Lamp|4,1
25,0.5,3384|People|0,0
25,0.5,3384|People|1,0
25,0.5,3384|People|2,1
25,0.5,3384|People|3,1
25,0.5,3384|Lamp|0,1
25,0.5,3384|Lamp|1,0
25,0.5,3384|Lamp|2,1
25,0.5,3384|Lamp|3,0
25,0.5,3384|Lamp|4,0
25,0.5,3389|People|0,0
25,0.5,3389|People|1,1
25,0.5,3389|People|2,0
25,0.5,3389|People|3,1
25,0.5,3389|Lamp|0,1
25,0.5,3389|Lamp|1,0
25,0.5,3389|Lamp|2,0
25,0.5,3389|Lamp|3,0
25,0.5,3389|Lamp|4,0
25,0.5,3390|People|0,1
25,0.5,3390|People|1,0
25,0.5,3390|People|2,1
25,0.5,3390|People|3,1
25,0.5,3390|Lamp|0,1
25,0.5,3390|Lamp|1,0
25,0.5,3390|Lamp|2,0
25,0.5,3390|Lamp|3,0
25,0.5,3390|Lamp|4,0
25,0.5,3392|People|0,0
25,0.5,3392|People|1,1
25,0.5,3392|People|2,1
25,0.5,3392|People|3,0
25,0.5,3392|People|4,0
25,0.5,3392|People|5,1
25,0.5,3392|Lamp|0,1
25,0.5,3392|Lamp|1,0
25,0.5,3392|Lamp|2,0
25,0.5,3392|Lamp|3,0
25,0.5,3392|Lamp|4,0
25,0.5,3395|People|0,1
25,0.5,3395|People|1,1
25,0.5,3395|People|2,0
25,0.5,3395|People|3,1
25,0.5,3395|People|4,0
25,0.5,3395|People|5,0
25,0.5,3395|People|6,0
25,0.5,3395|People|7,0
25,0.5,3395|Lamp|0,1
25,0.5,3395|Lamp|1,0
25,0.5,3395|Lamp|2,1
25,0.5,3395|Lamp|3,0
25,0.5,3395|Lamp|4,0
25,0.5,3397|People|0,1
25,0.5,3397|People|1,1
25,0.5,3397|People|2,0
25,0.5,3397|People|3,1
25,0.5,3397|People|4,0
25,0.5,3397|People|5,0
25,0.5,3397|People|6,0
25,0.5,3397|Lamp|0,1
25,0.5,3397|Lamp|1,0
25,0.5,3397|Lamp|2,1
25,0.5,3397|Lamp|3,0
25,0.5,3397|Lamp|4,1
25,0.5,3398|People|0,1
25,0.5,3398|People|1,1
25,0.5,3398|People|2,0
25,0.5,3398|People|3,0
25,0.5,3398|People|4,0
25,0.5,3398|People|5,1
25,0.5,3398|Lamp|0,1
25,0.5,3398|Lamp|1,0
25,0.5,3398|Lamp|2,0
25,0.5,3398|Lamp|3,0
25,0.5,3398|Lamp|4,0
25,0.5,3405|People|0,1
25,0.5,3405|People|1,0
25,0.5,3405|People|2,0
25,0.5,3405|Lamp|0,1
25,0.5,3405|Lamp|1,1
25,0.5,3405|Lamp|2,1
25,0.5,3405|Lamp|3,1
25,0.5,3408|People|0,1
25,0.5,3408|People|1,0
25,0.5,3408|People|2,0
25,0.5,3408|People|3,0
25,0.5,3408|Lamp|0,1
25,0.5,3408|Lamp|1,1
25,0.5,3408|Lamp|2,1
25,0.5,3408|Lamp|3,1
25,0.5,3409|People|0,0
25,0.5,3409|People|1,0
25,0.5,3409|Lamp|0,1
25,0.5,3409|Lamp|1,1
25,0.5,3409|Lamp|2,1
25,0.5,3409|Lamp|3,0
25,0.5,3566|People|0,0
25,0.5,3566|Lamp|0,1
25,0.5,3681|People|0,0
25,0.5,3681|Lamp|0,1
25,0.5,3681|Lamp|1,1
25,0.5,3681|Lamp|2,1
25,0.5,3681|Lamp|3,1
25,0.5,3682|People|0,0
25,0.5,3682|Lamp|0,1
25,0.5,3682|Lamp|1,1
25,0.5,3682|Lamp|2,1
25,0.5,3682|Lamp|3,1
25,0.5,3683|People|0,0
25,0.5,3683|Lamp|0,1
25,0.5,3683|Lamp|1,1
25,0.5,3683|Lamp|2,1
25,0.5,3683|Lamp|3,1
25,0.5,3687|People|0,0
25,0.5,3687|People|1,0
25,0.5,3687|People|2,0
25,0.5,3687|Lamp|0,1
25,0.5,3687|Lamp|1,1
25,0.5,3687|Lamp|2,1
25,0.5,3687|Lamp|3,1
25,0.5,3688|People|0,0
25,0.5,3688|People|1,0
25,0.5,3688|People|2,0
25,0.5,3688|Lamp|0,1
25,0.5,3688|Lamp|1,1
25,0.5,3688|Lamp|2,1
25,0.5,3688|Lamp|3,1
25,0.5,3689|People|0,0
25,0.5,3689|Lamp|0,0
25,0.5,3689|Lamp|1,0
25,0.5,3689|Lamp|2,0
25,0.5,3689|Lamp|3,0
