{
  "EN": 6.591479816889061,
  "SD": 0.11329152509570121,
  "FE": 1.040956759707708,
  "MG": 0.018640562193468213,
  "MI_vis": 1.4059537129592834,
  "MI_ir": 0.9493719100157405,
  "SF": 9.31153837442398,
  "Qabf": 0.4842855449143511,
  "Nabf": 0.029790382151732585,
  "SSIM": 0.7851254367588911,
  "SCD": 1.3969072490930556,
  "VIF": 0.35422908581549756
}