r,m,Fo
1,0.01,1.7592931228112745
1,0.02,1.759722484865789
1,0.03,1.7600968314353256
1,0.04,1.7604529355743335
1,0.05,1.7606687799961824
1,0.06,1.760747555679827
1,0.07,1.7606903657850523
1,0.08,1.7605450649049954
1,0.09,1.7602749088592278
1,0.1,1.7598863524284176
1,0.11,1.7594095322210663
1,0.12,1.7588307934425547
1,0.13,1.7581703035635963
1,0.14,1.7574248680629896
1,0.15,1.756579927822424
1,0.16,1.7556542904747525
1,0.17,1.75462079787585
1,0.18,1.7535262081531362
1,0.19,1.752339560716316
1,0.2,1.751057282170892
1,0.21,1.749733664185223
1,0.22,1.7483174757904216
1,0.23,1.7468229154373132
1,0.24,1.7452872187949586
1,0.25,1.7436939141906687
1,0.26,1.7420616931978137
1,0.27,1.7403733384838114
1,0.28,1.738626889663177
1,0.29,1.7368333067007509
1,0.3,1.7349912867836395
1,0.31,1.7331310349306397
1,0.32,1.73121253771712
1,0.33,1.7292548928676912
1,0.34,1.7272497981164197
1,0.35,1.7252061473622176
1,0.36,1.723155558697072
1,0.37,1.7210533422530687
1,0.38,1.7189550760610792
1,0.39,1.716816403697046
1,0.4,1.7146456119494766
1,0.41,1.7124528221553668
1,0.42,1.7102352048784208
1,0.43,1.7079918682096216
1,0.44,1.7057327833860778
1,0.45,1.7034467888938185
1,0.46,1.701143893649664
1,0.47,1.6988205777659264
1,0.48,1.696471654268085
1,0.49,1.6941285336138152
1,0.5,1.6917312582666815
1,0.51,1.689377948309323
1,0.52,1.6869786936953615
1,0.53,1.6845926310545078
1,0.54,1.6821700139700855
1,0.55,1.6797521560288882
1,0.56,1.6773151822485477
1,0.57,1.6748712136735608
1,0.58,1.6724339479788553
1,0.59,1.669979189027962
1,0.6,1.6675037806766848
1,0.61,1.6650737435347194
1,0.62,1.6626062460734967
1,0.63,1.6601404124438917
1,0.64,1.6576694229546949
1,0.65,1.6551984290178419
1,0.66,1.652707440001339
1,0.67,1.650288075405548
1,0.68,1.6478219430275705
1,0.69,1.6453570534726334
1,0.7,1.642895532671293
1,0.71,1.640461141569676
1,0.72,1.6379955900459586
1,0.73,1.6355566833724795
1,0.74,1.6331198593383842
1,0.75,1.6306718976635188
1,0.76,1.6282527630001313
1,0.77,1.6258303330150452
1,0.78,1.6234154223390505
1,0.79,1.6209983258980298
1,0.8,1.618553296884371
1,0.81,1.616175459301265
1,0.82,1.6137774567998562
1,0.83,1.6113930427777114
1,0.84,1.6090223840803113
1,0.85,1.6066525278659334
1,0.86,1.6042952824043297
1,0.87,1.6019385001010111
1,0.88,1.5995988106783747
1,0.89,1.5972817487914945
1,0.9,1.5949462261778073
1,0.91,1.5926381749200385
1,0.92,1.590331125251358
1,0.93,1.5880471223882744
1,0.94,1.5857661327012664
1,0.95,1.5834980128480354
1,0.96,1.58123755597474
1,0.97,1.5789882017303778
1,0.98,1.5767782164252304
1,0.99,1.5745506331354164
1,1.0,1.5721250704052199
1,1.01,1.570113838148506
1,1.02,1.5679359378132147
1,1.03,1.5657646690122025
1,1.04,1.5635992778668222
1,1.05,1.5614498968326005
1,1.06,1.5593106276782864
1,1.07,1.5571858541729062
1,1.08,1.5550694187203877
1,1.09,1.5529746703404161
1,1.1,1.5508850651990447
1,1.11,1.5488176068456159
1,1.12,1.54675014296647
1,1.13,1.5447095543916063
1,1.14,1.5426700630757342
1,1.15,1.5406334837003044
1,1.16,1.538615879597051
1,1.17,1.5366168128566675
1,1.18,1.5346240645879463
1,1.19,1.5326511168978387
1,1.2,1.5306578852629824
1,1.21,1.5287356409080772
1,1.22,1.52679086019109
1,1.23,1.5248617777478968
1,1.24,1.5229470031791248
1,1.25,1.5210370230079422
1,1.26,1.519157714967152
1,1.27,1.517281530778143
1,1.28,1.5154202845168372
1,1.29,1.5135782291253088
1,1.3,1.5117296966251133
1,1.31,1.509915102675753
1,1.32,1.5080937512049888
1,1.33,1.5062641264331553
1,1.34,1.5045203763144945
1,1.35,1.5027325995115455
1,1.36,1.5009622544561132
1,1.37,1.4992143572372623
1,1.38,1.497474412580582
1,1.39,1.495742848499759
1,1.4,1.4940112791259246
1,1.41,1.492322512167151
1,1.42,1.490624166279461
1,1.43,1.4889448174402176
1,1.44,1.4872828645599423
1,1.45,1.4856299026525
1,1.46,1.4839864541410377
1,1.47,1.4823616378664928
1,1.48,1.480736371124955
1,1.49,1.4791322165888114
1,1.5,1.4774892478777366
1,1.51,1.4759494555483765
1,1.52,1.4743570282114717
1,1.53,1.4728040766467476
1,1.54,1.4712533129479757
1,1.55,1.4697048168381823
1,1.56,1.46816555068931
1,1.57,1.4666443890251148
1,1.58,1.4651515868723504
1,1.59,1.4636573614458888
1,1.6,1.4621353943514765
1,1.61,1.4606847184245446
1,1.62,1.4592107532151537
1,1.63,1.4577421813314746
1,1.64,1.456307328576794
1,1.65,1.4548725722977764
1,1.66,1.45345275115599
1,1.67,1.4520285039269545
1,1.68,1.4506219583637214
1,1.69,1.449230750537507
1,1.7,1.4478403679625196
1,1.71,1.4464740684438127
1,1.72,1.4451056390926162
1,1.73,1.4437503656593202
1,1.74,1.442386929638733
1,1.75,1.4410381920263842
1,1.76,1.4397154111203239
1,1.77,1.4384074866591117
1,1.78,1.4370981417004918
1,1.79,1.435790876905059
1,1.8,1.43448811488702
1,1.81,1.433214952006331
1,1.82,1.4319436173826654
1,1.83,1.4306849110202344
1,1.84,1.429418099419604
1,1.85,1.4281604153375211
1,1.86,1.4269330297995841
1,1.87,1.4256879973545644
1,1.88,1.4244583592786082
1,1.89,1.4232455148248713
1,1.9,1.4220297280609968
1,1.91,1.4208387821134962
1,1.92,1.4196599282694742
1,1.93,1.4184932086042805
1,1.94,1.4173234807469342
1,1.95,1.4161449277960412
1,1.96,1.4149822422044496
1,1.97,1.4138225540699112
1,1.98,1.412701547712435
1,1.99,1.4117561303291224
1,2.0,1.4104537172804943
2,0.01,1.7595608257621551
2,0.02,1.76022009283881
2,0.03,1.760865545065953
2,0.04,1.7612944169844207
2,0.05,1.7614872391396128
2,0.06,1.7614630055534441
2,0.07,1.7612298090256884
2,0.08,1.7608134675058595
2,0.09,1.7602469360119217
2,0.1,1.7595047785060753
2,0.11,1.7586075746874181
2,0.12,1.75755799162574
2,0.13,1.7563654176592027
2,0.14,1.7550514422288328
2,0.15,1.7535930348031226
2,0.16,1.7520097998057043
2,0.17,1.7503018973160647
2,0.18,1.748473552988412
2,0.19,1.7465037609672027
2,0.2,1.7444082994607957
2,0.21,1.7422657462006583
2,0.22,1.7399882634831731
2,0.23,1.737616150691854
2,0.24,1.7351678059091185
2,0.25,1.7326442418187404
2,0.26,1.7300635581795316
2,0.27,1.7274058317248528
2,0.28,1.7247105882369809
2,0.29,1.7219658692885134
2,0.3,1.7191683530179669
2,0.31,1.7163331136244107
2,0.32,1.7134611243415356
2,0.33,1.7105641083990977
2,0.34,1.707626404320016
2,0.35,1.7046633353922684
2,0.36,1.70169550407896
2,0.37,1.6987114817979065
2,0.38,1.695704494413157
2,0.39,1.6926896507473679
2,0.4,1.6896211573031363
2,0.41,1.686576987273715
2,0.42,1.6834898331171493
2,0.43,1.6803963262503314
2,0.44,1.6773029799418155
2,0.45,1.6741805851676113
2,0.46,1.6710649795914827
2,0.47,1.6679458262804399
2,0.48,1.6648219053757545
2,0.49,1.6616865148965134
2,0.5,1.658539253993034
2,0.51,1.6554362340318705
2,0.52,1.652301903359297
2,0.53,1.6491765897247859
2,0.54,1.6460501344818563
2,0.55,1.6429396647241266
2,0.56,1.6398221240180038
2,0.57,1.6367220843906771
2,0.58,1.6336301664106456
2,0.59,1.6305435885324675
2,0.6,1.6274410056996576
2,0.61,1.6244015031362602
2,0.62,1.6213629292466
2,0.63,1.6183198676155868
2,0.64,1.6152895168432952
2,0.65,1.6122876332151652
2,0.66,1.6092799146381795
2,0.67,1.6063302063628153
2,0.68,1.6033544672978024
2,0.69,1.6004198887587802
2,0.7,1.5974821892959667
2,0.71,1.5945818247220809
2,0.72,1.5916766781050127
2,0.73,1.5888045607205947
2,0.74,1.585947803975042
2,0.75,1.5830966679308593
2,0.76,1.5802984507096924
2,0.77,1.5775021330755379
2,0.78,1.5747274568180674
2,0.79,1.571960697738124
2,0.8,1.5692028735005137
2,0.81,1.5665179557484148
2,0.82,1.5638123722500499
2,0.83,1.5611313808171985
2,0.84,1.5584772353397327
2,0.85,1.5558439237733728
2,0.86,1.553233197132001
2,0.87,1.5506340200557525
2,0.88,1.548058286641244
2,0.89,1.5455121186173997
2,0.9,1.5429751760479524
2,0.91,1.5404656845023654
2,0.92,1.537969112835493
2,0.93,1.535509834283926
2,0.94,1.5330510103424013
2,0.95,1.5306185857349668
2,0.96,1.5282117374234432
2,0.97,1.5258321581230874
2,0.98,1.5234703093179778
2,0.99,1.5211559858903492
2,1.0,1.5186220874475227
2,1.01,1.5164608899201655
2,1.02,1.514179683832466
2,1.03,1.5119070717487013
2,1.04,1.5096588916610603
2,1.05,1.507439544703903
2,1.06,1.5052283207836463
2,1.07,1.5030387528522093
2,1.08,1.500871057756757
2,1.09,1.4987170492569604
2,1.1,1.496571318859077
2,1.11,1.4944745440264393
2,1.12,1.4923682136365573
2,1.13,1.4903041532625287
2,1.14,1.4882456666350932
2,1.15,1.4862050058944192
2,1.16,1.484188404020048
2,1.17,1.4821865391408073
2,1.18,1.4802086084116937
2,1.19,1.4782421864519748
2,1.2,1.4762865968448757
2,1.21,1.4743764861664623
2,1.22,1.4724587306094852
2,1.23,1.4705690486593361
2,1.24,1.4686861503082478
2,1.25,1.4668160541016422
2,1.26,1.4649860140893278
2,1.27,1.4631695584273299
2,1.28,1.461357409482081
2,1.29,1.4595762936660348
2,1.3,1.4577835118110258
2,1.31,1.4560408713304616
2,1.32,1.454302772472947
2,1.33,1.4525615169845174
2,1.34,1.4508667743481103
2,1.35,1.4491584507125228
2,1.36,1.447477654195044
2,1.37,1.4458132764979823
2,1.38,1.444167077799604
2,1.39,1.4425325368935813
2,1.4,1.440896397726684
2,1.41,1.439291773244614
2,1.42,1.4377004310055765
2,1.43,1.4361203796840851
2,1.44,1.4345504711790837
2,1.45,1.4329989728442154
2,1.46,1.4314607943504924
2,1.47,1.42993498351584
2,1.48,1.4284303895384172
2,1.49,1.4269315183780205
2,1.5,1.4254051410393405
2,1.51,1.4239618038929578
2,1.52,1.4225020513640647
2,1.53,1.4210547778967033
2,1.54,1.4196189109518107
2,1.55,1.4181968970564567
2,1.56,1.4167866913070368
2,1.57,1.4153918850360787
2,1.58,1.4140120332741566
2,1.59,1.412648470357528
2,1.6,1.4112548509897815
2,1.61,1.4099312981102126
2,1.62,1.4085821979422786
2,1.63,1.4072665952648062
2,1.64,1.4059480384953478
2,1.65,1.4046401482548587
2,1.66,1.4033548285537698
2,1.67,1.4020612667506294
2,1.68,1.400786972103648
2,1.69,1.399526646868252
2,1.7,1.3982727433724138
2,1.71,1.3970279207741765
2,1.72,1.3958033435059711
2,1.73,1.394575350995335
2,1.74,1.3933566816527474
2,1.75,1.3921446648723572
2,1.76,1.3909637698648878
2,1.77,1.389770954363578
2,1.78,1.3885833223524313
2,1.79,1.3874086725803727
2,1.8,1.3862446597990175
2,1.81,1.3851076247351248
2,1.82,1.3839673963928147
2,1.83,1.3828391291816853
2,1.84,1.3817172474136015
2,1.85,1.380601898506674
2,1.86,1.3794900789072464
2,1.87,1.3783959613944317
2,1.88,1.377289812706621
2,1.89,1.376202386379255
2,1.9,1.375125323692383
2,1.91,1.3740613464836995
2,1.92,1.3729883364137632
2,1.93,1.3719625366040944
2,1.94,1.3708974310433744
2,1.95,1.3698521614349246
2,1.96,1.368826185193161
2,1.97,1.3677804753915
2,1.98,1.366728190097495
2,1.99,1.3658737477269354
2,2.0,1.3647349223810072
3,0.01,1.7597491520559618
3,0.02,1.760750051870111
3,0.03,1.761581551882668
3,0.04,1.7620582080074245
3,0.05,1.7622621189865721
3,0.06,1.7621875666865006
3,0.07,1.7618441726291874
3,0.08,1.7612556812541733
3,0.09,1.7604642523037246
3,0.1,1.7594487807377457
3,0.11,1.7582325247302386
3,0.12,1.7568037782045114
3,0.13,1.75519950576178
3,0.14,1.7534248492786284
3,0.15,1.7514415575712343
3,0.16,1.7492879327870263
3,0.17,1.746954923604834
3,0.18,1.7444148235969859
3,0.19,1.7417670300757326
3,0.2,1.7389927933817244
3,0.21,1.7361858595359205
3,0.22,1.733283975294208
3,0.23,1.730297786047761
3,0.24,1.7272383970092253
3,0.25,1.72412489515231
3,0.26,1.7209724469123373
3,0.27,1.7177502118177312
3,0.28,1.7144860852009371
3,0.29,1.7111715866295292
3,0.3,1.7078088882721636
3,0.31,1.7044328059684242
3,0.32,1.7010165121405219
3,0.33,1.6975748671711652
3,0.34,1.6940943905705599
3,0.35,1.6905875717069827
3,0.36,1.687053039468596
3,0.37,1.6834938990941835
3,0.38,1.6799012108227735
3,0.39,1.6763257027566503
3,0.4,1.6727078529158064
3,0.41,1.6691355034501925
3,0.42,1.6655440824975878
3,0.43,1.6619592597219743
3,0.44,1.6583766161053444
3,0.45,1.654800362473156
3,0.46,1.6512384670449276
3,0.47,1.647689203393834
3,0.48,1.6441455255393487
3,0.49,1.640625533976819
3,0.5,1.6370618009398206
3,0.51,1.6335949274872992
3,0.52,1.6300992618305414
3,0.53,1.6266242272335072
3,0.54,1.6231651043915771
3,0.55,1.6197116726775524
3,0.56,1.6162888249136733
3,0.57,1.612903677340012
3,0.58,1.609520443348379
3,0.59,1.6061551928011202
3,0.6,1.6027915096044747
3,0.61,1.599481163041192
3,0.62,1.5961931989931764
3,0.63,1.5929202655024204
3,0.64,1.5896649649486185
3,0.65,1.5864366951421423
3,0.66,1.5832268242860774
3,0.67,1.5800572557810053
3,0.68,1.5769048872891773
3,0.69,1.573785498380236
3,0.7,1.5706733703205702
3,0.71,1.5676183019275711
3,0.72,1.564554873104991
3,0.73,1.5615385239701218
3,0.74,1.5585533099872955
3,0.75,1.55558214036803
3,0.76,1.5526479528308545
3,0.77,1.549744759939778
3,0.78,1.5468490804537902
3,0.79,1.5439895042381406
3,0.8,1.5411369393500622
3,0.81,1.5383581581605519
3,0.82,1.5355783646250465
3,0.83,1.5328380168329196
3,0.84,1.530119315322226
3,0.85,1.5274260874359273
3,0.86,1.5247554390451625
3,0.87,1.522103969151419
3,0.88,1.519479829388975
3,0.89,1.5168915278918187
3,0.9,1.5143324709204393
3,0.91,1.5118044579055112
3,0.92,1.5092888320724656
3,0.93,1.5068069480805715
3,0.94,1.5043538949736976
3,0.95,1.501923149289958
3,0.96,1.4995160549094928
3,0.97,1.4971392107579753
3,0.98,1.4947736472231519
3,0.99,1.4924836711850513
3,1.0,1.4900169408048909
3,1.01,1.487849770820528
3,1.02,1.4855916763356276
3,1.03,1.4833556029873656
3,1.04,1.4811382643263087
3,1.05,1.4789600969695467
3,1.06,1.4767990867120673
3,1.07,1.4746566795359246
3,1.08,1.4725341591768852
3,1.09,1.4704240475616535
3,1.1,1.4683361129414145
3,1.11,1.4662871608457273
3,1.12,1.4642315632137457
3,1.13,1.462218972606757
3,1.14,1.4602274691598252
3,1.15,1.4582530726904601
3,1.16,1.4562994767942234
3,1.17,1.4543605455923239
3,1.18,1.452442365829677
3,1.19,1.4505454156513373
3,1.2,1.4486344270207407
3,1.21,1.4468095653825273
3,1.22,1.44496688607963
3,1.23,1.4431401294957824
3,1.24,1.4413470683373495
3,1.25,1.4395593533076723
3,1.26,1.437813030861699
3,1.27,1.436060912729338
3,1.28,1.4343325282331965
3,1.29,1.4326179315058607
3,1.3,1.430910622838283
3,1.31,1.429236617428832
3,1.32,1.427589921401904
3,1.33,1.4259262700625126
3,1.34,1.4243102451602765
3,1.35,1.4226965139197711
3,1.36,1.4210814593862533
3,1.37,1.419510269498253
3,1.38,1.4179252409192953
3,1.39,1.4163819104886368
3,1.4,1.4148401300588336
3,1.41,1.4133093294375776
3,1.42,1.4117883192218343
3,1.43,1.4102792176346843
3,1.44,1.4087926054985267
3,1.45,1.4073189847511642
3,1.46,1.4058667075388698
3,1.47,1.4044255144817246
3,1.48,1.402991731770132
3,1.49,1.4015598330083252
3,1.5,1.4001223954757025
3,1.51,1.3987402911710995
3,1.52,1.3973528811944036
3,1.53,1.3959646893240383
3,1.54,1.3946029883990692
3,1.55,1.3932535385381868
3,1.56,1.3919129247650925
3,1.57,1.3905725695139137
3,1.58,1.3892521436578444
3,1.59,1.3879373957560055
3,1.6,1.3866274169047423
3,1.61,1.3853670817281447
3,1.62,1.3840721933618754
3,1.63,1.382806885424004
3,1.64,1.381549428137948
3,1.65,1.380296957507601
3,1.66,1.3790516902405994
3,1.67,1.377812066711834
3,1.68,1.3766105162534028
3,1.69,1.3754162816313007
3,1.7,1.3741997535075312
3,1.71,1.3729981024127216
3,1.72,1.3718040006953052
3,1.73,1.370624062000828
3,1.74,1.3694599227613828
3,1.75,1.3682772560673973
3,1.76,1.3671317640216876
3,1.77,1.3659948382963591
3,1.78,1.3648638584124757
3,1.79,1.3637228302236757
3,1.8,1.3625945356402045
3,1.81,1.361476488295753
3,1.82,1.3603818268708767
3,1.83,1.3592812148831765
3,1.84,1.3581951187557433
3,1.85,1.3570908118202805
3,1.86,1.356011160570991
3,1.87,1.3549544523533734
3,1.88,1.3538918917180658
3,1.89,1.3528264584576617
3,1.9,1.351762576161293
3,1.91,1.3507241066911175
3,1.92,1.3496877018787277
3,1.93,1.3486531170168954
3,1.94,1.3476360187050773
3,1.95,1.3465972302087952
3,1.96,1.345593043701079
3,1.97,1.3445636312236084
3,1.98,1.3435132519028568
3,1.99,1.342626188018481
3,2.0,1.3415519254427641
4,0.01,1.7599498991759488
4,0.02,1.7612327238264338
4,0.03,1.7622030741111072
4,0.04,1.7628324356694414
4,0.05,1.763129076182871
4,0.06,1.763101346686782
4,0.07,1.7627341104949281
4,0.08,1.7620578608660613
4,0.09,1.7611418394898495
4,0.1,1.7599450413836877
4,0.11,1.7585271719080822
4,0.12,1.7568849769186166
4,0.13,1.7550317020395287
4,0.14,1.7529797947949801
4,0.15,1.750726498099611
4,0.16,1.7482667493788646
4,0.17,1.7455816952968053
4,0.18,1.7427373117656166
4,0.19,1.7397508470542735
4,0.2,1.7366747585681475
4,0.21,1.73356301660783
4,0.22,1.7303161552873174
4,0.23,1.7269789116986918
4,0.24,1.723552722508165
4,0.25,1.7200574639797106
4,0.26,1.7165152125253123
4,0.27,1.7129133784407473
4,0.28,1.7092976141120662
4,0.29,1.7056533764346096
4,0.3,1.7019660123506475
4,0.31,1.6982672132764633
4,0.32,1.6945083236382539
4,0.33,1.69075915900119
4,0.34,1.6869552093802698
4,0.35,1.6831569149200873
4,0.36,1.6793271633167732
4,0.37,1.6754886479709867
4,0.38,1.671662046415099
4,0.39,1.66782242017965
4,0.4,1.6639669364935845
4,0.41,1.660152300136563
4,0.42,1.6563454840240144
4,0.43,1.6525315254921082
4,0.44,1.6487419925525575
4,0.45,1.6449562542960443
4,0.46,1.6412008876765583
4,0.47,1.6374471638792027
4,0.48,1.6337117695547976
4,0.49,1.6300069106330015
4,0.5,1.6262698542075036
4,0.51,1.6226348108771598
4,0.52,1.6189947528561452
4,0.53,1.6153632785668954
4,0.54,1.6117573042025823
4,0.55,1.6081583913372919
4,0.56,1.6045936878224936
4,0.57,1.6010780593851421
4,0.58,1.597573287368002
4,0.59,1.5940976119684696
4,0.6,1.5906201478749147
4,0.61,1.5872150692755043
4,0.62,1.58381919294318
4,0.63,1.5804531275853932
4,0.64,1.5770998742329938
4,0.65,1.5737977396502814
4,0.66,1.5705084860271457
4,0.67,1.567258897780091
4,0.68,1.5640391826881872
4,0.69,1.560854017870776
4,0.7,1.5576854028983667
4,0.71,1.5545658057060097
4,0.72,1.5514644287974744
4,0.73,1.548416017025214
4,0.74,1.5453848677338886
4,0.75,1.542376469311736
4,0.76,1.5394164506803465
4,0.77,1.5364810867065712
4,0.78,1.5335603490652083
4,0.79,1.5306756754190431
4,0.8,1.5278047872611327
4,0.81,1.5250195265873678
4,0.82,1.5222321597303639
4,0.83,1.5194784338186917
4,0.84,1.5167489902576667
4,0.85,1.514047172398789
4,0.86,1.5113801664490782
4,0.87,1.5087378037324326
4,0.88,1.5061152348463367
4,0.89,1.5035393648145456
4,0.9,1.5009711644749384
4,0.91,1.4984587609549542
4,0.92,1.4959620417041508
4,0.93,1.4934995331051073
4,0.94,1.491055821378711
4,0.95,1.4886356516760995
4,0.96,1.4862450843371133
4,0.97,1.4838874228681798
4,0.98,1.4815507500686254
4,0.99,1.4792487474701612
4,1.0,1.476847407421416
4,1.01,1.4746704192542357
4,1.02,1.4724308232899423
4,1.03,1.4702185513564212
4,1.04,1.4680406637741195
4,1.05,1.4658882460719973
4,1.06,1.4637490019019115
4,1.07,1.4616242278691314
4,1.08,1.4595312702332375
4,1.09,1.4574555356103411
4,1.1,1.4553985344638036
4,1.11,1.453360418153287
4,1.12,1.451353023902544
4,1.13,1.4493614868948814
4,1.14,1.4473945710076805
4,1.15,1.44545699973191
4,1.16,1.443526918294961
4,1.17,1.441610847393181
4,1.18,1.4397323161861337
4,1.19,1.4378722531670396
4,1.2,1.435996370743794
4,1.21,1.434186488337364
4,1.22,1.4323744439692023
4,1.23,1.4305769008945088
4,1.24,1.4287924923892497
4,1.25,1.427028029898005
4,1.26,1.425304678648006
4,1.27,1.423589296195231
4,1.28,1.421878739633098
4,1.29,1.4201911666966909
4,1.3,1.4185017881857307
4,1.31,1.4168290763243974
4,1.32,1.4151947328358794
4,1.33,1.4135516271167343
4,1.34,1.4119214828691202
4,1.35,1.4103079677257657
4,1.36,1.4087217456827699
4,1.37,1.4071428921770524
4,1.38,1.4055903380885997
4,1.39,1.4040467563735948
4,1.4,1.4025110090406774
4,1.41,1.4009943627004706
4,1.42,1.3994945516892046
4,1.43,1.397997589008175
4,1.44,1.3965075747815094
4,1.45,1.3950254095069177
4,1.46,1.3935625034433194
4,1.47,1.3921093824097543
4,1.48,1.3906617220659285
4,1.49,1.3892355141681396
4,1.5,1.3877880159853315
4,1.51,1.3863939083939139
4,1.52,1.384992094774111
4,1.53,1.383624480167714
4,1.54,1.3822367011595535
4,1.55,1.380884667979407
4,1.56,1.3795090184672063
4,1.57,1.3781662139843558
4,1.58,1.3768121750793438
4,1.59,1.37547140673116
4,1.6,1.3741424283903132
4,1.61,1.372869712764076
4,1.62,1.3715500796622286
4,1.63,1.3702546738382742
4,1.64,1.3689503604645186
4,1.65,1.3676815371311697
4,1.66,1.3664189268783649
4,1.67,1.365137106154285
4,1.68,1.3638685692724486
4,1.69,1.3626209263536755
4,1.7,1.3613848261509824
4,1.71,1.360108774775795
4,1.72,1.3588724180042868
4,1.73,1.3576466319464944
4,1.74,1.3564265356224865
4,1.75,1.3552116994590448
4,1.76,1.35400794120576
4,1.77,1.3528247305971075
4,1.78,1.3516204564383587
4,1.79,1.3504394742341093
4,1.8,1.349258051527819
4,1.81,1.348124656409191
4,1.82,1.3469698768124208
4,1.83,1.3458239583703488
4,1.84,1.3446780329221275
4,1.85,1.343543396987271
4,1.86,1.342416044418467
4,1.87,1.341273068817803
4,1.88,1.3401538267912425
4,1.89,1.3390512546875808
4,1.9,1.337909608607933
4,1.91,1.3367922172175606
4,1.92,1.3356714121383764
4,1.93,1.3345493759655442
4,1.94,1.3334385414860275
4,1.95,1.3323350034352404
4,1.96,1.331264942282137
4,1.97,1.33016165368356
4,1.98,1.3290429526292449
4,1.99,1.328077717909087
4,2.0,1.327001745527627
5,0.01,1.7601357675949139
5,0.02,1.7616297729920862
5,0.03,1.7627794978100944
5,0.04,1.7635829255219118
5,0.05,1.7639860557458424
5,0.06,1.7640174001575482
5,0.07,1.7636565578886614
5,0.08,1.762953505330529
5,0.09,1.761962305957929
5,0.1,1.7606676561756736
5,0.11,1.7591307116474078
5,0.12,1.7573450656845901
5,0.13,1.7553467679160635
5,0.14,1.7531267371491481
5,0.15,1.7506695604449822
5,0.16,1.74800425754911
5,0.17,1.7451011058283818
5,0.18,1.7420521875353392
5,0.19,1.738853934692294
5,0.2,1.7355688461157666
5,0.21,1.732253940014834
5,0.22,1.728793584399418
5,0.23,1.7252108963488935
5,0.24,1.7215174484004037
5,0.25,1.7177447755649151
5,0.26,1.7139347569803853
5,0.27,1.7100993263742907
5,0.28,1.7062597130219457
5,0.29,1.7023803286180472
5,0.3,1.6984780255793481
5,0.31,1.6945640899929544
5,0.32,1.6906342075778953
5,0.33,1.6866776093820646
5,0.34,1.6827107582333307
5,0.35,1.6787233321910922
5,0.36,1.6747287413682745
5,0.37,1.6707286226072815
5,0.38,1.6667396481154377
5,0.39,1.6627571922582085
5,0.4,1.6587390988788269
5,0.41,1.6547777447355554
5,0.42,1.6508223293590103
5,0.43,1.6468636482613002
5,0.44,1.6429371562802173
5,0.45,1.6390305310498547
5,0.46,1.635134031263384
5,0.47,1.6312647807095366
5,0.48,1.6274109951451294
5,0.49,1.623594829487397
5,0.5,1.6197540085896964
5,0.51,1.616021010463345
5,0.52,1.6122688688465032
5,0.53,1.6085429574025352
5,0.54,1.6048450436302215
5,0.55,1.601174676035517
5,0.56,1.5975346504881915
5,0.57,1.5939325316422197
5,0.58,1.5903552423478555
5,0.59,1.5868195097718407
5,0.6,1.5832755742594171
5,0.61,1.5798057346476195
5,0.62,1.576352314580862
5,0.63,1.5729320104811464
5,0.64,1.5695278824299006
5,0.65,1.5661835634694965
5,0.66,1.5628424620831334
5,0.67,1.5595494239091592
5,0.68,1.5562954612925253
5,0.69,1.553079510553512
5,0.7,1.549868216987459
5,0.71,1.5466999581410832
5,0.72,1.5435735399802315
5,0.73,1.5404913060581977
5,0.74,1.5374293771374672
5,0.75,1.5344038352350102
5,0.76,1.5314329016189412
5,0.77,1.5284836053327255
5,0.78,1.5255558933155846
5,0.79,1.5226619539219393
5,0.8,1.5197709373524777
5,0.81,1.5169623354547952
5,0.82,1.514157358013249
5,0.83,1.5113954085504337
5,0.84,1.5086655078968443
5,0.85,1.5059654936613152
5,0.86,1.5032945096591108
5,0.87,1.5006485785219297
5,0.88,1.4980216865589024
5,0.89,1.4954338725393612
5,0.9,1.4928729206367208
5,0.91,1.4903548722117268
5,0.92,1.4878541020001876
5,0.93,1.485387206127036
5,0.94,1.4829429032258747
5,0.95,1.4805167252965106
5,0.96,1.4781234839482373
5,0.97,1.4757597469633694
5,0.98,1.4734250533747222
5,0.99,1.4711276669597877
5,1.0,1.4687419485828768
5,1.01,1.4665627169957383
5,1.02,1.4643150528833475
5,1.03,1.4620876329745496
5,1.04,1.4599036948756574
5,1.05,1.4577343178821305
5,1.06,1.4555843328377274
5,1.07,1.4534784782335375
5,1.08,1.4513902488906527
5,1.09,1.4493152272092196
5,1.1,1.4472559752162582
5,1.11,1.4452188053350448
5,1.12,1.443187135956302
5,1.13,1.4412100274117556
5,1.14,1.4392155330734553
5,1.15,1.4372637533067882
5,1.16,1.4353291141061142
5,1.17,1.433397457386851
5,1.18,1.4315016109490184
5,1.19,1.4296209665723474
5,1.2,1.427744902586227
5,1.21,1.4259045755334316
5,1.22,1.4240727105665982
5,1.23,1.4222573978449218
5,1.24,1.4204494242335943
5,1.25,1.4186602992739328
5,1.26,1.41690121648666
5,1.27,1.4151526404047725
5,1.28,1.4134084025871985
5,1.29,1.411676974025653
5,1.3,1.409965326277051
5,1.31,1.408277195274825
5,1.32,1.406590905165622
5,1.33,1.404928152438396
5,1.34,1.4032733736043699
5,1.35,1.4016221828402713
5,1.36,1.4000006148512396
5,1.37,1.398389765915491
5,1.38,1.3967894635437226
5,1.39,1.3952111891724062
5,1.4,1.3936323885582373
5,1.41,1.3920684590953503
5,1.42,1.390519732433517
5,1.43,1.3889769676161663
5,1.44,1.3874359360154438
5,1.45,1.385934135749422
5,1.46,1.384426890736413
5,1.47,1.382935288345245
5,1.48,1.38144812013613
5,1.49,1.379956335318904
5,1.5,1.37848680175423
5,1.51,1.3770388950490962
5,1.52,1.3755719379692932
5,1.53,1.3741285617160355
5,1.54,1.3726766002126016
5,1.55,1.3712325802686156
5,1.56,1.3698233502547297
5,1.57,1.3683964210486728
5,1.58,1.3669813947727334
5,1.59,1.3656045931047522
5,1.6,1.3642118229387996
5,1.61,1.3628321139669726
5,1.62,1.3614607408118538
5,1.63,1.3601111068291984
5,1.64,1.3587606207286675
5,1.65,1.3574074457467973
5,1.66,1.356059451459247
5,1.67,1.3547011709060142
5,1.68,1.353385372526595
5,1.69,1.35205750436695
5,1.7,1.350734092760946
5,1.71,1.349429797204604
5,1.72,1.348140589259027
5,1.73,1.3468452037507717
5,1.74,1.345552411031698
5,1.75,1.3442872281193425
5,1.76,1.3430003397191834
5,1.77,1.3417561533922235
5,1.78,1.340508162968885
5,1.79,1.3392412045648978
5,1.8,1.337991181633912
5,1.81,1.3367240568070031
5,1.82,1.3354609765154855
5,1.83,1.3342123265644652
5,1.84,1.3329677921527963
5,1.85,1.3317415095547824
5,1.86,1.3305077152100637
5,1.87,1.3292945504378506
5,1.88,1.3280626688201165
5,1.89,1.3268176450294304
5,1.9,1.3256004106937789
5,1.91,1.3244208241659565
5,1.92,1.3232403525491252
5,1.93,1.322048688208324
5,1.94,1.3208912493603016
5,1.95,1.319652550663011
5,1.96,1.3184627270769569
5,1.97,1.3172550183018865
5,1.98,1.3160540233625324
5,1.99,1.3149235360244325
5,2.0,1.3138207299341875
6,0.01,1.760245425990515
6,0.02,1.761864436564194
6,0.03,1.7630917430051192
6,0.04,1.763977087673874
6,0.05,1.764445714219938
6,0.06,1.764518463531488
6,0.07,1.7641848813439802
6,0.08,1.7634925072925667
6,0.09,1.762484954792031
6,0.1,1.7611551652269641
6,0.11,1.7595836238672165
6,0.12,1.7577709714899103
6,0.13,1.755719338623732
6,0.14,1.7534356061886536
6,0.15,1.7508983031364689
6,0.16,1.7481439990093082
6,0.17,1.7451476499457546
6,0.18,1.7420269102688895
6,0.19,1.7387728348835534
6,0.2,1.7354347567528878
6,0.21,1.7320408879145628
6,0.22,1.7284912265036556
6,0.23,1.7248476587371744
6,0.24,1.7210848493608195
6,0.25,1.7172230227108594
6,0.26,1.713323514445225
6,0.27,1.7094176752301884
6,0.28,1.7055014721497905
6,0.29,1.7015444563368198
6,0.3,1.6975541875509617
6,0.31,1.6935515317582388
6,0.32,1.6895302232837788
6,0.33,1.6855082895583522
6,0.34,1.6814650245658378
6,0.35,1.6774022436877287
6,0.36,1.6733278137133052
6,0.37,1.6692484761255189
6,0.38,1.6651948318958183
6,0.39,1.6611560661688973
6,0.4,1.6570946011576175
6,0.41,1.65307636456379
6,0.42,1.6490647650155221
6,0.43,1.6450641021984815
6,0.44,1.6410919332286096
6,0.45,1.6371206656900608
6,0.46,1.6331837540658967
6,0.47,1.6292746396325242
6,0.48,1.62538156803069
6,0.49,1.621524495472326
6,0.5,1.6176462424035645
6,0.51,1.613885665400493
6,0.52,1.610096539868043
6,0.53,1.6063528454262588
6,0.54,1.602633486150859
6,0.55,1.5989347823458466
6,0.56,1.5952752448898606
6,0.57,1.5916495337146062
6,0.58,1.5880582310506524
6,0.59,1.5844897716836517
6,0.6,1.5809365227682433
6,0.61,1.577446664718762
6,0.62,1.573989278393303
6,0.63,1.5705419352345331
6,0.64,1.5671269076478627
6,0.65,1.5637643748612902
6,0.66,1.560429743427842
6,0.67,1.5571327854764985
6,0.68,1.5538611497639474
6,0.69,1.5506178679713196
6,0.7,1.5474136108914032
6,0.71,1.544239564523165
6,0.72,1.541102119256666
6,0.73,1.538000419048256
6,0.74,1.5349376238103252
6,0.75,1.5318821983054738
6,0.76,1.528891878429975
6,0.77,1.5259241487674255
6,0.78,1.522986760303172
6,0.79,1.520096932184221
6,0.8,1.5172014859340386
6,0.81,1.5143899959201175
6,0.82,1.5115887811590172
6,0.83,1.5088198122587908
6,0.84,1.5060741268515214
6,0.85,1.503356211558523
6,0.86,1.500677289894156
6,0.87,1.4980485626618296
6,0.88,1.4954221441878968
6,0.89,1.4928387942880406
6,0.9,1.4902699945287585
6,0.91,1.4877315174776309
6,0.92,1.4852217226540112
6,0.93,1.4827284575852453
6,0.94,1.480267456809217
6,0.95,1.4778444722285566
6,0.96,1.4754456565885177
6,0.97,1.4730704354198434
6,0.98,1.4707157832432411
6,0.99,1.4684018646604386
6,1.0,1.4660351696211162
6,1.01,1.46382816375914
6,1.02,1.4615792921705097
6,1.03,1.4593456491572159
6,1.04,1.4571443302824578
6,1.05,1.4549567860969177
6,1.06,1.45279421309087
6,1.07,1.450657990373762
6,1.08,1.448543394580587
6,1.09,1.446433878968201
6,1.1,1.444348214021512
6,1.11,1.4422959407336098
6,1.12,1.4402660515151702
6,1.13,1.4382503944494944
6,1.14,1.4362614325107783
6,1.15,1.4342768374621941
6,1.16,1.432304714793978
6,1.17,1.430355756722441
6,1.18,1.4284329470600026
6,1.19,1.4265148160511283
6,1.2,1.4245923184689673
6,1.21,1.422731789928309
6,1.22,1.4208666699787151
6,1.23,1.4190086305976883
6,1.24,1.4171684100543136
6,1.25,1.4153505473141024
6,1.26,1.413558638088344
6,1.27,1.4117801953875002
6,1.28,1.409997196483382
6,1.29,1.4082280358095585
6,1.3,1.4064778172917798
6,1.31,1.4047550908080846
6,1.32,1.403041060716981
6,1.33,1.401345267107419
6,1.34,1.3996410134264068
6,1.35,1.3979711085594004
6,1.36,1.396287802570588
6,1.37,1.3946263067901061
6,1.38,1.3929760791038994
6,1.39,1.3913453534732267
6,1.4,1.3897125858381685
6,1.41,1.3881044671162648
6,1.42,1.386489555823071
6,1.43,1.3849014382057252
6,1.44,1.3833212237567623
6,1.45,1.3817486129332217
6,1.46,1.380185114291824
6,1.47,1.3786535096925794
6,1.48,1.3770977028132256
6,1.49,1.375567590592184
6,1.5,1.3740449037538294
6,1.51,1.3725446333335325
6,1.52,1.3710486871051062
6,1.53,1.369542498418656
6,1.54,1.368024201865957
6,1.55,1.3665657346601439
6,1.56,1.3650830641866614
6,1.57,1.3635997137770373
6,1.58,1.3621410878191467
6,1.59,1.3607211098308765
6,1.6,1.3592736347114134
6,1.61,1.3578330598619388
6,1.62,1.35639844381726
6,1.63,1.354966646201999
6,1.64,1.3535709252205441
6,1.65,1.3521530040031446
6,1.66,1.3507571905752167
6,1.67,1.3493530401530365
6,1.68,1.3479711452362029
6,1.69,1.3465735297588701
6,1.7,1.3452078330966175
6,1.71,1.3438473228792491
6,1.72,1.3425050009841797
6,1.73,1.341153729610583
6,1.74,1.3398124386847268
6,1.75,1.3384808254919662
6,1.76,1.3371260952067467
6,1.77,1.3357682049543644
6,1.78,1.334458241893823
6,1.79,1.333123228591071
6,1.8,1.331795535273794
6,1.81,1.3304622153484555
6,1.82,1.3291609062307401
6,1.83,1.3278946829051728
6,1.84,1.326549051576747
6,1.85,1.3252738082696989
6,1.86,1.3239753244102486
6,1.87,1.3226829337817896
6,1.88,1.3214119858843063
6,1.89,1.3200914518630213
6,1.9,1.3188172398376214
6,1.91,1.3175150586598443
6,1.92,1.3162749246733194
6,1.93,1.3150110638699564
6,1.94,1.3137520646704854
6,1.95,1.3124986732253126
6,1.96,1.3112496058616208
6,1.97,1.3099750281528
6,1.98,1.3087009568156998
6,1.99,1.3075229171316278
6,2.0,1.3064044206118435
7,0.01,1.7604265658998637
7,0.02,1.7622259493995578
7,0.03,1.7635739017667185
7,0.04,1.764556642209903
7,0.05,1.7651027051976869
7,0.06,1.7652221593875705
7,0.07,1.764919919630593
7,0.08,1.764234183549428
7,0.09,1.7632062481564275
7,0.1,1.7618617882374952
7,0.11,1.7602493517105013
7,0.12,1.758393690863629
7,0.13,1.7562829622218448
7,0.14,1.753932243916746
7,0.15,1.7513314156433353
7,0.16,1.7484890647580038
7,0.17,1.745409467060097
7,0.18,1.7422079985309296
7,0.19,1.7389014378866683
7,0.2,1.7354933611817618
7,0.21,1.7320261616199286
7,0.22,1.7283867034133111
7,0.23,1.724640550189121
7,0.24,1.7208009226709284
7,0.25,1.7168233327770024
7,0.26,1.7128465929951027
7,0.27,1.7088417443211712
7,0.28,1.7048307961565363
7,0.29,1.7007866436607257
7,0.3,1.6967014980642678
7,0.31,1.6926282154265657
7,0.32,1.6885235161966818
7,0.33,1.6844198494309133
7,0.34,1.6803135454189
7,0.35,1.6761950536191794
7,0.36,1.6720650457302035
7,0.37,1.6679464186307824
7,0.38,1.6638482886906936
7,0.39,1.659760486519297
7,0.4,1.6556421319306898
7,0.41,1.651584212214291
7,0.42,1.6475311031799673
7,0.43,1.6434857864027188
7,0.44,1.6394541963896117
7,0.45,1.6354479931230441
7,0.46,1.6314640745506181
7,0.47,1.6275068036378049
7,0.48,1.6235772228137806
7,0.49,1.6196845570500644
7,0.5,1.6157582849032035
7,0.51,1.611937886758205
7,0.52,1.6081063268957427
7,0.53,1.6043011239106502
7,0.54,1.6005444043073334
7,0.55,1.5968094588790755
7,0.56,1.5931160458433584
7,0.57,1.589452215148115
7,0.58,1.5858208790617905
7,0.59,1.5822088598948953
7,0.6,1.5786078514113315
7,0.61,1.5750927986067609
7,0.62,1.5715811848031953
7,0.63,1.5681233630959712
7,0.64,1.5646764939725937
7,0.65,1.5612878922204125
7,0.66,1.5579149385426134
7,0.67,1.554577736435186
7,0.68,1.5512690451563855
7,0.69,1.5480149233577567
7,0.7,1.5447725382521174
7,0.71,1.541582423159926
7,0.72,1.5384083045765522
7,0.73,1.5352883657636376
7,0.74,1.5321933007127944
7,0.75,1.5291274999919244
7,0.76,1.526103566610941
7,0.77,1.5231047421249089
7,0.78,1.5201593842434977
7,0.79,1.5172412480955468
7,0.8,1.5143128600107165
7,0.81,1.5114842817645757
7,0.82,1.5086479928061423
7,0.83,1.5058618879386465
7,0.84,1.5030956075390327
7,0.85,1.5003336241691196
7,0.86,1.497622516177504
7,0.87,1.4949535193187782
7,0.88,1.4922991022064274
7,0.89,1.4896622855103667
7,0.9,1.4870609201698788
7,0.91,1.484507635696101
7,0.92,1.4819529865885468
7,0.93,1.479453392174945
7,0.94,1.4769622321299536
7,0.95,1.4745110305111824
7,0.96,1.4720698833533843
7,0.97,1.469660445689794
7,0.98,1.467277639483714
7,0.99,1.4649134455010049
7,1.0,1.4625056772953702
7,1.01,1.4602464270882125
7,1.02,1.4579609958447308
7,1.03,1.455681459881742
7,1.04,1.4534170458842868
7,1.05,1.4512028396914267
7,1.06,1.4490007253157968
7,1.07,1.446811604764088
7,1.08,1.444638449876491
7,1.09,1.4424803830313033
7,1.1,1.4403475858469836
7,1.11,1.4382370796591768
7,1.12,1.4361337064033382
7,1.13,1.4340579501228632
7,1.14,1.4320012336606787
7,1.15,1.4299542046912428
7,1.16,1.4279144492789886
7,1.17,1.425919758833991
7,1.18,1.4239235454314523
7,1.19,1.4219496694098999
7,1.2,1.4199652348450635
7,1.21,1.4180085892704994
7,1.22,1.41609006945488
7,1.23,1.41416852774043
7,1.24,1.4122419053498476
7,1.25,1.410329998872638
7,1.26,1.4085060551967519
7,1.27,1.4066449317254968
7,1.28,1.4047926595968552
7,1.29,1.4029535767527517
7,1.3,1.401123458244521
7,1.31,1.3993311814214717
7,1.32,1.3975305662300899
7,1.33,1.3957451247250168
7,1.34,1.3940028666185889
7,1.35,1.3922719122441507
7,1.36,1.3905286001323116
7,1.37,1.3888139407868032
7,1.38,1.3870866305957248
7,1.39,1.38534749678107
7,1.4,1.3836424865104864
7,1.41,1.381932414923586
7,1.42,1.3802155707766641
7,1.43,1.3785328886850994
7,1.44,1.3768815163340156
7,1.45,1.3752471679233451
7,1.46,1.373608406306546
7,1.47,1.371959874569158
7,1.48,1.3703351269648412
7,1.49,1.3687179449027298
7,1.5,1.3671154537481496
7,1.51,1.365532386982723
7,1.52,1.3639311361427666
7,1.53,1.3623152572212025
7,1.54,1.3607323797969793
7,1.55,1.3591822559857116
7,1.56,1.357624628232868
7,1.57,1.356092860059009
7,1.58,1.3545179418831301
7,1.59,1.3529641182208618
7,1.6,1.3514349340400331
7,1.61,1.3499117187716798
7,1.62,1.348399326226895
7,1.63,1.3469136756942979
7,1.64,1.3453814144096377
7,1.65,1.3438695296785108
7,1.66,1.3423857610154304
7,1.67,1.3408769694384128
7,1.68,1.3393967693222406
7,1.69,1.33794557526798
7,1.7,1.3364775383913472
7,1.71,1.3349871379766274
7,1.72,1.3334959791249454
7,1.73,1.3320080129958014
7,1.74,1.3305400905182962
7,1.75,1.3291070279073673
7,1.76,1.3276542911324476
7,1.77,1.326216306008673
7,1.78,1.3247857723626524
7,1.79,1.3233672337630022
7,1.8,1.3219752503336333
7,1.81,1.320567202668313
7,1.82,1.3191647100290844
7,1.83,1.317779015571966
7,1.84,1.3163920671421867
7,1.85,1.3149873090038757
7,1.86,1.3135606488876153
7,1.87,1.312176514491382
7,1.88,1.3108258162223827
7,1.89,1.309441134282207
7,1.9,1.308073769999697
7,1.91,1.306697856554061
7,1.92,1.3053260902827584
7,1.93,1.3039798144143628
7,1.94,1.302651805584964
7,1.95,1.3012741342771166
7,1.96,1.2999136197166488
7,1.97,1.2984935637636328
7,1.98,1.297128886351553
7,1.99,1.2958274763810393
7,2.0,1.2946996892528637
8,0.01,1.7605663624513719
8,0.02,1.7624859500734995
8,0.03,1.7639472682372244
8,0.04,1.7650127669429316
8,0.05,1.7656473753854323
8,0.06,1.7658296515214233
8,0.07,1.7655830393334506
8,0.08,1.7649575007378535
8,0.09,1.7639678151150078
8,0.1,1.762652953324384
8,0.11,1.761076243301486
8,0.12,1.7592294946017537
8,0.13,1.7571128660226476
8,0.14,1.7547522955374044
8,0.15,1.7521069695923126
8,0.16,1.7492322460225427
8,0.17,1.7461192095362892
8,0.18,1.7428702676221104
8,0.19,1.7395279870339315
8,0.2,1.7360638805612207
8,0.21,1.7325222331146894
8,0.22,1.7288052207666693
8,0.23,1.7249873623276073
8,0.24,1.7210740974088334
8,0.25,1.7170504301021732
8,0.26,1.7130412419270948
8,0.27,1.7089826200609888
8,0.28,1.7049058578027898
8,0.29,1.7008176346025505
8,0.3,1.696666142089846
8,0.31,1.6925356157101659
8,0.32,1.6883814069133145
8,0.33,1.6842449790284952
8,0.34,1.680079756922009
8,0.35,1.6759131907310116
8,0.36,1.6717111189732308
8,0.37,1.667545155375968
8,0.38,1.66338398669453
8,0.39,1.659223140492858
8,0.4,1.6550451181656747
8,0.41,1.6509465665172633
8,0.42,1.6468294627672435
8,0.43,1.6427359967905366
8,0.44,1.6386427413175912
8,0.45,1.6345931609829272
8,0.46,1.6305402682504446
8,0.47,1.6265022431486218
8,0.48,1.6224876814685965
8,0.49,1.6185257550852408
8,0.5,1.6145357722513376
8,0.51,1.6106620222405434
8,0.52,1.6067766638228813
8,0.53,1.6029338777398383
8,0.54,1.5991363900735163
8,0.55,1.5953620785817624
8,0.56,1.5916261560306488
8,0.57,1.5879341686569572
8,0.58,1.5842706750598785
8,0.59,1.58064208234177
8,0.6,1.577025403584871
8,0.61,1.5734794954798332
8,0.62,1.5699495430059187
8,0.63,1.566444421710793
8,0.64,1.5629744247070778
8,0.65,1.5595503592469548
8,0.66,1.5561514956312585
8,0.67,1.5527865612350495
8,0.68,1.5494520561622485
8,0.69,1.5461662156217626
8,0.7,1.5429004531592732
8,0.71,1.5396780085749935
8,0.72,1.5364700330518788
8,0.73,1.533317878707953
8,0.74,1.5302071888483721
8,0.75,1.5270902409593876
8,0.76,1.5240667044892742
8,0.77,1.521041511816496
8,0.78,1.5180471175066996
8,0.79,1.5151056554546092
8,0.8,1.512171367031901
8,0.81,1.5093061663524983
8,0.82,1.5064434907930895
8,0.83,1.5036114453318186
8,0.84,1.50080439711335
8,0.85,1.4980210653948394
8,0.86,1.4952747809873852
8,0.87,1.492568886936935
8,0.88,1.4898872060889217
8,0.89,1.4872206917333832
8,0.9,1.4845760225771532
8,0.91,1.4819726420057375
8,0.92,1.4793898420985439
8,0.93,1.476859027968036
8,0.94,1.4743383873799685
8,0.95,1.4718357075665587
8,0.96,1.4693558983000556
8,0.97,1.46690204005657
8,0.98,1.4644738720534007
8,0.99,1.4620758402339844
8,1.0,1.459630013335807
8,1.01,1.4573057265374045
8,1.02,1.454961786969177
8,1.03,1.4526453003892017
8,1.04,1.4503357977527624
8,1.05,1.4480711598823541
8,1.06,1.4458238950260398
8,1.07,1.4435954796387025
8,1.08,1.4413734028604444
8,1.09,1.439174388208566
8,1.1,1.4369719998402133
8,1.11,1.4348179800483318
8,1.12,1.432670627103871
8,1.13,1.4305442334579384
8,1.14,1.4284225824765222
8,1.15,1.4263105677681098
8,1.16,1.4242286510924635
8,1.17,1.4221564875638286
8,1.18,1.4200816277607864
8,1.19,1.418035912710293
8,1.2,1.415990094242093
8,1.21,1.413975804588217
8,1.22,1.4119743152141906
8,1.23,1.4099922277510586
8,1.24,1.4080266031699138
8,1.25,1.4060856197498461
8,1.26,1.40415624142503
8,1.27,1.4022558011542303
8,1.28,1.4003586051107695
8,1.29,1.3984740519544838
8,1.3,1.3966118368530644
8,1.31,1.3947406585705633
8,1.32,1.3928662779813612
8,1.33,1.3910201802587752
8,1.34,1.3891711933715127
8,1.35,1.3873737176410927
8,1.36,1.3855395564564565
8,1.37,1.3837679487453667
8,1.38,1.3819751863258851
8,1.39,1.380180221025941
8,1.4,1.3784052424146314
8,1.41,1.3766552459706285
8,1.42,1.374857417696356
8,1.43,1.3731121976701077
8,1.44,1.371390224081755
8,1.45,1.36966541610267
8,1.46,1.3679657139723655
8,1.47,1.3662655324591022
8,1.48,1.3645789672874884
8,1.49,1.3628891365028675
8,1.5,1.3612624000535078
8,1.51,1.3595730488423168
8,1.52,1.357938720673568
8,1.53,1.3562664695604278
8,1.54,1.3545940051540437
8,1.55,1.3529365192857812
8,1.56,1.3513044848097155
8,1.57,1.3496979938165594
8,1.58,1.3480608841637516
8,1.59,1.3464334034550156
8,1.6,1.3448721507011567
8,1.61,1.3432595193069048
8,1.62,1.341645283577548
8,1.63,1.3400773914270194
8,1.64,1.3384927327092833
8,1.65,1.3368898357043044
8,1.66,1.335277186081888
8,1.67,1.3337175321732684
8,1.68,1.3321396674626858
8,1.69,1.3305723716059041
8,1.7,1.3290419879322444
8,1.71,1.3275076886555803
8,1.72,1.3259838244257727
8,1.73,1.324467491600464
8,1.74,1.3229095586831032
8,1.75,1.321377503611225
8,1.76,1.3198926050200321
8,1.77,1.3184004886152818
8,1.78,1.3169049801019121
8,1.79,1.3153858853006308
8,1.8,1.3138976845107457
8,1.81,1.3123982172021762
8,1.82,1.310913523680645
8,1.83,1.3094401038941124
8,1.84,1.3079750597257471
8,1.85,1.3064983606643805
8,1.86,1.30501760890781
8,1.87,1.3035350073799212
8,1.88,1.3020935416234782
8,1.89,1.3006526554571811
8,1.9,1.2991841334331022
8,1.91,1.2977369179638731
8,1.92,1.2963215790723632
8,1.93,1.2948631451657673
8,1.94,1.29344483439315
8,1.95,1.2919985801989078
8,1.96,1.2905711777576045
8,1.97,1.289162720382696
8,1.98,1.287715023190952
8,1.99,1.2863333684806417
8,2.0,1.2851844949387676
9,0.01,1.7606634105966428
9,0.02,1.7626763403385706
9,0.03,1.7642104869080313
9,0.04,1.7653220986033415
9,0.05,1.766008106947216
9,0.06,1.7662404981588102
9,0.07,1.7660263592442236
9,0.08,1.765443442582577
9,0.09,1.764473936486164
9,0.1,1.7631900590851803
9,0.11,1.7616159981358948
9,0.12,1.7597550658184324
9,0.13,1.7576369315919436
9,0.14,1.7552676825448528
9,0.15,1.7526189920554627
9,0.16,1.7497242835575886
9,0.17,1.7465876447064037
9,0.18,1.7433499768750986
9,0.19,1.7400112741663116
9,0.2,1.7365319692718053
9,0.21,1.7329653185463634
9,0.22,1.729233436972607
9,0.23,1.7254062664171597
9,0.24,1.7214931587543691
9,0.25,1.717465471471968
9,0.26,1.713432013379932
9,0.27,1.709367664223324
9,0.28,1.7052794282771357
9,0.29,1.7011694624888687
9,0.3,1.6970210285763523
9,0.31,1.692869172425963
9,0.32,1.6887042520871491
9,0.33,1.684548009659417
9,0.34,1.6803681877736754
9,0.35,1.6761690448935997
9,0.36,1.6719536869055762
9,0.37,1.6677455965294625
9,0.38,1.6635769243715643
9,0.39,1.659407280918497
9,0.4,1.6552420213026338
9,0.41,1.6511194693329838
9,0.42,1.6469918548464513
9,0.43,1.6428440955345638
9,0.44,1.6387244679565756
9,0.45,1.634613962314426
9,0.46,1.630533493305694
9,0.47,1.6264587196108813
9,0.48,1.6224352953383938
9,0.49,1.6184649419595376
9,0.5,1.6144871214548757
9,0.51,1.6106049745431743
9,0.52,1.606726298628401
9,0.53,1.6028715818448536
9,0.54,1.599044601584307
9,0.55,1.5952727115606997
9,0.56,1.591525481609352
9,0.57,1.5878076583866436
9,0.58,1.584124273950603
9,0.59,1.580484921758005
9,0.6,1.5768511133456398
9,0.61,1.573286832937636
9,0.62,1.5697447964488032
9,0.63,1.5662235604821877
9,0.64,1.562733264957526
9,0.65,1.559267041258229
9,0.66,1.5558446693085555
9,0.67,1.552464953791672
9,0.68,1.5491280961989633
9,0.69,1.5458132916386422
9,0.7,1.542531777933073
9,0.71,1.5393042127404086
9,0.72,1.5360723658420803
9,0.73,1.5329137819844927
9,0.74,1.5297863203801485
9,0.75,1.526669354712957
9,0.76,1.523590801311964
9,0.77,1.5205593841313594
9,0.78,1.5175398887648324
9,0.79,1.5145634015623244
9,0.8,1.5115847202676491
9,0.81,1.5086888243253174
9,0.82,1.5058028452791143
9,0.83,1.5029249803842466
9,0.84,1.5000897402081275
9,0.85,1.4972938097012143
9,0.86,1.4945011056477526
9,0.87,1.4917655280957434
9,0.88,1.489035294426982
9,0.89,1.4863395370497072
9,0.9,1.483677575196965
9,0.91,1.4810370811345344
9,0.92,1.4784186382680724
9,0.93,1.4758382877642855
9,0.94,1.473272424851362
9,0.95,1.4707130561104835
9,0.96,1.46821129656089
9,0.97,1.4657062845146738
9,0.98,1.4632267681247917
9,0.99,1.4607794727084544
9,1.0,1.4583100659981791
9,1.01,1.4559474955104446
9,1.02,1.4535567050121128
9,1.03,1.4511964376992381
9,1.04,1.4488726951394593
9,1.05,1.446548376899501
9,1.06,1.444253078303844
9,1.07,1.4419599709066748
9,1.08,1.4397025082073356
9,1.09,1.4374407281028463
9,1.1,1.435212655235491
9,1.11,1.4330272879226194
9,1.12,1.4308256431305637
9,1.13,1.4286586011936702
9,1.14,1.4265107307656135
9,1.15,1.424358197332792
9,1.16,1.4221987132920104
9,1.17,1.4200642251656221
9,1.18,1.4179532643867636
9,1.19,1.4158890780921862
9,1.2,1.4137977437529832
9,1.21,1.411741095015848
9,1.22,1.4096952026447365
9,1.23,1.4076835984537024
9,1.24,1.40569642952068
9,1.25,1.4037062451515128
9,1.26,1.4017166531571184
9,1.27,1.3997603074397562
9,1.28,1.3978263720281756
9,1.29,1.3958708993906104
9,1.3,1.3939517899209004
9,1.31,1.3920579031352514
9,1.32,1.3901422120259657
9,1.33,1.3882444403534608
9,1.34,1.3863486068394313
9,1.35,1.3844774484484172
9,1.36,1.3826329660233514
9,1.37,1.3807705568369615
9,1.38,1.3789472102449523
9,1.39,1.3771213863330445
9,1.4,1.3753588483386732
9,1.41,1.3735187343782498
9,1.42,1.371714522769164
9,1.43,1.3699289972663777
9,1.44,1.368163042603704
9,1.45,1.3663841262381784
9,1.46,1.3645986613355123
9,1.47,1.3628419383084298
9,1.48,1.3610850184475307
9,1.49,1.3593567465411713
9,1.5,1.3576771277690873
9,1.51,1.355910679291614
9,1.52,1.3541836669463105
9,1.53,1.3524713299710633
9,1.54,1.3507648403505346
9,1.55,1.3490617364428303
9,1.56,1.3473989917071025
9,1.57,1.345718773046577
9,1.58,1.344038135108932
9,1.59,1.3423474191149314
9,1.6,1.3407004109864218
9,1.61,1.3390578637319919
9,1.62,1.337399791716675
9,1.63,1.3357607307053871
9,1.64,1.3341416584249
9,1.65,1.3324569396551083
9,1.66,1.3308176772413587
9,1.67,1.3292015353449769
9,1.68,1.327617493434521
9,1.69,1.3260146431649127
9,1.7,1.3244315843982157
9,1.71,1.3227907018937561
9,1.72,1.32122396005162
9,1.73,1.3196118983713427
9,1.74,1.3180093201433094
9,1.75,1.316434076051995
9,1.76,1.314878207226951
9,1.77,1.3133288386263926
9,1.78,1.3117971016610535
9,1.79,1.310241581589546
9,1.8,1.3086897911905586
9,1.81,1.3071348647664875
9,1.82,1.3056028164095748
9,1.83,1.3040761166730896
9,1.84,1.3025516796596632
9,1.85,1.3010391808706794
9,1.86,1.2995408563356583
9,1.87,1.298034516923171
9,1.88,1.2965317171802992
9,1.89,1.2950517131903896
9,1.9,1.2935473312405905
9,1.91,1.292011514625601
9,1.92,1.290554503759511
9,1.93,1.2890781164161895
9,1.94,1.287616603742814
9,1.95,1.2861569029840112
9,1.96,1.2846765690511832
9,1.97,1.2831966410552595
9,1.98,1.2816813666609204
9,1.99,1.2802303260775563
9,2.0,1.2790670467131446
10,0.01,1.7607798973321254
10,0.02,1.7629058419897767
10,0.03,1.7645139661832079
10,0.04,1.7657165027668331
10,0.05,1.7664619658811926
10,0.06,1.7667443204418032
10,0.07,1.7665713919337989
10,0.08,1.7660001578754956
10,0.09,1.765048043601383
10,0.1,1.763766268298055
10,0.11,1.762174617030829
10,0.12,1.7603037261996484
10,0.13,1.7581833198460413
10,0.14,1.7557590943701316
10,0.15,1.7530624972253055
10,0.16,1.7501202437786063
10,0.17,1.7469683308788924
10,0.18,1.7437301907618903
10,0.19,1.7403702387539788
10,0.2,1.7368655804945548
10,0.21,1.733229294814681
10,0.22,1.7294661045093234
10,0.23,1.7256159145070076
10,0.24,1.7217278348141793
10,0.25,1.7177313507677034
10,0.26,1.7136998990116845
10,0.27,1.7096206635355788
10,0.28,1.7054909787716503
10,0.29,1.7013576755904236
10,0.3,1.697176004845929
10,0.31,1.6929954738341806
10,0.32,1.688808257283365
10,0.33,1.684634013352466
10,0.34,1.6804258364912943
10,0.35,1.6762100861208633
10,0.36,1.6719510824691668
10,0.37,1.6677115572713763
10,0.38,1.6634976902741387
10,0.39,1.6593059922800253
10,0.4,1.6551050729003405
10,0.41,1.6509495950570499
10,0.42,1.6467871256076745
10,0.43,1.6426251400511631
10,0.44,1.6384756778135021
10,0.45,1.6343590529274732
10,0.46,1.6302521675284183
10,0.47,1.6261666300326887
10,0.48,1.6221400790762626
10,0.49,1.6181301415113778
10,0.5,1.6141276477876756
10,0.51,1.6102140885246754
10,0.52,1.6062958139212027
10,0.53,1.6024152859333745
10,0.54,1.5985635164043153
10,0.55,1.5947435842003286
10,0.56,1.590969004022588
10,0.57,1.5872104534943599
10,0.58,1.5835010440911452
10,0.59,1.5798162511415985
10,0.6,1.576146219102905
10,0.61,1.5725512254593292
10,0.62,1.5689750887084302
10,0.63,1.5654182381877757
10,0.64,1.5618800769684267
10,0.65,1.5584074506600316
10,0.66,1.5549494838544582
10,0.67,1.5515393559653015
10,0.68,1.5481617116937851
10,0.69,1.5448314778449024
10,0.7,1.5415006136923968
10,0.71,1.538227529457707
10,0.72,1.5349926111988959
10,0.73,1.5317897114070884
10,0.74,1.5286191287554443
10,0.75,1.525468838738937
10,0.76,1.5223540843113816
10,0.77,1.5192647780887736
10,0.78,1.5162077441171682
10,0.79,1.5131873766103043
10,0.8,1.5101503073562226
10,0.81,1.5072126438471016
10,0.82,1.5042621716435454
10,0.83,1.5013590295399926
10,0.84,1.4984848862360423
10,0.85,1.4956390700865299
10,0.86,1.4928199119861123
10,0.87,1.4900329882422696
10,0.88,1.4872847699557037
10,0.89,1.4845478288671143
10,0.9,1.4818384449733972
10,0.91,1.479175638172111
10,0.92,1.4765020868527332
10,0.93,1.4738620454213531
10,0.94,1.4712586808410475
10,0.95,1.4686773445547328
10,0.96,1.466093642386749
10,0.97,1.4635685316955465
10,0.98,1.4610354593105284
10,0.99,1.458560978117176
10,1.0,1.4560500672490495
10,1.01,1.453607339113553
10,1.02,1.4511786320793405
10,1.03,1.4487718228904345
10,1.04,1.4463751979532322
10,1.05,1.4439903477265752
10,1.06,1.4416177387711773
10,1.07,1.4392826658578908
10,1.08,1.436948156002395
10,1.09,1.4346373740403273
10,1.1,1.4323494113598185
10,1.11,1.430098837323276
10,1.12,1.4278645693307912
10,1.13,1.4256229361226123
10,1.14,1.423390267117699
10,1.15,1.421184709319365
10,1.16,1.4189781006239368
10,1.17,1.416838080043456
10,1.18,1.4146561578590513
10,1.19,1.4124850496219707
10,1.2,1.410345563933041
10,1.21,1.4082459408304604
10,1.22,1.4061566100644558
10,1.23,1.4040734701572817
10,1.24,1.4020007619510217
10,1.25,1.399952258008774
10,1.26,1.3979026663997933
10,1.27,1.3958694454480645
10,1.28,1.3938459293537326
10,1.29,1.3918336523095292
10,1.3,1.3898450215686065
10,1.31,1.3878758342467012
10,1.32,1.3859071676811645
10,1.33,1.383966410911059
10,1.34,1.3820251669499035
10,1.35,1.3800722890344745
10,1.36,1.3781298784219216
10,1.37,1.3761953979273323
10,1.38,1.3743103195212811
10,1.39,1.3724466179605326
10,1.4,1.3705429829666207
10,1.41,1.368664338654584
10,1.42,1.3668058961654277
10,1.43,1.3649697382070871
10,1.44,1.3631442086007388
10,1.45,1.3613269179009755
10,1.46,1.3594608542407223
10,1.47,1.3576389525729888
10,1.48,1.3558056439241557
10,1.49,1.3539741400014857
10,1.5,1.3522011167493655
10,1.51,1.3503736953248093
10,1.52,1.3485877289553476
10,1.53,1.3467794459560902
10,1.54,1.3450278161197484
10,1.55,1.343270116369278
10,1.56,1.341498293639538
10,1.57,1.3397623984201734
10,1.58,1.3380030307602453
10,1.59,1.3362481980283203
10,1.6,1.3345471091585603
10,1.61,1.3328054999098613
10,1.62,1.3310853949168038
10,1.63,1.3294212705976303
10,1.64,1.3277210594665052
10,1.65,1.326032670794265
10,1.66,1.324343300138455
10,1.67,1.32263504591819
10,1.68,1.3209624310704406
10,1.69,1.3192712502224302
10,1.7,1.3176637425677529
10,1.71,1.3160043110658683
10,1.72,1.3143765396308729
10,1.73,1.3126853438136596
10,1.74,1.3110497530346377
10,1.75,1.3094477062592131
10,1.76,1.3078334945323007
10,1.77,1.3062074785730404
10,1.78,1.304588554143228
10,1.79,1.302954633861819
10,1.8,1.301354457347475
10,1.81,1.2997249771713284
10,1.82,1.2981366226927014
10,1.83,1.296541423647694
10,1.84,1.2949542531257352
10,1.85,1.2933660781944742
10,1.86,1.2918049860961827
10,1.87,1.2902447476704613
10,1.88,1.2886752892014801
10,1.89,1.2870921471304837
10,1.9,1.2855282003334219
10,1.91,1.2839751994269277
10,1.92,1.2824849657666053
10,1.93,1.2809262095424636
10,1.94,1.2794087030414516
10,1.95,1.2778433669723064
10,1.96,1.2762975501615124
10,1.97,1.2747501664291272
10,1.98,1.2731633034564729
10,1.99,1.2716705255268688
10,2.0,1.2704540601801586
11,0.01,1.7608972211646325
11,0.02,1.76313884511279
11,0.03,1.7648537489437022
11,0.04,1.7661432985608547
11,0.05,1.7669724401909692
11,0.06,1.7673231398485563
11,0.07,1.7671977938520451
11,0.08,1.766645773105916
11,0.09,1.765707566916147
11,0.1,1.7644306022991898
11,0.11,1.7628584569861312
11,0.12,1.7609826457651685
11,0.13,1.7588731504968216
11,0.14,1.7564511695655884
11,0.15,1.7537274954279871
11,0.16,1.7507735206555706
11,0.17,1.7476228932521565
11,0.18,1.7443678666229008
11,0.19,1.7410077772432226
11,0.2,1.7374809283913717
11,0.21,1.7338400480209453
11,0.22,1.7300495577051962
11,0.23,1.7261917822221324
11,0.24,1.7222747140172572
11,0.25,1.7182456194302107
11,0.26,1.7141834360135675
11,0.27,1.7100549145608603
11,0.28,1.7059289076946584
11,0.29,1.7017746118526418
11,0.3,1.6975612187638653
11,0.31,1.6933457155248808
11,0.32,1.6891306253789946
11,0.33,1.6849118300813843
11,0.34,1.680690305874249
11,0.35,1.676454505259553
11,0.36,1.6721794382785184
11,0.37,1.6679320692318746
11,0.38,1.6637120190334385
11,0.39,1.6594922319775305
11,0.4,1.6552768495513341
11,0.41,1.6511053463398522
11,0.42,1.6469362850467952
11,0.43,1.6427864077588386
11,0.44,1.638626869595259
11,0.45,1.6344988714458573
11,0.46,1.6304036685082697
11,0.47,1.6263344805383302
11,0.48,1.6222868975065146
11,0.49,1.6182588326368783
11,0.5,1.6142232823627376
11,0.51,1.6102791201780133
11,0.52,1.6063231723493052
11,0.53,1.6024175259752447
11,0.54,1.5985400529536742
11,0.55,1.5946738311033304
11,0.56,1.5908545527873423
11,0.57,1.5870788619990688
11,0.58,1.583335464140746
11,0.59,1.5796224034312392
11,0.6,1.5759165968796385
11,0.61,1.5723014559372317
11,0.62,1.5686779110966997
11,0.63,1.5650878323121011
11,0.64,1.5615459131771594
11,0.65,1.5580501423500823
11,0.66,1.5545654979078003
11,0.67,1.5511070835107936
11,0.68,1.5476974523721616
11,0.69,1.544345661435158
11,0.7,1.5409666271169933
11,0.71,1.5376759664950488
11,0.72,1.5344031113810193
11,0.73,1.5311600438014557
11,0.74,1.5279504548300054
11,0.75,1.5247659358770782
11,0.76,1.5216273622927101
11,0.77,1.5185107146024406
11,0.78,1.5154222274652167
11,0.79,1.5123509953358198
11,0.8,1.5092757602866627
11,0.81,1.5063057976200593
11,0.82,1.5033134370721275
11,0.83,1.5003554224351632
11,0.84,1.4974387827323652
11,0.85,1.4945510259132393
11,0.86,1.491699721673801
11,0.87,1.4888938122679063
11,0.88,1.486079786951736
11,0.89,1.4832934128729571
11,0.9,1.4805446118966046
11,0.91,1.4778188293956989
11,0.92,1.4750928130697651
11,0.93,1.4723758010903962
11,0.94,1.4697358805301315
11,0.95,1.467106119198817
11,0.96,1.4644907966236989
11,0.97,1.46188913274408
11,0.98,1.4593198147186566
11,0.99,1.4567882372785668
11,1.0,1.454257222131015
11,1.01,1.451751339898401
11,1.02,1.4492631810409904
11,1.03,1.4467987282566594
11,1.04,1.44434817531707
11,1.05,1.4418952941132142
11,1.06,1.4394858388972533
11,1.07,1.4371024359230071
11,1.08,1.434723432733226
11,1.09,1.4323727674972841
11,1.1,1.4300271305870975
11,1.11,1.4277170287154817
11,1.12,1.4253700957036282
11,1.13,1.4230647649776638
11,1.14,1.4207748549937957
11,1.15,1.418533931738078
11,1.16,1.4162729564143568
11,1.17,1.4140331600837042
11,1.18,1.4118476883190845
11,1.19,1.409663916345486
11,1.2,1.4074507100045963
11,1.21,1.4052975315166556
11,1.22,1.4031340086462851
11,1.23,1.4009715067688695
11,1.24,1.3988110313426834
11,1.25,1.396691966710242
11,1.26,1.394575752747162
11,1.27,1.392491222867671
11,1.28,1.3904494115613037
11,1.29,1.3883543763468473
11,1.3,1.386298981741941
11,1.31,1.3842378014388492
11,1.32,1.38222579422668
11,1.33,1.3802186164602672
11,1.34,1.3781948217487117
11,1.35,1.3761951841896696
11,1.36,1.3742234136702638
11,1.37,1.372278850214612
11,1.38,1.370302039753698
11,1.39,1.36832626781574
11,1.4,1.3663927704754357
11,1.41,1.3644581724456382
11,1.42,1.3624952932321828
11,1.43,1.3605521639542817
11,1.44,1.3586674628555404
11,1.45,1.356760156416876
11,1.46,1.3548296583087847
11,1.47,1.3529554575384368
11,1.48,1.3510528599752547
11,1.49,1.349178246975356
11,1.5,1.3473334977643994
11,1.51,1.345415034803799
11,1.52,1.3435278875207608
11,1.53,1.3417125728041437
11,1.54,1.339849474932399
11,1.55,1.3380132457398133
11,1.56,1.3361927772407547
11,1.57,1.334400401444763
11,1.58,1.3326201660523658
11,1.59,1.3308077212658307
11,1.6,1.3290187677010517
11,1.61,1.327197345507123
11,1.62,1.32541927094236
11,1.63,1.3236389777095317
11,1.64,1.3218735865683444
11,1.65,1.3200678066994558
11,1.66,1.318310608957953
11,1.67,1.3165466141493534
11,1.68,1.3148743547475188
11,1.69,1.3131463617441048
11,1.7,1.311426594965969
11,1.71,1.309699112018049
11,1.72,1.3079717867633052
11,1.73,1.30628780553245
11,1.74,1.3045519894673607
11,1.75,1.3028806898705938
11,1.76,1.301175625875759
11,1.77,1.2994989273253672
11,1.78,1.2978080448890035
11,1.79,1.2961365535303226
11,1.8,1.294513143325567
11,1.81,1.292868042598717
11,1.82,1.2912130267458384
11,1.83,1.289550609867694
11,1.84,1.2879238945784959
11,1.85,1.286279636754944
11,1.86,1.2846304484771995
11,1.87,1.2829686914928506
11,1.88,1.281390047435367
11,1.89,1.2797898772656546
11,1.9,1.2781807264805547
11,1.91,1.2765648110551113
11,1.92,1.2749536309363956
11,1.93,1.2733379143233787
11,1.94,1.2716881304462795
11,1.95,1.2700718113935814
11,1.96,1.2684502210834259
11,1.97,1.2668688469839509
11,1.98,1.2652509001709666
11,1.99,1.2637197538821807
11,2.0,1.2625370717168154
12,0.01,1.7609583716172186
12,0.02,1.7632606475904822
12,0.03,1.7650225724489623
12,0.04,1.7663565601894096
12,0.05,1.7672271888756221
12,0.06,1.7676102122102064
12,0.07,1.7675207088565967
12,0.08,1.766978243381127
12,0.09,1.7660672524552108
12,0.1,1.764810199192377
12,0.11,1.7632479170015047
12,0.12,1.7614056914530727
12,0.13,1.7592867809643729
12,0.14,1.7568775609415106
12,0.15,1.7541696131914304
12,0.16,1.7512383264115012
12,0.17,1.748099835155726
12,0.18,1.7448535635221678
12,0.19,1.7414975483986297
12,0.2,1.7379667937435592
12,0.21,1.7343351470627184
12,0.22,1.7305372042890272
12,0.23,1.7266789819269086
12,0.24,1.7227771718882299
12,0.25,1.718730701657921
12,0.26,1.7146635088821478
12,0.27,1.7105240758103772
12,0.28,1.7064065947890177
12,0.29,1.7022404704936134
12,0.3,1.6980231582021312
12,0.31,1.6938087171049476
12,0.32,1.6895962235930782
12,0.33,1.6853851336008256
12,0.34,1.6811631999412093
12,0.35,1.676922947278043
12,0.36,1.6726506542155926
12,0.37,1.6684062732223037
12,0.38,1.6641770539969503
12,0.39,1.6599513033562434
12,0.4,1.6557260974330597
12,0.41,1.6515536104253423
12,0.42,1.647370967611172
12,0.43,1.6431982428895286
12,0.44,1.6390389032202706
12,0.45,1.6348968518479123
12,0.46,1.6307795723883773
12,0.47,1.626694777810183
12,0.48,1.622623424914685
12,0.49,1.6185807194276514
12,0.5,1.6145189843460814
12,0.51,1.6105571619433132
12,0.52,1.6065920531254063
12,0.53,1.6026757614322815
12,0.54,1.598762663052608
12,0.55,1.5948967500988112
12,0.56,1.5910640660248383
12,0.57,1.5872800406567915
12,0.58,1.5835303779364842
12,0.59,1.5797946284102267
12,0.6,1.5760741711514594
12,0.61,1.572432100688304
12,0.62,1.5687871417598502
12,0.63,1.5651945255542907
12,0.64,1.5616309696190551
12,0.65,1.5581226477237562
12,0.66,1.5546159095256522
12,0.67,1.5511495384378449
12,0.68,1.547731378500907
12,0.69,1.5443540950645158
12,0.7,1.5409764784018367
12,0.71,1.5376634940183311
12,0.72,1.5343699135909794
12,0.73,1.5311153355373304
12,0.74,1.527873813058181
12,0.75,1.5246598421587245
12,0.76,1.52152330959368
12,0.77,1.5183742143242263
12,0.78,1.5152479023849736
12,0.79,1.5121713515441673
12,0.8,1.5090852724047672
12,0.81,1.506078748566245
12,0.82,1.5030793054980276
12,0.83,1.5000977607122958
12,0.84,1.4971296072498204
12,0.85,1.4942030461422273
12,0.86,1.4913156903423335
12,0.87,1.4884623036079183
12,0.88,1.485633052887949
12,0.89,1.482817076429668
12,0.9,1.4800309172477781
12,0.91,1.4772933065905747
12,0.92,1.4745296374798678
12,0.93,1.4718255957197695
12,0.94,1.4691646525505728
12,0.95,1.4664790425978547
12,0.96,1.4638331389657802
12,0.97,1.4612124718636224
12,0.98,1.458611710879287
12,0.99,1.4560301666177609
12,1.0,1.4534563791724906
12,1.01,1.4509319362813404
12,1.02,1.4483922069603299
12,1.03,1.4458786317254966
12,1.04,1.4433979958507035
12,1.05,1.4409229405291841
12,1.06,1.4384798848104723
12,1.07,1.4360439358212662
12,1.08,1.4336432640248875
12,1.09,1.4312176248903077
12,1.1,1.4288360198842651
12,1.11,1.4264720819426862
12,1.12,1.424122559995377
12,1.13,1.4217919376955888
12,1.14,1.4194994944224193
12,1.15,1.4172087884974471
12,1.16,1.4149039283689042
12,1.17,1.4126538808155324
12,1.18,1.4104073223165525
12,1.19,1.4081648915789884
12,1.2,1.4059243622189392
12,1.21,1.4036954079880797
12,1.22,1.4014857774312723
12,1.23,1.3992923945421316
12,1.24,1.3970891590494317
12,1.25,1.394932233861036
12,1.26,1.3927824424703015
12,1.27,1.3906712619051709
12,1.28,1.388534311964411
12,1.29,1.38643834617673
12,1.3,1.3843260562397814
12,1.31,1.38225244826653
12,1.32,1.3802075304485404
12,1.33,1.3781409476573454
12,1.34,1.376079866854725
12,1.35,1.3740181416971413
12,1.36,1.3719850979190096
12,1.37,1.369994824009164
12,1.38,1.367949958100991
12,1.39,1.3659657981384026
12,1.4,1.3639651731604339
12,1.41,1.361974845977765
12,1.42,1.3599790808080083
12,1.43,1.357948134997546
12,1.44,1.3559988213480396
12,1.45,1.3540706106695541
12,1.46,1.3521108786129543
12,1.47,1.3501783721389768
12,1.48,1.3482273010392503
12,1.49,1.3463204833536675
12,1.5,1.3444416173144604
12,1.51,1.3424972656275198
12,1.52,1.3405755426397892
12,1.53,1.338741249799163
12,1.54,1.3368553273741692
12,1.55,1.3349818452199196
12,1.56,1.3331025996788752
12,1.57,1.3312585216055937
12,1.58,1.329390395786161
12,1.59,1.3275334636079579
12,1.6,1.3257064974995478
12,1.61,1.3238404736904192
12,1.62,1.322014430534142
12,1.63,1.320200607389145
12,1.64,1.3183851510703881
12,1.65,1.31657686086925
12,1.66,1.3147826386032266
12,1.67,1.3129703462409446
12,1.68,1.3112291500718025
12,1.69,1.3094975029107114
12,1.7,1.3077475167632826
12,1.71,1.3059677296133085
12,1.72,1.304188732147406
12,1.73,1.3024679386429494
12,1.74,1.3007726752386546
12,1.75,1.2990467672359352
12,1.76,1.2972731575026628
12,1.77,1.2955601636315421
12,1.78,1.2938043070505618
12,1.79,1.292134202488472
12,1.8,1.2904678578816888
12,1.81,1.2887563809585039
12,1.82,1.2870945297817808
12,1.83,1.2854080961889227
12,1.84,1.2837483562663508
12,1.85,1.2820684363219472
12,1.86,1.2804172491174959
12,1.87,1.2787937408846524
12,1.88,1.2771869233984179
12,1.89,1.2755296327874994
12,1.9,1.2738951884518375
12,1.91,1.2722215855283558
12,1.92,1.2705996070148375
12,1.93,1.2689622226091244
12,1.94,1.2673170219554981
12,1.95,1.265631800269393
12,1.96,1.2639632626374093
12,1.97,1.2623682341590987
12,1.98,1.2606542411497879
12,1.99,1.2590771959187446
12,2.0,1.25789569799567
13,0.01,1.761049860741557
13,0.02,1.7634363797427037
13,0.03,1.76527913722136
13,0.04,1.7666544673414482
13,0.05,1.7675808970008065
13,0.06,1.7680192011715636
13,0.07,1.7679486686619172
13,0.08,1.7674448842277686
13,0.09,1.7665604599133964
13,0.1,1.765319583498069
13,0.11,1.7637884367243253
13,0.12,1.7619615210572164
13,0.13,1.7598537593593777
13,0.14,1.757447167151801
13,0.15,1.7547575190542186
13,0.16,1.751828417355834
13,0.17,1.7486949118735957
13,0.18,1.7454489793639043
13,0.19,1.7420945150444263
13,0.2,1.7385646967454988
13,0.21,1.7349162085315273
13,0.22,1.7311161635431447
13,0.23,1.7272630144759777
13,0.24,1.7233375779517857
13,0.25,1.719292224149718
13,0.26,1.7151997426053274
13,0.27,1.711053479172462
13,0.28,1.7069219735855985
13,0.29,1.7027405740383343
13,0.3,1.6985086928211757
13,0.31,1.6942958787965738
13,0.32,1.6900548219221596
13,0.33,1.6858489237872802
13,0.34,1.6816175219218994
13,0.35,1.677362970454588
13,0.36,1.6730706497468386
13,0.37,1.6688020266562473
13,0.38,1.664549789087502
13,0.39,1.6603004495123208
13,0.4,1.6560490467500883
13,0.41,1.651851144455365
13,0.42,1.647636111789937
13,0.43,1.6434550628904117
13,0.44,1.639264708504198
13,0.45,1.635099280642898
13,0.46,1.6309513499994939
13,0.47,1.6268331264738087
13,0.48,1.6227438534062315
13,0.49,1.618684861738208
13,0.5,1.6146175022805067
13,0.51,1.610632022674073
13,0.52,1.6066500678423754
13,0.53,1.6026930624435314
13,0.54,1.5987655255346727
13,0.55,1.5948838941831236
13,0.56,1.5910349046627263
13,0.57,1.5872206326651577
13,0.58,1.583451593497185
13,0.59,1.5797105468596666
13,0.6,1.5759732493604377
13,0.61,1.5723099043768125
13,0.62,1.5686693699039285
13,0.63,1.5650435864470948
13,0.64,1.5614603320381226
13,0.65,1.557896254372615
13,0.66,1.5543704876312383
13,0.67,1.5508945286988407
13,0.68,1.5474361123056317
13,0.69,1.5440111132715477
13,0.7,1.5406105191578974
13,0.71,1.5372607563954788
13,0.72,1.5339178591305496
13,0.73,1.5306260879491658
13,0.74,1.52737498433099
13,0.75,1.5241390682610287
13,0.76,1.52093718052035
13,0.77,1.517762035707061
13,0.78,1.514612473759214
13,0.79,1.5114906154500545
13,0.8,1.5083751594365904
13,0.81,1.5053442811871713
13,0.82,1.5022967560452158
13,0.83,1.4992961893010064
13,0.84,1.4962967672174188
13,0.85,1.4933368283736363
13,0.86,1.4904076934852535
13,0.87,1.4874955922181499
13,0.88,1.4846254540469495
13,0.89,1.4817810581351465
13,0.9,1.4789417925899528
13,0.91,1.4761429981203833
13,0.92,1.4733769508872987
13,0.93,1.470629356923008
13,0.94,1.4678916990834854
13,0.95,1.465187963004255
13,0.96,1.4625037410321309
13,0.97,1.459854399350762
13,0.98,1.4571998844039102
13,0.99,1.454584848877939
13,1.0,1.4519603157424417
13,1.01,1.4493651637810878
13,1.02,1.4468086026620506
13,1.03,1.4442529310441061
13,1.04,1.4417169375788328
13,1.05,1.43918755760072
13,1.06,1.4366913819501208
13,1.07,1.4342139838649344
13,1.08,1.4317599452865941
13,1.09,1.4293010020699004
13,1.1,1.4268886704264236
13,1.11,1.4244674434266889
13,1.12,1.4220997192555114
13,1.13,1.4197301422944637
13,1.14,1.4173352513196462
13,1.15,1.4149624085430839
13,1.16,1.4126210520895501
13,1.17,1.4103002436426284
13,1.18,1.4079955695182182
13,1.19,1.40569676722485
13,1.2,1.40341091687694
13,1.21,1.4011484839693724
13,1.22,1.3988780776930334
13,1.23,1.3965884875442853
13,1.24,1.3943553913862665
13,1.25,1.3921796536456537
13,1.26,1.389990508674293
13,1.27,1.3878270565808009
13,1.28,1.385675248263711
13,1.29,1.3835026194626867
13,1.3,1.3813545350788772
13,1.31,1.3792435278510553
13,1.32,1.3771015399596358
13,1.33,1.3749874986976263
13,1.34,1.3728847884651652
13,1.35,1.37076319829121
13,1.36,1.3686698353280649
13,1.37,1.366589305259666
13,1.38,1.3645165625056972
13,1.39,1.362443991110224
13,1.4,1.36036977079325
13,1.41,1.3583239268926681
13,1.42,1.356281550074728
13,1.43,1.3542242016854635
13,1.44,1.352268576136624
13,1.45,1.3502536218584247
13,1.46,1.3482447799737445
13,1.47,1.3462594564683183
13,1.48,1.3442664886535403
13,1.49,1.3422717772207402
13,1.5,1.340347853467403
13,1.51,1.3383752060928595
13,1.52,1.3364077874638116
13,1.53,1.3344745757669971
13,1.54,1.3325574528117925
13,1.55,1.3306521818660164
13,1.56,1.3287072405821236
13,1.57,1.3267809574118061
13,1.58,1.3249019339438168
13,1.59,1.3230257983946228
13,1.6,1.3211429748512928
13,1.61,1.3192415346876818
13,1.62,1.3173561748871825
13,1.63,1.3155139271134042
13,1.64,1.313650723242257
13,1.65,1.3118304249490433
13,1.66,1.3100267732970454
13,1.67,1.3081856171193857
13,1.68,1.3064051314919454
13,1.69,1.3045768519763679
13,1.7,1.3027918306302986
13,1.71,1.3009529207650306
13,1.72,1.2991281664483905
13,1.73,1.297360407429916
13,1.74,1.2956003678009436
13,1.75,1.293865804860185
13,1.76,1.2920880094149645
13,1.77,1.290342253565162
13,1.78,1.2885737443683947
13,1.79,1.2868367817460613
13,1.8,1.2850993932444092
13,1.81,1.2833539719005114
13,1.82,1.281631467403533
13,1.83,1.2798914927152583
13,1.84,1.2782039913827432
13,1.85,1.2764649463836317
13,1.86,1.2747417295507926
13,1.87,1.2730303009757138
13,1.88,1.2713212688960744
13,1.89,1.2696147325747436
13,1.9,1.2679649235760753
13,1.91,1.2662950427550745
13,1.92,1.2646109765222897
13,1.93,1.2629327328896716
13,1.94,1.2612806450500893
13,1.95,1.2596163728321468
13,1.96,1.2579165428254075
13,1.97,1.256220945222993
13,1.98,1.2545065490306968
13,1.99,1.2529022782967452
13,2.0,1.2516677177558073
14,0.01,1.761125095089145
14,0.02,1.763589610614222
14,0.03,1.7654909795124487
14,0.04,1.7669280502104192
14,0.05,1.7678912638187445
14,0.06,1.7683678132163403
14,0.07,1.7683400356685235
14,0.08,1.7678619941786298
14,0.09,1.7670058382932272
14,0.1,1.7657896495142775
14,0.11,1.7642819253565305
14,0.12,1.7624630743201593
14,0.13,1.760351421586664
14,0.14,1.7579614368576264
14,0.15,1.7552937868069158
14,0.16,1.7523641879088439
14,0.17,1.7492418590987964
14,0.18,1.7460161022980085
14,0.19,1.7426399650393913
14,0.2,1.739110740827621
14,0.21,1.735474736737001
14,0.22,1.7316848131201732
14,0.23,1.7278047398609544
14,0.24,1.7238755802713488
14,0.25,1.7198305173887602
14,0.26,1.715712471533297
14,0.27,1.7115647829660323
14,0.28,1.7074161718602767
14,0.29,1.7032517273943786
14,0.3,1.6990162686626495
14,0.31,1.6948022518265844
14,0.32,1.6905661600083508
14,0.33,1.6863408690779618
14,0.34,1.6820940342118929
14,0.35,1.6778313952651274
14,0.36,1.6735399301652347
14,0.37,1.6692446627000306
14,0.38,1.6649748598659182
14,0.39,1.660695462233857
14,0.4,1.6564400817948595
14,0.41,1.6522020036974796
14,0.42,1.6479781484286136
14,0.43,1.6437716085858411
14,0.44,1.6395742249482517
14,0.45,1.6353940186786033
14,0.46,1.6312328741971582
14,0.47,1.627095570067769
14,0.48,1.6229776632519426
14,0.49,1.6188985485675895
14,0.5,1.6148098782351685
14,0.51,1.6108110233583093
14,0.52,1.6068198594887892
14,0.53,1.6028478796780032
14,0.54,1.598909025923127
14,0.55,1.595002145042636
14,0.56,1.5911489174438636
14,0.57,1.587297043384052
14,0.58,1.5834991814660386
14,0.59,1.5797296529019553
14,0.6,1.5759598335743865
14,0.61,1.5722632074016858
14,0.62,1.5685994786036996
14,0.63,1.5649508338506208
14,0.64,1.5613362994136502
14,0.65,1.5577468529558371
14,0.66,1.5541944634031282
14,0.67,1.5506802714707604
14,0.68,1.5472029454749847
14,0.69,1.5437537850445182
14,0.7,1.5403316215069633
14,0.71,1.5369480512533382
14,0.72,1.5335918195299378
14,0.73,1.5302640546512816
14,0.74,1.5269887423668738
14,0.75,1.5237295938898245
14,0.76,1.5205004595979184
14,0.77,1.517289465116012
14,0.78,1.5141001288646543
14,0.79,1.5109754081531215
14,0.8,1.5078133565838259
14,0.81,1.5047441721571022
14,0.82,1.5016855652055812
14,0.83,1.4986414315245626
14,0.84,1.4956445241917489
14,0.85,1.4926515551474198
14,0.86,1.4896824989605377
14,0.87,1.4867263622476787
14,0.88,1.4837906983666584
14,0.89,1.480897955702673
14,0.9,1.478027463036967
14,0.91,1.4751912669634966
14,0.92,1.4723913075500485
14,0.93,1.4696193490097722
14,0.94,1.4668359614491215
14,0.95,1.4640872421958342
14,0.96,1.4613734629858521
14,0.97,1.4586642163264403
14,0.98,1.4559422850495167
14,0.99,1.4532474061161837
14,1.0,1.450578295006743
14,1.01,1.4479578104807225
14,1.02,1.4453326169940273
14,1.03,1.44274521047874
14,1.04,1.440165551866171
14,1.05,1.4375987545991968
14,1.06,1.4350647900125957
14,1.07,1.4325384370537393
14,1.08,1.4300351130657545
14,1.09,1.4275343956476527
14,1.1,1.4250240191871477
14,1.11,1.4225456116193154
14,1.12,1.4200964534907765
14,1.13,1.4176870845775664
14,1.14,1.4152601285431963
14,1.15,1.4128592494081544
14,1.16,1.4104495666698098
14,1.17,1.4080921493710559
14,1.18,1.4057246156083778
14,1.19,1.4033560564726357
14,1.2,1.4010505439857945
14,1.21,1.3987012440309983
14,1.22,1.3963924643862728
14,1.23,1.394108107597846
14,1.24,1.391848179865664
14,1.25,1.3896288263234011
14,1.26,1.387363409532126
14,1.27,1.3851482742128016
14,1.28,1.3829063641973196
14,1.29,1.3806602009523703
14,1.3,1.378479268054531
14,1.31,1.3762812295145013
14,1.32,1.3741034790931275
14,1.33,1.3719518470938246
14,1.34,1.3698046135637132
14,1.35,1.367598467580428
14,1.36,1.3654041750932542
14,1.37,1.3632682236306988
14,1.38,1.3611496297734629
14,1.39,1.3590692989148183
14,1.4,1.3569783031746248
14,1.41,1.354892691504326
14,1.42,1.3527904262528285
14,1.43,1.350694646047222
14,1.44,1.3486393382881303
14,1.45,1.3466380537880547
14,1.46,1.3445842307749925
14,1.47,1.3425159196969503
14,1.48,1.3404840418187642
14,1.49,1.338416313335231
14,1.5,1.336436978835538
14,1.51,1.3344009759421758
14,1.52,1.3324380863289476
14,1.53,1.3304725094678014
14,1.54,1.3285074229693574
14,1.55,1.3265353177338475
14,1.56,1.32456434588633
14,1.57,1.3226333781644988
14,1.58,1.3206501473848409
14,1.59,1.3187168364715112
14,1.6,1.3167900245730113
14,1.61,1.314822424448622
14,1.62,1.3128675534173706
14,1.63,1.3109985635547536
14,1.64,1.309117251672693
14,1.65,1.3072677955548404
14,1.66,1.305405566438106
14,1.67,1.3035086748217195
14,1.68,1.3016470861501468
14,1.69,1.2997673073395655
14,1.7,1.297945444550714
14,1.71,1.2961486032490093
14,1.72,1.2943155187139879
14,1.73,1.2925081117740245
14,1.74,1.2906890997101017
14,1.75,1.2889044565653147
14,1.76,1.2870929660589296
14,1.77,1.2852429250451873
14,1.78,1.2834445821506997
14,1.79,1.2816402222870686
14,1.8,1.2799052366758852
14,1.81,1.278115503731483
14,1.82,1.276374679410187
14,1.83,1.2745778470905051
14,1.84,1.2728308681519873
14,1.85,1.2710466638088709
14,1.86,1.2693110305140902
14,1.87,1.2675524159691258
14,1.88,1.2658260319087449
14,1.89,1.2640638696894448
14,1.9,1.2623131306912059
14,1.91,1.2605676860341124
14,1.92,1.2588523074815103
14,1.93,1.2571113074931757
14,1.94,1.2553944940664141
14,1.95,1.2537112437983815
14,1.96,1.2520076639701019
14,1.97,1.2502635707640068
14,1.98,1.2484987394738154
14,1.99,1.2469007314852505
14,2.0,1.2456785543133602
15,0.01,1.761199548042334
15,0.02,1.7637339053865204
15,0.03,1.7656951904569995
15,0.04,1.7671821396707548
15,0.05,1.768192981903147
15,0.06,1.7687066945718317
15,0.07,1.7687041786617768
15,0.08,1.7682510886103338
15,0.09,1.7674256376330877
15,0.1,1.7662399608629948
15,0.11,1.7647502291983879
15,0.12,1.762938436075131
15,0.13,1.7608567951617378
15,0.14,1.758475894763247
15,0.15,1.7558101455426496
15,0.16,1.7529097393775916
15,0.17,1.7497895078902197
15,0.18,1.7465683396396792
15,0.19,1.7432026755412346
15,0.2,1.7396777935126375
15,0.21,1.7360458361802802
15,0.22,1.7322524054706088
15,0.23,1.728373638206991
15,0.24,1.7244320824328145
15,0.25,1.7203865949229602
15,0.26,1.716262641641811
15,0.27,1.7121122893174145
15,0.28,1.7079640817514832
15,0.29,1.7037884159973669
15,0.3,1.6995615213067243
15,0.31,1.695345968622324
15,0.32,1.6910994041737561
15,0.33,1.686875683759985
15,0.34,1.682616480270893
15,0.35,1.6783159199804791
15,0.36,1.6740080792695313
15,0.37,1.6697047753215208
15,0.38,1.6654006106586206
15,0.39,1.6611273687283923
15,0.4,1.65682224875915
15,0.41,1.6525954738617108
15,0.42,1.6483486438576869
15,0.43,1.6441354457554105
15,0.44,1.6399127723756715
15,0.45,1.6357018553409626
15,0.46,1.6315356370997547
15,0.47,1.6273989322313802
15,0.48,1.6232672603020897
15,0.49,1.6191597823037462
15,0.5,1.6150717752387262
15,0.51,1.6110561337370797
15,0.52,1.6070322177203071
15,0.53,1.6030524001281528
15,0.54,1.5990848994309832
15,0.55,1.5951502212584359
15,0.56,1.5912646128455223
15,0.57,1.5874028193955034
15,0.58,1.5835809523850894
15,0.59,1.5797778708432488
15,0.6,1.575992765629907
15,0.61,1.572281710497452
15,0.62,1.5685821286510822
15,0.63,1.5649280252380127
15,0.64,1.5612721771069014
15,0.65,1.557657904787756
15,0.66,1.5540940109107695
15,0.67,1.5505558172726388
15,0.68,1.5470572518018955
15,0.69,1.5436022529908209
15,0.7,1.54015446639131
15,0.71,1.5367538255934374
15,0.72,1.5333598313301742
15,0.73,1.5300121984713277
15,0.74,1.5267101412593072
15,0.75,1.5234161143361298
15,0.76,1.5201564883301009
15,0.77,1.51689957232801
15,0.78,1.5136878144401091
15,0.79,1.5104927522824907
15,0.8,1.5073115745992849
15,0.81,1.504215642802955
15,0.82,1.5011393010610796
15,0.83,1.4980590876476096
15,0.84,1.495037485562194
15,0.85,1.492027246226046
15,0.86,1.489030720650913
15,0.87,1.4860282337080017
15,0.88,1.4830730070831815
15,0.89,1.4801255438477063
15,0.9,1.4772134567885626
15,0.91,1.474329174472379
15,0.92,1.471457817867498
15,0.93,1.4686384139182114
15,0.94,1.4658086151376863
15,0.95,1.4630263002240336
15,0.96,1.4602536459860567
15,0.97,1.4575045655006111
15,0.98,1.4547591488570646
15,0.99,1.4520364426787535
15,1.0,1.4493257787803515
15,1.01,1.4466403286838336
15,1.02,1.443983787248775
15,1.03,1.4413555844020962
15,1.04,1.4387590673780222
15,1.05,1.4361457465607834
15,1.06,1.4335465928876383
15,1.07,1.4309921591472143
15,1.08,1.4284167655273379
15,1.09,1.4258584956745761
15,1.1,1.4233103664343887
15,1.11,1.4207845376468269
15,1.12,1.4182442983116343
15,1.13,1.4157760832543669
15,1.14,1.4133093062249575
15,1.15,1.410886251592028
15,1.16,1.4084425220923846
15,1.17,1.4060667801528275
15,1.18,1.4035932081737936
15,1.19,1.4012184684407556
15,1.2,1.3988557990572559
15,1.21,1.3964607138601164
15,1.22,1.3940903603797
15,1.23,1.391743152317039
15,1.24,1.3894275258537698
15,1.25,1.3871551653978278
15,1.26,1.3848723659390167
15,1.27,1.3826120801381974
15,1.28,1.3803295711589172
15,1.29,1.3780481929917123
15,1.3,1.3757948822066224
15,1.31,1.3735593566679258
15,1.32,1.3713450915712766
15,1.33,1.3691353750750057
15,1.34,1.366907536227437
15,1.35,1.3646343628526332
15,1.36,1.362489854151119
15,1.37,1.360293075223167
15,1.38,1.3581323439668311
15,1.39,1.3559681291381251
15,1.4,1.353801537825093
15,1.41,1.3516929174267824
15,1.42,1.3495493358152242
15,1.43,1.3474085592076372
15,1.44,1.3453225488978087
15,1.45,1.3432287467925175
15,1.46,1.341156442198433
15,1.47,1.3390724810579346
15,1.48,1.3370081033042578
15,1.49,1.3349474398607801
15,1.5,1.3328966729969653
15,1.51,1.330815466674968
15,1.52,1.328812983517279
15,1.53,1.3267823135430357
15,1.54,1.3247471121345806
15,1.55,1.3227669429727824
15,1.56,1.3207896809282644
15,1.57,1.318761949784718
15,1.58,1.316769599758893
15,1.59,1.3148180875399287
15,1.6,1.3128795346731987
15,1.61,1.3108756180435333
15,1.62,1.308902321256487
15,1.63,1.3070047313101916
15,1.64,1.3050885670575911
15,1.65,1.3032206576997198
15,1.66,1.3013022297303485
15,1.67,1.2994177745103197
15,1.68,1.2975420379431768
15,1.69,1.2956663400655373
15,1.7,1.2938382595667302
15,1.71,1.2919546460220643
15,1.72,1.2900826566449377
15,1.73,1.2882354206274547
15,1.74,1.2863311171994847
15,1.75,1.284486469889421
15,1.76,1.2826212762917244
15,1.77,1.280754656474098
15,1.78,1.2789372639628696
15,1.79,1.2771277966461225
15,1.8,1.275344677125845
15,1.81,1.2735234592982527
15,1.82,1.2716647540411914
15,1.83,1.2698843614349755
15,1.84,1.2681126557844749
15,1.85,1.266338714846169
15,1.86,1.2645174823958296
15,1.87,1.2627137247037827
15,1.88,1.2609591709289785
15,1.89,1.2592097376933922
15,1.9,1.2574891440217086
15,1.91,1.255663765545657
15,1.92,1.2539214786743276
15,1.93,1.252179059209005
15,1.94,1.2504709756829862
15,1.95,1.2486961211739305
15,1.96,1.246984483267423
15,1.97,1.2452141822739906
15,1.98,1.2433989423251512
15,1.99,1.2417375576880387
15,2.0,1.2404910051404485
16,0.01,1.7612532883381717
16,0.02,1.7638322886708337
16,0.03,1.765843929227217
16,0.04,1.7673723471208236
16,0.05,1.7684192892048174
16,0.06,1.7689516558920568
16,0.07,1.768983681498417
16,0.08,1.7685590781612122
16,0.09,1.7677722117066772
16,0.1,1.766602381155585
16,0.11,1.7651411756123918
16,0.12,1.7633551140919141
16,0.13,1.7612953065154164
16,0.14,1.7589354785001827
16,0.15,1.756289404451337
16,0.16,1.7534195157951509
16,0.17,1.7503151570291309
16,0.18,1.7471122798368437
16,0.19,1.743754601027914
16,0.2,1.740247834062868
16,0.21,1.7366289364311858
16,0.22,1.7328490435283042
16,0.23,1.7289744878340543
16,0.24,1.7250516715461959
16,0.25,1.7210121429974932
16,0.26,1.7168986027527489
16,0.27,1.7127530191135694
16,0.28,1.7086049881711165
16,0.29,1.7044564590162443
16,0.3,1.7002497308538633
16,0.31,1.6960297541765865
16,0.32,1.6917828924948688
16,0.33,1.6875635309164785
16,0.34,1.6833024233661356
16,0.35,1.6790041787489143
16,0.36,1.674693340018328
16,0.37,1.6703706537113072
16,0.38,1.6660753738925276
16,0.39,1.6617940082362719
16,0.4,1.657500573299454
16,0.41,1.653263485595289
16,0.42,1.648991107143231
16,0.43,1.6447841650527997
16,0.44,1.6405526076581205
16,0.45,1.6363389119409437
16,0.46,1.6321701550886
16,0.47,1.628026463728095
16,0.48,1.623881937393187
16,0.49,1.6197765247204223
16,0.5,1.6156680736062417
16,0.51,1.611634609020111
16,0.52,1.6075858866217532
16,0.53,1.6035902220697196
16,0.54,1.5996189755629808
16,0.55,1.5956706352557315
16,0.56,1.591763898830102
16,0.57,1.587887458420971
16,0.58,1.5840438645105859
16,0.59,1.5802179630723574
16,0.6,1.576439985228566
16,0.61,1.5727037346127186
16,0.62,1.5689944402650742
16,0.63,1.565322161928474
16,0.64,1.5616638026499923
16,0.65,1.5580535833357405
16,0.66,1.5544819178923275
16,0.67,1.550925254612
16,0.68,1.5474035750019812
16,0.69,1.5439409156913844
16,0.7,1.5404906690429927
16,0.71,1.5370606201978692
16,0.72,1.5336596236760591
16,0.73,1.530295261070626
16,0.74,1.5269476262945592
16,0.75,1.5236223844819354
16,0.76,1.5203409403636767
16,0.77,1.5170870701973913
16,0.78,1.5138378051586467
16,0.79,1.5106220310622163
16,0.8,1.5074142989141965
16,0.81,1.504288045837446
16,0.82,1.501173462303246
16,0.83,1.4980623895077791
16,0.84,1.4949937165619724
16,0.85,1.4919353518541598
16,0.86,1.4889049262696183
16,0.87,1.485881599888539
16,0.88,1.4828967455240674
16,0.89,1.4799148656420469
16,0.9,1.477008337948585
16,0.91,1.4740989590692528
16,0.92,1.4712108582948933
16,0.93,1.4683370097734596
16,0.94,1.4654926899114595
16,0.95,1.4626647259705952
16,0.96,1.4598612339506563
16,0.97,1.4570775577444746
16,0.98,1.4543129564219355
16,0.99,1.4515470958432275
16,1.0,1.4488276557870974
16,1.01,1.4461257377727064
16,1.02,1.4434306958780996
16,1.03,1.4407658777185617
16,1.04,1.4381073988550075
16,1.05,1.435461504208232
16,1.06,1.4328434199974023
16,1.07,1.430256215941802
16,1.08,1.427624593664012
16,1.09,1.4250457217245787
16,1.1,1.4224791823397898
16,1.11,1.4199323849472687
16,1.12,1.4174049224849659
16,1.13,1.414901429828819
16,1.14,1.412415452291363
16,1.15,1.4099334940545276
16,1.16,1.4074793863380333
16,1.17,1.4050516364344052
16,1.18,1.4025973285708406
16,1.19,1.4001615570563846
16,1.2,1.39774506066611
16,1.21,1.3953373235382847
16,1.22,1.3929581152148727
16,1.23,1.39056196987253
16,1.24,1.3882083382695647
16,1.25,1.3858649978167652
16,1.26,1.3835311435564173
16,1.27,1.381211162494772
16,1.28,1.3788811494468192
16,1.29,1.3766164497851119
16,1.3,1.374370797838625
16,1.31,1.3720735611316428
16,1.32,1.3698414066075555
16,1.33,1.3675567488223077
16,1.34,1.3653072896811063
16,1.35,1.3630221090966872
16,1.36,1.3608024044404743
16,1.37,1.3585731060312958
16,1.38,1.3563935612487061
16,1.39,1.354186528299861
16,1.4,1.352036184534769
16,1.41,1.3498722819531952
16,1.42,1.3476964311314459
16,1.43,1.3455482849853757
16,1.44,1.3434354139521059
16,1.45,1.3413049865807327
16,1.46,1.3391838827219666
16,1.47,1.337073053304403
16,1.48,1.334960215684065
16,1.49,1.3328605968236802
16,1.5,1.3308209413008916
16,1.51,1.3287045241577549
16,1.52,1.326610803280521
16,1.53,1.3245323576583174
16,1.54,1.3224616770143676
16,1.55,1.320467598543105
16,1.56,1.3184565601721807
16,1.57,1.3164552595670247
16,1.58,1.3144333334248375
16,1.59,1.3124833823364606
16,1.6,1.3105268278967594
16,1.61,1.308506916050064
16,1.62,1.306536308650623
16,1.63,1.3045830390316893
16,1.64,1.3025568563392247
16,1.65,1.3006519402821206
16,1.66,1.2987028590885592
16,1.67,1.2967350418397616
16,1.68,1.2948502466548961
16,1.69,1.2929367121443545
16,1.7,1.2910794737659268
16,1.71,1.2891995607144437
16,1.72,1.2872835684220099
16,1.73,1.2854011792629938
16,1.74,1.2834905278568678
16,1.75,1.2816348812327931
16,1.76,1.2797328918424105
16,1.77,1.2778764255137582
16,1.78,1.27598231899427
16,1.79,1.2741314944517435
16,1.8,1.2723315767246572
16,1.81,1.27050842675022
16,1.82,1.2687142258728634
16,1.83,1.2668692832999724
16,1.84,1.2650761958538526
16,1.85,1.2632561580057675
16,1.86,1.2614482804687217
16,1.87,1.2596670527580058
16,1.88,1.257915101464498
16,1.89,1.2561722942194098
16,1.9,1.2543698839602164
16,1.91,1.252551835770246
16,1.92,1.250804355557203
16,1.93,1.2490351726617144
16,1.94,1.2472715299947925
16,1.95,1.2455077110217
16,1.96,1.243719073886524
16,1.97,1.2419666776712823
16,1.98,1.240111094195237
16,1.99,1.2384179172482181
16,2.0,1.2371807637073056
17,0.01,1.7613159673522991
17,0.02,1.7639680949168834
17,0.03,1.766029505389531
17,0.04,1.767619754692819
17,0.05,1.76870389023135
17,0.06,1.7692809173781343
17,0.07,1.7693491935600008
17,0.08,1.7689509758605781
17,0.09,1.7682002625334665
17,0.1,1.767040812396188
17,0.11,1.7655963032779232
17,0.12,1.7638311543486207
17,0.13,1.7617831010664131
17,0.14,1.759448498786815
17,0.15,1.7568149401464719
17,0.16,1.7539659995508519
17,0.17,1.7508775137748194
17,0.18,1.7476736933985706
17,0.19,1.7443163115521905
17,0.2,1.7408280852090174
17,0.21,1.7372115709878262
17,0.22,1.7334350469077677
17,0.23,1.7295626864525058
17,0.24,1.7256328087550912
17,0.25,1.7215953188553679
17,0.26,1.717465118498937
17,0.27,1.7133192283826058
17,0.28,1.7091690629185914
17,0.29,1.705004210367284
17,0.3,1.7007758771515864
17,0.31,1.6965519924741888
17,0.32,1.6922863506485533
17,0.33,1.6880482943693773
17,0.34,1.6837670002244105
17,0.35,1.6794651509971938
17,0.36,1.675150635445562
17,0.37,1.6708356999592386
17,0.38,1.6665192845060008
17,0.39,1.662228115029689
17,0.4,1.6579098238841985
17,0.41,1.6536732593595411
17,0.42,1.6493989990609244
17,0.43,1.6451762706491795
17,0.44,1.6409458597688718
17,0.45,1.6367205435844976
17,0.46,1.6325275077217298
17,0.47,1.6283460854266127
17,0.48,1.6241760665695526
17,0.49,1.6200519082796754
17,0.5,1.615928978294443
17,0.51,1.6118699443043276
17,0.52,1.607812381726858
17,0.53,1.6037788210586494
17,0.54,1.599791297877094
17,0.55,1.5958261271916605
17,0.56,1.591889179687383
17,0.57,1.588000421046848
17,0.58,1.5841571721516186
17,0.59,1.5803311151590762
17,0.6,1.576502808944948
17,0.61,1.5727455672686883
17,0.62,1.5690070344660594
17,0.63,1.5653120802756988
17,0.64,1.5616374254412462
17,0.65,1.5579980274962146
17,0.66,1.5543994991136116
17,0.67,1.5508248752779092
17,0.68,1.5472736296806235
17,0.69,1.5437512471863766
17,0.7,1.5402671061271274
17,0.71,1.5368153614468534
17,0.72,1.533380386755053
17,0.73,1.529965405536222
17,0.74,1.5265776901029129
17,0.75,1.523250779924772
17,0.76,1.5199180663354854
17,0.77,1.5166297925224335
17,0.78,1.5133629387094114
17,0.79,1.5101210747416858
17,0.8,1.5069078674471204
17,0.81,1.5037490791483303
17,0.82,1.5005853792674662
17,0.83,1.4974344027208197
17,0.84,1.4943202582427555
17,0.85,1.491241286785753
17,0.86,1.4881730959541342
17,0.87,1.4851476529073242
17,0.88,1.4821468790282093
17,0.89,1.479166622473392
17,0.9,1.4762106920615221
17,0.91,1.473255837185567
17,0.92,1.470343161784384
17,0.93,1.467416636661838
17,0.94,1.464534071044133
17,0.95,1.4616672635685208
17,0.96,1.4588082015409045
17,0.97,1.4559642361931007
17,0.98,1.453171905242385
17,0.99,1.4503986462487468
17,1.0,1.4476361157580364
17,1.01,1.4448646094116053
17,1.02,1.4421665222726332
17,1.03,1.439470465108343
17,1.04,1.4367589081796506
17,1.05,1.4341101898729658
17,1.06,1.4314417828950698
17,1.07,1.428790893312924
17,1.08,1.426161841918147
17,1.09,1.4235370025420544
17,1.1,1.4209384990083844
17,1.11,1.4183469700353672
17,1.12,1.4157848238421629
17,1.13,1.4132280832500832
17,1.14,1.4107001027544899
17,1.15,1.4081487436460272
17,1.16,1.4056394239766925
17,1.17,1.4031255585610047
17,1.18,1.4006484340426286
17,1.19,1.3981355443084984
17,1.2,1.3956908732888416
17,1.21,1.393269784794608
17,1.22,1.390806227263844
17,1.23,1.3883619708475596
17,1.24,1.3859649267540013
17,1.25,1.383604380687428
17,1.26,1.3812595054266978
17,1.27,1.3789000756387344
17,1.28,1.3765390027121243
17,1.29,1.374241366391364
17,1.3,1.3719028982292985
17,1.31,1.3695506464931928
17,1.32,1.3672654707605407
17,1.33,1.3649483897595243
17,1.34,1.3626454391514293
17,1.35,1.360363579767686
17,1.36,1.3580839281037314
17,1.37,1.355844945046485
17,1.38,1.353639820110789
17,1.39,1.3514160362372607
17,1.4,1.3491821394224341
17,1.41,1.3469639114617358
17,1.42,1.3447631836322465
17,1.43,1.3425611613278698
17,1.44,1.3403619259835444
17,1.45,1.3382074720441786
17,1.46,1.3360187766607148
17,1.47,1.3338572471932082
17,1.48,1.331723044777438
17,1.49,1.329608968987883
17,1.5,1.3275814610353187
17,1.51,1.3254565532600022
17,1.52,1.3233446428539954
17,1.53,1.321270209629433
17,1.54,1.319214565545807
17,1.55,1.3171658860950057
17,1.56,1.3150950303661955
17,1.57,1.313068733314317
17,1.58,1.3110422485035391
17,1.59,1.3090593203779912
17,1.6,1.307079990003871
17,1.61,1.304977174604738
17,1.62,1.3029888078744214
17,1.63,1.3009649937377519
17,1.64,1.2989317096489585
17,1.65,1.2969096766314179
17,1.66,1.2949349763257423
17,1.67,1.2929735285340664
17,1.68,1.291038692965526
17,1.69,1.2891050625630507
17,1.7,1.2871833173863523
17,1.71,1.2852635488349666
17,1.72,1.2833075685252013
17,1.73,1.2814397447829065
17,1.74,1.2795619724800706
17,1.75,1.2776907409124105
17,1.76,1.2757721052696043
17,1.77,1.2738861005512145
17,1.78,1.2720100367562814
17,1.79,1.270157505198407
17,1.8,1.2682836414832366
17,1.81,1.2664083746929935
17,1.82,1.2645557791532689
17,1.83,1.262676933911249
17,1.84,1.2608887571466616
17,1.85,1.2590113953227868
17,1.86,1.257194151002745
17,1.87,1.2553240572460107
17,1.88,1.2535010644171372
17,1.89,1.2516817309441786
17,1.9,1.2498949088733557
17,1.91,1.248072657990192
17,1.92,1.246297243275029
17,1.93,1.2445094860959534
17,1.94,1.2427188029323728
17,1.95,1.24093722394453
17,1.96,1.239142135489099
17,1.97,1.2373771615086218
17,1.98,1.2355505724782205
17,1.99,1.2338413347850838
17,2.0,1.2325787224384246
18,0.01,1.761389591796209
18,0.02,1.7640883323669945
18,0.03,1.7662029264165149
18,0.04,1.7678510795618967
18,0.05,1.7689735183718938
18,0.06,1.76958889788732
18,0.07,1.7696924562313792
18,0.08,1.7693278260346414
18,0.09,1.7686059207622398
18,0.1,1.7674848790202597
18,0.11,1.7660606662902687
18,0.12,1.7643152746285171
18,0.13,1.7623058254708248
18,0.14,1.759989931388553
18,0.15,1.7573748700762863
18,0.16,1.7545399486093023
18,0.17,1.7514812303511398
18,0.18,1.7482780943089136
18,0.19,1.7449454819972887
18,0.2,1.7414529655402202
18,0.21,1.737850649837264
18,0.22,1.7340854925798075
18,0.23,1.7302091961951434
18,0.24,1.7262896536682801
18,0.25,1.7222508907168859
18,0.26,1.7181184247151255
18,0.27,1.713965407833075
18,0.28,1.7098151084162374
18,0.29,1.7056338973319625
18,0.3,1.7013902433376107
18,0.31,1.6971499074385286
18,0.32,1.692871571241457
18,0.33,1.6886254642203653
18,0.34,1.6843351069049557
18,0.35,1.6800354362333412
18,0.36,1.6756964668292031
18,0.37,1.6713631874994033
18,0.38,1.6670470116390648
18,0.39,1.6627361722511527
18,0.4,1.6584209513776649
18,0.41,1.6541796223057401
18,0.42,1.6499068018550496
18,0.43,1.6456455507296042
18,0.44,1.6414011220624
18,0.45,1.6371469299983945
18,0.46,1.6329328898909516
18,0.47,1.628739604429607
18,0.48,1.624557727025578
18,0.49,1.6204187198991846
18,0.5,1.6162814325027808
18,0.51,1.6122262426835527
18,0.52,1.6081561692587572
18,0.53,1.604114318760075
18,0.54,1.6001082720588553
18,0.55,1.5961154595891198
18,0.56,1.5921377339311984
18,0.57,1.588222178050995
18,0.58,1.5843572983109784
18,0.59,1.5805071018839587
18,0.6,1.5766543090474645
18,0.61,1.5728831958458105
18,0.62,1.569127376871327
18,0.63,1.5654174408767136
18,0.64,1.5616936568229078
18,0.65,1.55801877867295
18,0.66,1.5544027820345188
18,0.67,1.5508064619617479
18,0.68,1.5472085323488527
18,0.69,1.5436921267884856
18,0.7,1.5401759240293929
18,0.71,1.53667855890847
18,0.72,1.5332115534993473
18,0.73,1.5297985529952944
18,0.74,1.5263837225928523
18,0.75,1.5230114707368732
18,0.76,1.5196551064557617
18,0.77,1.5163412160913783
18,0.78,1.5130348667915914
18,0.79,1.5097834805419483
18,0.8,1.5065297866048706
18,0.81,1.5033356540875218
18,0.82,1.5001117331653482
18,0.83,1.4969592016212208
18,0.84,1.4938312460209637
18,0.85,1.4907404162912379
18,0.86,1.487670020261777
18,0.87,1.4846141631450465
18,0.88,1.4815680401911522
18,0.89,1.4785570209622099
18,0.9,1.4755468960245526
18,0.91,1.4725216075037633
18,0.92,1.469554304373178
18,0.93,1.4666242045560054
18,0.94,1.4636793613166652
18,0.95,1.460786001732222
18,0.96,1.4578880462104362
18,0.97,1.454990420446082
18,0.98,1.4521787155776396
18,0.99,1.4493665533039117
18,1.0,1.4465878292324952
18,1.01,1.443795294469248
18,1.02,1.4410458183624477
18,1.03,1.4382713703959729
18,1.04,1.435530439374383
18,1.05,1.4327847777428897
18,1.06,1.4300935817425777
18,1.07,1.4274032841255606
18,1.08,1.4247398467840788
18,1.09,1.4220812780106717
18,1.1,1.4194304309828425
18,1.11,1.4167971406308049
18,1.12,1.4142112404729759
18,1.13,1.411577888837859
18,1.14,1.4090070698074733
18,1.15,1.4064447993493818
18,1.16,1.403885435262359
18,1.17,1.4013059567800201
18,1.18,1.3987962519403447
18,1.19,1.3963177506669349
18,1.2,1.3938564532839433
18,1.21,1.3913591872147932
18,1.22,1.388889987656137
18,1.23,1.3864285340118492
18,1.24,1.3839441619793655
18,1.25,1.3815451786820914
18,1.26,1.379096934002663
18,1.27,1.3767073760352124
18,1.28,1.3742777422422254
18,1.29,1.3719112956378687
18,1.3,1.369556187300658
18,1.31,1.3672175694869229
18,1.32,1.3648935060613205
18,1.33,1.3625250665139987
18,1.34,1.3602254791956507
18,1.35,1.3578790772218383
18,1.36,1.3556059846649582
18,1.37,1.3533390582450069
18,1.38,1.3510399735165788
18,1.39,1.34878004105588
18,1.4,1.3465279238897467
18,1.41,1.3442837538866679
18,1.42,1.3420747106324942
18,1.43,1.3398375753655678
18,1.44,1.337673195616329
18,1.45,1.3354510512589244
18,1.46,1.3332735596047394
18,1.47,1.3311164427668856
18,1.48,1.3289168793881243
18,1.49,1.3267641311587648
18,1.5,1.324696883845635
18,1.51,1.322510283503143
18,1.52,1.3203687543739921
18,1.53,1.3182422843447006
18,1.54,1.316113057064164
18,1.55,1.313992829410929
18,1.56,1.3119266976323194
18,1.57,1.3098638462968413
18,1.58,1.3077733012661388
18,1.59,1.3057278705425335
18,1.6,1.3036766233518702
18,1.61,1.3015924121528462
18,1.62,1.2995674058083762
18,1.63,1.29754795181375
18,1.64,1.2955437973994848
18,1.65,1.2934884981712595
18,1.66,1.2915192379586877
18,1.67,1.2895056192012204
18,1.68,1.28760518919811
18,1.69,1.28570603012233
18,1.7,1.2837462397033885
18,1.71,1.2818024862497144
18,1.72,1.2798432661014723
18,1.73,1.2779026947623746
18,1.74,1.2759703448674344
18,1.75,1.2740794015916377
18,1.76,1.2721386445121399
18,1.77,1.2701954330118699
18,1.78,1.268264853875744
18,1.79,1.2663811231817652
18,1.8,1.2645360746467327
18,1.81,1.2626195438351953
18,1.82,1.260759993355437
18,1.83,1.2588845995644455
18,1.84,1.2570096152201524
18,1.85,1.2550759386401138
18,1.86,1.2532154412538807
18,1.87,1.2513425907590376
18,1.88,1.2494474579073198
18,1.89,1.247628813907678
18,1.9,1.2458194242839264
18,1.91,1.243975976052931
18,1.92,1.2422232670306064
18,1.93,1.240457469533374
18,1.94,1.2386409513322
18,1.95,1.2368006528715352
18,1.96,1.2349748041948592
18,1.97,1.2331427367837537
18,1.98,1.2312901156450453
18,1.99,1.2295265875330805
18,2.0,1.2282359270662433
19,0.01,1.7614337316517688
19,0.02,1.764166862788141
19,0.03,1.766319671454472
19,0.04,1.7680041317545347
19,0.05,1.7691539580215518
19,0.06,1.769808506340216
19,0.07,1.7699407190374303
19,0.08,1.7696031470693416
19,0.09,1.7689007370928642
19,0.1,1.7678135152236312
19,0.11,1.7664229865746357
19,0.12,1.7646973487608388
19,0.13,1.7626961450554408
19,0.14,1.7604036398255396
19,0.15,1.7578165785417834
19,0.16,1.7549971342581234
19,0.17,1.7519535802923076
19,0.18,1.7487770421043543
19,0.19,1.7454681746008365
19,0.2,1.7419903543764492
19,0.21,1.7384056859248929
19,0.22,1.7346456309388618
19,0.23,1.7307914408295015
19,0.24,1.7268886496753677
19,0.25,1.7228546686841077
19,0.26,1.7187310405543696
19,0.27,1.714585691138096
19,0.28,1.7104436984652762
19,0.29,1.7062629677874208
19,0.3,1.7020242381234791
19,0.31,1.6977863573713659
19,0.32,1.6935206911006784
19,0.33,1.689269972932318
19,0.34,1.684983375456446
19,0.35,1.6806802993063286
19,0.36,1.6763579838604838
19,0.37,1.6720161284110089
19,0.38,1.6677061247936826
19,0.39,1.6634002979943612
19,0.4,1.6590711223974166
19,0.41,1.6548353159075955
19,0.42,1.6505581651812034
19,0.43,1.6462975437983234
19,0.44,1.6420419509158195
19,0.45,1.6377895968383196
19,0.46,1.6335652250162542
19,0.47,1.629361634085204
19,0.48,1.6251828970444173
19,0.49,1.621034212529314
19,0.5,1.616881739859169
19,0.51,1.612812354031078
19,0.52,1.608728544988767
19,0.53,1.6046884668445534
19,0.54,1.6006563304810573
19,0.55,1.5966455607584145
19,0.56,1.5926877442342766
19,0.57,1.5887585981945846
19,0.58,1.5848772457704146
19,0.59,1.5810202320553735
19,0.6,1.5771751796721851
19,0.61,1.573371036956045
19,0.62,1.5695969294650365
19,0.63,1.5658567942533053
19,0.64,1.5621330414160288
19,0.65,1.5584518005139631
19,0.66,1.5548133783662272
19,0.67,1.5511881899073294
19,0.68,1.5475977071136915
19,0.69,1.5440646648053324
19,0.7,1.540528032430818
19,0.71,1.5370160230589036
19,0.72,1.5335390946417986
19,0.73,1.5301024667296295
19,0.74,1.5266787861473132
19,0.75,1.5233061573888242
19,0.76,1.5199433853191466
19,0.77,1.5166034528195904
19,0.78,1.5132961584090363
19,0.79,1.5100121335254169
19,0.8,1.5067441549085332
19,0.81,1.5035372358240293
19,0.82,1.500329332390473
19,0.83,1.4971418835300085
19,0.84,1.4939964499822695
19,0.85,1.490886605679007
19,0.86,1.4877976213750719
19,0.87,1.4847071212724199
19,0.88,1.481676945828476
19,0.89,1.4786141787893377
19,0.9,1.475583889515935
19,0.91,1.4725370406323195
19,0.92,1.469518740943068
19,0.93,1.4665254336135263
19,0.94,1.4635875759897063
19,0.95,1.460662509099623
19,0.96,1.4577392021032651
19,0.97,1.4548365051120855
19,0.98,1.4519968798678315
19,0.99,1.4491715479728906
19,1.0,1.4463369742170744
19,1.01,1.4435389998074262
19,1.02,1.440754143532571
19,1.03,1.4379621744175182
19,1.04,1.43517891609875
19,1.05,1.4324105764238582
19,1.06,1.4296850324979269
19,1.07,1.4269406352602179
19,1.08,1.424259539166447
19,1.09,1.4215796369898455
19,1.1,1.4189138449273282
19,1.11,1.4162594419922276
19,1.12,1.4136041449466943
19,1.13,1.4109495336627254
19,1.14,1.408357959844585
19,1.15,1.40574457738473
19,1.16,1.4031498470531296
19,1.17,1.4005547054131993
19,1.18,1.3980114504814098
19,1.19,1.395478209910129
19,1.2,1.392962097380497
19,1.21,1.3904511261955765
19,1.22,1.387907937073285
19,1.23,1.3854011664618424
19,1.24,1.3829182566446807
19,1.25,1.3804906867405748
19,1.26,1.3780309787597391
19,1.27,1.3756188270352727
19,1.28,1.3732021893784214
19,1.29,1.3707723217417154
19,1.3,1.3683896702243328
19,1.31,1.366036885369506
19,1.32,1.3636643142464644
19,1.33,1.361266043429102
19,1.34,1.358932739432294
19,1.35,1.3565718154153794
19,1.36,1.3542457511687254
19,1.37,1.3519564976387006
19,1.38,1.3496567149212788
19,1.39,1.3473674766376533
19,1.4,1.3451279110112526
19,1.41,1.3428353061268463
19,1.42,1.3405928453306568
19,1.43,1.338359544145869
19,1.44,1.3361461786878088
19,1.45,1.3339392928636356
19,1.46,1.3317112143409793
19,1.47,1.3295358701383182
19,1.48,1.3272971187595515
19,1.49,1.3251463078176888
19,1.5,1.3230288985720688
19,1.51,1.3207746958904225
19,1.52,1.3186274056204483
19,1.53,1.3165034463525178
19,1.54,1.3143800658197895
19,1.55,1.3122536395963158
19,1.56,1.3101394545640188
19,1.57,1.3080462146156044
19,1.58,1.3059207635967942
19,1.59,1.3038148211032121
19,1.6,1.301811532481266
19,1.61,1.2996902717383443
19,1.62,1.297643537729565
19,1.63,1.295577700158867
19,1.64,1.2935908337412856
19,1.65,1.2915477630409897
19,1.66,1.2895359477045056
19,1.67,1.2875218992188486
19,1.68,1.2855634525086879
19,1.69,1.2835838655655276
19,1.7,1.2816349315234012
19,1.71,1.2796079931626745
19,1.72,1.2775798700226908
19,1.73,1.2756206389095712
19,1.74,1.2736425661733681
19,1.75,1.2717416819124032
19,1.76,1.2697663932304428
19,1.77,1.2678261099744688
19,1.78,1.2659068875864836
19,1.79,1.263956780921441
19,1.8,1.262112371852349
19,1.81,1.2602135003940769
19,1.82,1.2583528621749072
19,1.83,1.2564397739122148
19,1.84,1.254561565409632
19,1.85,1.2526655552170847
19,1.86,1.2508395158575658
19,1.87,1.2489339842834681
19,1.88,1.2470659582507289
19,1.89,1.2452371089574195
19,1.9,1.2434056368028246
19,1.91,1.241551246992283
19,1.92,1.2397399290566524
19,1.93,1.2379327013475414
19,1.94,1.2360595268983723
19,1.95,1.234197534414719
19,1.96,1.2323821133622557
19,1.97,1.2305488435362828
19,1.98,1.2287524133102339
19,1.99,1.2269947569978166
19,2.0,1.2256995257053995
20,0.01,1.7614919229789614
20,0.02,1.7642669926631698
20,0.03,1.7664535964155128
20,0.04,1.768175247822498
20,0.05,1.7693751574122079
20,0.06,1.7700567771005427
20,0.07,1.77021684087984
20,0.08,1.7699107630584845
20,0.09,1.7692470195061898
20,0.1,1.768185877602783
20,0.11,1.7668213216152886
20,0.12,1.765122506591873
20,0.13,1.7631352160908715
20,0.14,1.7608664706038484
20,0.15,1.7583040631853828
20,0.16,1.7555014085252056
20,0.17,1.7524814574407006
20,0.18,1.7493306907722868
20,0.19,1.7460282868798631
20,0.2,1.7425657487870152
20,0.21,1.7389862646546683
20,0.22,1.7352448171339034
20,0.23,1.7314017256200678
20,0.24,1.7275134550678581
20,0.25,1.7234937077967876
20,0.26,1.7193759674832358
20,0.27,1.7152395640013032
20,0.28,1.7110854057755358
20,0.29,1.7069104615478852
20,0.3,1.7026715774225558
20,0.31,1.6984266726286563
20,0.32,1.6941676090550317
20,0.33,1.6899054843352335
20,0.34,1.6856119580133202
20,0.35,1.6813123821571008
20,0.36,1.676970885027303
20,0.37,1.6726345281110895
20,0.38,1.6683053034831772
20,0.39,1.6639975368983462
20,0.4,1.6596576832221064
20,0.41,1.6553957542211555
20,0.42,1.6511045041606698
20,0.43,1.6468202199574462
20,0.44,1.6425548277199684
20,0.45,1.6383018133760456
20,0.46,1.634081563439005
20,0.47,1.62986690686066
20,0.48,1.6256700484165156
20,0.49,1.6215298057308434
20,0.5,1.6173504560719414
20,0.51,1.613267230243311
20,0.52,1.6091730384787961
20,0.53,1.6051021076155134
20,0.54,1.6010443422562393
20,0.55,1.5970362027259661
20,0.56,1.593071754470465
20,0.57,1.589133244418017
20,0.58,1.5852314075489466
20,0.59,1.5813499756811773
20,0.6,1.5774732584298947
20,0.61,1.5736597149777796
20,0.62,1.5698664102576831
20,0.63,1.5661135757032663
20,0.64,1.5623715957101385
20,0.65,1.558679045913508
20,0.66,1.5550129516316156
20,0.67,1.5513754421252794
20,0.68,1.5477490974004426
20,0.69,1.5441701689318321
20,0.7,1.5406137496254981
20,0.71,1.5371079522493478
20,0.72,1.5336221481017158
20,0.73,1.5301726071618404
20,0.74,1.5267292925470553
20,0.75,1.5233225234970764
20,0.76,1.5199297293315135
20,0.77,1.5165716484223042
20,0.78,1.51325574195787
20,0.79,1.5099353250973382
20,0.8,1.5066196765855615
20,0.81,1.5033767145106915
20,0.82,1.500121914546894
20,0.83,1.496925339383716
20,0.84,1.493763426929849
20,0.85,1.4906244707455825
20,0.86,1.4875159930266555
20,0.87,1.4844118931311179
20,0.88,1.4812814510356347
20,0.89,1.4781688243605196
20,0.9,1.475091716476309
20,0.91,1.472049434255812
20,0.92,1.4690457462008035
20,0.93,1.466054815071458
20,0.94,1.4630877098252888
20,0.95,1.4600939604085807
20,0.96,1.4571634249721537
20,0.97,1.4542168211320192
20,0.98,1.451325310871045
20,0.99,1.4484656915543228
20,1.0,1.4455820342397152
20,1.01,1.4427432663777553
20,1.02,1.4399092154201727
20,1.03,1.4370937524972385
20,1.04,1.4342666055105058
20,1.05,1.4314416542539607
20,1.06,1.428630434578844
20,1.07,1.4258453671171294
20,1.08,1.4230862546504603
20,1.09,1.4203626730148822
20,1.1,1.4176620564627047
20,1.11,1.4149527063522693
20,1.12,1.412286541603532
20,1.13,1.4096344413812842
20,1.14,1.4070206835570438
20,1.15,1.4043737978834407
20,1.16,1.401748054765795
20,1.17,1.3991368963571176
20,1.18,1.3965485336635746
20,1.19,1.3939407022594608
20,1.2,1.3913827741007607
20,1.21,1.3887855255480908
20,1.22,1.3862352604305312
20,1.23,1.383717064786927
20,1.24,1.381198687484207
20,1.25,1.3787226171867168
20,1.26,1.3762211956235515
20,1.27,1.3737436174779678
20,1.28,1.3713284967890145
20,1.29,1.3688987820716543
20,1.3,1.3664854608128139
20,1.31,1.3640653519986239
20,1.32,1.3616436821640043
20,1.33,1.359219283406494
20,1.34,1.3568242785078102
20,1.35,1.3544661018962934
20,1.36,1.3520813690708728
20,1.37,1.3497351705728613
20,1.38,1.3473742518725935
20,1.39,1.3450957946312931
20,1.4,1.3428082533537875
20,1.41,1.340512768853743
20,1.42,1.338224044830086
20,1.43,1.3359005864728222
20,1.44,1.333642537088056
20,1.45,1.3313651172300487
20,1.46,1.329094249454869
20,1.47,1.3269121791922354
20,1.48,1.3247085758014259
20,1.49,1.322502978014399
20,1.5,1.3203725424266857
20,1.51,1.318113445792484
20,1.52,1.3159472489863164
20,1.53,1.313782651369808
20,1.54,1.3116031597460738
20,1.55,1.3094889344746188
20,1.56,1.3073825275464257
20,1.57,1.3052635716195764
20,1.58,1.3031014757095474
20,1.59,1.3010273872753444
20,1.6,1.2989904312042808
20,1.61,1.2968500930905693
20,1.62,1.2947481955484381
20,1.63,1.2926828531835184
20,1.64,1.2906350645534237
20,1.65,1.2885717470615778
20,1.66,1.2865277210400656
20,1.67,1.2844803648658192
20,1.68,1.2825105532084917
20,1.69,1.2804754685099444
20,1.7,1.27853075809018
20,1.71,1.276497742339785
20,1.72,1.2744703120790584
20,1.73,1.2725224499384915
20,1.74,1.2705257601921829
20,1.75,1.2686007752883206
20,1.76,1.2665751220626087
20,1.77,1.2646441736717875
20,1.78,1.262695886531313
20,1.79,1.2607616310953087
20,1.8,1.2589076335330545
20,1.81,1.2569571970451132
20,1.82,1.2550331833643247
20,1.83,1.2530955343503971
20,1.84,1.2511620248829596
20,1.85,1.249236247579985
20,1.86,1.2473260911463369
20,1.87,1.245414985527681
20,1.88,1.243534119925551
20,1.89,1.2416870230592505
20,1.9,1.2398238048959531
20,1.91,1.2380117679925733
20,1.92,1.236214664834098
20,1.93,1.2343761855209001
20,1.94,1.2324940497485108
20,1.95,1.230643176196242
20,1.96,1.2288129292137475
20,1.97,1.2269501271596879
20,1.98,1.2251187298729378
20,1.99,1.2233568184729013
20,2.0,1.2220560096828297
21,0.01,1.7615483568024484
21,0.02,1.7643654082773645
21,0.03,1.7666009194628423
21,0.04,1.7683603135603452
21,0.05,1.7695981858677527
21,0.06,1.7703069949839836
21,0.07,1.7704918041025024
21,0.08,1.7702093877531053
21,0.09,1.769563623765687
21,0.1,1.7685264292175045
21,0.11,1.7671871760390896
21,0.12,1.7655080363151958
21,0.13,1.7635543583244637
21,0.14,1.7612910587404969
21,0.15,1.7587522050974658
21,0.16,1.7559687752837745
21,0.17,1.7529649442237785
21,0.18,1.7498242698946471
21,0.19,1.746530525661387
21,0.2,1.7430873858244347
21,0.21,1.7395098241465963
21,0.22,1.735757276030519
21,0.23,1.73190942644463
21,0.24,1.7280158163110657
21,0.25,1.7240122768772752
21,0.26,1.7199064928468495
21,0.27,1.7157556563338165
21,0.28,1.71161663262971
21,0.29,1.7074553065290778
21,0.3,1.7032139282008478
21,0.31,1.698973894944002
21,0.32,1.6946868802525297
21,0.33,1.6904291550717563
21,0.34,1.686127356419009
21,0.35,1.6818134613076208
21,0.36,1.6774794690815682
21,0.37,1.6731324549900328
21,0.38,1.6688057427891358
21,0.39,1.6644802849972453
21,0.4,1.660138756782611
21,0.41,1.6558727824479875
21,0.42,1.651572531894881
21,0.43,1.647312265961743
21,0.44,1.6430344104776307
21,0.45,1.6387801591544484
21,0.46,1.6345571022070373
21,0.47,1.6303237148444467
21,0.48,1.6261179221902744
21,0.49,1.6219607542369516
21,0.5,1.6177875443536474
21,0.51,1.6136919339287337
21,0.52,1.6095738380665618
21,0.53,1.6054805218158235
21,0.54,1.6014187257233923
21,0.55,1.5973818515868305
21,0.56,1.5933936537002031
21,0.57,1.5894423862030953
21,0.58,1.5855026983840854
21,0.59,1.5816159291518666
21,0.6,1.5777430191899653
21,0.61,1.5739194657298288
21,0.62,1.5701001368373664
21,0.63,1.5663273001683458
21,0.64,1.5625620058116931
21,0.65,1.5588633655151638
21,0.66,1.5551738399347672
21,0.67,1.5515076692627814
21,0.68,1.5478987277132372
21,0.69,1.5442920777943074
21,0.7,1.5407263725017557
21,0.71,1.5371663451258055
21,0.72,1.533653674961215
21,0.73,1.5301703382535152
21,0.74,1.5267162886664585
21,0.75,1.5232800651016831
21,0.76,1.5198808879186056
21,0.77,1.5164915919727882
21,0.78,1.5131295721290041
21,0.79,1.5097763407156368
21,0.8,1.5064515086306074
21,0.81,1.5031843641769107
21,0.82,1.4999305393901843
21,0.83,1.4966852474858745
21,0.84,1.4934868857124144
21,0.85,1.4903171321426614
21,0.86,1.4871255118917244
21,0.87,1.4839689684523345
21,0.88,1.4807934853619222
21,0.89,1.4776934184706025
21,0.9,1.4745725221135306
21,0.91,1.471475176662672
21,0.92,1.4684273014294693
21,0.93,1.4653941204210508
21,0.94,1.4623679573460002
21,0.95,1.4593634648374847
21,0.96,1.456400306510653
21,0.97,1.453468668665572
21,0.98,1.4505103998120006
21,0.99,1.4476279822413145
21,1.0,1.4447109594790561
21,1.01,1.4417866324032484
21,1.02,1.4389054288581988
21,1.03,1.4360461973087728
21,1.04,1.4331936264725773
21,1.05,1.4303366670937396
21,1.06,1.4275201918608313
21,1.07,1.424719945956248
21,1.08,1.4219334871453206
21,1.09,1.4191403022163687
21,1.1,1.4164044467865857
21,1.11,1.413633861830358
21,1.12,1.4109724878159746
21,1.13,1.4082813389639888
21,1.14,1.405614471010664
21,1.15,1.4029501267157956
21,1.16,1.4003197667044847
21,1.17,1.3976655870935926
21,1.18,1.395017484627492
21,1.19,1.3923852717139085
21,1.2,1.3898254899373648
21,1.21,1.3872267126252533
21,1.22,1.3846623796569943
21,1.23,1.3821040412455077
21,1.24,1.379563021028055
21,1.25,1.3770852274990901
21,1.26,1.3745416725892579
21,1.27,1.3720283847542358
21,1.28,1.3695689059707472
21,1.29,1.3670626769108918
21,1.3,1.3646222710447058
21,1.31,1.3621352628915115
21,1.32,1.359686772393924
21,1.33,1.357232901527885
21,1.34,1.354844403622062
21,1.35,1.3524690052720159
21,1.36,1.35008574979401
21,1.37,1.3477106897898334
21,1.38,1.345324224092405
21,1.39,1.343002962191213
21,1.4,1.3407087621550395
21,1.41,1.3383650184586873
21,1.42,1.336053903882533
21,1.43,1.333754317410025
21,1.44,1.3315043348564786
21,1.45,1.3292042170526337
21,1.46,1.3268849639720275
21,1.47,1.3246226951862894
21,1.48,1.3223751344273564
21,1.49,1.3201399315452207
21,1.5,1.318012267082983
21,1.51,1.315756772832267
21,1.52,1.3135324677255404
21,1.53,1.3113740653729955
21,1.54,1.309216087706589
21,1.55,1.3070528431194768
21,1.56,1.3049039519167651
21,1.57,1.3027760405719875
21,1.58,1.3006265041815004
21,1.59,1.2984986666604728
21,1.6,1.2964104398593368
21,1.61,1.2941747118462137
21,1.62,1.292069421473171
21,1.63,1.289958559272366
21,1.64,1.2879171506559342
21,1.65,1.2858775952217607
21,1.66,1.2838503898486657
21,1.67,1.2817824241773197
21,1.68,1.2797842538004354
21,1.69,1.2777288556544943
21,1.7,1.2757288459979892
21,1.71,1.2737260534079429
21,1.72,1.2716830679235713
21,1.73,1.2696664817067167
21,1.74,1.2676499576624713
21,1.75,1.2657188632863006
21,1.76,1.2636717074445207
21,1.77,1.2617104056091837
21,1.78,1.259687615029707
21,1.79,1.2577542843476728
21,1.8,1.2558316442016666
21,1.81,1.2538506161564305
21,1.82,1.2519550595789377
21,1.83,1.2500037241067172
21,1.84,1.2480663606925642
21,1.85,1.2461379935372456
21,1.86,1.2442596064946172
21,1.87,1.2423267983506812
21,1.88,1.2404248256939663
21,1.89,1.238609330860725
21,1.9,1.236680977051809
21,1.91,1.234813480481344
21,1.92,1.2329591424476367
21,1.93,1.231088741438815
21,1.94,1.2292563768802287
21,1.95,1.2274420958510506
21,1.96,1.2255654368046136
21,1.97,1.2236881445372285
21,1.98,1.221841956399437
21,1.99,1.220089052910602
21,2.0,1.2188159678532788
22,0.01,1.7616007362296042
22,0.02,1.7644541192664807
22,0.03,1.766726735835757
22,0.04,1.7685211258222202
22,0.05,1.769798772800433
22,0.06,1.7705372780870254
22,0.07,1.7707597666282702
22,0.08,1.770507179099047
22,0.09,1.7698896923028713
22,0.1,1.7688778026521204
22,0.11,1.767564358360655
22,0.12,1.7659220273777851
22,0.13,1.763981551913283
22,0.14,1.761755421354053
22,0.15,1.759236092053169
22,0.16,1.7564756535897736
22,0.17,1.7535000576014894
22,0.18,1.7503812754496462
22,0.19,1.747107967904839
22,0.2,1.7436740402685011
22,0.21,1.7401108288722476
22,0.22,1.7363690599534483
22,0.23,1.7325297701465583
22,0.24,1.7286569186454759
22,0.25,1.724656399028099
22,0.26,1.7205619572225619
22,0.27,1.716418130874903
22,0.28,1.7122665721326886
22,0.29,1.708101897419897
22,0.3,1.7038738410488374
22,0.31,1.699621762031775
22,0.32,1.6953366710471987
22,0.33,1.69106419880191
22,0.34,1.686744361834843
22,0.35,1.6824265004515218
22,0.36,1.678098944364258
22,0.37,1.6737643174091634
22,0.38,1.6694048741883785
22,0.39,1.6650957856147217
22,0.4,1.6607363366606507
22,0.41,1.6564572809769966
22,0.42,1.652164099383933
22,0.43,1.6478920850846854
22,0.44,1.6436096266855433
22,0.45,1.6393360252391773
22,0.46,1.6350925340473816
22,0.47,1.6308403376561582
22,0.48,1.6266313530679877
22,0.49,1.6224379274273126
22,0.5,1.6182381958680299
22,0.51,1.614106955349375
22,0.52,1.6099811059804712
22,0.53,1.6058763160132539
22,0.54,1.6017891783506257
22,0.55,1.5977382688038961
22,0.56,1.5937431392874073
22,0.57,1.5897623587427165
22,0.58,1.5858221907641799
22,0.59,1.581912276469254
22,0.6,1.578000914202337
22,0.61,1.5741639063360175
22,0.62,1.5703436025250286
22,0.63,1.5665552884548057
22,0.64,1.5627664504365424
22,0.65,1.559029859944431
22,0.66,1.5553255574648492
22,0.67,1.5516569416692298
22,0.68,1.5480021075383172
22,0.69,1.5443822783236592
22,0.7,1.5407733735057076
22,0.71,1.5372017867978964
22,0.72,1.5336551675188055
22,0.73,1.5301764402580877
22,0.74,1.5266913679141567
22,0.75,1.5232346699749106
22,0.76,1.5197844299915284
22,0.77,1.5163527556511909
22,0.78,1.5129743623815821
22,0.79,1.5096038056230263
22,0.8,1.5062502539488907
22,0.81,1.5029279471797519
22,0.82,1.499634088097382
22,0.83,1.496364947313002
22,0.84,1.4931319665388407
22,0.85,1.4899073419113018
22,0.86,1.4866961411500856
22,0.87,1.4834850594341669
22,0.88,1.4802696960859987
22,0.89,1.4771412881531232
22,0.9,1.4739825205279675
22,0.91,1.470860989031782
22,0.92,1.4677680087656568
22,0.93,1.464682490953216
22,0.94,1.4616405397685224
22,0.95,1.4586028132961946
22,0.96,1.4555944339252376
22,0.97,1.452580672054219
22,0.98,1.4495885851856058
22,0.99,1.4465984415555633
22,1.0,1.4436663169131139
22,1.01,1.4407290644395836
22,1.02,1.437820631026302
22,1.03,1.4349396346281296
22,1.04,1.4320600800631993
22,1.05,1.4291858218414124
22,1.06,1.426351315397288
22,1.07,1.4234731414462771
22,1.08,1.4206312496162872
22,1.09,1.4178320282704802
22,1.1,1.4150544599905608
22,1.11,1.4122746687208005
22,1.12,1.4095347934871059
22,1.13,1.4068013357480913
22,1.14,1.4041111407863467
22,1.15,1.4014111247254935
22,1.16,1.3987473089533822
22,1.17,1.396081439449528
22,1.18,1.393430508819784
22,1.19,1.390773060404275
22,1.2,1.3881448127476388
22,1.21,1.3855020086633845
22,1.22,1.3829001862362063
22,1.23,1.3803080178011868
22,1.24,1.3776923967441543
22,1.25,1.3751639539925364
22,1.26,1.3725784757899657
22,1.27,1.3700453911498967
22,1.28,1.367553232574302
22,1.29,1.364988666344584
22,1.3,1.3625539824468236
22,1.31,1.3600417436858925
22,1.32,1.3575641413138808
22,1.33,1.3551430256781636
22,1.34,1.3526336229256506
22,1.35,1.350234746568991
22,1.36,1.3478169254333106
22,1.37,1.3454646035782043
22,1.38,1.34307521492497
22,1.39,1.340721678228485
22,1.4,1.3383835883379132
22,1.41,1.33595103559018
22,1.42,1.3336013865508018
22,1.43,1.3312715462479743
22,1.44,1.3289741856224935
22,1.45,1.3266348228306297
22,1.46,1.3243131569125315
22,1.47,1.3220475582883027
22,1.48,1.3197817496717033
22,1.49,1.317511053743505
22,1.5,1.3153720170246248
22,1.51,1.3130916233289496
22,1.52,1.310946470448923
22,1.53,1.3087118118484053
22,1.54,1.3064929098236917
22,1.55,1.3042964779826294
22,1.56,1.3021160047895675
22,1.57,1.2999512697217983
22,1.58,1.2977593331372177
22,1.59,1.2955864476300254
22,1.6,1.2934764128955754
22,1.61,1.2912867375249104
22,1.62,1.289126101992397
22,1.63,1.2870240357547686
22,1.64,1.2849564515775265
22,1.65,1.2828817586153027
22,1.66,1.280812646029788
22,1.67,1.2787465731891519
22,1.68,1.2767305405930465
22,1.69,1.2746115037741366
22,1.7,1.2725748397597918
22,1.71,1.2705699966354331
22,1.72,1.2685139526212643
22,1.73,1.2664740961219907
22,1.74,1.2644207141198518
22,1.75,1.2624320764433559
22,1.76,1.260421319430161
22,1.77,1.2583854530532996
22,1.78,1.2564309663843993
22,1.79,1.2544110596426272
22,1.8,1.2524771236490582
22,1.81,1.2505042780893418
22,1.82,1.2485620465412595
22,1.83,1.246612625306056
22,1.84,1.2446227090231747
22,1.85,1.2426858540892052
22,1.86,1.2408008902752243
22,1.87,1.2388670975854386
22,1.88,1.23694559440717
22,1.89,1.235062205060972
22,1.9,1.233140458959897
22,1.91,1.2312089941120357
22,1.92,1.2293421909090536
22,1.93,1.2274538357761555
22,1.94,1.2255976810204674
22,1.95,1.2237234813523024
22,1.96,1.221850510709848
22,1.97,1.2199841592409373
22,1.98,1.2180350252206875
22,1.99,1.2162257153314122
22,2.0,1.2149354092166698
23,0.01,1.7616307253496706
23,0.02,1.764490184526667
23,0.03,1.7667975004162952
23,0.04,1.7686198301584806
23,0.05,1.769926113462196
23,0.06,1.770692842075735
23,0.07,1.7709349861317207
23,0.08,1.7706985421831691
23,0.09,1.7700960809516684
23,0.1,1.7691164360792717
23,0.11,1.7678184743658631
23,0.12,1.766204588757093
23,0.13,1.7642814050646782
23,0.14,1.7620719504069857
23,0.15,1.75956704400513
23,0.16,1.756823388496742
23,0.17,1.7538740365681054
23,0.18,1.75076832272537
23,0.19,1.7475148734416244
23,0.2,1.744096360740974
23,0.21,1.7405446933566868
23,0.22,1.7368243778995385
23,0.23,1.733007587122568
23,0.24,1.7291371802526327
23,0.25,1.72514174960824
23,0.26,1.7210503781970807
23,0.27,1.7169131492726055
23,0.28,1.7127722595360808
23,0.29,1.7086119785445175
23,0.3,1.7043909711202012
23,0.31,1.7001453938902464
23,0.32,1.6958574900130936
23,0.33,1.6915581140790037
23,0.34,1.6872519147105456
23,0.35,1.6829333488965366
23,0.36,1.6785988386833501
23,0.37,1.6742679763678818
23,0.38,1.6699129621900688
23,0.39,1.6655921112348817
23,0.4,1.6612293100963331
23,0.41,1.6569538206533252
23,0.42,1.6526581284991255
23,0.43,1.6483721309914479
23,0.44,1.6440911404557603
23,0.45,1.6398110767033476
23,0.46,1.6355436991214052
23,0.47,1.6312822988609412
23,0.48,1.6270580446963494
23,0.49,1.622858000984315
23,0.5,1.6186391679860288
23,0.51,1.6145116999534952
23,0.52,1.6103660320928521
23,0.53,1.6062523555071195
23,0.54,1.602165620611953
23,0.55,1.5981242769186348
23,0.56,1.5941192712838201
23,0.57,1.5901244789400437
23,0.58,1.5861772473337619
23,0.59,1.5822462284366605
23,0.6,1.5783327291912441
23,0.61,1.5744690541919641
23,0.62,1.5706453283730788
23,0.63,1.5668357898233323
23,0.64,1.563030836711971
23,0.65,1.5592913099977557
23,0.66,1.5555505448049154
23,0.67,1.5518767360783963
23,0.68,1.5482124093357132
23,0.69,1.5445901400135533
23,0.7,1.5409618638730365
23,0.71,1.53737179782542
23,0.72,1.5338082673524813
23,0.73,1.530299893377995
23,0.74,1.526806435834765
23,0.75,1.5233334273724723
23,0.76,1.5198647480894218
23,0.77,1.5164176312173925
23,0.78,1.5129937272578065
23,0.79,1.5095921990701229
23,0.8,1.5062243621525042
23,0.81,1.5029170440319124
23,0.82,1.499589107751807
23,0.83,1.4962998665530487
23,0.84,1.493001472911298
23,0.85,1.489755026125972
23,0.86,1.4865117508141765
23,0.87,1.483297626086933
23,0.88,1.4800777659044133
23,0.89,1.4769120055666625
23,0.9,1.4737183297402536
23,0.91,1.4705737210024294
23,0.92,1.4674256482931514
23,0.93,1.464330657181146
23,0.94,1.4612366755986204
23,0.95,1.4581974406254943
23,0.96,1.455145271723732
23,0.97,1.4520873293099206
23,0.98,1.4490799837188872
23,0.99,1.4460702648254522
23,1.0,1.443104057332933
23,1.01,1.4400999238041596
23,1.02,1.4371274038460549
23,1.03,1.4342140107651196
23,1.04,1.4313189716563628
23,1.05,1.4284326865826664
23,1.06,1.4255649924334033
23,1.07,1.4226413579031798
23,1.08,1.4198192596989692
23,1.09,1.4170143136419557
23,1.1,1.4142133534100099
23,1.11,1.4113801611325965
23,1.12,1.4086390299348805
23,1.13,1.4058763485460357
23,1.14,1.4031343003643515
23,1.15,1.4003721863869725
23,1.16,1.3976576454455616
23,1.17,1.3949592974248903
23,1.18,1.3922664686716406
23,1.19,1.3895703943866462
23,1.2,1.3869127914661428
23,1.21,1.3842211892878327
23,1.22,1.381577675394283
23,1.23,1.3789803035269044
23,1.24,1.3763310991246964
23,1.25,1.3737594721699053
23,1.26,1.3711464165479272
23,1.27,1.368569800007883
23,1.28,1.3660629928442154
23,1.29,1.3635539741940301
23,1.3,1.3610560647429892
23,1.31,1.3585200607432466
23,1.32,1.3560416771207813
23,1.33,1.3535658086949462
23,1.34,1.3511003421956354
23,1.35,1.3486362499625937
23,1.36,1.3462249563492783
23,1.37,1.34384390056392
23,1.38,1.3414124821044782
23,1.39,1.3390311365910124
23,1.4,1.3366217063476018
23,1.41,1.334219795762607
23,1.42,1.3318677983660507
23,1.43,1.3295225114571558
23,1.44,1.3272020933584316
23,1.45,1.3248990834715337
23,1.46,1.3225871951544337
23,1.47,1.32026389424916
23,1.48,1.3179427689933565
23,1.49,1.31570051789518
23,1.5,1.3135080251540179
23,1.51,1.311196267920634
23,1.52,1.3089707350792594
23,1.53,1.306781372938732
23,1.54,1.3045540634201214
23,1.55,1.3023637043675658
23,1.56,1.3001977020444413
23,1.57,1.2979874253496215
23,1.58,1.2957929734457603
23,1.59,1.2936169783071196
23,1.6,1.291484275594283
23,1.61,1.2893040210621312
23,1.62,1.2871839466065056
23,1.63,1.285050382324046
23,1.64,1.2829747772457276
23,1.65,1.2808956609480975
23,1.66,1.278797870779801
23,1.67,1.276724074170773
23,1.68,1.2747129408635345
23,1.69,1.2726088060115537
23,1.7,1.2705266762694087
23,1.71,1.2684619208275836
23,1.72,1.266429095084694
23,1.73,1.2643983900936264
23,1.74,1.2623411884365692
23,1.75,1.2603872843613044
23,1.76,1.2583112211941097
23,1.77,1.2563196866737145
23,1.78,1.254361911749136
23,1.79,1.2523549486073684
23,1.8,1.2504424367000258
23,1.81,1.248432806622496
23,1.82,1.2464645974649378
23,1.83,1.2445690864547359
23,1.84,1.2426565301250687
23,1.85,1.240710116252948
23,1.86,1.2387372316044198
23,1.87,1.2368339871949487
23,1.88,1.234972342139457
23,1.89,1.233054725624857
23,1.9,1.2311041138941443
23,1.91,1.2291481527805723
23,1.92,1.2272929376025496
23,1.93,1.225415330794145
23,1.94,1.2235141586124
23,1.95,1.2216053664981357
23,1.96,1.2197057267382247
23,1.97,1.217829903734456
23,1.98,1.2159154985167724
23,1.99,1.2141282764904309
23,2.0,1.2128298683503547
24,0.01,1.7616783570524415
24,0.02,1.7645734158706154
24,0.03,1.7669115977989154
24,0.04,1.768764104151095
24,0.05,1.7701120711434513
24,0.06,1.770899452612752
24,0.07,1.7711728106384015
24,0.08,1.7709766292171347
24,0.09,1.7704064552781764
24,0.1,1.769445493657125
24,0.11,1.7681797340021683
24,0.12,1.7665997391492076
24,0.13,1.7647166402115937
24,0.14,1.762529584381065
24,0.15,1.7600458303551783
24,0.16,1.7573279026446176
24,0.17,1.7543981781132072
24,0.18,1.751314606948286
24,0.19,1.7480769821213198
24,0.2,1.7446773510739717
24,0.21,1.741135159530118
24,0.22,1.7374309265106296
24,0.23,1.7336158991973607
24,0.24,1.7297570688965929
24,0.25,1.7257678640434768
24,0.26,1.7216939867261092
24,0.27,1.7175530703008601
24,0.28,1.713422363092601
24,0.29,1.7092717718849446
24,0.3,1.7050409112966527
24,0.31,1.7007908707436104
24,0.32,1.6964888552523654
24,0.33,1.6921950652942666
24,0.34,1.687905258727613
24,0.35,1.6835802798970105
24,0.36,1.6792403661535829
24,0.37,1.6749037551348362
24,0.38,1.6705479528081832
24,0.39,1.6662077038191503
24,0.4,1.6618441843827683
24,0.41,1.6575608230990937
24,0.42,1.6532507113181067
24,0.43,1.6489530058399102
24,0.44,1.6446471408418937
24,0.45,1.640350102925149
24,0.46,1.636078166166388
24,0.47,1.6318057169458646
24,0.48,1.6275676975637723
24,0.49,1.6233671824492244
24,0.5,1.6191384467416496
24,0.51,1.6149821330470158
24,0.52,1.6108240281201995
24,0.53,1.6066805902875163
24,0.54,1.6025924408430308
24,0.55,1.598527217340048
24,0.56,1.5945050462485295
24,0.57,1.5904995948690646
24,0.58,1.5865033872336098
24,0.59,1.5825509451673234
24,0.6,1.5786321988287897
24,0.61,1.5747667969892014
24,0.62,1.5709113913282762
24,0.63,1.5670778732427422
24,0.64,1.56328498341139
24,0.65,1.5595278338778353
24,0.66,1.5557925185560733
24,0.67,1.5520623787700805
24,0.68,1.5483559031445393
24,0.69,1.544697296099667
24,0.7,1.5410630750367595
24,0.71,1.537457747582753
24,0.72,1.5338764738362969
24,0.73,1.5303342504554962
24,0.74,1.5268091348022352
24,0.75,1.5232723556576333
24,0.76,1.5197784183526581
24,0.77,1.5162893441985543
24,0.78,1.5128380505670682
24,0.79,1.5094402354656602
24,0.8,1.5059731202383695
24,0.81,1.5026142484861216
24,0.82,1.4992505211912786
24,0.83,1.4959309648879477
24,0.84,1.492598334735943
24,0.85,1.4893244976643139
24,0.86,1.4860603010192672
24,0.87,1.4827840910602677
24,0.88,1.4795204396890798
24,0.89,1.476301559985292
24,0.9,1.4730754816769307
24,0.91,1.4698878616187452
24,0.92,1.4666849002565538
24,0.93,1.4635700137689314
24,0.94,1.4604655489175187
24,0.95,1.4573943257644233
24,0.96,1.4542904736386564
24,0.97,1.4512121815918013
24,0.98,1.4481556236529753
24,0.99,1.4450909001443406
24,1.0,1.4421014239836847
24,1.01,1.4390600905315714
24,1.02,1.436071890100071
24,1.03,1.4330874810454892
24,1.04,1.4301565785188315
24,1.05,1.4272570502320108
24,1.06,1.4243841138039333
24,1.07,1.4214691955857475
24,1.08,1.41861680154479
24,1.09,1.4157370863782293
24,1.1,1.4129165225442089
24,1.11,1.4100606652476024
24,1.12,1.407239209112822
24,1.13,1.4044126860784079
24,1.14,1.4016598109370246
24,1.15,1.398857871700056
24,1.16,1.3961016405486901
24,1.17,1.3933838999731425
24,1.18,1.3906848561205905
24,1.19,1.387976949642395
24,1.2,1.385337507365931
24,1.21,1.3826341065658314
24,1.22,1.3799313298425855
24,1.23,1.3772941138422354
24,1.24,1.3746706591533921
24,1.25,1.37206418096
24,1.26,1.3694299714616787
24,1.27,1.3668312235370255
24,1.28,1.3642924536655325
24,1.29,1.3617574917457473
24,1.3,1.3591778001588175
24,1.31,1.3566660797135661
24,1.32,1.3541572403577178
24,1.33,1.3516750150184145
24,1.34,1.3491522933114306
24,1.35,1.3466839055507258
24,1.36,1.3442505655024768
24,1.37,1.3418127416711503
24,1.38,1.3394001446642523
24,1.39,1.336982151567505
24,1.4,1.33457407417832
24,1.41,1.3321621810484985
24,1.42,1.3297717407203271
24,1.43,1.3274281634593201
24,1.44,1.325078351049689
24,1.45,1.3227180435846482
24,1.46,1.320347320529425
24,1.47,1.3179941923347889
24,1.48,1.315668396125947
24,1.49,1.3133788300697489
24,1.5,1.3112012507958433
24,1.51,1.3088678908577374
24,1.52,1.3065976863577613
24,1.53,1.3043433945774825
24,1.54,1.3021472191700225
24,1.55,1.2999311354322218
24,1.56,1.2977101879530117
24,1.57,1.2955148549395945
24,1.58,1.2932947058351163
24,1.59,1.2910855056570865
24,1.6,1.2890065945133198
24,1.61,1.2867711679049758
24,1.62,1.284615434294012
24,1.63,1.2824929719904772
24,1.64,1.2804146862124044
24,1.65,1.2783311489849802
24,1.66,1.2762332696473329
24,1.67,1.274128928375487
24,1.68,1.272012568258911
24,1.69,1.2699447363694123
24,1.7,1.267891668280069
24,1.71,1.2657995712846375
24,1.72,1.2637552645038557
24,1.73,1.2617311167098249
24,1.74,1.2596478445274453
24,1.75,1.2577374318347745
24,1.76,1.2556690286298766
24,1.77,1.253644160957466
24,1.78,1.2516088776650116
24,1.79,1.2496026283294255
24,1.8,1.2476187980983384
24,1.81,1.245619989304753
24,1.82,1.2436606490082542
24,1.83,1.2416893418401058
24,1.84,1.2397662925085189
24,1.85,1.2378178143667669
24,1.86,1.2359175299815284
24,1.87,1.233964419945694
24,1.88,1.2319752829798312
24,1.89,1.2300182331899725
24,1.9,1.2280929681146444
24,1.91,1.226201995696032
24,1.92,1.2243251473956196
24,1.93,1.2224209531329635
24,1.94,1.2205888559873292
24,1.95,1.2186719190119204
24,1.96,1.2167295178628674
24,1.97,1.2148118864438244
24,1.98,1.2129027366230787
24,1.99,1.2111541386430602
24,2.0,1.2098237757435095
25,0.01,1.7617310577115237
25,0.02,1.7646678874277946
25,0.03,1.7670510983787278
25,0.04,1.7689529331148375
25,0.05,1.7703249896604156
25,0.06,1.7711598733010978
25,0.07,1.771464788891316
25,0.08,1.7713054745548569
25,0.09,1.7707697245095497
25,0.1,1.769830085744422
25,0.11,1.7685996256616818
25,0.12,1.7670403997409327
25,0.13,1.7651922581571167
25,0.14,1.7630255306524525
25,0.15,1.7605725901021987
25,0.16,1.7578714146636596
25,0.17,1.7549656825084272
25,0.18,1.7518950260590802
25,0.19,1.7486763342194702
25,0.2,1.745290459244688
25,0.21,1.7417667038557874
25,0.22,1.7380799019421007
25,0.23,1.7342695206729684
25,0.24,1.7304157489882075
25,0.25,1.7264255878027
25,0.26,1.72235383111149
25,0.27,1.7182170000077246
25,0.28,1.7140901552006385
25,0.29,1.7099306409446349
25,0.3,1.7056961012523402
25,0.31,1.7014484343749219
25,0.32,1.697146810073863
25,0.33,1.6928494335084079
25,0.34,1.6885594873543273
25,0.35,1.684222898628107
25,0.36,1.6798862246476614
25,0.37,1.6755412738564897
25,0.38,1.6711727935030485
25,0.39,1.6668386026446758
25,0.4,1.6624558105268825
25,0.41,1.6581718192040504
25,0.42,1.6538388973769973
25,0.43,1.6495239370263681
25,0.44,1.6452156191535234
25,0.45,1.6409008397656886
25,0.46,1.6366196434818197
25,0.47,1.6323368076279252
25,0.48,1.62809119779358
25,0.49,1.6238583164640683
25,0.5,1.6196183104601645
25,0.51,1.61544383155518
25,0.52,1.6112729684189036
25,0.53,1.6071264263387837
25,0.54,1.6030168315184934
25,0.55,1.5989507056715986
25,0.56,1.5949041427768236
25,0.57,1.590879523793885
25,0.58,1.586872722866232
25,0.59,1.5829124595574386
25,0.6,1.578975462087434
25,0.61,1.5751017265333758
25,0.62,1.5712179620517486
25,0.63,1.5673745337002967
25,0.64,1.5635544478357633
25,0.65,1.5597770909728947
25,0.66,1.5560106046867122
25,0.67,1.552264686672535
25,0.68,1.5485525684737496
25,0.69,1.5448451168553674
25,0.7,1.5411834978593195
25,0.71,1.537527487933491
25,0.72,1.5338966373484808
25,0.73,1.530326153351899
25,0.74,1.526749875812816
25,0.75,1.523209902391991
25,0.76,1.5196850666221489
25,0.77,1.5161644417431468
25,0.78,1.5126626102273708
25,0.79,1.509221375218688
25,0.8,1.5057395061263816
25,0.81,1.5023394906883516
25,0.82,1.4989369498715837
25,0.83,1.4955842887591713
25,0.84,1.4921995784404893
25,0.85,1.4888820963738667
25,0.86,1.4855669641022338
25,0.87,1.4822395144233476
25,0.88,1.4789470882753346
25,0.89,1.4756864002894385
25,0.9,1.4723963999045953
25,0.91,1.4691629888386306
25,0.92,1.4659624045768493
25,0.93,1.4627703709871664
25,0.94,1.4596492745811285
25,0.95,1.4565312575086018
25,0.96,1.4534022479638165
25,0.97,1.450264790383666
25,0.98,1.447191439041573
25,0.99,1.4441157104304558
25,1.0,1.4410726224652464
25,1.01,1.43799344693185
25,1.02,1.4349833493944029
25,1.03,1.4319598884819023
25,1.04,1.4289944765447995
25,1.05,1.4260491260893817
25,1.06,1.4231037349603897
25,1.07,1.4201613754033635
25,1.08,1.4172121205694144
25,1.09,1.4143081207187567
25,1.1,1.4114307004587563
25,1.11,1.408513669030584
25,1.12,1.4056515717158053
25,1.13,1.4028218785341882
25,1.14,1.40002752923374
25,1.15,1.397224915711446
25,1.16,1.3944495222323423
25,1.17,1.3916637323838943
25,1.18,1.3889232297739291
25,1.19,1.3862189142194248
25,1.2,1.3835151030669797
25,1.21,1.3807967429227184
25,1.22,1.3781136957764073
25,1.23,1.3754315296283968
25,1.24,1.3727646793081079
25,1.25,1.3701063460269216
25,1.26,1.3674334275474962
25,1.27,1.3648118861551994
25,1.28,1.3622525324557861
25,1.29,1.3596739342918769
25,1.3,1.357106291061732
25,1.31,1.3545235961216588
25,1.32,1.3519697478711397
25,1.33,1.349470279270748
25,1.34,1.3468898258039406
25,1.35,1.3443858392730281
25,1.36,1.3418819732106488
25,1.37,1.3394608812240802
25,1.38,1.3370281135602664
25,1.39,1.3345704588915208
25,1.4,1.3321777710675624
25,1.41,1.3297814177617049
25,1.42,1.3273463333506745
25,1.43,1.3249762208728955
25,1.44,1.3226383064160614
25,1.45,1.3202803556024925
25,1.46,1.3179000998432422
25,1.47,1.3155735074586985
25,1.48,1.313177059552116
25,1.49,1.310865013212867
25,1.5,1.3086536111312481
25,1.51,1.3063188624043711
25,1.52,1.3040170410208134
25,1.53,1.301726633701915
25,1.54,1.2995012592168633
25,1.55,1.297298663784207
25,1.56,1.2950747052190479
25,1.57,1.2928628301938307
25,1.58,1.2906428455861503
25,1.59,1.288506453269461
25,1.6,1.2863575762537807
25,1.61,1.28411822829543
25,1.62,1.281972269249602
25,1.63,1.2798036171881815
25,1.64,1.2776577349037714
25,1.65,1.275537146205733
25,1.66,1.2734326932973234
25,1.67,1.271300591914849
25,1.68,1.269203781435731
25,1.69,1.2671859300256874
25,1.7,1.265073635906878
25,1.71,1.2629717634204296
25,1.72,1.26090230199332
25,1.73,1.258853155422944
25,1.74,1.2567646196838067
25,1.75,1.2548089840148993
25,1.76,1.2527554045887674
25,1.77,1.2507167532713221
25,1.78,1.2486734943482143
25,1.79,1.2466594076533015
25,1.8,1.2447030313264846
25,1.81,1.242694504585297
25,1.82,1.2406971498929689
25,1.83,1.2387371197631762
25,1.84,1.2367705539349965
25,1.85,1.2347886037155817
25,1.86,1.2328612127607148
25,1.87,1.23090518762113
25,1.88,1.2289155635853186
25,1.89,1.227014496713176
25,1.9,1.2250921908297099
25,1.91,1.2231611515215481
25,1.92,1.221279687573625
25,1.93,1.2193325907152266
25,1.94,1.217440700036956
25,1.95,1.215565158519859
25,1.96,1.2136638065214072
25,1.97,1.2117604319688995
25,1.98,1.2097729016274539
25,1.99,1.2079997116810455
25,2.0,1.2066869422710915
