{"t": 30, "i": 0, "X": [[1.0, 0.3], [1.0, 0.3], [1.0, 0.3], [1.0, 0.3], [1.01232208822427, 0.3], [1.0, 0.3], [1.0, 0.3], [1.0, 0.3], [1.0, 0.3], [1.0, 0.3], [1.0, 0.3], [1.0, 0.3], [1.0560616081700926, 0.3], [1.0, 0.3], [1.0, 0.3], [1.0, 0.3], [1.0, 0.3], [1.0, 0.3], [1.0, 0.3], [1.0, 0.3], [1.0, 0.3], [1.0, 0.3], [1.0, 0.3], [1.0, 0.3], [1.1398490204564464, 0.3], [1.0, 0.3], [1.0, 0.3], [1.004987702555337, 0.3], [1.0, 0.3], [1.0, 0.3]], "V": [[-5.465574954954028e-06, -9.272630613232349e-07], [-4.636315306616176e-06, -8.048386296201534e-07], [-4.636315306616176e-06, -7.084686714433506e-07], [-4.636315306616176e-06, -8.025621668694207e-07], [-0.015531992278578726, -8.025621668694207e-07], [-4.636315306616176e-06, -3.666023054919318e-07], [-4.636315306616176e-06, -2.787334249851092e-07], [-4.636315306616176e-06, -8.025621668694207e-07], [-2.3277515314730213e-06, -6.720485522681528e-07], [-4.000369012136837e-06, -1.0931149909908055e-06], [-3.106926127207056e-06, -8.025621668694207e-07], [-4.636315306616176e-06, -9.272630613232349e-07], [0.017575469707529406, -8.025621668694207e-07], [-4.0651154966328485e-06, -6.920857006313264e-07], [-3.327764275529196e-06, -9.272630613232349e-07], [-3.5902062307255522e-06, -9.272630613232349e-07], [-0.20487834627127355, -8.021050228076711e-07], [-7.109215583315555e-06, -5.55340835735924e-07], [-4.636315306616176e-06, -7.411206131865443e-07], [-4.077031514724302e-06, -5.571522753427083e-07], [-5.465574954954028e-06, -3.7844454077043946e-07], [-2.950215066279344e-06, -3.162993472745887e-07], [-4.636315306616176e-06, -8.791513813040926e-07], [-4.636315306616176e-06, -8.624897385903253e-07], [-0.25119988088928963, -8.025621668694207e-07], [-2.618339482880781e-06, -8.739553692637087e-07], [-4.403422908835031e-06, -4.545023675388669e-07], [-0.0021520906512149723, -8.025621668694207e-07], [-8.600446825423763e-07, -3.824169826274707e-07], [-3.552590033462637e-06, -2.4985340555449333e-07]], "pbest": [[1.0, 0.3], [1.0, 0.3], [1.0, 0.3], [1.0, 0.3], [1.0329107708549898, 0.3], [1.0, 0.3], [1.0, 0.3], [1.0, 0.3], [1.0, 0.3], [1.0, 0.3], [1.0, 0.3], [1.0, 0.3], [1.0931253111511596, 0.3], [1.0, 0.3], [1.0, 0.3], [1.0, 0.3], [1.3760972964665195, 0.3], [1.0, 0.3], [1.0, 0.3], [1.0, 0.3], [1.0, 0.3], [1.0, 0.3], [1.0, 0.3], [1.0, 0.3], [1.466995673173907, 0.3], [1.0, 0.3], [1.0, 0.3], [1.07885242904069, 0.3], [1.0, 0.3], [1.0, 0.3]], "pbest_fit": [1.9893047170225509, 1.9893047170225509, 1.9893047170225509, 1.9893047170225509, 1.9893047170225509, 1.9893047170225509, 1.9893047170225509, 1.9893047170225509, 1.9893047170225509, 1.9893047170225509, 1.9893047170225509, 1.9893047170225509, 1.9893047170225509, 1.9893047170225509, 1.9893047170225509, 1.9893047170225509, 1.9893047170225509, 1.9893047170225509, 1.9893047170225509, 1.9893047170225509, 1.9893047170225509, 1.9893047170225509, 1.9893047170225509, 1.9893047170225509, 1.9893047170225509, 1.9893047170225509, 1.9893047170225509, 1.9893047170225509, 1.9893047170225509, 1.9893047170225509], "gbest": [1.0, 0.3], "gbest_fit": 1.9893047170225509, "fitbuf": [null, null, null, null, null, null, null, null, null, null, null, null, null, null, null, null, null, null, null, null, null, null, null, null, null, null, null, null, null, null], "history": [{"iter": 1, "gbest_r": 3.836207745038947, "gbest_m": 0.3125158585767094, "gbest_fit": 1.8763780948619}, {"iter": 2, "gbest_r": 1.5059466658510612, "gbest_m": 0.3, "gbest_fit": 1.939934623777259}, {"iter": 3, "gbest_r": 1.0, "gbest_m": 0.3, "gbest_fit": 1.9893047170225509}, {"iter": 4, "gbest_r": 1.0, "gbest_m": 0.3, "gbest_fit": 1.9893047170225509}, {"iter": 5, "gbest_r": 1.0, "gbest_m": 0.3, "gbest_fit": 1.9893047170225509}, {"iter": 6, "gbest_r": 1.0, "gbest_m": 0.3, "gbest_fit": 1.9893047170225509}, {"iter": 7, "gbest_r": 1.0, "gbest_m": 0.3, "gbest_fit": 1.9893047170225509}, {"iter": 8, "gbest_r": 1.0, "gbest_m": 0.3, "gbest_fit": 1.9893047170225509}, {"iter": 9, "gbest_r": 1.0, "gbest_m": 0.3, "gbest_fit": 1.9893047170225509}, {"iter": 10, "gbest_r": 1.0, "gbest_m": 0.3, "gbest_fit": 1.9893047170225509}, {"iter": 11, "gbest_r": 1.0, "gbest_m": 0.3, "gbest_fit": 1.9893047170225509}, {"iter": 12, "gbest_r": 1.0, "gbest_m": 0.3, "gbest_fit": 1.9893047170225509}, {"iter": 13, "gbest_r": 1.0, "gbest_m": 0.3, "gbest_fit": 1.9893047170225509}, {"iter": 14, "gbest_r": 1.0, "gbest_m": 0.3, "gbest_fit": 1.9893047170225509}, {"iter": 15, "gbest_r": 1.0, "gbest_m": 0.3, "gbest_fit": 1.9893047170225509}, {"iter": 16, "gbest_r": 1.0, "gbest_m": 0.3, "gbest_fit": 1.9893047170225509}, {"iter": 17, "gbest_r": 1.0, "gbest_m": 0.3, "gbest_fit": 1.9893047170225509}, {"iter": 18, "gbest_r": 1.0, "gbest_m": 0.3, "gbest_fit": 1.9893047170225509}, {"iter": 19, "gbest_r": 1.0, "gbest_m": 0.3, "gbest_fit": 1.9893047170225509}, {"iter": 20, "gbest_r": 1.0, "gbest_m": 0.3, "gbest_fit": 1.9893047170225509}, {"iter": 21, "gbest_r": 1.0, "gbest_m": 0.3, "gbest_fit": 1.9893047170225509}, {"iter": 22, "gbest_r": 1.0, "gbest_m": 0.3, "gbest_fit": 1.9893047170225509}, {"iter": 23, "gbest_r": 1.0, "gbest_m": 0.3, "gbest_fit": 1.9893047170225509}, {"iter": 24, "gbest_r": 1.0, "gbest_m": 0.3, "gbest_fit": 1.9893047170225509}, {"iter": 25, "gbest_r": 1.0, "gbest_m": 0.3, "gbest_fit": 1.9893047170225509}, {"iter": 26, "gbest_r": 1.0, "gbest_m": 0.3, "gbest_fit": 1.9893047170225509}, {"iter": 27, "gbest_r": 1.0, "gbest_m": 0.3, "gbest_fit": 1.9893047170225509}, {"iter": 28, "gbest_r": 1.0, "gbest_m": 0.3, "gbest_fit": 1.9893047170225509}, {"iter": 29, "gbest_r": 1.0, "gbest_m": 0.3, "gbest_fit": 1.9893047170225509}, {"iter": 30, "gbest_r": 1.0, "gbest_m": 0.3, "gbest_fit": 1.9893047170225509}], "done": true, "rng": 42}