{"t": 20, "i": 0, "X": [[8.0, 0.1202799416276936], [8.0, 0.11790102158744865], [8.0, 0.1280491070545342], [8.0, 0.11958042311869153], [8.0, 0.12082376578346382], [8.0, 0.12069507734256055], [8.0, 0.12020565385990953], [8.0, 0.1182863466352667], [8.0, 0.1220435675604177], [8.0, 0.12129352415827709], [7.979552358653185, 0.12431985700974921], [8.0, 0.12643887787791228], [8.0, 0.12001822638590401], [8.0, 0.12792589469609564], [8.0, 0.11488144705580866], [8.0, 0.12054506058643227], [8.0, 0.1199813335469897], [8.0, 0.12144824213365457], [8.0, 0.11445377452525485], [8.0, 0.11965774285143638]], "V": [[0.0002616600295965867, -6.825340087312538e-05], [0.00042910542360728634, -0.00451219389131945], [0.00021787618534014125, 0.004616299105332234], [0.00038335412655269256, -8.804427519548626e-05], [0.00035538029345348035, -0.0005143932697801851], [0.00012616285130947054, 0.0007146213090753426], [0.0004257209854663242, 0.0004659199092466463], [0.0004090958892125652, -0.0014219907800669324], [0.0011105438816353624, 0.010181705137175616], [0.0003038057284910671, -0.0014316089793199758], [0.04202499741438681, 0.007585184579713872], [0.00030200956570732994, -0.015924520072749214], [0.000195051571384219, -0.0011044847469998892], [0.00012802939335702942, 0.012733187419287886], [0.001004675452941984, -0.00174821920437591], [0.0004165066378413885, -0.0061082539836814845], [0.0003903288430657365, -0.005719017557829419], [3.8185105762462225e-05, 0.00044665568613960565], [0.0001734535171220395, -0.009053761496039016], [0.00012580986425381497, -1.2334192011734296e-05]], "pbest": [[8.0, 0.12066680108101129], [8.0, 0.12001393590960505], [8.0, 0.12343280794920197], [8.0, 0.11957193624195299], [8.0, 0.12065752728380816], [8.0, 0.1199804560334852], [8.0, 0.11973973395066288], [8.0, 0.11970833741533363], [8.0, 0.12222047648728859], [8.0, 0.1224907750912648], [7.859438093658231, 0.12279483567246131], [8.0, 0.1306103486165322], [8.0, 0.1211227111329039], [8.0, 0.12323026251564739], [8.0, 0.11662966626018458], [8.0, 0.1238133015216696], [8.0, 0.12327302572174355], [8.0, 0.1206805875451374], [8.0, 0.12350753602129386], [8.0, 0.11966282042714033]], "pbest_fit": [2.0197967734029327, 2.019728477425953, 2.0197736163285214, 2.0198008774780116, 2.0196794652526067, 2.0196973063195207, 2.0197812783749836, 2.0198031416570146, 2.019662314480647, 2.0197702650301617, 2.0197667335561715, 2.0191275940517706, 2.019796195377522, 2.019609315590822, 2.019583951290599, 2.0197135246407316, 2.019676074013361, 2.019774730229286, 2.019684919098778, 2.019803250553351], "gbest": [8.0, 0.11966282042714033], "gbest_fit": 2.019803250553351, "history": [{"it": 1, "n": 6, "m": 0.11189417162255608, "F": 2.0011275229779386}, {"it": 2, "n": 6, "m": 0.11189417162255608, "F": 2.0011275229779386}, {"it": 3, "n": 8, "m": 0.127238953375772, "F": 2.0194192769446437}, {"it": 4, "n": 8, "m": 0.127238953375772, "F": 2.0194192769446437}, {"it": 5, "n": 8, "m": 0.127238953375772, "F": 2.0194192769446437}, {"it": 6, "n": 8, "m": 0.11398476312025266, "F": 2.019428928171289}, {"it": 7, "n": 8, "m": 0.12016812185462752, "F": 2.019685148552585}, {"it": 8, "n": 8, "m": 0.12016812185462752, "F": 2.019685148552585}, {"it": 9, "n": 8, "m": 0.12016812185462752, "F": 2.019685148552585}, {"it": 10, "n": 8, "m": 0.1238133015216696, "F": 2.0197135246407316}, {"it": 11, "n": 8, "m": 0.1206805875451374, "F": 2.019774730229286}, {"it": 12, "n": 8, "m": 0.12066680108101129, "F": 2.0197967734029327}, {"it": 13, "n": 8, "m": 0.12066680108101129, "F": 2.0197967734029327}, {"it": 14, "n": 8, "m": 0.12066680108101129, "F": 2.0197967734029327}, {"it": 15, "n": 8, "m": 0.12066680108101129, "F": 2.0197967734029327}, {"it": 16, "n": 8, "m": 0.12066680108101129, "F": 2.0197967734029327}, {"it": 17, "n": 8, "m": 0.11966282042714033, "F": 2.019803250553351}, {"it": 18, "n": 8, "m": 0.11966282042714033, "F": 2.019803250553351}, {"it": 19, "n": 8, "m": 0.11966282042714033, "F": 2.019803250553351}, {"it": 20, "n": 8, "m": 0.11966282042714033, "F": 2.019803250553351}], "done": true}