{"t": 50, "i": 0, "X": [[12.0, 0.06889689574584562], [12.0, 0.0686739261074572], [12.0, 0.06913690770247542], [12.0, 0.06900309702929514], [12.0, 0.06902760530890933], [12.0, 0.06905624472611974], [12.0, 0.0690363439972667], [12.0, 0.06931639358630343], [12.0, 0.06900771216395252], [12.0, 0.06947838806575832], [12.0, 0.06884740898319233], [12.0, 0.06902873258171566], [12.0, 0.06887396178973422], [12.0, 0.06901542635514211], [12.0, 0.06909820037576189], [12.0, 0.06900505300805404], [12.0, 0.06871537259968769], [12.0, 0.06899361508941063], [12.0, 0.0690531322480645], [12.0, 0.06898775539070241], [12.0, 0.06968979454173914], [12.0, 0.06889652212051825], [12.0, 0.06872093157215843], [12.0, 0.06903890093373011], [12.0, 0.06932514740518107], [12.0, 0.06891999672573552], [12.0, 0.06914422933653216], [12.0, 0.06911834318587551], [12.0, 0.0690856867026327], [12.0, 0.06903077732123439]], "V": [[1.020544627506456e-07, -5.573951151436672e-05], [1.425442476759756e-07, -0.0004081974822588388], [2.1853864992215912e-07, 0.0004066452313155315], [1.4363074753527104e-07, 7.958361783104393e-05], [9.93768774264672e-07, -1.840387360632616e-06], [2.3398688606696992e-07, -7.928296804461611e-05], [1.095498371986484e-07, 1.6754437406803963e-05], [1.0306238460387657e-07, 0.000118723570828875], [2.588731672445255e-07, 1.1438471574361725e-05], [2.2672567028042596e-07, 0.0007438643780276939], [1.0874336497291414e-06, -3.644797393257498e-05], [2.0091427450579914e-07, 7.9913244023471e-06], [1.0461050633642009e-07, -0.0007271219457160385], [9.242915744848395e-08, 1.2869775133619518e-06], [1.7861867623276027e-07, -1.4827964762696363e-05], [8.117922448017099e-07, 0.00019607244708973214], [2.6310068041613103e-07, 0.00011865260824374629], [2.0463605105702219e-07, -5.845396031752719e-05], [8.172609385649078e-08, 0.00023134107873011954], [1.4967618096221753e-07, 1.9183509559282328e-05], [1.5357741160844524e-07, 0.0013530943627305637], [6.862083250831623e-08, -0.00019913624833791516], [4.332819014860565e-07, -0.0002311814887349254], [2.8181714401636095e-07, 1.961742019835067e-06], [2.524504058239844e-07, 0.0012231353966080448], [4.7264897627863884e-08, 0.000146339918156563], [5.367981033569927e-05, 0.0004974106498655048], [1.2725758912978065e-07, 0.00038891043835492014], [1.5965545820427775e-07, -2.1576589494681464e-05], [3.2881836416051994e-07, 0.00023736831298086834]], "pbest": [[12.0, 0.06874518355992286], [12.0, 0.0687405007939031], [12.0, 0.06873026247115989], [12.0, 0.06870591625960121], [12.0, 0.06902890651829781], [12.0, 0.0692013518874171], [12.0, 0.06902890179999434], [12.0, 0.06877605531261068], [12.0, 0.06901854228019495], [12.0, 0.06873452368773063], [12.0, 0.06870979949296716], [12.0, 0.06902335468255283], [12.0, 0.06875240769079285], [12.0, 0.06903879316019024], [12.0, 0.06911302834052459], [12.0, 0.06869329592601063], [12.0, 0.06873898296688191], [12.0, 0.06883572458419236], [12.0, 0.06903325086222417], [12.0, 0.06896728112952392], [12.0, 0.06867224896801938], [12.0, 0.06900901912332569], [12.0, 0.06871525239667298], [12.0, 0.06903693919171028], [12.0, 0.06931929297887783], [12.0, 0.06872048214180586], [11.999799962663841, 0.0687056386598554], [12.0, 0.06874355495464185], [12.0, 0.0689882438899789], [12.0, 0.0689627241304117]], "pbest_fit": [1.9639504335237874, 1.9639501023080903, 1.9639493027474435, 1.963947881442816, 1.9639558908511277, 1.963944593237241, 1.9639530633803497, 1.9639460817069134, 1.9639471036062564, 1.9639482910711388, 1.9639470934126686, 1.9639518303250376, 1.9639501350901012, 1.9639485968014123, 1.9639459919018913, 1.9639524428796447, 1.9639527152819471, 1.9639428957770593, 1.9639494009585414, 1.9639463729422617, 1.963940910057478, 1.9639481248790946, 1.9639521965441074, 1.9639479480608488, 1.9639212655920233, 1.9639514027909202, 1.963946704815755, 1.9639529787549623, 1.9639485344916376, 1.9639415846289345], "gbest": [12.0, 0.06902890651829781], "gbest_fit": 1.9639558908511277, "history": [{"it": 1, "gbest_fit": 1.930204093580662, "r": 8.505870495729578, "m": 0.11189417162255608}, {"it": 2, "gbest_fit": 1.9605796907913386, "r": 9.572806197852165, "m": 0.0668928582983454}, {"it": 3, "gbest_fit": 1.9607733300668961, "r": 9.732764974573909, "m": 0.06897727206349435}, {"it": 4, "gbest_fit": 1.9607733300668961, "r": 9.732764974573909, "m": 0.06897727206349435}, {"it": 5, "gbest_fit": 1.9607733300668961, "r": 9.732764974573909, "m": 0.06897727206349435}, {"it": 6, "gbest_fit": 1.9607733300668961, "r": 9.732764974573909, "m": 0.06897727206349435}, {"it": 7, "gbest_fit": 1.9607733300668961, "r": 9.732764974573909, "m": 0.06897727206349435}, {"it": 8, "gbest_fit": 1.9607733300668961, "r": 9.732764974573909, "m": 0.06897727206349435}, {"it": 9, "gbest_fit": 1.9607733300668961, "r": 9.732764974573909, "m": 0.06897727206349435}, {"it": 10, "gbest_fit": 1.9612801482262856, "r": 10.560021973985698, "m": 0.061461864155698806}, {"it": 11, "gbest_fit": 1.9634397058499609, "r": 12.0, "m": 0.06500643772702876}, {"it": 12, "gbest_fit": 1.963873381987846, "r": 12.0, "m": 0.07088052721221337}, {"it": 13, "gbest_fit": 1.9638981355138148, "r": 12.0, "m": 0.06828480793543978}, {"it": 14, "gbest_fit": 1.9639466371207963, "r": 12.0, "m": 0.06870731827622631}, {"it": 15, "gbest_fit": 1.9639466371207963, "r": 12.0, "m": 0.06870731827622631}, {"it": 16, "gbest_fit": 1.9639466371207963, "r": 12.0, "m": 0.06870731827622631}, {"it": 17, "gbest_fit": 1.9639466371207963, "r": 12.0, "m": 0.06870731827622631}, {"it": 18, "gbest_fit": 1.9639466371207963, "r": 12.0, "m": 0.06870731827622631}, {"it": 19, "gbest_fit": 1.9639466371207963, "r": 12.0, "m": 0.06870731827622631}, {"it": 20, "gbest_fit": 1.9639514027909202, "r": 12.0, "m": 0.06872048214180586}, {"it": 21, "gbest_fit": 1.9639514027909202, "r": 12.0, "m": 0.06872048214180586}, {"it": 22, "gbest_fit": 1.9639514027909202, "r": 12.0, "m": 0.06872048214180586}, {"it": 23, "gbest_fit": 1.9639514027909202, "r": 12.0, "m": 0.06872048214180586}, {"it": 24, "gbest_fit": 1.9639514027909202, "r": 12.0, "m": 0.06872048214180586}, {"it": 25, "gbest_fit": 1.9639514027909202, "r": 12.0, "m": 0.06872048214180586}, {"it": 26, "gbest_fit": 1.9639521965441074, "r": 12.0, "m": 0.06871525239667298}, {"it": 27, "gbest_fit": 1.9639521965441074, "r": 12.0, "m": 0.06871525239667298}, {"it": 28, "gbest_fit": 1.9639521965441074, "r": 12.0, "m": 0.06871525239667298}, {"it": 29, "gbest_fit": 1.9639521965441074, "r": 12.0, "m": 0.06871525239667298}, {"it": 30, "gbest_fit": 1.9639521965441074, "r": 12.0, "m": 0.06871525239667298}, {"it": 31, "gbest_fit": 1.9639521965441074, "r": 12.0, "m": 0.06871525239667298}, {"it": 32, "gbest_fit": 1.9639521965441074, "r": 12.0, "m": 0.06871525239667298}, {"it": 33, "gbest_fit": 1.9639558908511277, "r": 12.0, "m": 0.06902890651829781}, {"it": 34, "gbest_fit": 1.9639558908511277, "r": 12.0, "m": 0.06902890651829781}, {"it": 35, "gbest_fit": 1.9639558908511277, "r": 12.0, "m": 0.06902890651829781}, {"it": 36, "gbest_fit": 1.9639558908511277, "r": 12.0, "m": 0.06902890651829781}, {"it": 37, "gbest_fit": 1.9639558908511277, "r": 12.0, "m": 0.06902890651829781}, {"it": 38, "gbest_fit": 1.9639558908511277, "r": 12.0, "m": 0.06902890651829781}, {"it": 39, "gbest_fit": 1.9639558908511277, "r": 12.0, "m": 0.06902890651829781}, {"it": 40, "gbest_fit": 1.9639558908511277, "r": 12.0, "m": 0.06902890651829781}, {"it": 41, "gbest_fit": 1.9639558908511277, "r": 12.0, "m": 0.06902890651829781}, {"it": 42, "gbest_fit": 1.9639558908511277, "r": 12.0, "m": 0.06902890651829781}, {"it": 43, "gbest_fit": 1.9639558908511277, "r": 12.0, "m": 0.06902890651829781}, {"it": 44, "gbest_fit": 1.9639558908511277, "r": 12.0, "m": 0.06902890651829781}, {"it": 45, "gbest_fit": 1.9639558908511277, "r": 12.0, "m": 0.06902890651829781}, {"it": 46, "gbest_fit": 1.9639558908511277, "r": 12.0, "m": 0.06902890651829781}, {"it": 47, "gbest_fit": 1.9639558908511277, "r": 12.0, "m": 0.06902890651829781}, {"it": 48, "gbest_fit": 1.9639558908511277, "r": 12.0,