{"t": 50, "i": 0, "X": [[12.0, 0.12740262905316566], [12.0, 0.12742431340931326], [12.0, 0.12843389049502776], [12.0, 0.128069173372637], [12.0, 0.12720609283850914], [12.0, 0.12738460071759175], [12.0, 0.1275560058611423], [12.0, 0.1272941734237391], [12.0, 0.12745831908060398], [12.0, 0.12778304210184907], [12.0, 0.12743138003608506], [12.0, 0.12746592616674227], [12.0, 0.1282711745472908], [12.0, 0.1273965988062133], [12.0, 0.12738990628221336], [12.0, 0.12743161829256378], [12.0, 0.12745449114146998], [12.0, 0.1275020045343972], [12.0, 0.12743237242135583], [12.0, 0.1274085798325515], [12.0, 0.12863079842503009], [12.0, 0.1274992096890349], [12.0, 0.12742588470674168], [12.0, 0.1274292193887122], [12.0, 0.12632849207803484], [12.0, 0.12801949144058278], [12.0, 0.12717846878996192], [12.0, 0.1273421968926095], [12.0, 0.1273491564246452], [12.0, 0.1271612907469035]], "V": [[3.1513493027130294e-08, 3.979598121689039e-05], [1.6738958574989439e-09, 3.631647211644347e-06], [2.9166344415968577e-09, 0.0011632481105851153], [1.6585866054411983e-09, 0.001892714543825369], [4.598204161256498e-09, -0.0003278470289280298], [1.6990941702028104e-09, 0.0001502919507619007], [2.6014437943613025e-09, 8.116665738012943e-05], [1.730558398788597e-08, -0.00026322425398830803], [3.808103509402195e-09, -6.836897949877223e-05], [6.216912213626399e-09, 0.0009038204722585588], [1.3333184153913308e-09, 1.4161367943869839e-06], [2.1761859859591067e-09, -4.381528019981948e-05], [7.907379001201908e-09, 0.002801436902860328], [2.1930022817327932e-09, 0.000230471225624101], [1.1233492110282216e-08, -5.193820947271838e-05], [5.1635092002072615e-09, 4.527970866808668e-05], [4.331943540641562e-09, 5.692151385881171e-05], [3.849609141627838e-09, 3.74130379487518e-05], [2.018440972386534e-07, -1.250036632647185e-05], [4.462983385373878e-09, 5.9208939518679455e-06], [7.789775471922225e-11, -0.00015817059802898474], [2.4203429220692607e-09, -8.379664424820795e-05], [4.017101015030077e-12, -1.4037046254393205e-05], [6.293523308729449e-09, -3.5586621081223256e-05], [3.006168141635798e-09, 0.0006567676463051296], [5.582682199819622e-09, 0.0017396746859134004], [5.836900857125343e-09, -0.0003647350321573594], [3.285724397383759e-09, -2.2342203806103386e-05], [4.248438275401054e-09, 7.880405917039641e-06], [6.95852154496017e-09, 4.3563059657385846e-05]], "pbest": [[12.0, 0.12740262905316566], [12.0, 0.12742442792302136], [12.0, 0.12727064238444266], [12.0, 0.128069173372637], [12.0, 0.1260093110417677], [12.0, 0.12710281486730304], [12.0, 0.12747941060157608], [12.0, 0.12758921889103367], [12.0, 0.12741591523494705], [12.0, 0.12843327389739614], [12.0, 0.12743747311399192], [12.0, 0.1274222562299221], [12.0, 0.12692795094836004], [12.0, 0.1272166325290033], [12.0, 0.12739906791588218], [12.0, 0.12759775202478255], [12.0, 0.12739756962761117], [12.0, 0.1274917300131355], [12.0, 0.1274448727876823], [12.0, 0.12740099368958657], [12.0, 0.12744018153804554], [12.0, 0.12746861840020682], [12.0, 0.12743017294593803], [12.0, 0.1274910834755349], [12.0, 0.12803655313172022], [12.0, 0.12627981675466937], [12.0, 0.12725459803721442], [12.0, 0.1273645390964156], [12.0, 0.12735456282458132], [12.0, 0.12715374828677167]], "pbest_fit": [1.9667214213995319, 1.9667257965393017, 1.9667348314262625, 1.9667098068170732, 1.966710149009786, 1.9667208617882832, 1.9667198542860653, 1.9667194759623559, 1.9667241597121492, 1.9667240764693517, 1.966732700268297, 1.9667522337427557, 1.966711859504757, 1.9667265036843027, 1.9667349284528222, 1.9667221759151892, 1.9667293403974726, 1.966740580383079, 1.9667208793169906, 1.9667386459023446, 1.9666971943786802, 1.9667191187316184, 1.9667449088234605, 1.9667337418085522, 1.9666981010662397, 1.9667044150823576, 1.9667238506187639, 1.9667340809213696, 1.9667374703530902, 1.9667179506991583], "gbest": [12.0, 0.1274222562299221], "gbest_fit": 1.9667522337427557, "history": [{"it": 1, "gbest_fit": 1.9593663962883587, "r": 8.505870495729578, "m": 0.11189417162255608}, {"it": 2, "gbest_fit": 1.9614279927200862, "r": 10.02071022330988, "m": 0.14518027567859287}, {"it": 3, "gbest_fit": 1.9617027140151855, "r": 9.994488957261353, "m": 0.1133204126398879}, {"it": 4, "gbest_fit": 1.9660750156179734, "r": 12.0, "m": 0.1383188325693797}, {"it": 5, "gbest_fit": 1.9660750156179734, "r": 12.0, "m": 0.1383188325693797}, {"it": 6, "gbest_fit": 1.966448420581689, "r": 12.0, "m": 0.1331216061751942}, {"it": 7, "gbest_fit": 1.9665864227764003, "r": 12.0, "m": 0.1310550608508275}, {"it": 8, "gbest_fit": 1.9667031630084073, "r": 12.0, "m": 0.12871990188357033}, {"it": 9, "gbest_fit": 1.9667031630084073, "r": 12.0, "m": 0.12871990188357033}, {"it": 10, "gbest_fit": 1.9667031630084073, "r": 12.0, "m": 0.12871990188357033}, {"it": 11, "gbest_fit": 1.9667031630084073, "r": 12.0, "m": 0.12871990188357033}, {"it": 12, "gbest_fit": 1.9667050988426251, "r": 12.0, "m": 0.12656720445139902}, {"it": 13, "gbest_fit": 1.9667050988426251, "r": 12.0, "m": 0.12656720445139902}, {"it": 14, "gbest_fit": 1.9667050988426251, "r": 12.0, "m": 0.12656720445139902}, {"it": 15, "gbest_fit": 1.9667050988426251, "r": 12.0, "m": 0.12656720445139902}, {"it": 16, "gbest_fit": 1.9667050988426251, "r": 12.0, "m": 0.12656720445139902}, {"it": 17, "gbest_fit": 1.9667125139725548, "r": 12.0, "m": 0.12763329113552474}, {"it": 18, "gbest_fit": 1.9667282875127, "r": 12.0, "m": 0.12726192670799358}, {"it": 19, "gbest_fit": 1.9667282875127, "r": 12.0, "m": 0.12726192670799358}, {"it": 20, "gbest_fit": 1.9667282875127, "r": 12.0, "m": 0.12726192670799358}, {"it": 21, "gbest_fit": 1.9667282875127, "r": 12.0, "m": 0.12726192670799358}, {"it": 22, "gbest_fit": 1.9667282875127, "r": 12.0, "m": 0.12726192670799358}, {"it": 23, "gbest_fit": 1.9667282875127, "r": 12.0, "m": 0.12726192670799358}, {"it": 24, "gbest_fit": 1.9667282875127, "r": 12.0, "m": 0.12726192670799358}, {"it": 25, "gbest_fit": 1.9667282875127, "r": 12.0, "m": 0.12726192670799358}, {"it": 26, "gbest_fit": 1.9667282875127, "r": 12.0, "m": 0.12726192670799358}, {"it": 27, "gbest_fit": 1.9667282875127, "r": 12.0, "m": 0.12726192670799358}, {"it": 28, "gbest_fit": 1.9667282875127, "r": 12.0, "m": 0.12726192670799358}, {"it": 29, "gbest_fit": 1.9667282875127, "r": 12.0, "m": 0.12726192670799358}, {"it": 30, "gbest_fit": 1.9667282875127, "r": 12.0, "m": 0.12726192670799358}, {"it": 31, "gbest_fit": 1.9667282875127, "r": 12.0, "m": 0.12726192670799358}, {"it": 32, "gbest_fit": 1.9667282875127, "r": 12.0, "m": 0.12726192670799358}, {"it": 33, "gbest_fit": 1.9667282875127, "r": 12.0, "m": 0.12726192670799358}, {"it": 34, "gbest_fit": 1.9667282875127, "r": 12.0, "m": 0.12726192670799358}, {"it": 35, "gbest_fit": 1.9667282875127, "r": 12.0, "m": 0.12726192670799358}, {"it": 36, "gbest_fit": 1.9667282875127, "r": 12.0, "m": 0.12726192670799358}, {"it": 37, "gbest_fit": 1.9667337418085522, "r": 12.0, "m": 0.1274910834755349}, {"it": 38, "gbest_fit": 1.9667337418085522, "r": 12.0, "m": 0.1274910834755349}, {"it": 39, "gbest_fit": 1.9667449088234605, "r": 12.0, "m": 0.12743017294593803}, {"it": 40, "gbest_fit": 1.9667449088234605, "r": 12.0, "m": 0.12743017294593803}, {"it": 41, "gbest_fit": 1.9667449088234605, "r": 12.0, "m": 0.12743017294593803}, {"it": 42, "gbest_fit": 1.9667449088234605, "r": 12.0, "m": 0.12743017294593803}, {"it": 43, "gbest_fit": 1.9667449088234605, "r": 12.0, "m": 0.12743017294593803}, {"it": 44, "gbest_fit": 1.9667522337427557, "r": 12.0, "m": 0.1274222562299221}, {"it": 45, "gbest_fit": 1.9667522337427557, "r": 12.0, "m": 0.1274222562299221}, {"it": 46, "gbest_fit": 1.9667522337427557, "r": 12.0, "m": 0.1274222562299221}, {"it": 47, "gbest_fit": 1.9667522337427557, "r": 12.0, "m": 0.1274222562299221}, {"it": 48, "gbest_fit": 1.9667522337427557, "r": 12.0, "m": 0.1274222562299221}, {"it": 49, "gbest_fit": 1.9667522337427557, "r": 12.0, "m": 0.1274222562299221}, {"it": 50, "gbest_fit": 1.9667522337427557, "r": 12.0, "m": 0.1274222562299221}], "done": true}