{"t": 8, "i": 2, "X": [[5.279422682019144, 3.0, 0.1], [6.0, 3.0, 0.1], [6.0, 3.0, 0.1], [5.903329566024827, 2.896342322596561, 0.1], [5.766313702962087, 2.9964039362052364, 0.1], [6.0, 3.0, 0.1], [6.0, 3.0, 0.1], [4.2241508817535465, 2.976849630832547, 0.1], [5.635993474099175, 2.982722884802604, 0.1], [6.0, 3.0, 0.1], [4.93867529846704, 3.0, 0.1], [6.0, 3.0, 0.1], [5.411314794420269, 3.0, 0.1], [5.694610564758836, 2.9123223562532234, 0.1], [6.0, 3.0, 0.1], [6.0, 2.9617281713888732, 0.1], [6.0, 3.0, 0.1], [6.0, 3.0, 0.1], [6.0, 2.969738471401004, 0.1], [6.0, 3.0, 0.1], [6.0, 3.0, 0.1], [6.0, 2.978966079398578, 0.1], [5.601716007123935, 2.961752103459339, 0.1], [6.0, 3.0, 0.1], [6.0, 3.0, 0.1], [6.0, 3.0, 0.1], [5.677988369442262, 2.8442558514953626, 0.1], [6.0, 3.0, 0.1], [6.0, 3.0, 0.1], [6.0, 2.8813847701341313, 0.1]], "V": [[-0.5229436803514442, 0.13811067695300827, -0.13856451135865677], [0.4551215247267178, 0.2657664592728487, -0.13558305819619082], [0.2367541142321117, 0.366365960196436, -0.14956978610701918], [-0.0966704339751728, -0.0730037999681709, -0.09566457511171238], [-0.23368629703791344, -0.0035960637947634183, -0.1188664021460721], [0.8569421677884591, 0.2626502371717081, -0.14956978610701918], [0.22459037126128883, 0.3198942514209989, -0.058988908352333884], [-0.09752025002435238, 0.04613465227933375, -0.12618825779808915], [-0.15313546404536515, -0.017277115197396116, -0.14762708911750788], [0.3956426691681836, 0.04623836055117839, -0.14956978610701918], [-0.2652798003102665, 0.09549401309142028, -0.12291096705816441], [0.4725194516037522, 0.15641148977875974, -0.11427771909741526], [-0.4148491922144027, 0.15460643161566204, -0.1610340166835377], [0.07086977389104047, 0.016840179364345346, -0.14057661493076293], [0.11187241217627547, 0.009197751279343455, -0.1401425008830298], [0.4016724758987668, -0.0355645243591238, -0.14956978610701918], [0.6215780652461956, 0.12438367228240749, -0.14956978610701918], [0.8172964317488708, 0.01697201911275681, -0.1526779978530767], [0.13275215576850832, 0.2022164390376478, -0.14721406155329084], [0.1084935025429794, 0.2987300221144823, -0.15454343556841166], [0.2379539449638743, 0.0400208930682423, -0.14965320882293645], [0.7074655444990037, -0.021033920601422017, -0.08325811095937177], [-0.39828399287606475, 0.01906790047772141, -0.15027528816595367], [0.40345899360205506, 0.23459648831792346, -0.10733172717000654], [1.073581043612173, 0.5375588908921743, -0.04162898232124252], [0.4183354787202049, 0.3072055326812413, -0.17632210557331532], [-0.20334208131482667, -0.07190707650678162, -0.05409883078985115], [0.26912570770334954, 0.22200659028687844, -0.11427771909741526], [0.882108579277714, 0.267694280061212, -0.15023336609020976], [0.8398857272932176, -0.11861522986586856, -0.11427771909741526]], "pbest": [[5.554435156574375, 3.0, 0.1], [6.0, 3.0, 0.1], [5.723135186771889, 3.0, 0.1], [6.0, 3.0, 0.1], [5.702960280668759, 3.0, 0.1], [6.0, 3.0, 0.1], [6.0, 3.0, 0.1], [3.537950824391278, 2.9608881731964507, 0.1], [5.760243760041494, 3.0, 0.1], [5.844347220869699, 3.0, 0.1], [4.739049857631616, 2.952925901495982, 0.1], [5.573636373670925, 3.0, 0.1], [5.699570090423007, 2.890999558003012, 0.1], [5.623740790867796, 2.895482176888878, 0.1], [5.591167886537674, 3.0, 0.1], [6.0, 2.8840036801315097, 0.1], [6.0, 3.0, 0.1], [5.669757913933002, 3.0, 0.1], [6.0, 2.767522032363356, 0.1], [5.655743798884459, 3.0, 0.1], [6.0, 3.0, 0.1], [6.0, 3.0, 0.1], [5.800083914086237, 3.0, 0.1], [5.693141606713203, 3.0, 0.1], [5.595744500531045, 3.0, 0.1], [5.8425956330693465, 3.0, 0.1], [5.542349798787294, 2.8279535742780726, 0.1], [6.0, 3.0, 0.1], [6.0, 2.8679317524890524, 0.1], [6.0, 3.0, 0.1]], "pbest_fit": [2.026810433405175, 2.026810433405175, 2.026810433405175, 2.026810433405175, 2.026810433405175, 2.026810433405175, 2.026810433405175, 2.022072953074449, 2.026810433405175, 2.026810433405175, 2.022769790234214, 2.026810433405175, 2.0285593109828612, 2.0285593109828612, 2.026810433405175, 2.0285593109828612, 2.026810433405175, 2.026810433405175, 2.028365618543037, 2.026810433405175, 2.026810433405175, 2.026810433405175, 2.026810433405175, 2.026810433405175, 2.026810433405175, 2.026810433405175, 2.028365618543037, 2.026810433405175, 2.0267171490318336, 2.026810433405175], "gbest": [5.699570090423007, 2.890999558003012, 0.1], "gbest_fit": 2.0285593109828612, "history": [{"it": 1, "n": 4, "r": 1.118787305068327, "m": 0.11651163575950821, "F": 1.9543730328577236}, {"it": 2, "n": 4, "r": 1.6468745937678002, "m": 0.1, "F": 1.9941349984263337}, {"it": 3, "n": 4, "r": 1.9687036162374276, "m": 0.1, "F": 2.0059395766746286}, {"it": 4, "n": 5, "r": 2.4605334252022706, "m": 0.1, "F": 2.024062961265689}, {"it": 5, "n": 5, "r": 2.4605334252022706, "m": 0.1, "F": 2.024062961265689}, {"it": 6, "n": 6, "r": 2.890999558003012, "m": 0.1, "F": 2.0285593109828612}, {"it": 7, "n": 6, "r": 2.890999558003012, "m": 0.1, "F": 2.0285593109828612}, {"it": 8, "n": 6, "r": 2.890999558003012, "m": 0.1, "F": 2.0285593109828612}], "done": false}